# Blender 5.2.2 LTS
# www.blender.org
mtllib wyvern.mtl
o Cone
v -0.110375 0.800000 0.674649
v -0.120113 0.790512 0.680132
v -0.111351 0.800000 0.659059
v -0.120991 0.806226 0.660101
v -0.112485 0.833484 0.644371
v -0.112953 0.800000 0.619308
v -0.129983 0.809965 0.620027
v -0.114251 0.846707 0.614750
v -0.109515 0.865304 0.599966
v -0.074649 0.800000 0.710375
v -0.080132 0.790512 0.720113
v -0.090545 0.800000 0.690545
v -0.094583 0.803259 0.694583
v -0.081112 0.845522 0.681112
v -0.074039 0.867712 0.674039
v -0.099500 0.800000 0.659686
v -0.111082 0.815182 0.670484
v -0.102897 0.846793 0.656973
v -0.082605 0.883919 0.655142
v -0.075744 0.914063 0.641154
v -0.098768 0.800000 0.619009
v -0.106610 0.857876 0.623816
v -0.098400 0.880994 0.614191
v -0.076862 0.926114 0.615992
v -0.059059 0.800000 0.711351
v -0.060100 0.806226 0.720991
v -0.044371 0.833484 0.712485
v -0.059719 0.800000 0.699533
v -0.070484 0.815182 0.711082
v -0.056973 0.846793 0.702897
v -0.055142 0.883919 0.682605
v -0.041154 0.914063 0.675744
v -0.059725 0.800000 0.659656
v -0.065432 0.894715 0.665432
v -0.055087 0.927171 0.655087
v -0.044872 0.665842 0.600679
v -0.041777 0.675131 0.595846
v -0.058800 0.800000 0.617556
v -0.067787 0.939715 0.626171
v -0.019505 0.800000 0.713327
v -0.020027 0.809965 0.729983
v -0.014750 0.846707 0.714251
v 0.000035 0.865304 0.709516
v -0.019927 0.800000 0.699596
v -0.023816 0.857876 0.706610
v -0.014191 0.880994 0.698400
v -0.015992 0.926114 0.676862
v -0.019870 0.800000 0.659518
v -0.026171 0.939715 0.667787
v -0.019166 0.665001 0.599477
v -0.018546 0.682268 0.598448
v -0.019340 0.800000 0.615665
v -0.070650 0.946709 0.603307
v -0.042905 0.965392 0.642905
v -0.035235 0.989456 0.635235
v -0.059929 0.962420 0.615952
v -0.040222 1.004760 0.615762
v -0.033067 1.027749 0.602425
v -0.003307 0.946709 0.670650
v -0.015952 0.962420 0.659929
v -0.015762 1.004760 0.640222
v -0.002425 1.027749 0.633067
v -0.026334 1.017381 0.626334
v -0.017608 1.044758 0.617608
v -0.003879 1.087831 0.603879
v -0.000889 1.110889 0.600889
v -0.873931 0.872607 0.035051
v -0.879410 0.882833 0.040074
v -0.880266 0.866699 0.018878
v -0.877048 0.887899 0.018290
v -0.880266 0.866699 -0.018877
v -0.877048 0.887899 -0.018290
v -0.856004 0.868068 0.038514
v -0.865127 0.894143 0.053657
v -0.856855 0.931202 0.055483
v -0.835392 0.840239 -0.000155
v -0.851485 0.851855 0.014062
v -0.868926 0.905316 0.017018
v -0.859733 0.925032 0.017564
v -0.835392 0.840239 0.000155
v -0.851485 0.851855 -0.014062
v -0.868926 0.905316 -0.017018
v -0.859733 0.925032 -0.017564
v -0.799350 0.837011 0.034309
v -0.815281 0.853893 0.042877
v -0.818793 0.890449 0.058007
v -0.819901 0.927502 0.053120
v -0.814058 0.834381 0.013991
v -0.826038 0.842671 0.023134
v -0.814058 0.834381 -0.013991
v -0.826038 0.842671 -0.023134
v -0.776888 0.830733 0.038112
v -0.778936 0.852414 0.053284
v -0.780349 0.889088 0.057970
v -0.784599 0.925816 0.042895
v -0.776182 0.817789 0.017610
v -0.774088 0.937240 0.022905
v -0.776182 0.817789 -0.017610
v -0.774088 0.937240 -0.022905
v -0.717268 0.797886 0.033539
v -0.734199 0.815084 0.041971
v -0.739547 0.851165 0.057441
v -0.741034 0.887644 0.053869
v -0.743054 0.910780 0.038965
v -0.725675 0.794249 0.017649
v -0.745835 0.803584 0.017425
v -0.748189 0.927888 0.013689
v -0.725675 0.794249 -0.017649
v -0.745835 0.803584 -0.017425
v -0.748189 0.927888 -0.013689
v -0.696782 0.792221 0.037063
v -0.698927 0.812391 0.052625
v -0.700240 0.849363 0.058545
v -0.703238 0.886807 0.043864
v -0.718671 0.903898 0.034897
v -0.696171 0.780507 0.017702
v -0.692115 0.898230 0.025563
v -0.704872 0.907158 0.015485
v -0.696171 0.780507 -0.017702
v -0.692115 0.898230 -0.025563
v -0.704872 0.907158 -0.015485
v -0.657503 0.780614 0.043144
v -0.659510 0.811417 0.056852
v -0.660972 0.847768 0.054486
v -0.662941 0.872477 0.039821
v -0.645068 0.754987 0.011986
v -0.657713 0.763446 0.020654
v -0.667068 0.889567 0.015360
v -0.682853 0.900708 0.002571
v -0.645068 0.754987 -0.011986
v -0.657713 0.763447 -0.020654
v -0.667068 0.889567 -0.015360
v -0.682853 0.900708 -0.002571
v -0.873931 0.872606 -0.035051
v -0.879410 0.882833 -0.040073
v -0.856004 0.868068 -0.038514
v -0.865127 0.894143 -0.053657
v -0.856855 0.931202 -0.055483
v -0.799350 0.837011 -0.034309
v -0.815282 0.853893 -0.042877
v -0.818793 0.890449 -0.058007
v -0.819901 0.927502 -0.053120
v -0.776888 0.830733 -0.038112
v -0.778936 0.852414 -0.053284
v -0.780349 0.889088 -0.057970
v -0.784598 0.925816 -0.042895
v -0.717268 0.797886 -0.033539
v -0.734199 0.815084 -0.041971
v -0.739547 0.851165 -0.057441
v -0.741034 0.887644 -0.053869
v -0.743054 0.910780 -0.038965
v -0.696782 0.792221 -0.037063
v -0.698927 0.812391 -0.052625
v -0.700240 0.849363 -0.058545
v -0.703237 0.886807 -0.043864
v -0.718671 0.903898 -0.034897
v -0.657503 0.780614 -0.043143
v -0.659510 0.811417 -0.056852
v -0.660972 0.847768 -0.054486
v -0.662941 0.872477 -0.039821
v -0.399048 0.638306 0.005355
v -0.399048 0.638306 -0.005355
v -0.363544 0.635092 0.035488
v -0.376425 0.631229 0.017100
v -0.376425 0.631229 -0.017100
v -0.337059 0.627523 0.039821
v -0.317147 0.599292 0.002571
v -0.332932 0.610433 0.015360
v -0.317147 0.599292 -0.002571
v -0.332932 0.610433 -0.015360
v -0.610027 0.751858 0.037146
v -0.622335 0.769378 0.047823
v -0.620140 0.809690 0.059109
v -0.621824 0.847787 0.044821
v -0.636456 0.864908 0.035488
v -0.620257 0.746072 0.020965
v -0.635416 0.758926 0.032822
v -0.610055 0.859236 0.028029
v -0.623575 0.868771 0.017100
v -0.620257 0.746072 -0.020965
v -0.635416 0.758926 -0.032822
v -0.610055 0.859236 -0.028029
v -0.623575 0.868771 -0.017100
v -0.577389 0.742304 0.042280
v -0.579333 0.771625 0.056268
v -0.580820 0.808008 0.055065
v -0.582836 0.834208 0.040651
v -0.563045 0.716178 0.010088
v -0.576415 0.725228 0.019609
v -0.585937 0.851271 0.016928
v -0.600952 0.861694 0.005355
v -0.563045 0.716178 -0.010088
v -0.576415 0.725228 -0.019609
v -0.585937 0.851271 -0.016928
v -0.600952 0.861694 -0.005355
v -0.527932 0.712981 0.036607
v -0.540988 0.730304 0.046788
v -0.540044 0.769904 0.059701
v -0.540396 0.808754 0.045784
v -0.554223 0.825938 0.036054
v -0.539020 0.707863 0.019858
v -0.553691 0.719467 0.031599
v -0.528004 0.820173 0.030198
v -0.542249 0.830408 0.018589
v -0.539020 0.707863 -0.019858
v -0.553692 0.719467 -0.031599
v -0.528004 0.820173 -0.030198
v -0.542249 0.830408 -0.018589
v -0.497272 0.704044 0.041464
v -0.499254 0.731815 0.055668
v -0.500746 0.768185 0.055668
v -0.502728 0.795956 0.041464
v -0.481052 0.677299 0.007905
v -0.495225 0.686999 0.018361
v -0.504775 0.813001 0.018361
v -0.518948 0.822701 0.007905
v -0.481052 0.677299 -0.007905
v -0.495225 0.686999 -0.018361
v -0.504775 0.813001 -0.018361
v -0.518948 0.822701 -0.007905
v -0.445777 0.674062 0.036054
v -0.459604 0.691246 0.045784
v -0.459956 0.730096 0.059701
v -0.459012 0.769696 0.046788
v -0.472068 0.787019 0.036607
v -0.457751 0.669592 0.018589
v -0.471996 0.679827 0.030198
v -0.446309 0.780533 0.031599
v -0.460980 0.792137 0.019858
v -0.457751 0.669592 -0.018589
v -0.471996 0.679827 -0.030198
v -0.446308 0.780533 -0.031599
v -0.460980 0.792137 -0.019858
v -0.417164 0.665792 0.040651
v -0.419180 0.691992 0.055065
v -0.420667 0.728375 0.056268
v -0.422611 0.757696 0.042280
v -0.414063 0.648729 0.016928
v -0.423585 0.774772 0.019609
v -0.436955 0.783822 0.010088
v -0.414063 0.648729 -0.016928
v -0.423585 0.774772 -0.019609
v -0.436955 0.783822 -0.010088
v -0.378176 0.652213 0.044821
v -0.379860 0.690310 0.059109
v -0.377665 0.730622 0.047823
v -0.389973 0.748142 0.037146
v -0.389945 0.640764 0.028029
v -0.364584 0.741074 0.032822
v -0.379743 0.753928 0.020965
v -0.389945 0.640764 -0.028029
v -0.364584 0.741074 -0.032822
v -0.379743 0.753928 -0.020965
v -0.339028 0.652232 0.054486
v -0.340490 0.688583 0.056852
v -0.342497 0.719386 0.043144
v -0.342287 0.736553 0.020654
v -0.354932 0.745013 0.011986
v -0.342287 0.736553 -0.020654
v -0.354932 0.745013 -0.011986
v -0.363544 0.635092 -0.035488
v -0.337059 0.627523 -0.039821
v -0.610027 0.751858 -0.037146
v -0.622335 0.769378 -0.047823
v -0.620140 0.809690 -0.059109
v -0.621824 0.847787 -0.044821
v -0.636456 0.864908 -0.035488
v -0.577389 0.742304 -0.042280
v -0.579333 0.771625 -0.056268
v -0.580820 0.808008 -0.055065
v -0.582836 0.834208 -0.040651
v -0.527932 0.712981 -0.036607
v -0.540988 0.730304 -0.046788
v -0.540044 0.769904 -0.059701
v -0.540396 0.808755 -0.045784
v -0.554223 0.825938 -0.036054
v -0.497272 0.704044 -0.041464
v -0.499254 0.731815 -0.055668
v -0.500746 0.768185 -0.055668
v -0.502728 0.795956 -0.041464
v -0.445777 0.674062 -0.036054
v -0.459604 0.691245 -0.045784
v -0.459956 0.730096 -0.059701
v -0.459012 0.769696 -0.046788
v -0.472068 0.787019 -0.036607
v -0.417164 0.665792 -0.040651
v -0.419180 0.691992 -0.055065
v -0.420667 0.728375 -0.056268
v -0.422611 0.757696 -0.042280
v -0.378176 0.652213 -0.044821
v -0.379860 0.690310 -0.059109
v -0.377665 0.730622 -0.047823
v -0.389973 0.748142 -0.037146
v -0.339028 0.652232 -0.054486
v -0.340490 0.688583 -0.056852
v -0.342497 0.719386 -0.043143
v -0.077053 0.634397 0.555770
v -0.087334 0.622099 0.538207
v -0.081982 0.587810 0.489237
v -0.092813 0.607715 0.501895
v -0.077937 0.591371 0.474466
v -0.081508 0.614353 0.462734
v -0.073533 0.629258 0.442561
v -0.072441 0.589966 0.311966
v -0.072920 0.595162 0.312612
v -0.081273 0.543823 0.282882
v -0.085508 0.575269 0.295441
v -0.086971 0.608160 0.297568
v -0.058077 0.635207 0.556927
v -0.058018 0.618963 0.533728
v -0.057503 0.589536 0.491701
v -0.057390 0.602020 0.509531
v -0.059355 0.579552 0.460057
v -0.066963 0.604075 0.452174
v -0.042825 0.588806 0.439810
v -0.053699 0.616863 0.427028
v -0.031002 0.636946 0.402235
v -0.043980 0.547479 0.318192
v -0.056692 0.575239 0.324799
v -0.057734 0.609038 0.327171
v -0.047176 0.509692 0.282714
v -0.058926 0.531849 0.296996
v -0.069237 0.565064 0.309432
v -0.070685 0.619764 0.311631
v -0.019715 0.635849 0.557843
v -0.019986 0.618544 0.533129
v -0.019264 0.589136 0.491131
v -0.019915 0.602236 0.509840
v 0.007014 0.576149 0.436959
v -0.015488 0.564468 0.455900
v 0.002536 0.560838 0.446215
v -0.012862 0.578366 0.437320
v -0.015748 0.609688 0.416332
v -0.002507 0.599649 0.349137
v 0.042417 0.682365 0.374166
v -0.017965 0.541652 0.322897
v -0.017062 0.576874 0.340040
v -0.017940 0.614554 0.341450
v -0.018333 0.505982 0.288635
v -0.018015 0.523126 0.307063
v -0.110714 0.800000 0.579699
v -0.129983 0.809965 0.579973
v -0.114243 0.846716 0.585236
v -0.109515 0.865304 0.600035
v -0.104306 0.800000 0.540041
v -0.120976 0.806238 0.539866
v -0.112447 0.833512 0.555535
v -0.094412 0.800000 0.528764
v -0.120113 0.790512 0.519862
v -0.085621 0.650114 0.567188
v -0.075869 0.677700 0.559777
v -0.095187 0.800000 0.576888
v -0.106601 0.857873 0.576148
v -0.098402 0.880985 0.585800
v -0.076862 0.926114 0.584008
v -0.092783 0.650607 0.537485
v -0.085338 0.690297 0.539398
v -0.075762 0.729542 0.523608
v -0.066301 0.800000 0.522718
v -0.111013 0.815070 0.529376
v -0.102971 0.846602 0.542968
v -0.082570 0.883875 0.544795
v -0.075744 0.914063 0.558846
v -0.098972 0.651148 0.499544
v -0.095461 0.689064 0.498358
v -0.089268 0.729881 0.497992
v -0.059562 0.781330 0.507122
v -0.092135 0.806119 0.504791
v -0.079946 0.844423 0.517022
v -0.073581 0.867353 0.525273
v -0.090966 0.652093 0.462405
v -0.096629 0.690765 0.461129
v -0.097608 0.730121 0.459826
v -0.091735 0.768981 0.459377
v -0.080907 0.809337 0.461454
v -0.074435 0.845975 0.443701
v -0.071101 0.865611 0.434021
v -0.078807 0.653160 0.432263
v -0.086905 0.688056 0.418723
v -0.094288 0.731423 0.421997
v -0.099787 0.769980 0.420049
v -0.094631 0.808788 0.418309
v -0.088740 0.848305 0.417477
v -0.077885 0.882833 0.413681
v -0.074055 0.911814 0.398063
v -0.076410 0.700701 0.396048
v -0.083081 0.732189 0.382144
v -0.091833 0.771750 0.382573
v -0.097394 0.810542 0.380745
v -0.097032 0.849377 0.378949
v -0.091428 0.888208 0.377290
v -0.082445 0.927009 0.377182
v -0.074372 0.747093 0.361076
v -0.078670 0.776466 0.345755
v -0.089263 0.811881 0.342761
v -0.095077 0.851200 0.341719
v -0.099388 0.889909 0.339835
v -0.093888 0.928407 0.337935
v -0.083982 0.646420 0.286684
v -0.076705 0.668531 0.278428
v -0.071924 0.793285 0.325745
v -0.076518 0.813721 0.317043
v -0.084707 0.850857 0.301036
v -0.092686 0.891702 0.302466
v -0.098197 0.929848 0.300865
v -0.058526 0.652222 0.581227
v -0.057008 0.688977 0.574906
v -0.042595 0.728192 0.558425
v -0.040145 0.800000 0.552099
v -0.067787 0.939715 0.573829
v -0.069765 0.701875 0.550302
v -0.061085 0.728527 0.542236
v -0.043777 0.774182 0.525836
v -0.065321 0.894621 0.534396
v -0.055065 0.927123 0.544859
v -0.063659 0.818345 0.485619
v -0.055653 0.842759 0.494866
v -0.049260 0.878209 0.509697
v -0.040839 0.913538 0.523927
v -0.063413 0.818601 0.476323
v -0.057774 0.844200 0.465283
v -0.049891 0.878534 0.450768
v -0.038447 0.907255 0.434400
v -0.064528 0.654662 0.413780
v -0.070384 0.675068 0.406640
v -0.063601 0.892321 0.424475
v -0.054737 0.924075 0.413061
v -0.035702 0.659798 0.387771
v -0.060854 0.690293 0.384346
v -0.066874 0.720260 0.370712
v -0.067447 0.937795 0.387939
v -0.012340 0.653357 0.327708
v -0.050267 0.690650 0.338496
v -0.053051 0.733243 0.344747
v -0.063378 0.766063 0.334373
v -0.064528 0.646720 0.306306
v -0.046557 0.682709 0.291784
v -0.043364 0.727578 0.300560
v -0.053513 0.775992 0.315377
v -0.057227 0.810745 0.295577
v -0.069131 0.839362 0.290071
v -0.019204 0.649733 0.577672
v -0.017612 0.699001 0.587036
v -0.017181 0.727084 0.567514
v -0.012562 0.800000 0.537122
v -0.026136 0.939661 0.532178
v -0.015815 0.877890 0.500586
v -0.015815 0.925318 0.522719
v -0.016783 0.880635 0.460126
v -0.017718 0.912373 0.437598
v -0.017629 0.932675 0.423411
v -0.037439 0.637136 0.366772
v -0.037439 0.637136 0.356706
v -0.036346 0.704416 0.324161
v -0.014638 0.726367 0.334269
v -0.003563 0.690026 0.297581
v -0.020000 0.740906 0.288039
v -0.036346 0.716823 0.310849
v -0.016531 0.771868 0.303028
v -0.031450 0.797174 0.290189
v -0.281329 0.596102 0.034897
v -0.296771 0.613187 0.043855
v -0.295127 0.592842 0.015484
v -0.307885 0.601770 0.025563
v -0.295108 0.592839 -0.015507
v -0.307885 0.601770 -0.025563
v -0.256737 0.589280 0.039107
v -0.258696 0.612338 0.053895
v -0.235160 0.560455 -0.000524
v -0.251788 0.572111 0.013721
v -0.235125 0.560337 0.000178
v -0.251541 0.572091 -0.014042
v -0.196502 0.557142 0.035437
v -0.213475 0.575042 0.044486
v -0.216758 0.611560 0.058455
v -0.213148 0.554139 0.013879
v -0.225898 0.562783 0.023004
v -0.212779 0.554441 -0.015481
v -0.225693 0.562980 -0.023997
v -0.150581 0.582691 0.162967
v -0.151215 0.609469 0.163841
v -0.151913 0.548165 0.127170
v -0.155367 0.570930 0.139141
v -0.158027 0.609532 0.137073
v -0.156554 0.541621 0.097618
v -0.164829 0.573422 0.095376
v -0.166761 0.609377 0.092383
v -0.150259 0.518042 0.043037
v -0.160663 0.542778 0.050167
v -0.174605 0.579273 0.055388
v -0.179697 0.610406 0.057629
v -0.151951 0.517588 0.018608
v -0.173505 0.536723 0.017495
v -0.151878 0.518054 -0.022683
v -0.172078 0.537403 -0.022047
v -0.112969 0.549557 0.239733
v -0.116978 0.572074 0.247241
v -0.118006 0.609321 0.250305
v -0.112656 0.514768 0.199084
v -0.119638 0.535248 0.214270
v -0.132356 0.571821 0.216415
v -0.135038 0.609394 0.216220
v -0.118429 0.507882 0.177258
v -0.134190 0.533546 0.177444
v -0.145893 0.571050 0.176382
v -0.146301 0.609363 0.183172
v -0.123969 0.500317 0.137738
v -0.144287 0.534811 0.139478
v -0.148607 0.558149 0.153324
v -0.114499 0.476124 0.088292
v -0.126637 0.492735 0.100195
v -0.148115 0.522696 0.098068
v -0.116568 0.474203 0.059012
v -0.138531 0.499863 0.057920
v -0.148909 0.519475 0.069762
v -0.118105 0.472904 0.019626
v -0.136901 0.494165 0.019451
v -0.118445 0.473279 -0.021098
v -0.137062 0.494589 -0.021797
v -0.082046 0.508856 0.246189
v -0.096565 0.532394 0.257586
v -0.107305 0.572157 0.266609
v -0.108524 0.609211 0.269298
v -0.075541 0.477947 0.198485
v -0.092028 0.498399 0.212402
v -0.106825 0.524467 0.225229
v -0.081040 0.474301 0.176954
v -0.099886 0.489779 0.176922
v -0.089753 0.467932 0.137848
v -0.107630 0.482298 0.137529
v -0.097491 0.465775 0.100180
v -0.110971 0.479446 0.114229
v -0.094980 0.456494 0.059134
v -0.094566 0.453905 0.019684
v -0.094983 0.454149 -0.020175
v -0.039601 0.478117 0.237372
v -0.055843 0.496886 0.254970
v -0.070571 0.519815 0.270869
v -0.053738 0.473956 0.213366
v -0.063973 0.484480 0.224113
v -0.056528 0.461632 0.177230
v -0.038317 0.440740 0.119458
v -0.053112 0.448645 0.134821
v -0.043033 0.438050 0.098526
v -0.061493 0.444879 0.098375
v -0.049798 0.435754 0.059106
v -0.068094 0.442599 0.058934
v -0.053650 0.434753 0.019681
v -0.071670 0.441664 0.019606
v -0.053654 0.434755 -0.019686
v -0.071752 0.441711 -0.019686
v -0.018645 0.476204 0.241454
v -0.018379 0.487600 0.260284
v -0.018659 0.465765 0.216009
v -0.018677 0.451395 0.176943
v -0.018998 0.438018 0.125923
v -0.018736 0.442978 0.145431
v -0.019024 0.434138 0.098514
v -0.018975 0.428751 0.059194
v -0.018842 0.427120 0.019693
v -0.018843 0.427120 -0.019693
v -0.299791 0.650628 0.058540
v -0.301103 0.687618 0.052626
v -0.303238 0.707795 0.037057
v -0.303829 0.719493 0.017702
v -0.303829 0.719493 -0.017702
v -0.260279 0.648738 0.057445
v -0.265706 0.684840 0.042000
v -0.282799 0.702172 0.033516
v -0.254074 0.696356 0.017485
v -0.274398 0.705787 0.017640
v -0.254074 0.696356 -0.017485
v -0.274398 0.705787 -0.017640
v -0.218970 0.646993 0.053191
v -0.220316 0.668407 0.037711
v -0.221575 0.681202 0.017483
v -0.221575 0.681202 -0.017483
v -0.149868 0.630546 0.160095
v -0.152770 0.644532 0.133448
v -0.149778 0.665187 0.117928
v -0.160824 0.645148 0.094387
v -0.153244 0.668411 0.096786
v -0.171225 0.636939 0.045483
v -0.161001 0.657983 0.042982
v -0.166529 0.656724 0.013457
v -0.166530 0.656724 -0.013457
v -0.115182 0.639781 0.244343
v -0.123258 0.650008 0.219524
v -0.116710 0.673329 0.208750
v -0.142309 0.644431 0.174642
v -0.122893 0.686379 0.175964
v -0.113525 0.704459 0.161679
v -0.146427 0.655100 0.144397
v -0.136890 0.680806 0.133984
v -0.116615 0.707801 0.137616
v -0.141765 0.688101 0.097885
v -0.121906 0.713018 0.098215
v -0.143692 0.692133 0.057292
v -0.125678 0.715724 0.058681
v -0.145875 0.693792 0.018529
v -0.128352 0.716255 0.019413
v -0.145875 0.693792 -0.018529
v -0.128352 0.716255 -0.019413
v -0.104949 0.649774 0.256340
v -0.085002 0.683221 0.252565
v -0.074602 0.702644 0.236708
v -0.075270 0.865076 0.279561
v -0.080235 0.895078 0.264613
v -0.090055 0.930749 0.263138
v -0.110336 0.663514 0.233923
v -0.102592 0.685119 0.219383
v -0.081972 0.708685 0.216271
v -0.073069 0.910837 0.244831
v -0.078706 0.930959 0.237623
v -0.108197 0.698386 0.187434
v -0.095270 0.714849 0.175544
v -0.092670 0.730054 0.138870
v -0.077944 0.742455 0.126109
v -0.100981 0.731986 0.098358
v -0.082458 0.745615 0.098493
v -0.104997 0.735294 0.059007
v -0.086585 0.748459 0.059148
v -0.106870 0.736317 0.019608
v -0.088498 0.749339 0.019667
v -0.106870 0.736317 -0.019608
v -0.088498 0.749339 -0.019667
v -0.061329 0.694429 0.263407
v -0.049944 0.707429 0.253130
v -0.046536 0.822060 0.277698
v -0.056712 0.853211 0.265213
v -0.065680 0.884932 0.253949
v -0.055333 0.724231 0.216638
v -0.041487 0.869101 0.243108
v -0.052595 0.898012 0.228817
v -0.055911 0.930822 0.209891
v -0.057695 0.736589 0.180846
v -0.047107 0.744395 0.170548
v -0.035048 0.913275 0.210071
v -0.037057 0.918087 0.207359
v -0.071306 0.738782 0.151888
v -0.058573 0.748509 0.138775
v -0.056672 0.756944 0.098488
v -0.056801 0.762326 0.059158
v -0.056515 0.764378 0.019662
v -0.056515 0.764378 -0.019661
v -0.009657 0.715490 0.257975
v -0.008438 0.785973 0.290505
v 0.000951 0.726392 0.240732
v -0.019417 0.812651 0.275416
v -0.017652 0.842876 0.253675
v -0.026039 0.733296 0.215960
v -0.008528 0.735088 0.217140
v -0.017710 0.862849 0.239708
v -0.017810 0.891423 0.219733
v -0.018754 0.941065 0.209186
v -0.035658 0.739108 0.196498
v -0.022186 0.747078 0.181543
v -0.018262 0.908764 0.207739
v -0.019970 0.925612 0.196500
v -0.018827 0.759062 0.137767
v -0.018730 0.765923 0.098367
v -0.018848 0.771279 0.059100
v -0.018749 0.772890 0.019639
v -0.018749 0.772890 -0.019639
v -0.232953 0.028344 -0.123700
v -0.232772 0.050802 -0.123026
v -0.232721 0.090000 -0.122835
v -0.232721 0.130000 -0.122835
v -0.232721 0.170000 -0.122835
v -0.232721 0.210000 -0.122835
v -0.232721 0.250000 -0.122835
v -0.232721 0.290000 -0.122835
v -0.237503 0.021897 -0.140680
v -0.237482 0.050446 -0.140603
v -0.237496 0.090000 -0.140654
v -0.237496 0.130000 -0.140654
v -0.237496 0.170000 -0.140654
v -0.237496 0.210000 -0.140654
v -0.237496 0.250000 -0.140654
v -0.237496 0.290000 -0.140654
v -0.236111 0.024067 -0.164514
v -0.235353 0.051011 -0.167345
v -0.235216 0.090000 -0.167854
v -0.235216 0.130000 -0.167854
v -0.235216 0.170000 -0.167854
v -0.235216 0.210000 -0.167854
v -0.235216 0.250000 -0.167854
v -0.235216 0.290000 -0.167854
v -0.220400 0.015533 -0.108439
v -0.216672 0.051021 -0.104710
v -0.216424 0.090000 -0.104462
v -0.216424 0.130000 -0.104462
v -0.216424 0.170000 -0.104462
v -0.216424 0.210000 -0.104462
v -0.216424 0.250000 -0.104462
v -0.216424 0.290000 -0.104462
v -0.217729 0.005000 -0.140816
v -0.225055 0.005000 -0.183264
v -0.226753 0.051249 -0.185209
v -0.226669 0.090000 -0.185292
v -0.226669 0.130000 -0.185292
v -0.226669 0.170000 -0.185292
v -0.226669 0.210000 -0.185292
v -0.226669 0.250000 -0.185292
v -0.226669 0.290000 -0.185292
v -0.207309 0.020656 -0.202683
v -0.209855 0.050918 -0.202000
v -0.210062 0.090000 -0.201900
v -0.210062 0.130000 -0.201900
v -0.210062 0.170000 -0.201900
v -0.210062 0.210000 -0.201900
v -0.210062 0.250000 -0.201900
v -0.210062 0.290000 -0.201900
v -0.180000 0.005000 -0.094230
v -0.180000 0.051308 -0.090000
v -0.180000 0.090000 -0.090000
v -0.180000 0.130000 -0.090000
v -0.180000 0.170000 -0.090000
v -0.180000 0.210000 -0.090000
v -0.180000 0.250000 -0.090000
v -0.180000 0.290000 -0.090000
v -0.180000 0.005000 -0.141926
v -0.180000 0.005000 -0.176550
v -0.180000 0.011996 -0.210000
v -0.180000 0.050623 -0.210000
v -0.180000 0.090000 -0.210000
v -0.180000 0.130000 -0.210000
v -0.180000 0.170000 -0.210000
v -0.180000 0.210000 -0.210000
v -0.180000 0.250000 -0.210000
v -0.180000 0.290000 -0.210000
v -0.139600 0.015533 -0.108439
v -0.143328 0.051021 -0.104710
v -0.143576 0.090000 -0.104462
v -0.143576 0.130000 -0.104462
v -0.143576 0.170000 -0.104462
v -0.143576 0.210000 -0.104462
v -0.143576 0.250000 -0.104462
v -0.143576 0.290000 -0.104462
v -0.142271 0.005000 -0.140816
v -0.134945 0.005000 -0.183264
v -0.133247 0.051249 -0.185209
v -0.133331 0.090000 -0.185292
v -0.133331 0.130000 -0.185292
v -0.133331 0.170000 -0.185292
v -0.133331 0.210000 -0.185292
v -0.133331 0.250000 -0.185292
v -0.133331 0.290000 -0.185292
v -0.152691 0.020656 -0.202683
v -0.150145 0.050918 -0.202000
v -0.149938 0.090000 -0.201900
v -0.149938 0.130000 -0.201900
v -0.149938 0.170000 -0.201900
v -0.149938 0.210000 -0.201900
v -0.149938 0.250000 -0.201900
v -0.149938 0.290000 -0.201900
v -0.127047 0.028344 -0.123700
v -0.127228 0.050802 -0.123026
v -0.127279 0.090000 -0.122835
v -0.127279 0.130000 -0.122835
v -0.127279 0.170000 -0.122835
v -0.127279 0.210000 -0.122835
v -0.127279 0.250000 -0.122835
v -0.127279 0.290000 -0.122835
v -0.122497 0.021897 -0.140680
v -0.122518 0.050446 -0.140603
v -0.122504 0.090000 -0.140654
v -0.122504 0.130000 -0.140654
v -0.122504 0.170000 -0.140654
v -0.122504 0.210000 -0.140654
v -0.122504 0.250000 -0.140654
v -0.122504 0.290000 -0.140654
v -0.123889 0.024067 -0.164514
v -0.124647 0.051011 -0.167345
v -0.124784 0.090000 -0.167854
v -0.124784 0.130000 -0.167854
v -0.124784 0.170000 -0.167854
v -0.124784 0.210000 -0.167854
v -0.124784 0.250000 -0.167854
v -0.124784 0.290000 -0.167854
v -0.281103 0.596157 -0.035042
v -0.296650 0.613157 -0.043879
v -0.255494 0.589940 -0.040230
v -0.257893 0.612325 -0.053983
v -0.232721 0.330000 -0.122835
v -0.232721 0.370000 -0.122835
v -0.232721 0.410000 -0.122835
v -0.232709 0.450035 -0.122789
v -0.232656 0.490141 -0.122593
v -0.232584 0.529403 -0.122322
v -0.232476 0.546565 -0.121921
v -0.237496 0.330000 -0.140654
v -0.237496 0.370000 -0.140654
v -0.237496 0.410000 -0.140654
v -0.237496 0.450000 -0.140654
v -0.237496 0.490000 -0.140654
v -0.237480 0.529435 -0.140596
v -0.237351 0.549437 -0.140114
v -0.235216 0.330000 -0.167854
v -0.235216 0.370000 -0.167854
v -0.235216 0.410000 -0.167854
v -0.235216 0.450000 -0.167854
v -0.235216 0.490000 -0.167854
v -0.235364 0.528678 -0.167301
v -0.236096 0.548130 -0.164569
v -0.187766 0.511426 -0.092081
v -0.163470 0.559075 -0.077151
v -0.204613 0.577892 -0.050815
v -0.210243 0.607684 -0.058252
v -0.216424 0.330000 -0.104462
v -0.216424 0.370000 -0.104462
v -0.216392 0.410046 -0.104430
v -0.216159 0.450295 -0.104197
v -0.211623 0.492493 -0.099661
v -0.214966 0.530834 -0.103004
v -0.195423 0.555000 -0.098819
v -0.174035 0.582129 -0.056146
v -0.216254 0.555000 -0.139544
v -0.226669 0.330000 -0.185292
v -0.226669 0.370000 -0.185292
v -0.226669 0.410000 -0.185292
v -0.226669 0.450000 -0.185292
v -0.226669 0.490000 -0.185292
v -0.226744 0.528392 -0.185217
v -0.218248 0.555000 -0.178328
v -0.210062 0.330000 -0.201900
v -0.210078 0.369981 -0.201884
v -0.210125 0.409962 -0.201836
v -0.210164 0.449992 -0.201797
v -0.210145 0.490031 -0.201817
v -0.209846 0.528890 -0.202003
v -0.207087 0.553471 -0.202742
v -0.162616 0.471181 -0.094658
v -0.146138 0.519540 -0.098489
v -0.160687 0.547052 -0.066237
v -0.181796 0.614622 -0.056842
v -0.180000 0.330000 -0.090000
v -0.179971 0.370033 -0.090008
v -0.179701 0.410360 -0.090080
v -0.180025 0.449824 -0.090007
v -0.190165 0.481975 -0.092724
v -0.161622 0.557480 -0.094379
v -0.168183 0.601241 -0.084542
v -0.163365 0.555000 -0.135048
v -0.158549 0.605300 -0.136837
v -0.163750 0.555000 -0.172011
v -0.149565 0.601960 -0.173533
v -0.180000 0.330000 -0.210000
v -0.180023 0.369944 -0.209994
v -0.180070 0.409911 -0.209981
v -0.179977 0.450088 -0.209994
v -0.179416 0.490481 -0.209844
v -0.178341 0.529842 -0.209556
v -0.160016 0.555000 -0.184002
v -0.143918 0.584912 -0.190073
v -0.124596 0.484806 -0.077839
v -0.135682 0.496548 -0.059539
v -0.143576 0.330000 -0.104462
v -0.143497 0.370150 -0.104541
v -0.143438 0.411512 -0.104600
v -0.142233 0.451743 -0.105806
v -0.133331 0.330000 -0.185292
v -0.133242 0.370044 -0.185203
v -0.133282 0.410766 -0.185243
v -0.132488 0.452813 -0.184449
v -0.127850 0.481867 -0.179298
v -0.144965 0.616701 -0.185273
v -0.149938 0.330000 -0.201900
v -0.149903 0.369950 -0.201865
v -0.149765 0.410018 -0.201727
v -0.148013 0.450610 -0.199974
v -0.137162 0.494983 -0.189124
v -0.125575 0.536746 -0.203665
v -0.134153 0.568787 -0.211987
v -0.138082 0.605737 -0.211138
v -0.113603 0.547886 -0.237049
v -0.117456 0.571655 -0.246171
v -0.118243 0.608986 -0.249922
v -0.096069 0.457549 -0.061617
v -0.127279 0.330000 -0.122835
v -0.127214 0.370613 -0.123079
v -0.126637 0.415824 -0.125231
v -0.105799 0.474612 -0.114423
v -0.122504 0.330000 -0.140654
v -0.122536 0.370588 -0.140534
v -0.122691 0.415170 -0.139958
v -0.121226 0.495004 -0.129531
v -0.124784 0.330000 -0.167854
v -0.124716 0.370311 -0.167600
v -0.124444 0.412540 -0.166585
v -0.122667 0.499487 -0.139884
v -0.115727 0.498672 -0.164215
v -0.083923 0.482803 -0.192854
v -0.095300 0.499158 -0.207597
v -0.107186 0.524747 -0.224926
v -0.083291 0.509143 -0.245260
v -0.096622 0.531976 -0.256849
v -0.107184 0.572117 -0.266841
v -0.108553 0.609158 -0.269255
v -0.081345 0.543801 -0.282794
v -0.085569 0.575246 -0.295374
v -0.087078 0.608098 -0.297474
v -0.072781 0.589858 -0.311596
v -0.073290 0.595095 -0.312221
v -0.049982 0.435810 -0.059187
v -0.068874 0.443061 -0.059634
v -0.043977 0.438265 -0.098619
v -0.063720 0.445893 -0.099221
v -0.039484 0.441050 -0.119555
v -0.055534 0.449505 -0.134471
v -0.058387 0.461919 -0.176112
v -0.054545 0.474088 -0.212899
v -0.064818 0.484760 -0.223760
v -0.039612 0.478117 -0.237360
v -0.056056 0.496912 -0.254799
v -0.070689 0.519833 -0.270771
v -0.047176 0.509692 -0.282714
v -0.058950 0.531830 -0.296950
v -0.069318 0.565015 -0.309318
v -0.071735 0.619173 -0.310691
v -0.044235 0.547094 -0.317878
v -0.057721 0.574591 -0.323610
v -0.060046 0.608329 -0.324969
v -0.018982 0.428753 -0.059199
v -0.019044 0.434142 -0.098520
v -0.019112 0.438034 -0.125991
v -0.018890 0.442993 -0.145436
v -0.018769 0.451389 -0.176891
v -0.018688 0.465760 -0.215989
v -0.018648 0.476203 -0.241451
v -0.018379 0.487600 -0.260284
v -0.018333 0.505982 -0.288635
v -0.018031 0.523081 -0.307011
v -0.018131 0.540860 -0.322365
v -0.013661 0.576883 -0.341119
v -0.013641 0.605084 -0.344678
v -0.299745 0.650586 -0.058535
v -0.301103 0.687618 -0.052626
v -0.303238 0.707795 -0.037057
v -0.260165 0.648538 -0.057480
v -0.265706 0.684840 -0.042000
v -0.282799 0.702172 -0.033516
v -0.218869 0.646604 -0.053274
v -0.220316 0.668407 -0.037711
v -0.172315 0.636076 -0.046726
v -0.161001 0.657982 -0.042982
v -0.160998 0.644598 -0.094293
v -0.153244 0.668411 -0.096786
v -0.152893 0.644168 -0.133445
v -0.149778 0.665187 -0.117927
v -0.149890 0.629599 -0.160416
v -0.143692 0.692133 -0.057292
v -0.125678 0.715724 -0.058681
v -0.141765 0.688101 -0.097885
v -0.121907 0.713018 -0.098215
v -0.146427 0.655100 -0.144397
v -0.136890 0.680806 -0.133984
v -0.116615 0.707801 -0.137616
v -0.142427 0.643994 -0.174757
v -0.122893 0.686379 -0.175964
v -0.113525 0.704459 -0.161679
v -0.123405 0.649784 -0.219421
v -0.116710 0.673329 -0.208750
v -0.115277 0.639689 -0.244232
v -0.104997 0.735294 -0.059007
v -0.086585 0.748459 -0.059148
v -0.100981 0.731986 -0.098357
v -0.082458 0.745615 -0.098493
v -0.092670 0.730054 -0.138870
v -0.077944 0.742455 -0.126109
v -0.108197 0.698386 -0.187434
v -0.095279 0.714845 -0.175534
v -0.110340 0.663511 -0.233919
v -0.102594 0.685118 -0.219379
v -0.082045 0.708651 -0.216204
v -0.104957 0.649767 -0.256331
v -0.085249 0.683135 -0.252415
v -0.074869 0.702609 -0.236501
v -0.084320 0.646285 -0.286429
v -0.077405 0.668299 -0.277990
v -0.056801 0.762326 -0.059158
v -0.056672 0.756945 -0.098488
v -0.071306 0.738782 -0.151888
v -0.058573 0.748509 -0.138775
v -0.057810 0.736597 -0.180707
v -0.047107 0.744395 -0.170548
v -0.056234 0.724012 -0.216311
v -0.061917 0.694305 -0.262955
v -0.051980 0.706946 -0.251934
v -0.065112 0.646339 -0.305967
v -0.050690 0.680814 -0.290383
v -0.036412 0.700890 -0.273464
v -0.047064 0.647100 -0.320504
v -0.037416 0.664768 -0.312841
v -0.018848 0.771279 -0.059100
v -0.018730 0.765923 -0.098367
v -0.018827 0.759062 -0.137767
v -0.036256 0.739178 -0.195700
v -0.022356 0.747176 -0.181124
v -0.021951 0.734486 -0.214356
v -0.012257 0.741267 -0.200900
v -0.018614 0.715575 -0.254998
v -0.018520 0.687220 -0.295843
v -0.018538 0.702656 -0.276227
v -0.018116 0.646126 -0.330265
v -0.018397 0.668304 -0.316104
v -0.035914 0.624778 -0.564323
v -0.036468 0.542593 -0.603257
v -0.041261 0.572755 -0.594481
v -0.045541 0.610751 -0.581485
v -0.037014 0.460497 -0.642142
v -0.042075 0.492641 -0.632736
v -0.046531 0.529350 -0.620536
v -0.055518 0.570765 -0.621860
v -0.059552 0.610067 -0.620147
v -0.033353 0.353194 -0.688139
v -0.036810 0.373241 -0.682605
v -0.042946 0.412529 -0.671055
v -0.047565 0.448001 -0.659610
v -0.056118 0.490687 -0.661673
v -0.059850 0.529978 -0.659953
v -0.055818 0.569273 -0.658232
v -0.047046 0.611326 -0.659928
v 0.001977 0.592785 -0.347953
v 0.002038 0.589380 -0.347262
v -0.007294 0.589459 -0.567554
v -0.018231 0.612581 -0.560005
v -0.009580 0.507455 -0.606469
v -0.019561 0.531290 -0.598305
v -0.018017 0.575069 -0.577434
v -0.029736 0.598477 -0.569984
v -0.011529 0.425441 -0.645289
v -0.020698 0.450053 -0.636523
v -0.019315 0.493887 -0.615674
v -0.031269 0.516732 -0.609580
v -0.017673 0.345037 -0.684598
v -0.017720 0.373835 -0.671183
v -0.020395 0.412595 -0.653900
v -0.032529 0.435020 -0.649074
v -0.031918 0.624118 -0.670655
v -0.034744 0.789214 -0.486354
v -0.038727 0.811332 -0.480435
v -0.047294 0.850975 -0.471402
v -0.034000 0.860618 -0.487952
v -0.035343 0.707015 -0.525345
v -0.039610 0.732969 -0.517951
v -0.043623 0.773585 -0.503439
v -0.053703 0.810350 -0.502666
v -0.057591 0.849639 -0.500355
v -0.039982 0.867373 -0.502438
v -0.040446 0.652862 -0.556227
v -0.044582 0.692180 -0.542457
v -0.054333 0.730990 -0.542267
v -0.058401 0.770267 -0.540704
v -0.057562 0.809294 -0.539128
v -0.053257 0.848041 -0.538789
v -0.044934 0.874431 -0.539571
v -0.054940 0.650915 -0.582106
v -0.058979 0.690162 -0.580438
v -0.057008 0.729463 -0.578637
v -0.052793 0.768934 -0.577587
v -0.042224 0.804490 -0.575175
v -0.038238 0.846505 -0.559981
v -0.034609 0.865895 -0.554943
v -0.056410 0.649425 -0.618420
v -0.052118 0.688953 -0.617661
v -0.041169 0.723295 -0.614201
v -0.037341 0.766819 -0.598129
v -0.033726 0.787740 -0.592362
v -0.042540 0.647410 -0.648074
v -0.036305 0.686718 -0.636624
v -0.032985 0.705910 -0.631338
v 0.004257 0.833215 -0.452991
v 0.006456 0.821998 -0.458871
v -0.001846 0.753312 -0.489537
v -0.015065 0.775188 -0.483245
v -0.012395 0.816571 -0.463158
v -0.016385 0.846596 -0.457883
v -0.018949 0.860397 -0.487479
v -0.004678 0.671437 -0.528553
v -0.016706 0.693904 -0.521633
v -0.014951 0.737349 -0.500855
v -0.024916 0.762618 -0.492018
v -0.018748 0.867874 -0.503512
v -0.016547 0.656222 -0.539158
v -0.027432 0.680577 -0.531019
v -0.019243 0.884757 -0.539717
v -0.017395 0.816542 -0.586769
v -0.017671 0.845944 -0.572977
v -0.018136 0.872926 -0.560258
v -0.017511 0.733753 -0.625340
v -0.017716 0.766103 -0.610194
v -0.017627 0.796394 -0.596096
v -0.019857 0.646789 -0.665198
v -0.017757 0.686156 -0.647462
v -0.017723 0.713566 -0.634691
v -0.034139 0.271176 -0.727251
v -0.037866 0.293149 -0.721118
v -0.041284 0.228415 -0.755074
v -0.042655 0.255620 -0.743902
v -0.053114 0.291142 -0.742352
v -0.047864 0.224357 -0.779828
v -0.057713 0.251455 -0.779797
v -0.058124 0.290125 -0.778906
v -0.040548 0.234562 -0.801711
v -0.052303 0.250789 -0.821221
v -0.042896 0.286509 -0.815972
v -0.035061 0.268485 -0.833021
v -0.034367 0.271919 -0.832185
v 0.001104 0.237279 -0.729948
v -0.013470 0.256561 -0.724612
v -0.017631 0.293822 -0.708468
v -0.015279 0.222881 -0.740852
v -0.022407 0.245451 -0.732435
v -0.018736 0.223893 -0.778832
v -0.018392 0.235533 -0.803793
v -0.018666 0.245341 -0.824828
v -0.023586 0.296396 -0.827487
v -0.019864 0.260443 -0.845353
v -0.014627 0.285740 -0.835105
v -0.041706 0.336107 -0.705323
v -0.052457 0.371066 -0.702377
v -0.056705 0.410519 -0.701473
v -0.059257 0.449884 -0.699746
v -0.055216 0.489197 -0.698051
v -0.046029 0.529957 -0.698993
v -0.041666 0.567300 -0.686393
v -0.036744 0.598455 -0.677297
v -0.057297 0.330481 -0.741232
v -0.058690 0.369787 -0.739430
v -0.054638 0.409046 -0.737807
v -0.045060 0.448534 -0.738031
v -0.040855 0.487191 -0.724644
v -0.036193 0.516328 -0.716202
v -0.054024 0.328979 -0.777671
v -0.044104 0.367113 -0.777053
v -0.040031 0.407086 -0.762907
v -0.035631 0.434103 -0.755163
v -0.039182 0.326975 -0.801200
v -0.035048 0.351877 -0.794150
v -0.017454 0.324864 -0.693940
v -0.030570 0.542419 -0.710239
v -0.018692 0.565519 -0.703440
v -0.020145 0.609329 -0.682581
v -0.028612 0.460469 -0.749493
v -0.017301 0.484349 -0.741701
v -0.018930 0.528077 -0.720829
v -0.008491 0.551555 -0.712967
v -0.026199 0.378393 -0.788479
v -0.015762 0.403213 -0.779990
v -0.017486 0.446756 -0.759177
v -0.006018 0.469539 -0.751943
v -0.014115 0.322091 -0.818305
v -0.015898 0.365447 -0.797561
v -0.003285 0.387613 -0.790954
v -0.000371 0.305790 -0.829970
v -0.010581 0.633547 -0.674116
v -0.844046 0.953422 0.042998
v -0.845217 0.956161 0.018419
v -0.845217 0.956161 -0.018419
v -0.821037 0.947974 0.038212
v -0.820887 0.960408 0.018354
v -0.820887 0.960408 -0.018354
v -0.800706 0.942757 0.034348
v -0.785867 0.945393 0.013907
v -0.785867 0.945393 -0.013907
v -0.764741 0.939535 -0.000400
v -0.764741 0.939535 0.000400
v -0.844046 0.953422 -0.042998
v -0.821037 0.947974 -0.038212
v -0.800706 0.942757 -0.034348
v -0.070650 0.946709 0.596693
v -0.076397 0.958025 0.362847
v -0.086661 0.971036 0.341013
v -0.078438 1.006541 0.326384
v -0.068885 1.015831 0.315964
v -0.096097 0.967852 0.300250
v -0.087055 1.007704 0.304356
v -0.073296 1.020376 0.322454
v -0.059929 0.962420 0.584048
v -0.040222 1.004760 0.584238
v -0.033067 1.027749 0.597575
v -0.042905 0.965392 0.557095
v -0.035235 0.989456 0.564765
v -0.044040 0.954358 0.399589
v -0.058428 0.969541 0.376720
v -0.046323 1.005605 0.362959
v -0.036824 1.021510 0.354929
v -0.070548 0.983410 0.352213
v -0.064483 1.005311 0.344281
v -0.056207 1.029631 0.335671
v -0.058559 1.008288 0.305191
v -0.058924 1.020533 0.322678
v -0.026334 1.017381 0.573666
v -0.017608 1.044758 0.582392
v -0.003879 1.087831 0.596121
v -0.000889 1.110889 0.599111
v -0.015948 0.962401 0.540060
v -0.015762 1.004760 0.559778
v -0.002425 1.027749 0.566933
v -0.003298 0.946582 0.529289
v -0.015833 0.965010 0.401357
v -0.003059 0.984866 0.391632
v -0.026200 0.979278 0.387975
v -0.015969 1.000117 0.376730
v -0.018344 1.024758 0.358700
v -0.019740 1.032793 0.340188
v -0.019915 1.007797 0.304490
v -0.019701 1.020348 0.322414
v -0.095464 0.971839 0.259011
v -0.081762 0.988774 0.277322
v -0.084518 0.957410 0.232530
v -0.057855 0.974034 0.256271
v -0.058247 0.988001 0.276218
v -0.056797 0.956604 0.231379
v -0.019918 0.973860 0.256023
v -0.019970 0.987814 0.275951
v -0.019220 0.954725 0.228695
v 0.019505 0.800000 0.713327
v 0.020027 0.809965 0.729983
v 0.014750 0.846707 0.714251
v -0.000035 0.865304 0.709516
v 0.019927 0.800000 0.699596
v 0.023816 0.857876 0.706610
v 0.014191 0.880994 0.698400
v 0.015992 0.926114 0.676862
v 0.019870 0.800000 0.659518
v 0.026171 0.939715 0.667787
v 0.019166 0.665001 0.599477
v 0.018546 0.682268 0.598448
v 0.019340 0.800000 0.615665
v 0.059059 0.800000 0.711351
v 0.060100 0.806226 0.720991
v 0.044371 0.833484 0.712485
v 0.059719 0.800000 0.699533
v 0.070484 0.815182 0.711082
v 0.056973 0.846793 0.702897
v 0.055142 0.883919 0.682605
v 0.041154 0.914063 0.675744
v 0.059725 0.800000 0.659656
v 0.065432 0.894715 0.665432
v 0.055087 0.927171 0.655087
v 0.044872 0.665842 0.600679
v 0.041777 0.675131 0.595846
v 0.058800 0.800000 0.617556
v 0.067787 0.939715 0.626171
v 0.074649 0.800000 0.710375
v 0.080132 0.790512 0.720113
v 0.090545 0.800000 0.690545
v 0.094583 0.803259 0.694583
v 0.081112 0.845522 0.681112
v 0.074039 0.867712 0.674039
v 0.099500 0.800000 0.659686
v 0.111082 0.815182 0.670484
v 0.102897 0.846793 0.656973
v 0.082605 0.883919 0.655142
v 0.075744 0.914063 0.641154
v 0.098768 0.800000 0.619009
v 0.106610 0.857876 0.623816
v 0.098400 0.880994 0.614191
v 0.076862 0.926114 0.615992
v 0.110375 0.800000 0.674649
v 0.120113 0.790512 0.680132
v 0.111351 0.800000 0.659059
v 0.120991 0.806226 0.660101
v 0.112485 0.833484 0.644371
v 0.112953 0.800000 0.619308
v 0.129983 0.809965 0.620027
v 0.114251 0.846707 0.614750
v 0.109515 0.865304 0.599966
v 0.003307 0.946709 0.670650
v 0.015952 0.962420 0.659929
v 0.015762 1.004760 0.640222
v 0.002425 1.027749 0.633067
v 0.026334 1.017381 0.626334
v 0.017608 1.044758 0.617608
v 0.003879 1.087831 0.603879
v 0.000889 1.110889 0.600889
v 0.042905 0.965392 0.642905
v 0.035235 0.989456 0.635235
v 0.059929 0.962420 0.615952
v 0.040222 1.004760 0.615762
v 0.033067 1.027749 0.602425
v 0.070650 0.946709 0.603307
v 0.019715 0.635849 0.557843
v 0.019986 0.618544 0.533129
v 0.019264 0.589136 0.491131
v 0.019915 0.602236 0.509840
v -0.007014 0.576149 0.436959
v 0.015488 0.564468 0.455900
v -0.002536 0.560838 0.446215
v 0.012862 0.578366 0.437320
v 0.015748 0.609688 0.416332
v 0.002507 0.599649 0.349137
v -0.042417 0.682365 0.374166
v 0.017965 0.541652 0.322897
v 0.017062 0.576874 0.340040
v 0.017940 0.614554 0.341450
v 0.018333 0.505982 0.288635
v 0.018015 0.523126 0.307063
v 0.058077 0.635207 0.556927
v 0.058018 0.618963 0.533728
v 0.057503 0.589536 0.491701
v 0.057390 0.602020 0.509531
v 0.059355 0.579552 0.460057
v 0.066963 0.604075 0.452174
v 0.042825 0.588806 0.439810
v 0.053699 0.616863 0.427028
v 0.031002 0.636946 0.402235
v 0.043980 0.547479 0.318192
v 0.056692 0.575239 0.324799
v 0.057734 0.609038 0.327171
v 0.047176 0.509692 0.282714
v 0.058926 0.531848 0.296996
v 0.069237 0.565064 0.309432
v 0.070685 0.619764 0.311631
v 0.077053 0.634397 0.555770
v 0.087334 0.622099 0.538207
v 0.081982 0.587810 0.489237
v 0.092813 0.607715 0.501895
v 0.077937 0.591371 0.474466
v 0.081508 0.614353 0.462734
v 0.073533 0.629258 0.442561
v 0.072441 0.589966 0.311966
v 0.072920 0.595162 0.312612
v 0.081273 0.543823 0.282882
v 0.085508 0.575269 0.295441
v 0.086971 0.608160 0.297568
v 0.019204 0.649733 0.577672
v 0.017612 0.699001 0.587036
v 0.017181 0.727084 0.567514
v 0.012562 0.800000 0.537122
v 0.026136 0.939661 0.532178
v 0.015815 0.877890 0.500586
v 0.015815 0.925318 0.522719
v 0.016783 0.880635 0.460126
v 0.017718 0.912373 0.437598
v 0.017629 0.932675 0.423411
v 0.037439 0.637136 0.366772
v 0.037439 0.637136 0.356706
v 0.036346 0.704416 0.324161
v 0.014638 0.726367 0.334269
v 0.003563 0.690026 0.297581
v 0.020000 0.740906 0.288039
v 0.036346 0.716823 0.310849
v 0.016531 0.771868 0.303028
v 0.031450 0.797174 0.290189
v 0.058526 0.652222 0.581227
v 0.057008 0.688977 0.574906
v 0.042595 0.728192 0.558425
v 0.040145 0.800000 0.552099
v 0.067787 0.939715 0.573829
v 0.069765 0.701875 0.550302
v 0.061085 0.728527 0.542236
v 0.043777 0.774182 0.525836
v 0.065321 0.894621 0.534396
v 0.055065 0.927123 0.544859
v 0.063659 0.818345 0.485619
v 0.055653 0.842759 0.494866
v 0.049260 0.878209 0.509697
v 0.040839 0.913538 0.523927
v 0.063413 0.818601 0.476323
v 0.057774 0.844200 0.465283
v 0.049891 0.878534 0.450768
v 0.038447 0.907255 0.434400
v 0.064528 0.654662 0.413780
v 0.070384 0.675068 0.406640
v 0.063601 0.892320 0.424475
v 0.054737 0.924075 0.413061
v 0.035702 0.659798 0.387771
v 0.060854 0.690293 0.384346
v 0.066874 0.720260 0.370712
v 0.067447 0.937795 0.387939
v 0.012340 0.653357 0.327708
v 0.050267 0.690650 0.338496
v 0.053051 0.733243 0.344747
v 0.063378 0.766063 0.334373
v 0.064528 0.646720 0.306306
v 0.046557 0.682709 0.291784
v 0.043364 0.727578 0.300560
v 0.053513 0.775992 0.315377
v 0.057227 0.810745 0.295577
v 0.069131 0.839362 0.290071
v 0.085621 0.650114 0.567188
v 0.075869 0.677700 0.559777
v 0.095187 0.800000 0.576888
v 0.106601 0.857873 0.576148
v 0.098402 0.880985 0.585800
v 0.076862 0.926114 0.584008
v 0.092783 0.650607 0.537485
v 0.085338 0.690297 0.539398
v 0.075762 0.729542 0.523608
v 0.066301 0.800000 0.522718
v 0.111013 0.815070 0.529376
v 0.102971 0.846602 0.542968
v 0.082570 0.883875 0.544795
v 0.075744 0.914063 0.558846
v 0.098972 0.651148 0.499544
v 0.095461 0.689064 0.498358
v 0.089268 0.729881 0.497992
v 0.059562 0.781330 0.507122
v 0.092135 0.806119 0.504791
v 0.079946 0.844423 0.517022
v 0.073581 0.867353 0.525273
v 0.090966 0.652093 0.462405
v 0.096629 0.690765 0.461129
v 0.097608 0.730121 0.459826
v 0.091735 0.768981 0.459377
v 0.080907 0.809337 0.461454
v 0.074435 0.845975 0.443701
v 0.071101 0.865611 0.434021
v 0.078807 0.653160 0.432263
v 0.086905 0.688056 0.418723
v 0.094288 0.731423 0.421997
v 0.099787 0.769980 0.420049
v 0.094631 0.808788 0.418309
v 0.088740 0.848305 0.417477
v 0.077885 0.882833 0.413681
v 0.074055 0.911814 0.398063
v 0.076410 0.700701 0.396048
v 0.083081 0.732189 0.382144
v 0.091833 0.771750 0.382573
v 0.097394 0.810542 0.380745
v 0.097032 0.849377 0.378949
v 0.091428 0.888208 0.377290
v 0.082445 0.927009 0.377182
v 0.074372 0.747093 0.361076
v 0.078670 0.776466 0.345755
v 0.089263 0.811881 0.342761
v 0.095077 0.851200 0.341719
v 0.099388 0.889909 0.339835
v 0.093888 0.928407 0.337935
v 0.083982 0.646420 0.286684
v 0.076705 0.668531 0.278428
v 0.071924 0.793285 0.325744
v 0.076518 0.813721 0.317043
v 0.084707 0.850857 0.301036
v 0.092686 0.891702 0.302466
v 0.098197 0.929848 0.300865
v 0.110714 0.800000 0.579699
v 0.129983 0.809965 0.579973
v 0.114243 0.846716 0.585236
v 0.109515 0.865304 0.600035
v 0.104306 0.800000 0.540041
v 0.120976 0.806238 0.539866
v 0.112447 0.833512 0.555535
v 0.094412 0.800000 0.528764
v 0.120113 0.790512 0.519862
v 0.018645 0.476204 0.241454
v 0.018379 0.487600 0.260284
v 0.018659 0.465765 0.216009
v 0.018677 0.451395 0.176943
v 0.018998 0.438018 0.125923
v 0.018736 0.442978 0.145431
v 0.019024 0.434138 0.098514
v 0.018975 0.428751 0.059194
v 0.018842 0.427120 0.019693
v 0.018843 0.427120 -0.019693
v 0.039601 0.478117 0.237372
v 0.055843 0.496886 0.254970
v 0.070571 0.519815 0.270869
v 0.053738 0.473956 0.213366
v 0.063973 0.484480 0.224113
v 0.056528 0.461632 0.177230
v 0.038317 0.440740 0.119458
v 0.053112 0.448645 0.134821
v 0.043033 0.438050 0.098526
v 0.061493 0.444879 0.098375
v 0.049798 0.435754 0.059106
v 0.068094 0.442599 0.058934
v 0.053650 0.434753 0.019681
v 0.071670 0.441664 0.019606
v 0.053654 0.434755 -0.019686
v 0.071752 0.441711 -0.019686
v 0.082046 0.508856 0.246189
v 0.096565 0.532394 0.257586
v 0.107305 0.572157 0.266609
v 0.108524 0.609211 0.269298
v 0.075541 0.477947 0.198485
v 0.092028 0.498399 0.212402
v 0.106825 0.524467 0.225229
v 0.081040 0.474301 0.176954
v 0.099886 0.489779 0.176922
v 0.089752 0.467932 0.137848
v 0.107630 0.482298 0.137529
v 0.097491 0.465775 0.100180
v 0.110971 0.479446 0.114229
v 0.094980 0.456494 0.059134
v 0.094566 0.453905 0.019684
v 0.094983 0.454149 -0.020175
v 0.112969 0.549557 0.239733
v 0.116978 0.572074 0.247241
v 0.118006 0.609321 0.250305
v 0.112656 0.514768 0.199084
v 0.119638 0.535248 0.214270
v 0.132356 0.571821 0.216415
v 0.135038 0.609394 0.216220
v 0.118429 0.507882 0.177258
v 0.134190 0.533546 0.177444
v 0.145893 0.571050 0.176382
v 0.146301 0.609363 0.183172
v 0.123969 0.500317 0.137738
v 0.144287 0.534811 0.139478
v 0.148607 0.558149 0.153324
v 0.114499 0.476124 0.088292
v 0.126637 0.492735 0.100195
v 0.148115 0.522696 0.098068
v 0.116568 0.474203 0.059012
v 0.138531 0.499863 0.057920
v 0.148909 0.519476 0.069762
v 0.118105 0.472904 0.019626
v 0.136901 0.494165 0.019451
v 0.118445 0.473279 -0.021098
v 0.137062 0.494589 -0.021797
v 0.150581 0.582691 0.162967
v 0.151215 0.609469 0.163841
v 0.151913 0.548165 0.127170
v 0.155367 0.570930 0.139141
v 0.158027 0.609532 0.137073
v 0.156554 0.541621 0.097618
v 0.164829 0.573422 0.095376
v 0.166760 0.609377 0.092383
v 0.150259 0.518042 0.043037
v 0.160663 0.542778 0.050167
v 0.174605 0.579273 0.055388
v 0.179697 0.610406 0.057629
v 0.151951 0.517588 0.018608
v 0.173505 0.536723 0.017495
v 0.151878 0.518054 -0.022683
v 0.172078 0.537403 -0.022047
v 0.196502 0.557142 0.035437
v 0.213475 0.575042 0.044486
v 0.216758 0.611560 0.058455
v 0.213148 0.554139 0.013879
v 0.225898 0.562783 0.023004
v 0.212779 0.554441 -0.015481
v 0.225693 0.562980 -0.023997
v 0.256737 0.589280 0.039107
v 0.258696 0.612338 0.053895
v 0.235160 0.560455 -0.000524
v 0.251788 0.572111 0.013721
v 0.235125 0.560337 0.000178
v 0.251541 0.572091 -0.014042
v 0.281329 0.596102 0.034897
v 0.296771 0.613187 0.043855
v 0.295127 0.592842 0.015484
v 0.307885 0.601770 0.025563
v 0.295108 0.592839 -0.015507
v 0.307885 0.601770 -0.025563
v 0.009657 0.715490 0.257975
v -0.000951 0.726392 0.240732
v 0.008438 0.785973 0.290505
v 0.019417 0.812651 0.275416
v 0.017652 0.842876 0.253675
v 0.026039 0.733296 0.215960
v 0.008528 0.735088 0.217140
v 0.017710 0.862849 0.239708
v 0.017810 0.891423 0.219733
v 0.018754 0.941065 0.209186
v 0.035658 0.739108 0.196498
v 0.022186 0.747078 0.181543
v 0.018262 0.908764 0.207739
v 0.019970 0.925612 0.196500
v 0.018827 0.759062 0.137767
v 0.018730 0.765923 0.098367
v 0.018848 0.771279 0.059100
v 0.018749 0.772890 0.019639
v 0.018749 0.772890 -0.019639
v 0.061329 0.694429 0.263407
v 0.049944 0.707429 0.253130
v 0.046536 0.822060 0.277698
v 0.056712 0.853211 0.265213
v 0.065680 0.884932 0.253949
v 0.055333 0.724231 0.216638
v 0.041487 0.869101 0.243108
v 0.052595 0.898012 0.228817
v 0.055911 0.930822 0.209891
v 0.057695 0.736589 0.180846
v 0.047107 0.744395 0.170548
v 0.035048 0.913275 0.210071
v 0.037056 0.918087 0.207359
v 0.071306 0.738782 0.151888
v 0.058573 0.748509 0.138775
v 0.056672 0.756944 0.098488
v 0.056801 0.762326 0.059158
v 0.056515 0.764378 0.019662
v 0.056515 0.764378 -0.019661
v 0.104949 0.649774 0.256340
v 0.085002 0.683221 0.252565
v 0.074602 0.702644 0.236708
v 0.075270 0.865076 0.279561
v 0.080235 0.895078 0.264613
v 0.090055 0.930749 0.263138
v 0.110336 0.663514 0.233923
v 0.102592 0.685119 0.219383
v 0.081972 0.708685 0.216271
v 0.073069 0.910837 0.244831
v 0.078706 0.930959 0.237623
v 0.108197 0.698386 0.187434
v 0.095270 0.714849 0.175544
v 0.092670 0.730054 0.138870
v 0.077944 0.742455 0.126109
v 0.100981 0.731986 0.098358
v 0.082458 0.745615 0.098493
v 0.104997 0.735294 0.059007
v 0.086585 0.748459 0.059148
v 0.106870 0.736317 0.019608
v 0.088498 0.749339 0.019667
v 0.106870 0.736317 -0.019608
v 0.088498 0.749339 -0.019667
v 0.115182 0.639781 0.244343
v 0.123258 0.650008 0.219524
v 0.116710 0.673329 0.208750
v 0.142309 0.644431 0.174642
v 0.122893 0.686379 0.175964
v 0.113525 0.704459 0.161679
v 0.146427 0.655100 0.144397
v 0.136890 0.680806 0.133984
v 0.116615 0.707801 0.137616
v 0.141765 0.688101 0.097885
v 0.121906 0.713018 0.098215
v 0.143692 0.692133 0.057292
v 0.125678 0.715724 0.058681
v 0.145875 0.693792 0.018529
v 0.128352 0.716255 0.019413
v 0.145875 0.693792 -0.018529
v 0.128352 0.716255 -0.019413
v 0.149868 0.630546 0.160095
v 0.152770 0.644532 0.133448
v 0.149778 0.665187 0.117927
v 0.160824 0.645148 0.094387
v 0.153244 0.668411 0.096786
v 0.171225 0.636939 0.045483
v 0.161001 0.657983 0.042982
v 0.166529 0.656724 0.013457
v 0.166530 0.656724 -0.013457
v 0.218970 0.646993 0.053191
v 0.220316 0.668407 0.037711
v 0.221575 0.681202 0.017483
v 0.221575 0.681202 -0.017483
v 0.260279 0.648738 0.057445
v 0.265706 0.684840 0.042000
v 0.282799 0.702172 0.033516
v 0.254074 0.696356 0.017485
v 0.274398 0.705787 0.017640
v 0.254074 0.696356 -0.017485
v 0.274398 0.705787 -0.017640
v 0.299791 0.650628 0.058540
v 0.301103 0.687618 0.052626
v 0.303238 0.707795 0.037057
v 0.303829 0.719493 0.017702
v 0.303829 0.719493 -0.017702
v 0.127047 0.028344 -0.123700
v 0.127228 0.050802 -0.123026
v 0.127279 0.090000 -0.122835
v 0.127279 0.130000 -0.122835
v 0.127279 0.170000 -0.122835
v 0.127279 0.210000 -0.122835
v 0.127279 0.250000 -0.122835
v 0.127279 0.290000 -0.122835
v 0.122497 0.021897 -0.140680
v 0.122518 0.050446 -0.140603
v 0.122504 0.090000 -0.140654
v 0.122504 0.130000 -0.140654
v 0.122504 0.170000 -0.140654
v 0.122504 0.210000 -0.140654
v 0.122504 0.250000 -0.140654
v 0.122504 0.290000 -0.140654
v 0.123889 0.024067 -0.164514
v 0.124647 0.051011 -0.167345
v 0.124784 0.090000 -0.167854
v 0.124784 0.130000 -0.167854
v 0.124784 0.170000 -0.167854
v 0.124784 0.210000 -0.167854
v 0.124784 0.250000 -0.167854
v 0.124784 0.290000 -0.167854
v 0.139600 0.015533 -0.108439
v 0.143328 0.051021 -0.104710
v 0.143576 0.090000 -0.104462
v 0.143576 0.130000 -0.104462
v 0.143576 0.170000 -0.104462
v 0.143576 0.210000 -0.104462
v 0.143576 0.250000 -0.104462
v 0.143576 0.290000 -0.104462
v 0.142271 0.005000 -0.140816
v 0.134945 0.005000 -0.183264
v 0.133247 0.051249 -0.185209
v 0.133331 0.090000 -0.185292
v 0.133331 0.130000 -0.185292
v 0.133331 0.170000 -0.185292
v 0.133331 0.210000 -0.185292
v 0.133331 0.250000 -0.185292
v 0.133331 0.290000 -0.185292
v 0.152691 0.020656 -0.202683
v 0.150145 0.050918 -0.202000
v 0.149938 0.090000 -0.201900
v 0.149938 0.130000 -0.201900
v 0.149938 0.170000 -0.201900
v 0.149938 0.210000 -0.201900
v 0.149938 0.250000 -0.201900
v 0.149938 0.290000 -0.201900
v 0.180000 0.005000 -0.094230
v 0.180000 0.051308 -0.090000
v 0.180000 0.090000 -0.090000
v 0.180000 0.130000 -0.090000
v 0.180000 0.170000 -0.090000
v 0.180000 0.210000 -0.090000
v 0.180000 0.250000 -0.090000
v 0.180000 0.290000 -0.090000
v 0.180000 0.005000 -0.141926
v 0.180000 0.005000 -0.176550
v 0.180000 0.011996 -0.210000
v 0.180000 0.050623 -0.210000
v 0.180000 0.090000 -0.210000
v 0.180000 0.130000 -0.210000
v 0.180000 0.170000 -0.210000
v 0.180000 0.210000 -0.210000
v 0.180000 0.250000 -0.210000
v 0.180000 0.290000 -0.210000
v 0.220400 0.015533 -0.108439
v 0.216672 0.051021 -0.104710
v 0.216424 0.090000 -0.104462
v 0.216424 0.130000 -0.104462
v 0.216424 0.170000 -0.104462
v 0.216424 0.210000 -0.104462
v 0.216424 0.250000 -0.104462
v 0.216424 0.290000 -0.104462
v 0.217729 0.005000 -0.140816
v 0.225055 0.005000 -0.183264
v 0.226753 0.051249 -0.185209
v 0.226669 0.090000 -0.185292
v 0.226669 0.130000 -0.185292
v 0.226669 0.170000 -0.185292
v 0.226669 0.210000 -0.185292
v 0.226669 0.250000 -0.185292
v 0.226669 0.290000 -0.185292
v 0.207309 0.020656 -0.202683
v 0.209855 0.050918 -0.202000
v 0.210062 0.090000 -0.201900
v 0.210062 0.130000 -0.201900
v 0.210062 0.170000 -0.201900
v 0.210062 0.210000 -0.201900
v 0.210062 0.250000 -0.201900
v 0.210062 0.290000 -0.201900
v 0.232953 0.028344 -0.123700
v 0.232772 0.050802 -0.123026
v 0.232721 0.090000 -0.122835
v 0.232721 0.130000 -0.122835
v 0.232721 0.170000 -0.122835
v 0.232721 0.210000 -0.122835
v 0.232721 0.250000 -0.122835
v 0.232721 0.290000 -0.122835
v 0.237503 0.021897 -0.140680
v 0.237482 0.050446 -0.140603
v 0.237496 0.090000 -0.140654
v 0.237496 0.130000 -0.140654
v 0.237496 0.170000 -0.140654
v 0.237496 0.210000 -0.140654
v 0.237496 0.250000 -0.140654
v 0.237496 0.290000 -0.140654
v 0.236111 0.024067 -0.164514
v 0.235353 0.051011 -0.167345
v 0.235216 0.090000 -0.167854
v 0.235216 0.130000 -0.167854
v 0.235216 0.170000 -0.167854
v 0.235216 0.210000 -0.167854
v 0.235216 0.250000 -0.167854
v 0.235216 0.290000 -0.167854
v 0.018982 0.428753 -0.059199
v 0.019044 0.434142 -0.098520
v 0.019112 0.438034 -0.125991
v 0.018890 0.442993 -0.145436
v 0.018769 0.451389 -0.176891
v 0.018688 0.465760 -0.215989
v 0.018648 0.476203 -0.241451
v 0.018379 0.487600 -0.260284
v 0.018333 0.505982 -0.288635
v 0.018031 0.523082 -0.307011
v 0.018131 0.540860 -0.322365
v 0.013661 0.576883 -0.341119
v 0.013641 0.605084 -0.344678
v 0.049982 0.435810 -0.059187
v 0.068874 0.443061 -0.059634
v 0.043977 0.438265 -0.098619
v 0.063720 0.445893 -0.099221
v 0.039484 0.441050 -0.119555
v 0.055534 0.449505 -0.134471
v 0.058387 0.461919 -0.176112
v 0.054545 0.474088 -0.212899
v 0.064818 0.484760 -0.223760
v 0.039612 0.478117 -0.237360
v 0.056056 0.496912 -0.254799
v 0.070689 0.519833 -0.270771
v 0.047176 0.509692 -0.282714
v 0.058950 0.531830 -0.296949
v 0.069317 0.565015 -0.309318
v 0.071734 0.619172 -0.310691
v 0.044235 0.547094 -0.317878
v 0.057721 0.574592 -0.323609
v 0.060046 0.608329 -0.324969
v 0.096069 0.457549 -0.061617
v 0.127279 0.330000 -0.122835
v 0.127214 0.370613 -0.123079
v 0.126637 0.415824 -0.125231
v 0.105799 0.474612 -0.114423
v 0.122504 0.330000 -0.140654
v 0.122536 0.370588 -0.140534
v 0.122691 0.415170 -0.139958
v 0.121226 0.495004 -0.129531
v 0.124784 0.330000 -0.167854
v 0.124716 0.370311 -0.167600
v 0.124444 0.412540 -0.166585
v 0.122667 0.499487 -0.139884
v 0.115727 0.498672 -0.164215
v 0.083923 0.482803 -0.192854
v 0.095300 0.499158 -0.207597
v 0.107186 0.524747 -0.224926
v 0.083291 0.509143 -0.245260
v 0.096622 0.531976 -0.256849
v 0.107184 0.572117 -0.266841
v 0.108553 0.609158 -0.269255
v 0.081345 0.543801 -0.282794
v 0.085569 0.575246 -0.295374
v 0.087077 0.608097 -0.297474
v 0.072781 0.589858 -0.311596
v 0.073290 0.595094 -0.312220
v 0.124596 0.484806 -0.077839
v 0.135682 0.496548 -0.059539
v 0.143576 0.330000 -0.104462
v 0.143497 0.370150 -0.104541
v 0.143438 0.411512 -0.104600
v 0.142233 0.451743 -0.105806
v 0.133331 0.330000 -0.185292
v 0.133242 0.370044 -0.185203
v 0.133282 0.410766 -0.185243
v 0.132488 0.452813 -0.184449
v 0.127850 0.481867 -0.179298
v 0.144965 0.616700 -0.185273
v 0.149938 0.330000 -0.201900
v 0.149903 0.369950 -0.201865
v 0.149765 0.410018 -0.201727
v 0.148013 0.450610 -0.199974
v 0.137162 0.494983 -0.189124
v 0.125575 0.536746 -0.203665
v 0.134153 0.568787 -0.211987
v 0.138082 0.605737 -0.211138
v 0.113603 0.547886 -0.237049
v 0.117456 0.571655 -0.246171
v 0.118243 0.608986 -0.249922
v 0.162616 0.471181 -0.094658
v 0.146138 0.519540 -0.098490
v 0.160687 0.547052 -0.066237
v 0.181796 0.614622 -0.056842
v 0.180000 0.330000 -0.090000
v 0.179971 0.370033 -0.090008
v 0.179701 0.410360 -0.090080
v 0.180025 0.449824 -0.090007
v 0.190165 0.481975 -0.092724
v 0.161622 0.557480 -0.094379
v 0.168183 0.601241 -0.084542
v 0.163365 0.555000 -0.135048
v 0.158549 0.605300 -0.136837
v 0.163750 0.555000 -0.172011
v 0.149565 0.601960 -0.173532
v 0.180000 0.330000 -0.210000
v 0.180023 0.369944 -0.209994
v 0.180070 0.409911 -0.209981
v 0.179977 0.450088 -0.209994
v 0.179416 0.490481 -0.209844
v 0.178341 0.529842 -0.209556
v 0.160016 0.555000 -0.184002
v 0.143918 0.584912 -0.190073
v 0.187766 0.511426 -0.092081
v 0.163470 0.559075 -0.077151
v 0.204613 0.577892 -0.050815
v 0.210243 0.607684 -0.058252
v 0.216424 0.330000 -0.104462
v 0.216424 0.370000 -0.104462
v 0.216392 0.410046 -0.104430
v 0.216159 0.450295 -0.104197
v 0.211623 0.492493 -0.099661
v 0.214966 0.530834 -0.103004
v 0.195423 0.555000 -0.098819
v 0.174035 0.582129 -0.056146
v 0.216254 0.555000 -0.139544
v 0.226669 0.330000 -0.185292
v 0.226669 0.370000 -0.185292
v 0.226669 0.410000 -0.185292
v 0.226669 0.450000 -0.185292
v 0.226669 0.490000 -0.185292
v 0.226744 0.528392 -0.185217
v 0.218248 0.555000 -0.178328
v 0.210062 0.330000 -0.201900
v 0.210078 0.369981 -0.201884
v 0.210125 0.409962 -0.201836
v 0.210164 0.449992 -0.201797
v 0.210145 0.490031 -0.201817
v 0.209846 0.528890 -0.202003
v 0.207087 0.553471 -0.202742
v 0.255494 0.589940 -0.040230
v 0.257893 0.612325 -0.053983
v 0.232721 0.330000 -0.122835
v 0.232721 0.370000 -0.122835
v 0.232721 0.410000 -0.122835
v 0.232709 0.450035 -0.122789
v 0.232656 0.490141 -0.122593
v 0.232584 0.529403 -0.122322
v 0.232476 0.546565 -0.121921
v 0.237496 0.330000 -0.140654
v 0.237496 0.370000 -0.140654
v 0.237496 0.410000 -0.140654
v 0.237496 0.450000 -0.140654
v 0.237496 0.490000 -0.140654
v 0.237480 0.529435 -0.140596
v 0.237351 0.549437 -0.140114
v 0.235216 0.330000 -0.167854
v 0.235216 0.370000 -0.167854
v 0.235216 0.410000 -0.167854
v 0.235216 0.450000 -0.167854
v 0.235216 0.490000 -0.167854
v 0.235364 0.528678 -0.167301
v 0.236096 0.548130 -0.164569
v 0.281103 0.596157 -0.035042
v 0.296650 0.613157 -0.043879
v 0.018848 0.771279 -0.059100
v 0.018730 0.765923 -0.098367
v 0.018827 0.759062 -0.137767
v 0.036256 0.739178 -0.195700
v 0.022356 0.747176 -0.181124
v 0.021951 0.734486 -0.214356
v 0.012257 0.741267 -0.200900
v 0.018614 0.715575 -0.254998
v 0.018520 0.687220 -0.295843
v 0.018538 0.702656 -0.276227
v 0.018116 0.646126 -0.330265
v 0.018397 0.668304 -0.316104
v 0.056801 0.762326 -0.059158
v 0.056672 0.756944 -0.098488
v 0.071306 0.738782 -0.151888
v 0.058573 0.748509 -0.138775
v 0.057810 0.736597 -0.180707
v 0.047107 0.744395 -0.170548
v 0.056234 0.724012 -0.216311
v 0.061917 0.694305 -0.262955
v 0.051980 0.706946 -0.251934
v 0.065112 0.646339 -0.305967
v 0.050690 0.680814 -0.290383
v 0.036412 0.700890 -0.273464
v 0.047064 0.647100 -0.320504
v 0.037416 0.664768 -0.312841
v 0.104997 0.735294 -0.059007
v 0.086585 0.748459 -0.059148
v 0.100981 0.731986 -0.098357
v 0.082458 0.745615 -0.098493
v 0.092670 0.730054 -0.138870
v 0.077944 0.742455 -0.126109
v 0.108197 0.698386 -0.187434
v 0.095279 0.714845 -0.175534
v 0.110340 0.663511 -0.233919
v 0.102594 0.685118 -0.219379
v 0.082044 0.708651 -0.216204
v 0.104957 0.649767 -0.256331
v 0.085249 0.683135 -0.252415
v 0.074869 0.702609 -0.236501
v 0.084320 0.646285 -0.286429
v 0.077405 0.668299 -0.277990
v 0.143692 0.692133 -0.057292
v 0.125678 0.715724 -0.058681
v 0.141765 0.688101 -0.097885
v 0.121907 0.713018 -0.098215
v 0.146427 0.655100 -0.144397
v 0.136890 0.680806 -0.133984
v 0.116615 0.707801 -0.137616
v 0.142427 0.643994 -0.174757
v 0.122893 0.686379 -0.175964
v 0.113525 0.704459 -0.161679
v 0.123405 0.649784 -0.219421
v 0.116710 0.673329 -0.208750
v 0.115277 0.639689 -0.244232
v 0.172315 0.636076 -0.046726
v 0.161001 0.657982 -0.042982
v 0.160998 0.644598 -0.094293
v 0.153244 0.668411 -0.096786
v 0.152893 0.644168 -0.133445
v 0.149778 0.665187 -0.117927
v 0.149890 0.629598 -0.160416
v 0.218869 0.646604 -0.053274
v 0.220316 0.668407 -0.037711
v 0.260165 0.648538 -0.057480
v 0.265706 0.684840 -0.042000
v 0.282799 0.702172 -0.033516
v 0.299745 0.650586 -0.058535
v 0.301103 0.687618 -0.052626
v 0.303238 0.707795 -0.037057
v -0.001977 0.592785 -0.347953
v -0.002038 0.589380 -0.347262
v 0.007294 0.589459 -0.567554
v 0.018231 0.612581 -0.560005
v 0.009580 0.507455 -0.606469
v 0.019561 0.531290 -0.598305
v 0.018017 0.575069 -0.577434
v 0.029736 0.598477 -0.569984
v 0.011529 0.425441 -0.645289
v 0.020698 0.450053 -0.636523
v 0.019315 0.493887 -0.615674
v 0.031269 0.516732 -0.609580
v 0.017673 0.345037 -0.684598
v 0.017720 0.373835 -0.671183
v 0.020395 0.412595 -0.653900
v 0.032529 0.435020 -0.649074
v 0.031918 0.624118 -0.670655
v 0.035914 0.624778 -0.564323
v 0.036468 0.542593 -0.603257
v 0.041261 0.572755 -0.594481
v 0.045541 0.610751 -0.581485
v 0.037014 0.460497 -0.642142
v 0.042075 0.492641 -0.632736
v 0.046531 0.529350 -0.620536
v 0.055518 0.570765 -0.621860
v 0.059552 0.610067 -0.620147
v 0.033353 0.353194 -0.688139
v 0.036810 0.373241 -0.682605
v 0.042946 0.412529 -0.671055
v 0.047565 0.448001 -0.659610
v 0.056118 0.490687 -0.661673
v 0.059850 0.529978 -0.659953
v 0.055818 0.569273 -0.658232
v 0.047046 0.611326 -0.659928
v -0.004257 0.833215 -0.452991
v -0.006456 0.821998 -0.458871
v 0.001846 0.753312 -0.489537
v 0.015065 0.775188 -0.483245
v 0.012395 0.816571 -0.463158
v 0.016385 0.846596 -0.457883
v 0.018949 0.860397 -0.487479
v 0.004678 0.671437 -0.528553
v 0.016706 0.693904 -0.521633
v 0.014951 0.737349 -0.500855
v 0.024916 0.762618 -0.492018
v 0.018748 0.867874 -0.503512
v 0.016547 0.656222 -0.539158
v 0.027432 0.680577 -0.531019
v 0.019243 0.884757 -0.539717
v 0.017395 0.816542 -0.586769
v 0.017671 0.845944 -0.572977
v 0.018136 0.872926 -0.560258
v 0.017511 0.733753 -0.625340
v 0.017716 0.766103 -0.610194
v 0.017627 0.796394 -0.596096
v 0.019857 0.646789 -0.665198
v 0.017757 0.686156 -0.647462
v 0.017723 0.713566 -0.634691
v 0.034744 0.789214 -0.486354
v 0.038727 0.811332 -0.480435
v 0.047294 0.850975 -0.471402
v 0.034000 0.860618 -0.487952
v 0.035343 0.707015 -0.525345
v 0.039610 0.732969 -0.517951
v 0.043623 0.773585 -0.503439
v 0.053703 0.810350 -0.502666
v 0.057591 0.849639 -0.500355
v 0.039982 0.867373 -0.502438
v 0.040446 0.652862 -0.556227
v 0.044582 0.692180 -0.542457
v 0.054333 0.730990 -0.542267
v 0.058401 0.770267 -0.540704
v 0.057562 0.809294 -0.539128
v 0.053257 0.848041 -0.538789
v 0.044934 0.874431 -0.539571
v 0.054940 0.650915 -0.582106
v 0.058979 0.690162 -0.580438
v 0.057008 0.729463 -0.578637
v 0.052793 0.768934 -0.577587
v 0.042224 0.804490 -0.575175
v 0.038238 0.846505 -0.559981
v 0.034609 0.865895 -0.554943
v 0.056410 0.649425 -0.618420
v 0.052118 0.688953 -0.617661
v 0.041169 0.723295 -0.614201
v 0.037341 0.766819 -0.598129
v 0.033726 0.787740 -0.592362
v 0.042540 0.647410 -0.648074
v 0.036305 0.686718 -0.636624
v 0.032985 0.705910 -0.631338
v -0.001104 0.237279 -0.729948
v 0.013470 0.256561 -0.724612
v 0.017631 0.293822 -0.708468
v 0.015279 0.222881 -0.740852
v 0.022407 0.245451 -0.732436
v 0.018736 0.223893 -0.778832
v 0.018392 0.235533 -0.803793
v 0.018666 0.245341 -0.824828
v 0.023586 0.296396 -0.827487
v 0.019864 0.260443 -0.845353
v 0.014627 0.285740 -0.835105
v 0.034139 0.271176 -0.727251
v 0.037866 0.293149 -0.721118
v 0.041284 0.228415 -0.755074
v 0.042655 0.255620 -0.743902
v 0.053114 0.291142 -0.742352
v 0.047864 0.224357 -0.779828
v 0.057713 0.251455 -0.779797
v 0.058124 0.290125 -0.778906
v 0.040548 0.234562 -0.801711
v 0.052303 0.250789 -0.821221
v 0.042896 0.286509 -0.815972
v 0.035061 0.268485 -0.833021
v 0.034367 0.271919 -0.832185
v 0.017454 0.324864 -0.693940
v 0.030570 0.542419 -0.710239
v 0.018692 0.565519 -0.703440
v 0.020145 0.609329 -0.682581
v 0.028612 0.460469 -0.749493
v 0.017301 0.484349 -0.741701
v 0.018930 0.528077 -0.720829
v 0.008491 0.551555 -0.712967
v 0.026199 0.378393 -0.788479
v 0.015762 0.403213 -0.779990
v 0.017486 0.446756 -0.759177
v 0.006018 0.469539 -0.751943
v 0.014115 0.322091 -0.818305
v 0.015898 0.365447 -0.797561
v 0.003285 0.387613 -0.790954
v 0.000371 0.305790 -0.829970
v 0.041706 0.336107 -0.705323
v 0.052457 0.371066 -0.702377
v 0.056705 0.410519 -0.701473
v 0.059257 0.449884 -0.699746
v 0.055216 0.489197 -0.698051
v 0.046029 0.529957 -0.698993
v 0.041667 0.567300 -0.686393
v 0.036744 0.598455 -0.677297
v 0.057297 0.330481 -0.741232
v 0.058690 0.369787 -0.739430
v 0.054638 0.409046 -0.737807
v 0.045060 0.448534 -0.738031
v 0.040855 0.487191 -0.724644
v 0.036193 0.516328 -0.716202
v 0.054024 0.328979 -0.777671
v 0.044104 0.367113 -0.777053
v 0.040031 0.407086 -0.762907
v 0.035631 0.434104 -0.755163
v 0.039182 0.326975 -0.801200
v 0.035048 0.351877 -0.794150
v 0.010581 0.633547 -0.674116
v 0.337059 0.627523 0.039821
v 0.317147 0.599292 0.002571
v 0.332932 0.610433 0.015360
v 0.317147 0.599292 -0.002571
v 0.332932 0.610433 -0.015360
v 0.363544 0.635092 0.035488
v 0.376425 0.631229 0.017100
v 0.376425 0.631229 -0.017100
v 0.399048 0.638306 0.005355
v 0.399048 0.638306 -0.005355
v 0.339028 0.652232 0.054486
v 0.340490 0.688583 0.056852
v 0.342497 0.719386 0.043144
v 0.342287 0.736553 0.020654
v 0.354932 0.745013 0.011986
v 0.342287 0.736553 -0.020654
v 0.354932 0.745013 -0.011986
v 0.378176 0.652213 0.044821
v 0.379860 0.690310 0.059109
v 0.377665 0.730622 0.047823
v 0.389973 0.748142 0.037146
v 0.389945 0.640764 0.028029
v 0.364584 0.741074 0.032822
v 0.379743 0.753928 0.020965
v 0.389945 0.640764 -0.028029
v 0.364584 0.741074 -0.032822
v 0.379743 0.753928 -0.020965
v 0.417164 0.665792 0.040651
v 0.419180 0.691992 0.055065
v 0.420667 0.728375 0.056268
v 0.422611 0.757696 0.042280
v 0.414063 0.648729 0.016928
v 0.423585 0.774772 0.019609
v 0.436955 0.783822 0.010088
v 0.414063 0.648729 -0.016928
v 0.423585 0.774772 -0.019609
v 0.436955 0.783822 -0.010088
v 0.445777 0.674062 0.036054
v 0.459604 0.691246 0.045784
v 0.459956 0.730096 0.059701
v 0.459012 0.769696 0.046788
v 0.472068 0.787019 0.036607
v 0.457751 0.669592 0.018589
v 0.471996 0.679827 0.030198
v 0.446309 0.780533 0.031599
v 0.460980 0.792137 0.019858
v 0.457751 0.669592 -0.018589
v 0.471996 0.679827 -0.030198
v 0.446308 0.780533 -0.031599
v 0.460980 0.792137 -0.019858
v 0.497272 0.704044 0.041464
v 0.499254 0.731815 0.055668
v 0.500746 0.768185 0.055668
v 0.502728 0.795956 0.041464
v 0.481052 0.677299 0.007905
v 0.495225 0.686999 0.018361
v 0.504775 0.813001 0.018361
v 0.518948 0.822701 0.007905
v 0.481052 0.677299 -0.007905
v 0.495225 0.686999 -0.018361
v 0.504775 0.813001 -0.018361
v 0.518948 0.822701 -0.007905
v 0.527932 0.712981 0.036607
v 0.540988 0.730304 0.046788
v 0.540044 0.769904 0.059701
v 0.540396 0.808754 0.045784
v 0.554223 0.825938 0.036054
v 0.539020 0.707863 0.019858
v 0.553691 0.719467 0.031599
v 0.528004 0.820173 0.030198
v 0.542249 0.830408 0.018589
v 0.539020 0.707863 -0.019858
v 0.553692 0.719467 -0.031599
v 0.528004 0.820173 -0.030198
v 0.542249 0.830408 -0.018589
v 0.577389 0.742304 0.042280
v 0.579333 0.771625 0.056268
v 0.580820 0.808008 0.055065
v 0.582836 0.834208 0.040651
v 0.563045 0.716178 0.010088
v 0.576415 0.725228 0.019609
v 0.585937 0.851271 0.016928
v 0.600952 0.861694 0.005355
v 0.563045 0.716178 -0.010088
v 0.576415 0.725228 -0.019609
v 0.585937 0.851271 -0.016928
v 0.600952 0.861694 -0.005355
v 0.610027 0.751858 0.037146
v 0.622335 0.769378 0.047823
v 0.620140 0.809690 0.059109
v 0.621824 0.847787 0.044821
v 0.636456 0.864908 0.035488
v 0.620257 0.746072 0.020965
v 0.635416 0.758926 0.032822
v 0.610055 0.859236 0.028029
v 0.623575 0.868771 0.017100
v 0.620257 0.746072 -0.020965
v 0.635416 0.758926 -0.032822
v 0.610055 0.859236 -0.028029
v 0.623575 0.868771 -0.017100
v 0.337059 0.627523 -0.039821
v 0.363544 0.635092 -0.035488
v 0.339028 0.652232 -0.054486
v 0.340490 0.688583 -0.056852
v 0.342497 0.719386 -0.043143
v 0.378176 0.652213 -0.044821
v 0.379860 0.690310 -0.059109
v 0.377665 0.730622 -0.047823
v 0.389973 0.748142 -0.037146
v 0.417164 0.665792 -0.040651
v 0.419180 0.691992 -0.055065
v 0.420667 0.728375 -0.056268
v 0.422611 0.757696 -0.042280
v 0.445777 0.674062 -0.036054
v 0.459604 0.691245 -0.045784
v 0.459956 0.730096 -0.059701
v 0.459012 0.769696 -0.046788
v 0.472068 0.787019 -0.036607
v 0.497272 0.704044 -0.041464
v 0.499254 0.731815 -0.055668
v 0.500746 0.768185 -0.055668
v 0.502728 0.795956 -0.041464
v 0.527932 0.712981 -0.036607
v 0.540988 0.730304 -0.046788
v 0.540044 0.769904 -0.059701
v 0.540396 0.808754 -0.045784
v 0.554223 0.825938 -0.036054
v 0.577389 0.742304 -0.042280
v 0.579333 0.771625 -0.056268
v 0.580820 0.808008 -0.055065
v 0.582836 0.834208 -0.040651
v 0.610027 0.751858 -0.037146
v 0.622335 0.769378 -0.047823
v 0.620140 0.809690 -0.059109
v 0.621824 0.847787 -0.044821
v 0.636456 0.864908 -0.035488
v 0.657503 0.780614 0.043144
v 0.659510 0.811417 0.056852
v 0.660972 0.847768 0.054486
v 0.662941 0.872477 0.039821
v 0.645068 0.754987 0.011986
v 0.657713 0.763446 0.020654
v 0.667068 0.889567 0.015360
v 0.682853 0.900708 0.002571
v 0.645068 0.754987 -0.011986
v 0.657713 0.763447 -0.020654
v 0.667068 0.889567 -0.015360
v 0.682853 0.900708 -0.002571
v 0.696782 0.792221 0.037063
v 0.698927 0.812391 0.052625
v 0.700240 0.849363 0.058545
v 0.703238 0.886807 0.043864
v 0.718671 0.903898 0.034897
v 0.696171 0.780507 0.017702
v 0.692115 0.898230 0.025563
v 0.704872 0.907158 0.015485
v 0.696171 0.780507 -0.017702
v 0.692115 0.898230 -0.025563
v 0.704872 0.907158 -0.015485
v 0.717268 0.797886 0.033539
v 0.734199 0.815084 0.041971
v 0.739547 0.851165 0.057441
v 0.741034 0.887644 0.053869
v 0.743054 0.910780 0.038965
v 0.725675 0.794249 0.017649
v 0.745835 0.803584 0.017425
v 0.748189 0.927888 0.013689
v 0.725675 0.794249 -0.017649
v 0.745835 0.803584 -0.017425
v 0.748189 0.927888 -0.013689
v 0.776888 0.830733 0.038112
v 0.778936 0.852414 0.053284
v 0.780349 0.889088 0.057970
v 0.784599 0.925816 0.042895
v 0.776182 0.817789 0.017610
v 0.774088 0.937240 0.022905
v 0.776182 0.817789 -0.017610
v 0.774088 0.937240 -0.022905
v 0.799350 0.837011 0.034309
v 0.815281 0.853893 0.042877
v 0.818793 0.890449 0.058007
v 0.819901 0.927502 0.053120
v 0.814058 0.834381 0.013991
v 0.826038 0.842671 0.023134
v 0.814058 0.834381 -0.013991
v 0.826038 0.842671 -0.023134
v 0.856004 0.868068 0.038514
v 0.865127 0.894143 0.053657
v 0.856855 0.931202 0.055483
v 0.835392 0.840239 -0.000155
v 0.851485 0.851855 0.014062
v 0.868926 0.905316 0.017018
v 0.859733 0.925032 0.017564
v 0.835392 0.840239 0.000155
v 0.851485 0.851855 -0.014062
v 0.868926 0.905316 -0.017018
v 0.859733 0.925032 -0.017564
v 0.873931 0.872607 0.035051
v 0.879410 0.882833 0.040074
v 0.880266 0.866699 0.018878
v 0.877048 0.887899 0.018290
v 0.880266 0.866699 -0.018877
v 0.877048 0.887899 -0.018290
v 0.657503 0.780614 -0.043143
v 0.659510 0.811417 -0.056852
v 0.660972 0.847768 -0.054486
v 0.662941 0.872477 -0.039821
v 0.696782 0.792221 -0.037063
v 0.698927 0.812391 -0.052625
v 0.700240 0.849363 -0.058545
v 0.703237 0.886807 -0.043864
v 0.718671 0.903898 -0.034897
v 0.717268 0.797886 -0.033539
v 0.734199 0.815084 -0.041971
v 0.739547 0.851165 -0.057441
v 0.741034 0.887644 -0.053869
v 0.743054 0.910780 -0.038965
v 0.776888 0.830733 -0.038112
v 0.778936 0.852414 -0.053284
v 0.780349 0.889088 -0.057970
v 0.784598 0.925816 -0.042895
v 0.799350 0.837011 -0.034309
v 0.815282 0.853893 -0.042877
v 0.818793 0.890449 -0.058007
v 0.819901 0.927502 -0.053120
v 0.856004 0.868068 -0.038514
v 0.865127 0.894143 -0.053657
v 0.856855 0.931202 -0.055483
v 0.873931 0.872606 -0.035051
v 0.879410 0.882833 -0.040073
v 0.026334 1.017381 0.573666
v 0.017608 1.044758 0.582392
v 0.003879 1.087831 0.596121
v 0.000889 1.110889 0.599111
v 0.015948 0.962401 0.540060
v 0.015762 1.004760 0.559778
v 0.002425 1.027749 0.566933
v 0.003298 0.946582 0.529289
v 0.015833 0.965010 0.401357
v 0.003059 0.984866 0.391632
v 0.026200 0.979278 0.387975
v 0.015969 1.000117 0.376730
v 0.018344 1.024758 0.358700
v 0.019740 1.032793 0.340188
v 0.019915 1.007797 0.304490
v 0.019701 1.020348 0.322414
v 0.059929 0.962420 0.584048
v 0.040222 1.004760 0.584238
v 0.033067 1.027749 0.597575
v 0.042905 0.965392 0.557095
v 0.035235 0.989456 0.564765
v 0.044040 0.954358 0.399589
v 0.058428 0.969541 0.376720
v 0.046323 1.005605 0.362959
v 0.036824 1.021510 0.354929
v 0.070548 0.983410 0.352213
v 0.064483 1.005311 0.344281
v 0.056207 1.029631 0.335671
v 0.058559 1.008288 0.305191
v 0.058924 1.020533 0.322678
v 0.070650 0.946709 0.596693
v 0.076397 0.958025 0.362847
v 0.086661 0.971036 0.341013
v 0.078438 1.006541 0.326384
v 0.068885 1.015831 0.315964
v 0.096097 0.967852 0.300250
v 0.087055 1.007704 0.304356
v 0.073296 1.020376 0.322454
v 0.019918 0.973860 0.256023
v 0.019970 0.987814 0.275951
v 0.019220 0.954725 0.228695
v 0.057855 0.974034 0.256271
v 0.058247 0.988001 0.276218
v 0.056797 0.956604 0.231379
v 0.095464 0.971839 0.259011
v 0.081762 0.988774 0.277322
v 0.084518 0.957410 0.232530
v 0.764741 0.939535 -0.000400
v 0.764741 0.939535 0.000400
v 0.800706 0.942757 0.034348
v 0.785867 0.945393 0.013907
v 0.785867 0.945393 -0.013907
v 0.821037 0.947974 0.038212
v 0.820887 0.960408 0.018354
v 0.820887 0.960408 -0.018354
v 0.844046 0.953422 0.042998
v 0.845217 0.956161 0.018419
v 0.845217 0.956161 -0.018419
v 0.800706 0.942757 -0.034348
v 0.821037 0.947974 -0.038212
v 0.844046 0.953422 -0.042998
vn 0.0178 -0.9144 -0.4043
vn -0.5173 -0.8553 0.0286
vn -0.8806 0.4109 0.2360
vn 0.1174 -0.9328 -0.3407
vn 0.3407 -0.9328 -0.1174
vn -0.0000 -1.0000 -0.0000
vn -0.6812 0.4692 0.5620
vn -0.6507 0.4214 0.6317
vn -0.8524 0.4056 0.3301
vn -0.6640 0.4011 0.6311
vn -0.8484 0.4533 0.2732
vn -0.8807 0.4110 0.2353
vn -0.8830 0.3782 0.2781
vn 0.4043 -0.9144 -0.0178
vn -0.5620 0.4692 0.6812
vn -0.3301 0.4056 0.8524
vn -0.6317 0.4214 0.6507
vn -0.6311 0.4011 0.6640
vn -0.6446 0.4109 0.6446
vn -0.6182 0.4225 0.6628
vn -0.6628 0.4225 0.6182
vn -0.7708 0.4822 0.4163
vn -0.0320 -0.8519 0.5227
vn -0.2360 0.4109 0.8806
vn -0.2353 0.4110 0.8807
vn -0.2732 0.4533 0.8484
vn -0.2781 0.3782 0.8830
vn -0.4163 0.4822 0.7708
vn -0.0565 0.2227 0.9732
vn -0.7652 0.4284 0.4805
vn -0.7913 0.3827 0.4768
vn -0.4805 0.4284 0.7652
vn -0.4768 0.3827 0.7913
vn -0.4135 0.4336 0.8006
vn -0.8006 0.4336 0.4135
vn -0.9907 -0.0862 0.1056
vn -0.9887 0.1501 -0.0000
vn -0.2964 -0.5521 0.7793
vn -0.3283 -0.8233 0.4630
vn -0.8113 0.5578 0.1750
vn -0.9518 0.2884 0.1046
vn -0.5853 -0.8108 -0.0000
vn -0.4584 -0.8888 -0.0000
vn -0.9063 0.4226 -0.0000
vn -0.1810 -0.4574 0.8707
vn -0.0200 0.0432 0.9989
vn -0.3768 -0.7749 0.5075
vn -0.4086 -0.8762 0.2556
vn -0.3761 -0.7625 0.5264
vn -0.2648 -0.9643 -0.0000
vn -0.4086 -0.8762 -0.2556
vn -0.2623 -0.5916 0.7624
vn -0.1423 -0.2675 0.9530
vn 0.1436 0.2682 0.9526
vn -0.3652 -0.8212 0.4385
vn -0.4012 -0.9160 -0.0000
vn -0.1825 -0.4789 0.8587
vn -0.0012 -0.0153 0.9999
vn 0.1794 0.4555 0.8720
vn -0.4301 -0.7546 0.4956
vn -0.3471 -0.7864 0.5109
vn 0.3781 0.7623 0.5254
vn -0.4202 -0.9074 -0.0000
vn -0.4240 -0.9057 -0.0000
vn -0.2796 -0.6157 0.7367
vn -0.1661 -0.2910 0.9422
vn 0.1194 0.2448 0.9622
vn 0.2480 0.5717 0.7821
vn -0.3524 -0.8270 0.4381
vn 0.3514 0.7703 0.5321
vn 0.3511 0.8244 0.4439
vn -0.4222 -0.9065 -0.0000
vn 0.4317 0.9020 -0.0000
vn -0.1906 -0.5005 0.8445
vn -0.0037 -0.0486 0.9988
vn 0.1765 0.4318 0.8846
vn -0.3469 -0.7735 0.5305
vn 0.3812 0.7392 0.5552
vn 0.4082 0.8754 0.2588
vn -0.5560 -0.8312 -0.0000
vn -0.4055 -0.9141 -0.0000
vn 0.5767 0.8170 -0.0000
vn 0.4082 0.8754 -0.2588
vn 0.2811 0.9597 -0.0000
vn -0.9907 -0.0862 -0.1056
vn -0.3283 -0.8233 -0.4630
vn -0.2964 -0.5521 -0.7793
vn -0.8113 0.5578 -0.1750
vn -0.9518 0.2884 -0.1046
vn -0.3768 -0.7749 -0.5075
vn -0.3761 -0.7625 -0.5264
vn -0.1810 -0.4574 -0.8707
vn -0.0200 0.0432 -0.9989
vn -0.3652 -0.8212 -0.4385
vn -0.2623 -0.5916 -0.7624
vn -0.1423 -0.2675 -0.9530
vn 0.1436 0.2682 -0.9526
vn -0.4301 -0.7546 -0.4956
vn -0.3471 -0.7864 -0.5109
vn -0.1825 -0.4789 -0.8587
vn -0.0012 -0.0153 -0.9999
vn 0.1794 0.4555 -0.8720
vn 0.3781 0.7623 -0.5254
vn -0.3524 -0.8270 -0.4381
vn -0.2796 -0.6157 -0.7367
vn -0.1661 -0.2910 -0.9422
vn 0.1194 0.2448 -0.9622
vn 0.3514 0.7703 -0.5321
vn 0.2480 0.5717 -0.7821
vn 0.3511 0.8244 -0.4438
vn -0.3469 -0.7735 -0.5305
vn -0.1906 -0.5005 -0.8445
vn -0.0037 -0.0486 -0.9988
vn 0.1765 0.4318 -0.8846
vn 0.3812 0.7392 -0.5552
vn -0.2986 -0.9544 -0.0000
vn -0.3468 -0.8127 0.4682
vn -0.5767 -0.8170 -0.0000
vn -0.4314 -0.9022 -0.0000
vn -0.1439 -0.3278 0.9337
vn 0.0964 0.2212 0.9705
vn 0.2342 0.5520 0.8003
vn -0.3072 -0.7304 0.6100
vn -0.3973 -0.8504 0.3448
vn -0.3717 -0.6796 0.6324
vn 0.3220 0.7645 0.5584
vn 0.3468 0.8127 0.4682
vn -0.3381 -0.9411 -0.0000
vn -0.3973 -0.8504 -0.3448
vn 0.4314 0.9022 -0.0000
vn -0.1996 -0.5034 0.8407
vn -0.0520 -0.1297 0.9902
vn 0.1738 0.4097 0.8955
vn -0.3346 -0.7752 0.5358
vn 0.3852 0.7139 0.5848
vn -0.5605 -0.8281 -0.0000
vn -0.4294 -0.9031 -0.0000
vn 0.5703 0.8215 -0.0000
vn 0.2986 0.9544 -0.0000
vn -0.1618 -0.3608 0.9185
vn 0.0741 0.1982 0.9773
vn 0.2222 0.5348 0.8152
vn -0.3031 -0.7429 0.5969
vn -0.4025 -0.8624 0.3069
vn -0.3793 -0.6847 0.6223
vn 0.2965 0.7569 0.5824
vn 0.3425 0.8003 0.4922
vn -0.3271 -0.9450 -0.0000
vn -0.4025 -0.8624 -0.3069
vn 0.4309 0.9024 -0.0000
vn -0.2105 -0.5184 0.8288
vn -0.0593 -0.1677 0.9841
vn 0.1715 0.3882 0.9055
vn -0.3385 -0.7876 0.5148
vn 0.3883 0.6897 0.6112
vn 0.4076 0.8740 0.2647
vn -0.5648 -0.8252 -0.0000
vn -0.4301 -0.9028 -0.0000
vn 0.5648 0.8252 -0.0000
vn 0.4076 0.8740 -0.2647
vn 0.3140 0.9494 -0.0000
vn -0.1715 -0.3882 0.9055
vn 0.0593 0.1677 0.9841
vn 0.2105 0.5184 0.8288
vn -0.2965 -0.7569 0.5824
vn -0.4076 -0.8740 0.2647
vn -0.3883 -0.6897 0.6112
vn 0.3031 0.7429 0.5969
vn 0.3385 0.7876 0.5148
vn -0.3140 -0.9494 -0.0000
vn -0.4076 -0.8740 -0.2647
vn 0.4301 0.9028 -0.0000
vn -0.2222 -0.5348 0.8152
vn -0.0741 -0.1982 0.9773
vn 0.1618 0.3608 0.9185
vn -0.3425 -0.8003 0.4922
vn 0.3793 0.6847 0.6223
vn 0.4025 0.8624 0.3069
vn -0.5703 -0.8215 -0.0000
vn -0.4309 -0.9024 -0.0000
vn 0.5605 0.8281 -0.0000
vn 0.4025 0.8624 -0.3069
vn 0.3271 0.9450 -0.0000
vn -0.1738 -0.4097 0.8955
vn 0.0520 0.1297 0.9902
vn 0.1996 0.5034 0.8407
vn -0.3220 -0.7645 0.5584
vn -0.4082 -0.8754 0.2588
vn -0.3852 -0.7139 0.5848
vn 0.3072 0.7304 0.6100
vn 0.3346 0.7752 0.5358
vn -0.4082 -0.8754 -0.2588
vn 0.4294 0.9031 -0.0000
vn -0.2342 -0.5520 0.8003
vn -0.0964 -0.2212 0.9705
vn 0.1439 0.3278 0.9337
vn 0.3717 0.6796 0.6324
vn 0.3973 0.8504 0.3448
vn 0.5560 0.8312 -0.0000
vn 0.3973 0.8504 -0.3448
vn 0.3381 0.9411 -0.0000
vn -0.3468 -0.8127 -0.4682
vn -0.3072 -0.7304 -0.6100
vn -0.3717 -0.6796 -0.6324
vn -0.1439 -0.3278 -0.9337
vn 0.0964 0.2212 -0.9705
vn 0.3220 0.7645 -0.5584
vn 0.2342 0.5520 -0.8003
vn 0.3468 0.8127 -0.4682
vn -0.3346 -0.7752 -0.5358
vn -0.1996 -0.5034 -0.8407
vn -0.0520 -0.1297 -0.9902
vn 0.1738 0.4097 -0.8955
vn 0.3852 0.7139 -0.5848
vn -0.3031 -0.7429 -0.5969
vn -0.3793 -0.6847 -0.6223
vn -0.1618 -0.3608 -0.9185
vn 0.0741 0.1982 -0.9773
vn 0.2965 0.7569 -0.5824
vn 0.2222 0.5348 -0.8152
vn 0.3425 0.8003 -0.4922
vn -0.3385 -0.7876 -0.5148
vn -0.2105 -0.5184 -0.8288
vn -0.0593 -0.1677 -0.9841
vn 0.1715 0.3882 -0.9055
vn 0.3883 0.6897 -0.6112
vn -0.2965 -0.7569 -0.5824
vn -0.3883 -0.6897 -0.6112
vn -0.1715 -0.3882 -0.9055
vn 0.0593 0.1677 -0.9841
vn 0.3031 0.7429 -0.5969
vn 0.2105 0.5184 -0.8288
vn 0.3385 0.7876 -0.5148
vn -0.3425 -0.8003 -0.4922
vn -0.2222 -0.5348 -0.8152
vn -0.0741 -0.1982 -0.9773
vn 0.1618 0.3608 -0.9185
vn 0.3793 0.6847 -0.6223
vn -0.3220 -0.7645 -0.5584
vn -0.3852 -0.7139 -0.5848
vn -0.1738 -0.4097 -0.8955
vn 0.0520 0.1297 -0.9902
vn 0.3072 0.7304 -0.6100
vn 0.1996 0.5034 -0.8407
vn 0.3346 0.7752 -0.5358
vn -0.2342 -0.5520 -0.8003
vn -0.0964 -0.2212 -0.9705
vn 0.1439 0.3278 -0.9337
vn 0.3717 0.6796 -0.6324
vn -0.9024 -0.2963 -0.3129
vn -0.7535 -0.0859 0.6519
vn -0.0000 -0.8192 0.5736
vn -0.1632 -0.7043 0.6909
vn -0.1419 -0.8744 0.4641
vn -0.1933 -0.9731 0.1255
vn -0.7071 -0.4056 -0.5792
vn -0.6187 -0.4661 -0.6324
vn -0.6619 -0.0835 0.7449
vn -0.5485 -0.4309 0.7165
vn -0.6779 -0.3927 0.6215
vn -0.7044 -0.1610 0.6913
vn -0.7098 0.0923 0.6983
vn -0.1401 -0.8808 0.4524
vn -0.1062 -0.9798 0.1696
vn -0.3099 -0.7415 -0.5951
vn -0.2912 -0.5230 -0.8010
vn -0.1219 -0.5089 -0.8522
vn -0.2907 -0.3848 0.8760
vn -0.4645 -0.0245 0.8852
vn -0.3431 -0.0588 0.9374
vn -0.2776 -0.6610 0.6972
vn -0.2957 -0.6395 0.7096
vn -0.4815 -0.8763 -0.0135
vn -0.9193 0.3937 -0.0001
vn -0.9691 0.2466 -0.0002
vn -0.4108 -0.9110 -0.0368
vn -0.8806 0.4109 -0.2360
vn -0.0259 -0.8967 0.4419
vn -0.8807 0.4110 -0.2353
vn -0.8159 0.5781 -0.0001
vn -0.9025 0.4308 -0.0000
vn -0.8408 -0.3635 0.4011
vn -0.8946 0.2585 0.3646
vn -0.8515 0.4054 -0.3325
vn -0.8481 0.4537 -0.2738
vn -0.8830 0.3779 -0.2785
vn -0.9722 -0.1492 0.1806
vn -0.9706 0.1352 0.1993
vn -0.9148 0.2450 0.3210
vn -0.9523 0.3045 0.0209
vn 0.1333 -0.7734 0.6198
vn -0.1980 -0.9451 -0.2600
vn -0.6810 0.4699 -0.5616
vn -0.6500 0.4220 -0.6320
vn -0.6634 0.4007 -0.6319
vn -0.9470 -0.1907 -0.2586
vn -0.9952 -0.0309 -0.0926
vn -0.9897 0.0670 0.1265
vn -0.8761 0.3097 0.3695
vn -0.9205 -0.3063 0.2424
vn -0.8576 -0.2794 -0.4319
vn -0.9331 -0.2302 -0.2762
vn -0.9828 -0.0956 -0.1581
vn -0.9981 0.0067 0.0614
vn -0.9489 0.1905 0.2516
vn -0.8989 0.2360 0.3693
vn -0.7981 0.3339 0.5016
vn -0.9056 -0.2214 -0.3618
vn -0.9536 -0.1787 -0.2422
vn -0.9976 -0.0084 -0.0694
vn -0.9857 0.0836 0.1463
vn -0.9288 0.2300 0.2905
vn -0.8659 0.2625 0.4259
vn -0.8727 -0.2551 -0.4163
vn -0.9330 -0.2215 -0.2836
vn -0.9880 -0.0738 -0.1356
vn -0.9965 0.0203 0.0811
vn -0.9510 0.1846 0.2480
vn -0.8162 -0.3223 -0.4794
vn -0.9152 -0.2399 -0.3240
vn -0.9652 -0.1503 -0.2139
vn -0.9995 -0.0016 -0.0322
vn -0.1649 -0.7475 0.6434
vn -0.7934 0.2172 0.5686
vn -0.5706 0.2658 0.7770
vn -0.7071 0.4056 0.5792
vn -0.6293 0.4553 0.6298
vn -0.9130 0.2200 0.3437
vn -0.3694 0.2196 0.9029
vn -0.2510 -0.9418 0.2235
vn -0.6627 0.4224 -0.6184
vn -0.7706 0.4823 -0.4166
vn -0.6093 0.4254 -0.6692
vn -0.6074 0.4033 -0.6844
vn -0.6271 0.4113 -0.6615
vn -0.6091 0.4140 -0.6764
vn -0.4258 0.9042 -0.0331
vn -0.9626 0.2647 0.0580
vn -0.9792 0.2001 0.0344
vn -0.7063 0.4066 0.5796
vn -0.7171 -0.3955 -0.5739
vn -0.7063 0.4057 0.5801
vn -0.5568 0.4938 0.6680
vn -0.4972 -0.4627 -0.7340
vn -0.5730 -0.4860 -0.6599
vn -0.7164 -0.4036 -0.5691
vn -0.7284 -0.6566 -0.1958
vn -0.9278 -0.1474 -0.3427
vn -0.4399 0.3730 0.8169
vn -0.7067 0.2624 0.6571
vn -0.7821 -0.1826 0.5957
vn -0.5755 0.5029 0.6449
vn -0.9282 -0.2175 -0.3019
vn -0.3357 0.6060 0.7212
vn -0.3308 0.5009 0.7998
vn 0.1121 0.2392 0.9645
vn -0.2360 0.4109 -0.8806
vn -0.4148 0.4780 -0.7743
vn -0.0269 0.9991 0.0313
vn -0.2588 0.5540 0.7912
vn -0.3137 0.5815 0.7507
vn 0.2685 -0.9618 -0.0539
vn 0.2055 -0.6465 0.7347
vn -0.8933 0.2590 0.3674
vn -0.8101 0.4943 -0.3153
vn -0.4391 0.3396 -0.8318
vn -0.3695 0.8215 -0.4343
vn -0.9777 -0.1535 -0.1431
vn -0.3059 -0.3930 0.8671
vn -0.3480 -0.8995 0.2642
vn -0.4022 0.2920 -0.8678
vn -0.3656 -0.5295 -0.7655
vn -0.3514 -0.7703 0.5321
vn -0.3812 -0.7392 0.5552
vn -0.2810 -0.9597 -0.0001
vn -0.2479 -0.5706 0.7829
vn -0.3503 -0.8242 0.4450
vn -0.5781 -0.8160 -0.0018
vn -0.4307 -0.9025 -0.0016
vn -0.1802 -0.4404 0.8795
vn -0.3683 -0.7696 0.5216
vn -0.4094 -0.8780 0.2480
vn -0.3719 -0.7583 0.5354
vn -0.2657 -0.9640 -0.0099
vn -0.4085 -0.8763 -0.2552
vn -0.9714 -0.0447 0.2330
vn -0.9509 -0.2394 0.1961
vn -0.9787 -0.0467 0.2001
vn -0.9419 -0.3118 0.1246
vn -0.3451 -0.4167 0.8410
vn -0.9548 -0.0968 0.2812
vn -0.1178 -0.2452 0.9623
vn -0.7627 -0.5915 0.2616
vn -0.4356 -0.8189 0.3737
vn -0.6774 -0.7353 -0.0230
vn -0.3947 -0.9185 -0.0234
vn -0.8553 -0.3099 0.4152
vn -0.8929 -0.0614 0.4460
vn -0.7899 -0.5051 0.3477
vn -0.8930 -0.2993 0.3360
vn -0.9446 -0.0664 0.3213
vn -0.9630 -0.0467 0.2656
vn -0.8355 -0.5078 0.2099
vn -0.9221 -0.2954 0.2499
vn -0.9319 -0.2837 0.2261
vn -0.9545 -0.1724 0.2434
vn -0.8226 -0.5322 0.2004
vn -0.9061 -0.3698 0.2054
vn -0.7614 -0.6403 0.1020
vn -0.8248 -0.5531 0.1176
vn -0.8917 -0.4474 0.0690
vn -0.9125 -0.4031 0.0700
vn -0.7545 -0.6538 0.0579
vn -0.8486 -0.5265 0.0523
vn -0.7511 -0.6602 -0.0018
vn -0.8433 -0.5374 -0.0049
vn -0.7334 -0.3337 0.5922
vn -0.8390 -0.3162 0.4427
vn -0.7932 -0.0721 0.6047
vn -0.8930 -0.0615 0.4458
vn -0.7018 -0.6013 0.3819
vn -0.7329 -0.5681 0.3742
vn -0.8081 -0.4304 0.4021
vn -0.6192 -0.7252 0.3011
vn -0.6824 -0.6483 0.3377
vn -0.6105 -0.7481 0.2600
vn -0.6954 -0.6753 0.2458
vn -0.6127 -0.7708 0.1747
vn -0.6675 -0.7217 0.1832
vn -0.7269 -0.6613 0.1852
vn -0.6081 -0.7846 0.1212
vn -0.6304 -0.7748 0.0472
vn -0.6300 -0.7766 -0.0000
vn -0.5461 -0.6633 0.5117
vn -0.5341 -0.6522 0.5379
vn -0.6053 -0.5552 0.5704
vn -0.4354 -0.7976 0.4175
vn -0.4963 -0.7609 0.4180
vn -0.5143 -0.7530 0.4104
vn -0.4079 -0.8631 0.2977
vn -0.4419 -0.8659 0.2343
vn -0.3288 -0.9272 0.1794
vn -0.4682 -0.8669 0.1711
vn -0.3473 -0.9309 0.1129
vn -0.4751 -0.8673 0.1487
vn -0.3540 -0.9336 0.0563
vn -0.4638 -0.8840 0.0582
vn -0.3584 -0.9336 -0.0002
vn -0.4718 -0.8817 -0.0003
vn -0.2418 -0.7968 0.5538
vn -0.2474 -0.8300 0.4999
vn -0.2058 -0.9210 0.3308
vn -0.2411 -0.9117 0.3326
vn -0.2272 -0.9406 0.2523
vn -0.2429 -0.9347 0.2596
vn -0.1713 -0.9739 0.1492
vn -0.1942 -0.9746 0.1117
vn -0.2175 -0.9751 0.0428
vn -0.2142 -0.9768 -0.0000
vn -0.1765 -0.4319 0.8845
vn 0.0038 0.0485 0.9988
vn 0.1906 0.5005 0.8445
vn 0.3469 0.7735 0.5304
vn 0.4055 0.9141 -0.0000
vn -0.1196 -0.2450 0.9621
vn 0.1656 0.2906 0.9424
vn 0.2796 0.6157 0.7367
vn 0.4295 0.7548 0.4958
vn 0.3523 0.8273 0.4377
vn 0.4209 0.9071 -0.0000
vn 0.4222 0.9065 -0.0000
vn -0.0030 0.0237 0.9997
vn 0.1855 0.4822 0.8562
vn 0.3475 0.7878 0.5086
vn 0.4226 0.9063 -0.0000
vn -0.9667 0.1419 0.2131
vn -0.9681 0.1576 0.1949
vn -0.9380 0.2848 0.1976
vn -0.9367 0.2556 0.2394
vn 0.1302 0.2560 0.9579
vn -0.9235 0.3713 0.0959
vn 0.0922 0.3719 0.9237
vn 0.2854 0.9415 0.1794
vn 0.4063 0.9137 -0.0000
vn -0.8887 0.1981 0.4135
vn -0.9154 0.2143 0.3407
vn -0.9459 0.1525 0.2862
vn -0.8641 0.3898 0.3183
vn -0.9298 0.2817 0.2368
vn -0.8778 0.4091 0.2490
vn -0.8863 0.3842 0.2586
vn -0.7997 0.5703 0.1876
vn -0.8495 0.4830 0.2125
vn -0.7821 0.5892 0.2029
vn -0.8873 0.4573 0.0600
vn -0.7855 0.6095 0.1071
vn -0.8891 0.4459 0.1030
vn -0.7915 0.6075 0.0663
vn -0.8735 0.4868 -0.0000
vn -0.7885 0.6151 -0.0000
vn -0.7770 0.2407 0.5817
vn -0.8542 0.2043 0.4782
vn -0.7160 0.4638 0.5217
vn -0.8863 -0.2378 -0.3975
vn -0.9410 -0.2066 -0.2681
vn -0.8364 0.3544 0.4182
vn -0.7305 0.5162 0.4471
vn -0.7949 0.4694 0.3843
vn -0.6511 0.6458 0.3987
vn -0.8401 -0.3028 -0.4501
vn -0.7430 0.5619 0.3637
vn -0.6495 0.6753 0.3495
vn -0.6828 0.6669 0.2985
vn -0.6455 0.7290 0.2278
vn -0.6687 0.7218 0.1784
vn -0.5677 0.8061 0.1671
vn -0.6752 0.7275 0.1221
vn -0.5833 0.8028 0.1231
vn -0.6843 0.7272 0.0539
vn -0.5795 0.8136 0.0475
vn -0.6825 0.7308 -0.0000
vn -0.5783 0.8158 -0.0000
vn -0.5453 0.6387 0.5429
vn -0.9404 0.2431 0.2379
vn -0.5057 0.7213 0.4733
vn -0.6640 -0.4295 -0.6120
vn -0.4496 0.7896 0.4176
vn -0.5986 -0.4712 -0.6478
vn -0.4988 0.8135 0.2990
vn -0.4118 -0.4974 -0.7635
vn -0.5099 0.8065 0.2993
vn -0.4022 0.8786 0.2573
vn -0.4615 0.8539 0.2405
vn -0.3951 0.9029 0.1694
vn -0.4101 0.9045 0.1167
vn -0.4235 0.9049 0.0423
vn -0.4255 0.9050 -0.0000
vn -0.3302 0.8066 -0.4903
vn -0.2588 -0.5540 -0.7912
vn -0.3591 -0.5833 -0.7285
vn -0.3166 -0.4947 -0.8093
vn -0.2390 0.8623 0.4464
vn -0.1606 0.8916 0.4234
vn -0.3312 -0.5958 -0.7316
vn -0.2864 -0.5312 -0.7974
vn -0.3034 0.8837 0.3564
vn -0.1334 0.9251 0.3555
vn -0.2751 0.9111 0.3070
vn -0.2926 -0.5703 -0.7676
vn -0.2932 0.3056 -0.9059
vn -0.2287 0.9468 0.2263
vn -0.2375 0.9550 0.1774
vn -0.2276 0.9647 0.1325
vn -0.2245 0.9735 0.0441
vn -0.2199 0.9755 -0.0000
vn -0.9659 -0.0000 0.2588
vn -0.9976 0.0106 -0.0689
vn -0.9967 0.0010 -0.0815
vn -0.9965 -0.0000 -0.0835
vn -0.7603 0.0019 0.6496
vn -0.7496 -0.0008 0.6619
vn -0.7481 -0.0000 0.6636
vn -0.7161 -0.6512 0.2513
vn -0.7466 -0.6637 0.0451
vn -0.8890 -0.0412 -0.4561
vn -0.8995 -0.0008 -0.4369
vn -0.8979 -0.0000 -0.4401
vn -0.7108 -0.0510 -0.7016
vn -0.7060 -0.0010 -0.7082
vn -0.7071 -0.0000 -0.7071
vn -0.3590 -0.0742 0.9304
vn -0.3707 -0.0018 0.9288
vn -0.3690 -0.0000 0.9294
vn -0.1529 -0.9804 0.1239
vn -0.1112 -0.8994 -0.4227
vn -0.2588 -0.0000 -0.9659
vn -0.2595 0.0006 -0.9657
vn -0.2602 -0.0000 -0.9656
vn 0.3590 -0.0742 0.9304
vn 0.3707 -0.0018 0.9288
vn 0.3690 -0.0000 0.9294
vn 0.1529 -0.9804 0.1239
vn 0.1112 -0.8994 -0.4227
vn 0.7108 -0.0510 -0.7016
vn 0.2588 -0.0000 -0.9659
vn 0.7060 -0.0010 -0.7082
vn 0.2595 0.0006 -0.9657
vn 0.7071 -0.0000 -0.7071
vn 0.2602 -0.0000 -0.9656
vn 0.7603 0.0019 0.6496
vn 0.7496 -0.0008 0.6619
vn 0.7481 -0.0000 0.6636
vn 0.7161 -0.6512 0.2513
vn 0.9659 -0.0000 0.2588
vn 0.7466 -0.6637 0.0451
vn 0.9976 0.0106 -0.0689
vn 0.8890 -0.0412 -0.4561
vn 0.9967 0.0010 -0.0815
vn 0.8995 -0.0008 -0.4369
vn 0.9965 -0.0000 -0.0835
vn 0.8979 -0.0000 -0.4401
vn -0.3500 -0.7705 -0.5327
vn -0.3811 -0.7392 -0.5554
vn -0.3445 -0.8208 -0.4557
vn -0.2488 -0.5647 -0.7869
vn -0.9967 -0.0011 -0.0813
vn -0.9978 -0.0099 -0.0653
vn -0.5141 -0.6552 -0.5536
vn -0.3568 -0.7387 -0.5718
vn -0.2020 -0.3950 -0.8962
vn -0.7475 -0.0000 0.6643
vn -0.7415 0.0028 0.6710
vn -0.3902 -0.0289 0.9203
vn -0.7376 -0.0044 0.6752
vn -0.3657 -0.6540 0.6622
vn -0.6227 0.2125 0.7531
vn -0.2169 0.5565 -0.8020
vn -0.2974 0.9385 0.1755
vn -0.8996 0.0010 -0.4368
vn -0.7677 0.2524 -0.5890
vn -0.3090 0.9509 -0.0160
vn -0.7059 0.0010 -0.7083
vn -0.7992 0.2418 -0.5503
vn -0.8445 -0.5085 -0.1678
vn -0.1313 -0.5148 0.8472
vn -0.4860 -0.7848 -0.3846
vn -0.3688 0.0002 0.9295
vn -0.3664 0.0018 0.9304
vn -0.3649 -0.0040 0.9310
vn 0.0983 0.0730 0.9925
vn -0.3523 -0.0494 0.9346
vn -0.0092 -0.0211 0.9997
vn -0.6307 0.5428 -0.5547
vn -0.5404 -0.1468 -0.8285
vn -0.0262 0.9994 -0.0232
vn -0.9963 -0.0112 -0.0847
vn -0.0000 1.0000 -0.0000
vn -0.9749 0.1863 -0.1223
vn -0.2603 0.0001 -0.9655
vn -0.2610 0.0004 -0.9653
vn -0.2618 0.0005 -0.9651
vn -0.2574 0.0034 -0.9663
vn -0.2430 0.0055 -0.9700
vn 0.1165 0.4034 -0.9076
vn -0.0043 0.9990 -0.0437
vn -0.8451 0.2884 -0.4502
vn -0.7570 -0.6511 -0.0547
vn -0.7591 -0.0872 0.6452
vn -0.8503 -0.5218 -0.0692
vn 0.3696 0.0005 0.9292
vn 0.3709 -0.0000 0.9287
vn 0.3786 0.0090 0.9255
vn 0.0769 -0.4341 0.8976
vn 0.2604 0.0005 -0.9655
vn 0.2617 0.0015 -0.9652
vn 0.2814 0.0142 -0.9595
vn 0.7147 0.0017 -0.6995
vn 0.3778 0.0690 -0.9233
vn 0.2869 -0.2090 -0.9349
vn -0.3339 0.3236 -0.8853
vn -0.8705 0.1212 -0.4771
vn -0.9567 0.0124 -0.2909
vn -0.8459 -0.3214 -0.4256
vn -0.8892 -0.0741 -0.4515
vn -0.6519 -0.7553 -0.0668
vn 0.7497 0.0013 0.6618
vn 0.7632 0.0109 0.6460
vn 0.5485 -0.2008 0.8117
vn -0.0917 -0.9704 0.2233
vn 0.9100 -0.0842 -0.4059
vn 0.9966 -0.0001 -0.0819
vn 0.8990 0.0001 -0.4380
vn 0.9973 -0.0000 -0.0730
vn 0.9019 0.0026 -0.4320
vn 0.9963 -0.0002 -0.0861
vn 0.9472 0.0487 -0.3168
vn 0.9332 -0.3574 0.0370
vn -0.5963 -0.7669 -0.2373
vn 0.3485 -0.9230 -0.1632
vn -0.5457 -0.3604 -0.7565
vn -0.7097 -0.5950 -0.3774
vn -0.8071 -0.4337 -0.4005
vn -0.8378 -0.3210 -0.4416
vn -0.8926 -0.0629 -0.4464
vn -0.7338 -0.3375 -0.5896
vn -0.7931 -0.0717 -0.6048
vn -0.7538 -0.0865 -0.6514
vn -0.3573 -0.9322 -0.0577
vn -0.4678 -0.8817 -0.0618
vn -0.3545 -0.9283 -0.1122
vn -0.4936 -0.8549 -0.1596
vn -0.3366 -0.9240 -0.1812
vn -0.5202 -0.7976 -0.3054
vn -0.5729 -0.7922 -0.2102
vn -0.5321 -0.8199 -0.2112
vn -0.5211 -0.7687 -0.3708
vn -0.4358 -0.7969 -0.4184
vn -0.5249 -0.7510 -0.4007
vn -0.5357 -0.6512 -0.5375
vn -0.5460 -0.6632 -0.5119
vn -0.6072 -0.5551 -0.5684
vn -0.6777 -0.3929 -0.6216
vn -0.5512 -0.4300 -0.7150
vn -0.7045 -0.1616 -0.6911
vn -0.6595 -0.0860 -0.7468
vn -0.7106 0.0903 -0.6978
vn -0.2177 -0.9751 -0.0429
vn -0.1946 -0.9745 -0.1117
vn -0.1744 -0.9732 -0.1502
vn -0.2352 -0.9372 -0.2575
vn -0.2483 -0.9341 -0.2567
vn -0.2447 -0.9112 -0.3313
vn -0.2076 -0.9211 -0.3293
vn -0.2429 -0.7961 -0.5543
vn -0.2481 -0.8302 -0.4992
vn -0.2778 -0.6608 -0.6973
vn -0.2970 -0.6434 -0.7056
vn -0.2961 -0.3799 -0.8764
vn -0.3798 -0.0873 -0.9209
vn -0.1767 -0.4318 -0.8845
vn 0.0039 0.0484 -0.9988
vn 0.1906 0.5005 -0.8445
vn 0.3469 0.7735 -0.5304
vn -0.1201 -0.2459 -0.9618
vn 0.1655 0.2905 -0.9425
vn 0.4295 0.7548 -0.4958
vn 0.2796 0.6157 -0.7367
vn 0.3523 0.8273 -0.4377
vn 0.0008 0.0198 -0.9998
vn 0.1858 0.4803 -0.8572
vn 0.3475 0.7878 -0.5086
vn 0.1138 0.2395 -0.9642
vn 0.0874 0.3859 -0.9184
vn 0.2854 0.9415 -0.1794
vn -0.9174 0.2377 -0.3192
vn -0.9173 0.3853 -0.1006
vn -0.9733 0.1378 -0.1833
vn -0.9381 0.2847 -0.1973
vn -0.9667 0.1319 -0.2191
vn -0.8891 0.4459 -0.1030
vn -0.7915 0.6075 -0.0663
vn -0.8873 0.4573 -0.0600
vn -0.7855 0.6095 -0.1071
vn -0.8867 0.3835 -0.2584
vn -0.8495 0.4830 -0.2125
vn -0.7821 0.5892 -0.2029
vn -0.9510 0.1537 -0.2682
vn -0.9316 0.2755 -0.2372
vn -0.8779 0.4086 -0.2497
vn -0.7997 0.5703 -0.1876
vn -0.9079 0.2301 -0.3503
vn -0.8644 0.3895 -0.3178
vn -0.8898 0.1957 -0.4124
vn -0.6843 0.7272 -0.0539
vn -0.5795 0.8136 -0.0475
vn -0.6752 0.7275 -0.1221
vn -0.5833 0.8028 -0.1231
vn -0.6687 0.7218 -0.1784
vn -0.5677 0.8061 -0.1671
vn -0.6828 0.6669 -0.2985
vn -0.6455 0.7290 -0.2278
vn -0.7953 0.4689 -0.3842
vn -0.7430 0.5619 -0.3637
vn -0.6495 0.6753 -0.3495
vn -0.8546 0.2034 -0.4778
vn -0.8364 0.3544 -0.4182
vn -0.7318 0.5152 -0.4461
vn -0.6524 0.6455 -0.3971
vn -0.7782 0.2394 -0.5806
vn -0.7190 0.4616 -0.5197
vn -0.4235 0.9049 -0.0423
vn -0.4101 0.9045 -0.1167
vn -0.4615 0.8539 -0.2405
vn -0.3951 0.9029 -0.1694
vn -0.5102 0.8064 -0.2990
vn -0.4020 0.8788 -0.2570
vn -0.5014 0.8125 -0.2974
vn -0.5078 0.7191 -0.4743
vn -0.4521 0.7879 -0.4180
vn -0.7071 0.2601 -0.6575
vn -0.5834 0.4944 -0.6444
vn -0.5492 0.6387 -0.5389
vn -0.4085 0.7485 -0.5224
vn -0.6153 0.2853 -0.7348
vn -0.5217 0.5365 -0.6633
vn -0.2245 0.9735 -0.0441
vn -0.2276 0.9647 -0.1325
vn -0.2375 0.9550 -0.1774
vn -0.2754 0.9108 -0.3077
vn -0.2292 0.9468 -0.2258
vn -0.2921 0.8833 -0.3668
vn -0.1570 0.9220 -0.3540
vn -0.2515 0.8655 -0.4333
vn -0.2250 0.7411 -0.6326
vn -0.2265 0.8569 -0.4631
vn -0.3404 0.2506 -0.9063
vn -0.2507 0.5097 -0.8230
vn -0.2501 0.7094 -0.6590
vn -0.8256 -0.2133 0.5224
vn -0.9031 -0.1720 0.3935
vn -0.8379 -0.2022 0.5070
vn -0.9144 -0.1662 0.3693
vn -0.9823 -0.0612 0.1772
vn -0.9857 0.0574 -0.1582
vn -0.2856 -0.1092 -0.9521
vn -0.5093 -0.3395 0.7908
vn -0.2588 -0.4082 0.8754
vn -0.6063 -0.3889 0.6936
vn -0.5774 -0.2992 0.7597
vn -0.5307 -0.3356 0.7783
vn -0.2968 -0.4038 0.8654
vn -0.6196 -0.3815 0.6860
vn -0.5934 -0.3017 0.7462
vn -0.4336 -0.3528 0.8292
vn -0.5271 -0.3462 0.7761
vn -0.3357 -0.3987 0.8535
vn -0.6300 -0.3736 0.6808
vn -0.6068 -0.3064 0.7334
vn -0.7768 -0.2512 0.5775
vn -0.8746 -0.2014 0.4410
vn -0.5267 0.7965 0.2968
vn -0.7960 -0.2375 0.5568
vn -0.8816 -0.1772 0.4376
vn -0.9601 -0.1248 0.2501
vn -1.0000 0.0056 -0.0065
vn -0.8601 0.5083 0.0438
vn -0.8121 -0.2247 0.5385
vn -0.8930 -0.1744 0.4148
vn -0.9685 -0.1022 0.2272
vn -0.9992 0.0032 -0.0401
vn -0.9451 0.1598 -0.2849
vn -0.8606 0.1800 -0.4764
vn -0.7607 0.2541 -0.5973
vn -0.9758 -0.0796 0.2038
vn -0.9973 0.0055 -0.0733
vn -0.9325 0.1857 -0.3096
vn -0.8464 0.1850 -0.4994
vn -0.7436 0.2750 -0.6095
vn -0.9227 0.1569 -0.3522
vn -0.8301 0.1919 -0.5236
vn -0.7145 0.2942 -0.6348
vn -0.4345 -0.3490 0.8303
vn -0.2245 0.0100 0.9744
vn -0.4549 -0.2571 0.8526
vn -0.0456 0.8949 0.4440
vn -0.4622 -0.3479 0.8157
vn -0.5478 -0.3803 0.7452
vn -0.5255 -0.3585 0.7716
vn -0.0000 0.9063 0.4226
vn -0.4863 -0.3435 0.8035
vn -0.5775 -0.3841 0.7204
vn -0.5519 -0.3295 0.7661
vn -0.2053 0.9258 0.3175
vn -0.5131 0.3456 -0.7857
vn -0.4637 0.3443 -0.8164
vn -0.3786 0.7482 -0.5448
vn -0.5026 0.3494 -0.7908
vn -0.4429 0.3519 -0.8246
vn -0.4991 0.4292 -0.7528
vn -0.6249 0.3775 -0.6834
vn -0.5200 0.3450 -0.7814
vn -0.4241 0.3536 -0.8337
vn -0.4846 0.4330 -0.7601
vn -0.7561 -0.2664 0.5978
vn -0.8981 -0.2589 0.3555
vn -0.9503 -0.1482 0.2738
vn -0.8201 -0.5181 -0.2429
vn -0.9561 0.1370 -0.2589
vn -0.7211 0.2842 -0.6318
vn -0.4329 -0.3673 0.8232
vn -0.2362 -0.4117 0.8802
vn -0.5446 -0.3860 0.7446
vn -0.5003 -0.3845 0.7758
vn -0.1265 -0.9896 0.0683
vn -0.0000 -0.9063 -0.4226
vn -0.1204 -0.8512 -0.5109
vn -0.3923 -0.5412 -0.7438
vn -0.4214 0.4008 -0.8135
vn -0.5128 0.3742 -0.7727
vn -0.7296 -0.2843 0.6220
vn -0.8399 -0.1911 0.5080
vn -0.9302 -0.1482 0.3358
vn -0.9888 -0.0538 0.1392
vn -0.9789 0.0686 -0.1925
vn -0.9078 0.1710 -0.3830
vn -0.8320 0.2076 -0.5145
vn -0.8547 -0.1832 0.4857
vn -0.9391 -0.1726 0.2972
vn -0.9984 -0.0043 0.0568
vn -0.9723 0.0907 -0.2153
vn -0.8981 0.1732 -0.4043
vn -0.8188 0.2192 -0.5306
vn -0.9997 -0.0018 0.0239
vn -0.9644 0.1137 -0.2389
vn -0.8875 0.1758 -0.4260
vn -0.8044 0.2310 -0.5474
vn -0.8750 0.1771 -0.4506
vn -0.7869 0.2444 -0.5666
vn -0.5082 -0.3480 0.7878
vn -0.4921 -0.4310 0.7564
vn -0.6141 0.3860 -0.6885
vn -0.5202 0.3375 -0.7845
vn -0.6003 0.3043 -0.7396
vn -0.5920 0.3864 -0.7072
vn -0.4980 0.3414 -0.7971
vn -0.5862 0.2985 -0.7532
vn -0.2758 0.4063 -0.8711
vn -0.5627 0.3821 -0.7331
vn -0.4743 0.3457 -0.8097
vn -0.5648 0.3145 -0.7630
vn -0.2588 0.4082 -0.8754
vn -0.5312 0.3800 -0.7572
vn -0.4500 0.3501 -0.8216
vn -0.5387 0.3442 -0.7689
vn -0.3167 0.4013 -0.8595
vn -0.8867 0.4612 0.0321
vn 0.1771 0.4967 0.8496
vn 0.0569 0.9452 0.3214
vn -0.1720 0.9851 -0.0000
vn 0.2658 0.5970 0.7569
vn 0.3784 0.7747 0.5066
vn 0.3657 0.8189 0.4423
vn 0.3941 0.9191 -0.0000
vn 0.4091 0.8774 0.2505
vn 0.5755 0.8178 -0.0000
vn 0.4091 0.8774 -0.2505
vn 0.2672 0.9636 -0.0000
vn -0.8867 0.4612 -0.0321
vn 0.1771 0.4967 -0.8496
vn 0.0569 0.9452 -0.3214
vn 0.3784 0.7747 -0.5066
vn 0.2658 0.5970 -0.7569
vn 0.3657 0.8189 -0.4423
vn -0.9574 0.2888 -0.0000
vn -0.9018 0.2195 0.3723
vn -0.9794 0.1081 0.1705
vn -0.9327 0.2500 0.2601
vn -0.6144 0.4183 0.6689
vn -0.8260 0.5636 -0.0000
vn -0.9066 0.4220 -0.0000
vn -0.9548 0.2972 -0.0000
vn -0.7652 0.4282 -0.4807
vn -0.7913 0.3827 -0.4768
vn -0.6327 0.4515 0.6292
vn -0.7088 0.4052 0.5774
vn -0.6671 0.4353 0.6046
vn -0.7091 0.4037 0.5781
vn -0.5536 0.5153 0.6542
vn -0.7427 0.5817 0.3316
vn -0.0000 0.8192 -0.5736
vn -0.0000 0.8191 -0.5736
vn -0.8006 0.4336 -0.4135
vn -0.7400 0.6726 -0.0000
vn -0.9528 0.3037 -0.0000
vn -0.9917 0.1286 -0.0000
vn -0.4802 0.4283 -0.7655
vn -0.4768 0.3827 -0.7913
vn -0.6446 0.4109 -0.6446
vn -0.4135 0.4336 -0.8006
vn -0.3008 0.5153 0.8025
vn -0.3555 0.5917 0.7235
vn -0.3523 0.4890 0.7980
vn -0.1715 0.8681 0.4657
vn -0.9924 -0.0483 -0.1133
vn -0.8898 0.4235 -0.1699
vn -0.9192 -0.1991 -0.3397
vn -0.0570 0.7863 -0.6153
vn -0.4829 0.2053 -0.8513
vn -0.0498 0.8435 -0.5347
vn -0.1113 0.7143 -0.6909
vn -0.0000 -0.8581 0.5134
vn -0.0000 0.3936 0.9193
vn -0.0000 0.2468 0.9691
vn 0.2353 0.4110 0.8807
vn -0.0000 0.5781 0.8160
vn -0.0000 0.4308 0.9025
vn -0.0000 0.0595 0.9982
vn 0.0320 -0.8519 0.5227
vn 0.2360 0.4109 0.8806
vn 0.3301 0.4056 0.8524
vn 0.2732 0.4533 0.8484
vn 0.2781 0.3782 0.8830
vn 0.6182 0.4225 0.6628
vn 0.4163 0.4822 0.7708
vn 0.0565 0.2227 0.9732
vn -0.4043 -0.9144 -0.0178
vn -0.1174 -0.9328 -0.3407
vn 0.5620 0.4692 0.6812
vn 0.6317 0.4214 0.6507
vn 0.6311 0.4011 0.6640
vn 0.6507 0.4214 0.6317
vn 0.6640 0.4011 0.6311
vn 0.6446 0.4109 0.6446
vn 0.6628 0.4225 0.6182
vn 0.8484 0.4533 0.2732
vn 0.8830 0.3782 0.2781
vn 0.7708 0.4822 0.4163
vn -0.3407 -0.9328 -0.1174
vn -0.0178 -0.9144 -0.4043
vn 0.6812 0.4692 0.5620
vn 0.8524 0.4056 0.3301
vn 0.5173 -0.8553 0.0286
vn 0.8806 0.4109 0.2360
vn 0.8807 0.4110 0.2353
vn -0.0000 0.2888 0.9574
vn -0.0000 0.5636 0.8260
vn -0.0000 0.4220 0.9066
vn -0.0000 0.2972 0.9548
vn 0.4135 0.4336 0.8006
vn -0.0000 0.6726 0.7400
vn -0.0000 0.3037 0.9528
vn -0.0000 0.1286 0.9917
vn 0.4805 0.4284 0.7652
vn 0.4768 0.3827 0.7913
vn 0.7652 0.4284 0.4805
vn 0.7913 0.3827 0.4768
vn 0.8006 0.4336 0.4135
vn -0.0000 -0.8512 -0.5249
vn -0.0000 -0.5174 -0.8558
vn 0.1062 -0.9798 0.1696
vn -0.0000 -0.4526 -0.8917
vn -0.0000 -0.5567 -0.8307
vn -0.0000 0.2896 -0.9571
vn -0.0000 0.5018 0.8650
vn -0.0000 -0.4376 0.8992
vn -0.0000 -0.3709 0.9287
vn 0.4645 -0.0245 0.8852
vn -0.0000 -0.7322 0.6811
vn -0.0000 -0.6497 0.7602
vn 0.1401 -0.8808 0.4524
vn 0.3099 -0.7415 -0.5951
vn 0.6187 -0.4661 -0.6324
vn 0.2912 -0.5230 -0.8010
vn 0.1219 -0.5089 -0.8522
vn 0.2907 -0.3848 0.8760
vn 0.3431 -0.0588 0.9374
vn 0.2776 -0.6610 0.6972
vn 0.2957 -0.6395 0.7096
vn 0.5485 -0.4309 0.7165
vn 0.1632 -0.7043 0.6909
vn 0.1419 -0.8744 0.4641
vn 0.1933 -0.9731 0.1255
vn 0.9024 -0.2963 -0.3129
vn 0.7071 -0.4056 -0.5792
vn 0.6619 -0.0835 0.7449
vn 0.6779 -0.3927 0.6215
vn 0.7044 -0.1610 0.6913
vn 0.7535 -0.0859 0.6519
vn 0.7098 0.0923 0.6983
vn -0.0000 0.5634 0.8262
vn -0.0000 0.5708 0.8211
vn -0.0000 0.3847 0.9230
vn -0.0000 0.4229 -0.9062
vn -0.0000 0.9977 0.0677
vn -0.0000 0.5788 0.8154
vn -0.0000 0.5728 0.8197
vn -0.2055 -0.6465 0.7347
vn 0.9777 -0.1535 -0.1431
vn -0.0000 0.4358 -0.9001
vn 0.7934 0.2172 0.5686
vn 0.3357 0.6060 0.7212
vn 0.3308 0.5009 0.7998
vn -0.1121 0.2392 0.9645
vn 0.6293 0.4553 0.6298
vn 0.9130 0.2200 0.3437
vn 0.6091 0.4140 -0.6764
vn 0.2360 0.4109 -0.8806
vn 0.4148 0.4780 -0.7743
vn 0.9626 0.2647 0.0580
vn 0.9792 0.2001 0.0344
vn 0.0269 0.9991 0.0313
vn 0.2588 0.5540 0.7912
vn 0.5568 0.4938 0.6680
vn 0.3137 0.5815 0.7507
vn 0.4972 -0.4627 -0.7340
vn -0.2685 -0.9618 -0.0539
vn 0.5730 -0.4860 -0.6599
vn 0.8933 0.2590 0.3674
vn 0.8101 0.4943 -0.3153
vn 0.7284 -0.6566 -0.1958
vn 0.9278 -0.1474 -0.3427
vn 0.4391 0.3396 -0.8318
vn 0.4399 0.3730 0.8169
vn 0.7821 -0.1826 0.5957
vn 0.3695 0.8215 -0.4343
vn 0.3059 -0.3930 0.8671
vn 0.3480 -0.8995 0.2642
vn 0.9282 -0.2175 -0.3019
vn 0.4022 0.2920 -0.8678
vn 0.3656 -0.5295 -0.7655
vn 0.1649 -0.7475 0.6434
vn 0.5706 0.2658 0.7770
vn 0.9025 0.4308 -0.0000
vn 0.8408 -0.3635 0.4011
vn 0.8946 0.2585 0.3646
vn 0.7071 0.4056 0.5792
vn 0.3694 0.2196 0.9029
vn 0.2510 -0.9418 0.2235
vn 0.8481 0.4537 -0.2738
vn 0.8830 0.3779 -0.2785
vn 0.6627 0.4224 -0.6184
vn 0.7706 0.4823 -0.4166
vn 0.9722 -0.1492 0.1806
vn 0.9706 0.1352 0.1993
vn 0.9148 0.2450 0.3210
vn 0.9523 0.3045 0.0209
vn 0.6500 0.4220 -0.6320
vn 0.6093 0.4254 -0.6692
vn 0.6634 0.4007 -0.6319
vn 0.6074 0.4033 -0.6844
vn 0.6271 0.4113 -0.6615
vn 0.9470 -0.1907 -0.2586
vn 0.9952 -0.0309 -0.0926
vn 0.9897 0.0670 0.1265
vn 0.8761 0.3097 0.3695
vn 0.9205 -0.3063 0.2424
vn 0.4258 0.9042 -0.0331
vn 0.7063 0.4066 0.5796
vn 0.8576 -0.2794 -0.4319
vn 0.9331 -0.2302 -0.2762
vn 0.7171 -0.3955 -0.5739
vn 0.9828 -0.0956 -0.1581
vn 0.9981 0.0067 0.0614
vn 0.9489 0.1905 0.2516
vn 0.8989 0.2360 0.3693
vn 0.7981 0.3339 0.5016
vn 0.7063 0.4057 0.5801
vn 0.7164 -0.4036 -0.5691
vn 0.9056 -0.2214 -0.3618
vn 0.9536 -0.1787 -0.2422
vn 0.9976 -0.0084 -0.0694
vn 0.9857 0.0836 0.1463
vn 0.9288 0.2300 0.2905
vn 0.8659 0.2625 0.4259
vn 0.8727 -0.2551 -0.4163
vn 0.9330 -0.2215 -0.2836
vn 0.9880 -0.0738 -0.1356
vn 0.9965 0.0203 0.0811
vn 0.9510 0.1846 0.2480
vn 0.7067 0.2624 0.6571
vn 0.5755 0.5029 0.6449
vn 0.8162 -0.3223 -0.4794
vn 0.9152 -0.2399 -0.3240
vn 0.9652 -0.1503 -0.2139
vn 0.9995 -0.0016 -0.0322
vn 0.4815 -0.8763 -0.0135
vn 0.9193 0.3937 -0.0001
vn 0.9691 0.2466 -0.0002
vn 0.8807 0.4110 -0.2353
vn 0.8159 0.5781 -0.0001
vn 0.4108 -0.9110 -0.0368
vn 0.8806 0.4109 -0.2360
vn 0.8515 0.4054 -0.3325
vn -0.1333 -0.7734 0.6198
vn 0.0259 -0.8967 0.4419
vn 0.1980 -0.9451 -0.2600
vn 0.6810 0.4699 -0.5616
vn -0.0000 -0.8555 0.5178
vn -0.0000 -0.8391 0.5440
vn -0.0000 -0.9252 0.3796
vn -0.0000 -0.9385 0.3452
vn -0.0000 -0.9692 0.2464
vn -0.0000 -0.9661 0.2581
vn -0.0000 -0.9901 0.1402
vn -0.0000 -0.9907 0.1357
vn -0.0000 -0.9991 0.0413
vn 0.2418 -0.7968 0.5538
vn 0.2474 -0.8300 0.4999
vn 0.5461 -0.6633 0.5117
vn 0.2058 -0.9210 0.3308
vn 0.4354 -0.7976 0.4175
vn 0.2411 -0.9117 0.3326
vn 0.2272 -0.9406 0.2523
vn 0.2429 -0.9347 0.2596
vn 0.1713 -0.9739 0.1492
vn 0.3288 -0.9272 0.1794
vn 0.1942 -0.9746 0.1117
vn 0.3473 -0.9309 0.1129
vn 0.2175 -0.9751 0.0428
vn 0.3540 -0.9336 0.0563
vn 0.2142 -0.9768 -0.0000
vn 0.3584 -0.9336 -0.0002
vn 0.5341 -0.6522 0.5379
vn 0.6053 -0.5552 0.5704
vn 0.7334 -0.3337 0.5922
vn 0.7932 -0.0721 0.6047
vn 0.4963 -0.7609 0.4180
vn 0.5143 -0.7530 0.4104
vn 0.7018 -0.6013 0.3819
vn 0.4079 -0.8631 0.2977
vn 0.6192 -0.7252 0.3011
vn 0.4419 -0.8659 0.2343
vn 0.6105 -0.7481 0.2600
vn 0.4682 -0.8669 0.1711
vn 0.6127 -0.7708 0.1747
vn 0.4751 -0.8673 0.1487
vn 0.4638 -0.8840 0.0582
vn 0.4718 -0.8817 -0.0003
vn 0.8390 -0.3162 0.4427
vn 0.8930 -0.0615 0.4458
vn 0.7329 -0.5681 0.3742
vn 0.8081 -0.4304 0.4021
vn 0.8553 -0.3099 0.4152
vn 0.8929 -0.0614 0.4460
vn 0.6824 -0.6483 0.3377
vn 0.7899 -0.5051 0.3477
vn 0.8930 -0.2993 0.3360
vn 0.9446 -0.0664 0.3213
vn 0.6954 -0.6753 0.2458
vn 0.8355 -0.5078 0.2099
vn 0.9221 -0.2954 0.2499
vn 0.6675 -0.7217 0.1832
vn 0.7269 -0.6613 0.1852
vn 0.8226 -0.5322 0.2004
vn 0.6081 -0.7846 0.1212
vn 0.7614 -0.6403 0.1020
vn 0.8248 -0.5531 0.1176
vn 0.6304 -0.7748 0.0472
vn 0.7545 -0.6538 0.0579
vn 0.6300 -0.7766 -0.0000
vn 0.7511 -0.6602 -0.0018
vn 0.9630 -0.0467 0.2656
vn 0.9319 -0.2837 0.2261
vn 0.9545 -0.1724 0.2434
vn 0.9714 -0.0447 0.2330
vn 0.9061 -0.3698 0.2054
vn 0.9509 -0.2394 0.1961
vn 0.9787 -0.0467 0.2001
vn 0.8917 -0.4474 0.0690
vn 0.9125 -0.4031 0.0700
vn 0.9419 -0.3118 0.1246
vn 0.9548 -0.0968 0.2812
vn 0.8486 -0.5265 0.0523
vn 0.7627 -0.5915 0.2616
vn 0.8433 -0.5374 -0.0049
vn 0.6774 -0.7353 -0.0230
vn 0.3451 -0.4167 0.8410
vn 0.1178 -0.2452 0.9623
vn 0.4356 -0.8189 0.3737
vn 0.3683 -0.7696 0.5216
vn 0.3947 -0.9185 -0.0234
vn 0.1802 -0.4404 0.8795
vn 0.4094 -0.8780 0.2480
vn 0.3719 -0.7583 0.5354
vn 0.2657 -0.9640 -0.0099
vn 0.5781 -0.8160 -0.0018
vn 0.4085 -0.8763 -0.2552
vn 0.2479 -0.5706 0.7829
vn 0.3503 -0.8242 0.4450
vn 0.3514 -0.7703 0.5321
vn 0.4307 -0.9025 -0.0016
vn -0.0000 0.7637 -0.6456
vn -0.0000 0.8452 0.5344
vn -0.0000 -0.6639 -0.7478
vn 0.2588 -0.5540 -0.7912
vn -0.0000 -0.4923 -0.8704
vn -0.0000 -0.5839 -0.8118
vn 0.1606 0.8916 0.4234
vn -0.0000 0.9383 0.3459
vn -0.0000 -0.5731 -0.8195
vn -0.0000 -0.5729 -0.8196
vn 0.1334 0.9251 0.3555
vn -0.0000 0.9477 0.3192
vn -0.0000 -0.5689 -0.8224
vn -0.0000 -0.5549 -0.8319
vn -0.0000 0.6345 -0.7729
vn -0.0000 0.9645 0.2640
vn -0.0000 0.9852 0.1716
vn -0.0000 0.9908 0.1352
vn -0.0000 0.9992 0.0408
vn 0.9404 0.2431 0.2379
vn 0.3302 0.8066 -0.4903
vn 0.3591 -0.5833 -0.7285
vn 0.6640 -0.4295 -0.6120
vn 0.3166 -0.4947 -0.8093
vn 0.2390 0.8623 0.4464
vn 0.3312 -0.5958 -0.7316
vn 0.5986 -0.4712 -0.6478
vn 0.2864 -0.5312 -0.7974
vn 0.3034 0.8837 0.3564
vn 0.2751 0.9111 0.3070
vn 0.2926 -0.5703 -0.7676
vn 0.4118 -0.4974 -0.7635
vn 0.2932 0.3056 -0.9059
vn 0.4022 0.8786 0.2573
vn 0.2287 0.9468 0.2263
vn 0.2375 0.9550 0.1774
vn 0.2276 0.9647 0.1325
vn 0.2245 0.9735 0.0441
vn 0.2199 0.9755 -0.0000
vn 0.7770 0.2407 0.5817
vn 0.7160 0.4638 0.5217
vn 0.5453 0.6387 0.5429
vn 0.5057 0.7213 0.4733
vn 0.8863 -0.2378 -0.3975
vn 0.9410 -0.2066 -0.2681
vn 0.7305 0.5162 0.4471
vn 0.6512 0.6458 0.3987
vn 0.4496 0.7896 0.4176
vn 0.8401 -0.3028 -0.4501
vn 0.6495 0.6753 0.3495
vn 0.4988 0.8135 0.2990
vn 0.5099 0.8065 0.2993
vn 0.4615 0.8539 0.2405
vn 0.5677 0.8061 0.1671
vn 0.3951 0.9029 0.1694
vn 0.5833 0.8028 0.1231
vn 0.4101 0.9045 0.1167
vn 0.5795 0.8136 0.0475
vn 0.4235 0.9049 0.0423
vn 0.5783 0.8158 -0.0000
vn 0.4255 0.9050 -0.0000
vn 0.8542 0.2043 0.4782
vn 0.8887 0.1981 0.4135
vn 0.8364 0.3544 0.4182
vn 0.7949 0.4695 0.3843
vn 0.9154 0.2143 0.3407
vn 0.8641 0.3898 0.3183
vn 0.7430 0.5619 0.3637
vn 0.6828 0.6669 0.2985
vn 0.8778 0.4091 0.2490
vn 0.7997 0.5703 0.1876
vn 0.6455 0.7290 0.2278
vn 0.7821 0.5892 0.2029
vn 0.6687 0.7218 0.1784
vn 0.7855 0.6095 0.1071
vn 0.6752 0.7275 0.1221
vn 0.7915 0.6075 0.0663
vn 0.6843 0.7272 0.0539
vn 0.7885 0.6151 -0.0000
vn 0.6825 0.7308 -0.0000
vn 0.9459 0.1525 0.2862
vn 0.9667 0.1419 0.2131
vn 0.9298 0.2817 0.2368
vn 0.8863 0.3842 0.2586
vn 0.9681 0.1576 0.1949
vn 0.9380 0.2848 0.1976
vn 0.8495 0.4830 0.2125
vn 0.9367 0.2556 0.2394
vn 0.9235 0.3713 0.0959
vn 0.8873 0.4573 0.0600
vn 0.8891 0.4459 0.1030
vn 0.8735 0.4868 -0.0000
vn -0.1302 0.2560 0.9579
vn -0.0922 0.3719 0.9237
vn -0.2854 0.9415 0.1794
vn -0.4063 0.9137 -0.0000
vn 0.0030 0.0237 0.9997
vn -0.1855 0.4822 0.8562
vn -0.3475 0.7878 0.5086
vn -0.4295 0.7548 0.4958
vn -0.4226 0.9063 -0.0000
vn -0.4209 0.9071 -0.0000
vn 0.1196 -0.2450 0.9621
vn -0.1656 0.2906 0.9424
vn -0.2796 0.6157 0.7367
vn -0.3523 0.8273 0.4377
vn -0.4222 0.9065 -0.0000
vn -0.0000 -0.9991 -0.0413
vn -0.0000 -0.9907 -0.1358
vn -0.0000 -0.9901 -0.1403
vn -0.0000 -0.9690 -0.2471
vn -0.0000 -0.9662 -0.2579
vn -0.0000 -0.9386 -0.3450
vn -0.0000 -0.9252 -0.3795
vn -0.0000 -0.8555 -0.5177
vn -0.0000 -0.8391 -0.5440
vn -0.0000 -0.7321 -0.6812
vn -0.0000 -0.6536 -0.7568
vn -0.0000 -0.4618 -0.8870
vn 0.2177 -0.9751 -0.0429
vn 0.3573 -0.9322 -0.0577
vn 0.1946 -0.9745 -0.1117
vn 0.3545 -0.9283 -0.1122
vn 0.1744 -0.9732 -0.1502
vn 0.3367 -0.9240 -0.1812
vn 0.2352 -0.9372 -0.2575
vn 0.2483 -0.9341 -0.2567
vn 0.2447 -0.9112 -0.3313
vn 0.2076 -0.9211 -0.3293
vn 0.4358 -0.7969 -0.4184
vn 0.2429 -0.7961 -0.5543
vn 0.2481 -0.8302 -0.4992
vn 0.5460 -0.6632 -0.5119
vn 0.2778 -0.6608 -0.6973
vn 0.2970 -0.6434 -0.7056
vn 0.5512 -0.4300 -0.7150
vn 0.2961 -0.3799 -0.8764
vn 0.3798 -0.0873 -0.9209
vn 0.4678 -0.8817 -0.0618
vn 0.4936 -0.8549 -0.1596
vn -0.9100 -0.0842 -0.4059
vn 0.5202 -0.7976 -0.3054
vn -0.9966 -0.0001 -0.0819
vn -0.9973 -0.0000 -0.0730
vn -0.9963 -0.0002 -0.0861
vn 0.5729 -0.7922 -0.2102
vn 0.5321 -0.8199 -0.2112
vn 0.5963 -0.7669 -0.2373
vn 0.5211 -0.7687 -0.3708
vn 0.5249 -0.7510 -0.4007
vn 0.7097 -0.5950 -0.3774
vn 0.5357 -0.6512 -0.5375
vn 0.6072 -0.5551 -0.5684
vn 0.7338 -0.3375 -0.5896
vn 0.6777 -0.3929 -0.6216
vn 0.7931 -0.0717 -0.6048
vn 0.7045 -0.1616 -0.6911
vn 0.7538 -0.0865 -0.6514
vn 0.6595 -0.0860 -0.7468
vn 0.7106 0.0902 -0.6978
vn 0.6519 -0.7553 -0.0668
vn 0.7570 -0.6511 -0.0547
vn -0.7497 0.0013 0.6618
vn -0.7632 0.0109 0.6460
vn -0.5485 -0.2008 0.8117
vn 0.0917 -0.9704 0.2233
vn -0.8990 0.0001 -0.4380
vn -0.9019 0.0026 -0.4320
vn -0.9472 0.0487 -0.3168
vn -0.9332 -0.3574 0.0370
vn -0.7147 0.0017 -0.6995
vn -0.3485 -0.9230 -0.1632
vn 0.5457 -0.3604 -0.7565
vn 0.8071 -0.4337 -0.4005
vn 0.8459 -0.3214 -0.4256
vn 0.8378 -0.3210 -0.4416
vn 0.8892 -0.0741 -0.4515
vn 0.8926 -0.0629 -0.4464
vn 0.7591 -0.0872 0.6452
vn 0.8503 -0.5218 -0.0692
vn 0.8445 -0.5085 -0.1678
vn -0.3696 0.0005 0.9292
vn -0.3709 -0.0000 0.9287
vn -0.3786 0.0090 0.9255
vn -0.0769 -0.4341 0.8976
vn -0.0983 0.0730 0.9925
vn 0.9963 -0.0112 -0.0847
vn 0.9749 0.1863 -0.1223
vn -0.2604 0.0005 -0.9655
vn -0.2617 0.0015 -0.9652
vn -0.2814 0.0142 -0.9595
vn -0.3778 0.0690 -0.9233
vn -0.2869 -0.2090 -0.9349
vn 0.3339 0.3236 -0.8853
vn 0.8451 0.2884 -0.4502
vn 0.8705 0.1212 -0.4771
vn 0.9567 0.0124 -0.2909
vn 0.1313 -0.5148 0.8472
vn 0.4860 -0.7848 -0.3846
vn 0.5141 -0.6552 -0.5536
vn 0.3688 0.0002 0.9295
vn 0.3664 0.0018 0.9304
vn 0.3649 -0.0040 0.9310
vn 0.3523 -0.0494 0.9346
vn 0.0092 -0.0211 0.9997
vn 0.3902 -0.0289 0.9203
vn 0.3657 -0.6540 0.6622
vn 0.2169 0.5565 -0.8020
vn 0.6307 0.5428 -0.5547
vn 0.5404 -0.1468 -0.8285
vn 0.0262 0.9994 -0.0232
vn 0.2603 0.0001 -0.9655
vn 0.2610 0.0004 -0.9653
vn 0.2618 0.0005 -0.9651
vn 0.2574 0.0034 -0.9663
vn 0.7059 0.0010 -0.7083
vn 0.2430 0.0055 -0.9700
vn 0.7992 0.2418 -0.5503
vn -0.1165 0.4034 -0.9076
vn 0.0043 0.9990 -0.0437
vn 0.3568 -0.7387 -0.5718
vn 0.2020 -0.3950 -0.8962
vn 0.7475 -0.0000 0.6643
vn 0.7415 0.0028 0.6710
vn 0.7376 -0.0044 0.6752
vn 0.6227 0.2125 0.7531
vn 0.2974 0.9385 0.1755
vn 0.9967 -0.0011 -0.0813
vn 0.8996 0.0010 -0.4368
vn 0.9978 -0.0099 -0.0653
vn 0.7677 0.2524 -0.5890
vn 0.3090 0.9509 -0.0160
vn 0.3445 -0.8208 -0.4557
vn 0.3500 -0.7705 -0.5327
vn 0.2488 -0.5647 -0.7869
vn -0.0000 0.9992 -0.0408
vn -0.0000 0.9908 -0.1352
vn -0.0000 0.9852 -0.1716
vn -0.0000 0.9644 -0.2644
vn 0.1570 0.9220 -0.3540
vn -0.0000 0.8930 -0.4501
vn -0.0000 0.9581 -0.2863
vn -0.0000 0.9067 -0.4219
vn -0.0000 0.7859 -0.6184
vn -0.0000 0.8542 -0.5199
vn -0.0000 0.3313 -0.9435
vn -0.0000 0.5382 -0.8428
vn -0.0000 0.7309 -0.6824
vn 0.2245 0.9735 -0.0441
vn 0.2276 0.9647 -0.1325
vn 0.2375 0.9550 -0.1774
vn 0.4020 0.8788 -0.2570
vn 0.2754 0.9108 -0.3077
vn 0.2292 0.9468 -0.2258
vn 0.2921 0.8833 -0.3668
vn 0.2515 0.8655 -0.4333
vn 0.4085 0.7485 -0.5224
vn 0.2250 0.7411 -0.6326
vn 0.2265 0.8569 -0.4631
vn 0.6153 0.2853 -0.7348
vn 0.3404 0.2506 -0.9063
vn 0.5217 0.5365 -0.6633
vn 0.2507 0.5097 -0.8230
vn 0.2501 0.7094 -0.6590
vn 0.5795 0.8136 -0.0475
vn 0.4235 0.9049 -0.0423
vn 0.5833 0.8028 -0.1231
vn 0.4101 0.9045 -0.1167
vn 0.5677 0.8061 -0.1671
vn 0.4615 0.8539 -0.2405
vn 0.3951 0.9029 -0.1694
vn 0.5102 0.8064 -0.2990
vn 0.6495 0.6753 -0.3495
vn 0.5014 0.8125 -0.2974
vn 0.7318 0.5152 -0.4461
vn 0.6524 0.6455 -0.3971
vn 0.5078 0.7191 -0.4743
vn 0.4521 0.7879 -0.4180
vn 0.7782 0.2394 -0.5806
vn 0.7071 0.2601 -0.6575
vn 0.7190 0.4616 -0.5197
vn 0.5834 0.4944 -0.6444
vn 0.5492 0.6387 -0.5389
vn 0.7915 0.6075 -0.0663
vn 0.6843 0.7272 -0.0539
vn 0.7855 0.6095 -0.1071
vn 0.6752 0.7275 -0.1221
vn 0.7821 0.5892 -0.2029
vn 0.6687 0.7218 -0.1784
vn 0.8779 0.4086 -0.2497
vn 0.7997 0.5703 -0.1876
vn 0.6828 0.6669 -0.2985
vn 0.6455 0.7290 -0.2278
vn 0.9079 0.2301 -0.3503
vn 0.8644 0.3895 -0.3178
vn 0.7953 0.4689 -0.3842
vn 0.7430 0.5619 -0.3637
vn 0.8898 0.1957 -0.4124
vn 0.8546 0.2034 -0.4778
vn 0.8364 0.3544 -0.4182
vn 0.8891 0.4459 -0.1030
vn 0.9174 0.2377 -0.3192
vn 0.9173 0.3853 -0.1006
vn 0.8873 0.4573 -0.0600
vn 0.9733 0.1378 -0.1833
vn 0.9381 0.2847 -0.1973
vn 0.8867 0.3835 -0.2584
vn 0.8495 0.4830 -0.2125
vn 0.9667 0.1319 -0.2191
vn 0.9510 0.1537 -0.2682
vn 0.9316 0.2755 -0.2372
vn -0.1138 0.2395 -0.9642
vn -0.0874 0.3859 -0.9184
vn -0.2854 0.9415 -0.1794
vn -0.0008 0.0198 -0.9998
vn -0.1858 0.4803 -0.8572
vn -0.3475 0.7878 -0.5086
vn -0.4295 0.7548 -0.4958
vn 0.1201 -0.2459 -0.9618
vn -0.1655 0.2905 -0.9425
vn -0.2796 0.6157 -0.7367
vn -0.3523 0.8273 -0.4377
vn -0.0000 -0.3948 -0.9188
vn 0.2856 -0.1092 -0.9521
vn -0.0000 -0.1986 -0.9801
vn -0.0000 0.1624 -0.9867
vn -0.0000 -0.3104 0.9506
vn -0.0000 -0.3240 0.9461
vn -0.0000 -0.4303 0.9027
vn -0.0000 -0.5660 0.8244
vn 0.2588 -0.4082 0.8754
vn -0.0000 -0.3355 0.9420
vn -0.0000 -0.4295 0.9031
vn -0.0000 -0.5614 0.8275
vn 0.2968 -0.4038 0.8654
vn -0.0000 -0.4223 0.9065
vn -0.0000 -0.4072 0.9133
vn -0.0000 -0.5568 0.8306
vn 0.3357 -0.3987 0.8535
vn 0.5093 -0.3395 0.7908
vn 0.6063 -0.3889 0.6936
vn 0.5774 -0.2991 0.7597
vn 0.5307 -0.3356 0.7783
vn 0.6196 -0.3815 0.6860
vn 0.5934 -0.3017 0.7462
vn 0.8256 -0.2133 0.5224
vn 0.9031 -0.1720 0.3935
vn 0.4336 -0.3528 0.8292
vn 0.5271 -0.3462 0.7761
vn 0.6300 -0.3736 0.6808
vn 0.6068 -0.3064 0.7334
vn 0.8379 -0.2022 0.5070
vn 0.9144 -0.1662 0.3693
vn 0.9823 -0.0612 0.1772
vn 0.9857 0.0574 -0.1582
vn -0.0000 -0.4643 0.8857
vn -0.0000 -0.2764 0.9610
vn -0.0000 -0.4367 0.8996
vn -0.0000 -0.5213 0.8534
vn 0.2245 0.0100 0.9744
vn -0.0000 -0.0402 0.9992
vn -0.0000 -0.2944 0.9557
vn -0.0000 -0.4314 0.9021
vn -0.0000 -0.5784 0.8158
vn -0.0000 -0.4311 0.9023
vn -0.0000 -0.5718 0.8204
vn -0.0000 0.4247 -0.9053
vn -0.0000 0.4264 -0.9045
vn -0.0000 0.8665 -0.4991
vn -0.0000 0.4240 -0.9057
vn -0.0000 0.4220 -0.9066
vn -0.0000 0.4201 -0.9075
vn -0.0000 0.4108 -0.9117
vn -0.0000 0.4223 -0.9064
vn -0.0000 0.4203 -0.9074
vn 0.4345 -0.3490 0.8303
vn 0.4549 -0.2571 0.8526
vn 0.0456 0.8949 0.4440
vn 0.4622 -0.3479 0.8157
vn 0.5478 -0.3803 0.7452
vn 0.5255 -0.3585 0.7716
vn 0.7768 -0.2512 0.5775
vn 0.8746 -0.2014 0.4410
vn 0.5267 0.7965 0.2968
vn 0.4863 -0.3435 0.8035
vn 0.5775 -0.3841 0.7204
vn 0.5519 -0.3295 0.7661
vn 0.7960 -0.2375 0.5568
vn 0.8816 -0.1772 0.4376
vn 0.9601 -0.1248 0.2501
vn 1.0000 0.0056 -0.0065
vn 0.8601 0.5083 0.0438
vn 0.2053 0.9258 0.3175
vn 0.8121 -0.2247 0.5385
vn 0.8930 -0.1744 0.4148
vn 0.9685 -0.1022 0.2272
vn 0.9992 0.0032 -0.0401
vn 0.9451 0.1598 -0.2849
vn 0.8606 0.1800 -0.4764
vn 0.5131 0.3455 -0.7857
vn 0.7607 0.2541 -0.5973
vn 0.4637 0.3443 -0.8164
vn 0.3786 0.7482 -0.5448
vn 0.9758 -0.0796 0.2038
vn 0.9973 0.0055 -0.0733
vn 0.9325 0.1857 -0.3096
vn 0.8464 0.1850 -0.4994
vn 0.5026 0.3494 -0.7908
vn 0.7436 0.2750 -0.6095
vn 0.4429 0.3519 -0.8246
vn 0.4991 0.4292 -0.7528
vn 0.9227 0.1569 -0.3522
vn 0.6249 0.3775 -0.6834
vn 0.8301 0.1919 -0.5236
vn 0.5200 0.3450 -0.7814
vn 0.7145 0.2942 -0.6348
vn 0.4241 0.3536 -0.8337
vn 0.4846 0.4330 -0.7601
vn -0.0000 -0.2667 0.9638
vn -0.0000 -0.3976 0.9176
vn -0.0000 -0.6038 0.7972
vn 0.2362 -0.4117 0.8802
vn -0.0000 -0.9996 -0.0266
vn -0.0000 -0.8055 -0.5926
vn -0.0000 0.3755 -0.9268
vn 0.4329 -0.3673 0.8232
vn 0.5446 -0.3860 0.7446
vn 0.5003 -0.3845 0.7758
vn 0.7561 -0.2664 0.5978
vn 0.1265 -0.9896 0.0683
vn 0.8981 -0.2589 0.3555
vn 0.9503 -0.1482 0.2738
vn 0.8201 -0.5181 -0.2429
vn 0.1204 -0.8512 -0.5109
vn 0.9561 0.1370 -0.2589
vn 0.3923 -0.5412 -0.7438
vn 0.7211 0.2842 -0.6318
vn 0.4214 0.4008 -0.8135
vn 0.5128 0.3742 -0.7727
vn -0.0000 -0.4239 0.9057
vn -0.0000 -0.4202 0.9074
vn -0.0000 0.4299 -0.9029
vn -0.0000 0.4308 -0.9025
vn 0.2758 0.4063 -0.8711
vn -0.0000 0.3175 -0.9483
vn -0.0000 0.5636 -0.8260
vn -0.0000 0.4313 -0.9022
vn 0.2588 0.4082 -0.8754
vn -0.0000 0.3026 -0.9531
vn -0.0000 0.5688 -0.8225
vn -0.0000 0.4316 -0.9021
vn -0.0000 0.2856 -0.9583
vn -0.0000 0.5750 -0.8182
vn -0.0000 0.2481 -0.9687
vn -0.0000 0.5819 -0.8132
vn 0.5082 -0.3480 0.7878
vn 0.4921 -0.4310 0.7564
vn 0.7296 -0.2843 0.6220
vn 0.8399 -0.1911 0.5080
vn 0.9302 -0.1482 0.3358
vn 0.9888 -0.0538 0.1392
vn 0.9789 0.0686 -0.1925
vn 0.9078 0.1710 -0.3830
vn 0.6141 0.3860 -0.6885
vn 0.8320 0.2076 -0.5145
vn 0.5202 0.3375 -0.7845
vn 0.6003 0.3043 -0.7396
vn 0.8547 -0.1832 0.4857
vn 0.9391 -0.1726 0.2972
vn 0.9984 -0.0043 0.0568
vn 0.9723 0.0907 -0.2153
vn 0.8981 0.1732 -0.4043
vn 0.5920 0.3864 -0.7072
vn 0.8188 0.2192 -0.5306
vn 0.4980 0.3414 -0.7971
vn 0.5862 0.2985 -0.7532
vn 0.9997 -0.0018 0.0239
vn 0.9644 0.1137 -0.2389
vn 0.8875 0.1758 -0.4260
vn 0.5627 0.3821 -0.7331
vn 0.8044 0.2310 -0.5474
vn 0.4743 0.3457 -0.8097
vn 0.5648 0.3145 -0.7630
vn 0.8750 0.1771 -0.4506
vn 0.5312 0.3800 -0.7572
vn 0.7869 0.2444 -0.5666
vn 0.4500 0.3500 -0.8216
vn 0.5387 0.3442 -0.7689
vn 0.3167 0.4013 -0.8595
vn -0.0000 0.3300 -0.9440
vn -0.0000 0.5585 -0.8295
vn 0.4082 -0.8754 0.2588
vn 0.3812 -0.7392 0.5552
vn 0.2810 -0.9597 -0.0001
vn 0.5767 -0.8170 -0.0000
vn 0.4082 -0.8754 -0.2588
vn 0.3468 -0.8127 0.4682
vn 0.4314 -0.9022 -0.0000
vn 0.2986 -0.9544 -0.0000
vn 0.1765 -0.4319 0.8845
vn -0.0038 0.0485 0.9988
vn -0.1906 0.5005 0.8445
vn -0.3469 0.7735 0.5304
vn -0.4055 0.9141 -0.0000
vn -0.5560 0.8312 -0.0000
vn 0.2342 -0.5520 0.8003
vn 0.0964 -0.2212 0.9705
vn -0.1439 0.3278 0.9337
vn 0.3220 -0.7645 0.5584
vn -0.3717 0.6796 0.6324
vn -0.3072 0.7304 0.6100
vn -0.3973 0.8504 0.3448
vn -0.3973 0.8504 -0.3448
vn -0.3381 0.9411 -0.0000
vn 0.1738 -0.4097 0.8955
vn -0.0520 0.1297 0.9902
vn -0.1996 0.5034 0.8407
vn 0.3852 -0.7139 0.5848
vn -0.3346 0.7752 0.5358
vn 0.5703 -0.8215 -0.0000
vn -0.4294 0.9031 -0.0000
vn -0.5605 0.8281 -0.0000
vn 0.2222 -0.5348 0.8152
vn 0.0741 -0.1982 0.9773
vn -0.1618 0.3608 0.9185
vn 0.3425 -0.8003 0.4922
vn 0.2965 -0.7569 0.5824
vn -0.3793 0.6847 0.6223
vn -0.3031 0.7429 0.5969
vn -0.4025 0.8624 0.3069
vn 0.4309 -0.9024 -0.0000
vn -0.4025 0.8624 -0.3069
vn -0.3271 0.9450 -0.0000
vn 0.1715 -0.3882 0.9055
vn -0.0593 0.1677 0.9841
vn -0.2105 0.5184 0.8288
vn 0.4076 -0.8740 0.2647
vn 0.3883 -0.6897 0.6112
vn -0.3385 0.7876 0.5148
vn 0.3140 -0.9494 -0.0000
vn 0.5648 -0.8252 -0.0000
vn 0.4076 -0.8740 -0.2647
vn -0.4301 0.9028 -0.0000
vn -0.5648 0.8252 -0.0000
vn 0.2105 -0.5184 0.8288
vn 0.0593 -0.1677 0.9841
vn -0.1715 0.3882 0.9055
vn 0.3385 -0.7876 0.5148
vn 0.3031 -0.7429 0.5969
vn -0.3883 0.6897 0.6112
vn -0.2965 0.7569 0.5824
vn -0.4076 0.8740 0.2647
vn 0.4301 -0.9028 -0.0000
vn -0.4076 0.8740 -0.2647
vn -0.3140 0.9494 -0.0000
vn 0.1618 -0.3608 0.9185
vn -0.0741 0.1982 0.9773
vn -0.2222 0.5348 0.8152
vn 0.4025 -0.8624 0.3069
vn 0.3793 -0.6847 0.6223
vn -0.3425 0.8003 0.4922
vn 0.3271 -0.9450 -0.0000
vn 0.5605 -0.8281 -0.0000
vn 0.4025 -0.8624 -0.3069
vn -0.4309 0.9024 -0.0000
vn -0.5703 0.8215 -0.0000
vn 0.1996 -0.5034 0.8407
vn 0.0520 -0.1297 0.9902
vn -0.1738 0.4097 0.8955
vn 0.3346 -0.7752 0.5358
vn 0.3072 -0.7304 0.6100
vn -0.3852 0.7139 0.5848
vn -0.3220 0.7645 0.5584
vn -0.4082 0.8754 0.2588
vn 0.4294 -0.9031 -0.0000
vn -0.4082 0.8754 -0.2588
vn -0.2986 0.9544 -0.0000
vn 0.3811 -0.7392 -0.5554
vn 0.3468 -0.8127 -0.4682
vn 0.1767 -0.4318 -0.8845
vn -0.0039 0.0484 -0.9988
vn -0.1906 0.5005 -0.8445
vn -0.3469 0.7735 -0.5304
vn 0.3220 -0.7645 -0.5584
vn 0.2342 -0.5520 -0.8003
vn 0.0964 -0.2212 -0.9705
vn -0.1439 0.3278 -0.9337
vn -0.3717 0.6796 -0.6324
vn -0.3072 0.7304 -0.6100
vn 0.3852 -0.7139 -0.5848
vn 0.1738 -0.4097 -0.8955
vn -0.0520 0.1297 -0.9902
vn -0.1996 0.5034 -0.8407
vn -0.3346 0.7752 -0.5358
vn 0.3425 -0.8003 -0.4922
vn 0.2965 -0.7569 -0.5824
vn 0.2222 -0.5348 -0.8152
vn 0.0741 -0.1982 -0.9773
vn -0.1618 0.3608 -0.9185
vn -0.3793 0.6847 -0.6223
vn -0.3031 0.7429 -0.5969
vn 0.3883 -0.6897 -0.6112
vn 0.1715 -0.3882 -0.9055
vn -0.0593 0.1677 -0.9841
vn -0.2105 0.5184 -0.8288
vn -0.3385 0.7876 -0.5148
vn 0.3385 -0.7876 -0.5148
vn 0.3031 -0.7429 -0.5969
vn 0.2105 -0.5184 -0.8288
vn 0.0593 -0.1677 -0.9841
vn -0.1715 0.3882 -0.9055
vn -0.3883 0.6897 -0.6112
vn -0.2965 0.7569 -0.5824
vn 0.3793 -0.6847 -0.6223
vn 0.1618 -0.3608 -0.9185
vn -0.0741 0.1982 -0.9773
vn -0.2222 0.5348 -0.8152
vn -0.3425 0.8003 -0.4922
vn 0.3346 -0.7752 -0.5358
vn 0.3072 -0.7304 -0.6100
vn 0.1996 -0.5034 -0.8407
vn 0.0520 -0.1297 -0.9902
vn -0.1738 0.4097 -0.8955
vn -0.3852 0.7139 -0.5848
vn -0.3220 0.7645 -0.5584
vn 0.1439 -0.3278 0.9337
vn -0.0964 0.2212 0.9705
vn -0.2342 0.5520 0.8003
vn 0.3973 -0.8504 0.3448
vn 0.3717 -0.6796 0.6324
vn -0.3468 0.8127 0.4682
vn 0.3381 -0.9411 -0.0000
vn 0.5560 -0.8312 -0.0000
vn 0.3973 -0.8504 -0.3448
vn -0.4314 0.9022 -0.0000
vn -0.5767 0.8170 -0.0000
vn 0.1906 -0.5005 0.8445
vn 0.0037 -0.0486 0.9988
vn -0.1765 0.4318 0.8846
vn 0.3469 -0.7735 0.5305
vn -0.3812 0.7392 0.5552
vn -0.3514 0.7703 0.5321
vn 0.4055 -0.9141 -0.0000
vn -0.2811 0.9597 -0.0000
vn 0.2796 -0.6157 0.7367
vn 0.1661 -0.2910 0.9422
vn -0.1194 0.2448 0.9622
vn -0.2480 0.5717 0.7821
vn 0.3524 -0.8270 0.4381
vn 0.4301 -0.7546 0.4956
vn -0.3511 0.8244 0.4439
vn 0.4222 -0.9065 -0.0000
vn 0.4202 -0.9074 -0.0000
vn -0.4317 0.9020 -0.0000
vn 0.1825 -0.4789 0.8587
vn 0.0012 -0.0153 0.9999
vn -0.1794 0.4555 0.8720
vn 0.3471 -0.7864 0.5109
vn -0.3781 0.7623 0.5254
vn 0.4240 -0.9057 -0.0000
vn 0.2623 -0.5916 0.7624
vn 0.1423 -0.2675 0.9530
vn -0.1436 0.2682 0.9526
vn 0.3652 -0.8212 0.4385
vn 0.3768 -0.7749 0.5075
vn 0.4012 -0.9160 -0.0000
vn 0.1810 -0.4574 0.8707
vn 0.0200 0.0432 0.9989
vn 0.4086 -0.8762 0.2556
vn 0.3761 -0.7625 0.5264
vn 0.9518 0.2884 0.1046
vn 0.2648 -0.9643 -0.0000
vn 0.5853 -0.8108 -0.0000
vn 0.4086 -0.8762 -0.2556
vn 0.9063 0.4226 -0.0000
vn 0.2964 -0.5521 0.7793
vn 0.3283 -0.8233 0.4630
vn 0.9907 -0.0862 0.1056
vn 0.8113 0.5578 0.1750
vn 0.4584 -0.8888 -0.0000
vn 0.9887 0.1501 -0.0000
vn 0.3717 -0.6796 -0.6324
vn 0.1439 -0.3278 -0.9337
vn -0.0964 0.2212 -0.9705
vn -0.2342 0.5520 -0.8003
vn -0.3468 0.8127 -0.4682
vn 0.3469 -0.7735 -0.5305
vn 0.1906 -0.5005 -0.8445
vn 0.0037 -0.0486 -0.9988
vn -0.1765 0.4318 -0.8846
vn -0.3812 0.7392 -0.5552
vn -0.3514 0.7703 -0.5321
vn 0.3524 -0.8270 -0.4381
vn 0.4301 -0.7546 -0.4956
vn 0.2796 -0.6157 -0.7367
vn 0.1661 -0.2910 -0.9422
vn -0.1194 0.2448 -0.9622
vn -0.2480 0.5717 -0.7821
vn -0.3511 0.8244 -0.4438
vn 0.3471 -0.7864 -0.5109
vn 0.1825 -0.4789 -0.8587
vn 0.0012 -0.0153 -0.9999
vn -0.1794 0.4555 -0.8720
vn -0.3781 0.7623 -0.5254
vn 0.3652 -0.8212 -0.4385
vn 0.3768 -0.7749 -0.5075
vn 0.2623 -0.5916 -0.7624
vn 0.1423 -0.2675 -0.9530
vn -0.1436 0.2682 -0.9526
vn 0.3761 -0.7625 -0.5264
vn 0.1810 -0.4574 -0.8707
vn 0.9518 0.2884 -0.1046
vn 0.0200 0.0432 -0.9989
vn 0.3283 -0.8233 -0.4630
vn 0.9907 -0.0862 -0.1056
vn 0.2964 -0.5521 -0.7793
vn 0.8113 0.5578 -0.1750
vn 0.9528 0.3037 -0.0000
vn -0.0000 0.3037 -0.9528
vn 0.9917 0.1286 -0.0000
vn -0.0000 0.1286 -0.9917
vn 0.4135 0.4336 -0.8006
vn -0.0000 0.2972 -0.9548
vn -0.0000 0.6726 -0.7400
vn -0.0000 0.2952 -0.9554
vn -0.0000 0.5628 -0.8266
vn -0.0000 0.5635 0.8261
vn -0.0000 0.4399 0.8981
vn -0.0000 0.6989 0.7152
vn -0.0000 0.5905 0.8070
vn -0.0000 0.9173 0.3982
vn 0.9066 0.4220 -0.0000
vn 0.9548 0.2972 -0.0000
vn 0.8006 0.4336 -0.4135
vn 0.7400 0.6726 -0.0000
vn 0.7652 0.4282 -0.4807
vn 0.4802 0.4283 -0.7655
vn 0.7913 0.3827 -0.4768
vn 0.4768 0.3827 -0.7913
vn 0.6446 0.4109 -0.6446
vn 0.3008 0.5153 0.8025
vn 0.6327 0.4515 0.6292
vn 0.3555 0.5917 0.7235
vn 0.3523 0.4890 0.7980
vn 0.6671 0.4353 0.6046
vn 0.5536 0.5153 0.6542
vn 0.1715 0.8681 0.4657
vn 0.9574 0.2888 -0.0000
vn 0.8260 0.5636 -0.0000
vn 0.9018 0.2195 0.3723
vn 0.7088 0.4052 0.5774
vn 0.7091 0.4037 0.5781
vn 0.7427 0.5817 0.3316
vn 0.9794 0.1081 0.1705
vn 0.9327 0.2500 0.2601
vn 0.6144 0.4183 0.6689
vn 0.1113 0.7143 -0.6909
vn 0.9924 -0.0483 -0.1133
vn 0.8898 0.4235 -0.1699
vn 0.0570 0.7863 -0.6153
vn 0.9192 -0.1991 -0.3397
vn 0.4829 0.2053 -0.8513
vn 0.0498 0.8435 -0.5347
vn -0.5755 0.8178 -0.0000
vn -0.3784 0.7747 0.5066
vn -0.4091 0.8774 0.2505
vn -0.4091 0.8774 -0.2505
vn -0.2672 0.9636 -0.0000
vn -0.2658 0.5970 0.7569
vn -0.3657 0.8189 0.4423
vn -0.3941 0.9191 -0.0000
vn -0.1771 0.4967 0.8496
vn 0.8867 0.4612 0.0321
vn -0.0569 0.9452 0.3214
vn 0.1720 0.9851 -0.0000
vn -0.3784 0.7747 -0.5066
vn -0.2658 0.5970 -0.7569
vn -0.3657 0.8189 -0.4423
vn 0.8867 0.4612 -0.0321
vn -0.1771 0.4967 -0.8496
vn -0.0569 0.9452 -0.3214
vt 0.042587 0.146971
vt 0.559113 0.148756
vt 0.560785 0.122030
vt 0.544093 0.112631
vt 0.027171 0.215668
vt 0.556366 0.216900
vt 0.054141 0.224714
vt 0.057168 0.173936
vt 0.087857 0.087857
vt 0.594780 0.094780
vt 0.622030 0.060785
vt 0.612631 0.044093
vt 0.579429 0.147681
vt 0.059575 0.129170
vt 0.073605 0.152332
vt 0.110951 0.110951
vt 0.108391 0.155471
vt 0.123076 0.123076
vt 0.580684 0.217413
vt 0.067241 0.209172
vt 0.081314 0.225673
vt 0.062259 0.250059
vt 0.118237 0.222586
vt 0.120154 0.179450
vt 0.146971 0.042587
vt 0.648756 0.059113
vt 0.647624 0.079372
vt 0.129170 0.059575
vt 0.152332 0.073605
vt 0.173936 0.057168
vt 0.155471 0.108391
vt 0.647615 0.147733
vt 0.137830 0.137830
vt 0.155564 0.155564
vt 0.179450 0.120154
vt 0.649201 0.219904
vt 0.133793 0.205135
vt 0.215668 0.027171
vt 0.716563 0.055725
vt 0.224715 0.054141
vt 0.715839 0.079263
vt 0.209172 0.067241
vt 0.225673 0.081314
vt 0.250059 0.062259
vt 0.222586 0.118237
vt 0.715938 0.147969
vt 0.205135 0.133793
vt 0.469090 0.516372
vt 0.430371 0.511533
vt 0.642308 0.040153
vt 0.704002 0.043673
vt 0.716845 0.223146
vt 0.147264 0.222653
vt 0.176449 0.176449
vt 0.128886 0.244330
vt 0.181048 0.222980
vt 0.189598 0.189598
vt 0.222653 0.147264
vt 0.244330 0.128886
vt 0.222980 0.181048
vt 0.204856 0.204856
vt 0.219815 0.219815
vt 0.245842 0.193313
vt 0.193313 0.245842
vt 0.112529 0.176838
vt 0.302438 0.996223
vt 0.352498 0.994195
vt 0.090166 0.089706
vt 0.112529 0.323162
vt 0.197563 0.996223
vt 0.434245 0.994897
vt 0.365640 0.982842
vt 0.289062 0.975999
vt 0.189398 0.181927
vt 0.276413 0.179745
vt 0.303646 0.028069
vt 0.210938 0.975999
vt 0.250432 0.963815
vt 0.249569 0.963815
vt 0.189398 0.318073
vt 0.276413 0.320255
vt 0.479340 0.967675
vt 0.382194 0.956031
vt 0.571320 0.978090
vt 0.314262 0.959159
vt 0.288864 0.950184
vt 0.349685 0.942547
vt 0.211136 0.950184
vt 0.185739 0.959159
vt 0.430377 0.935052
vt 0.364115 0.928166
vt 0.521044 0.945540
vt 0.617736 0.957648
vt 0.298918 0.924347
vt 0.201083 0.924347
vt 0.473471 0.912411
vt 0.378758 0.899851
vt 0.563563 0.922889
vt 0.632649 0.930144
vt 0.298403 0.903405
vt 0.299026 0.889519
vt 0.346763 0.885718
vt 0.711975 0.937572
vt 0.686376 0.954712
vt 0.201597 0.903405
vt 0.200974 0.889520
vt 0.423541 0.879161
vt 0.360134 0.872618
vt 0.515079 0.889670
vt 0.614060 0.901258
vt 0.648086 0.914515
vt 0.299173 0.869178
vt 0.678991 0.897975
vt 0.706987 0.907560
vt 0.200827 0.869178
vt 0.793013 0.907560
vt 0.788025 0.937572
vt 0.467363 0.856576
vt 0.383207 0.847302
vt 0.557161 0.867006
vt 0.629400 0.874648
vt 0.307373 0.842887
vt 0.707334 0.881499
vt 0.742859 0.893383
vt 0.192627 0.842887
vt 0.216705 0.833490
vt 0.283295 0.833490
vt 0.792666 0.881499
vt 0.757141 0.893383
vt 0.821009 0.897975
vt 0.090166 0.410294
vt 0.147502 0.994195
vt 0.134361 0.982842
vt 0.065755 0.994897
vt 0.303646 0.471930
vt 0.117806 0.956031
vt 0.150315 0.942547
vt 0.020660 0.967675
vt 0.928680 0.978090
vt 0.135885 0.928166
vt 0.069624 0.935052
vt 0.978956 0.945540
vt 0.882264 0.957648
vt 0.121243 0.899851
vt 0.153238 0.885718
vt 0.026529 0.912411
vt 0.936437 0.922889
vt 0.867351 0.930144
vt 0.813624 0.954712
vt 0.139867 0.872618
vt 0.076459 0.879161
vt 0.984921 0.889670
vt 0.885940 0.901258
vt 0.851914 0.914515
vt 0.116794 0.847302
vt 0.032637 0.856576
vt 0.942839 0.867006
vt 0.870600 0.874648
vt 0.235125 0.663314
vt 0.202500 0.648630
vt 0.297500 0.648630
vt 0.264875 0.663314
vt 0.292666 0.618501
vt 0.370601 0.625352
vt 0.354158 0.642354
vt 0.207334 0.618501
vt 0.242859 0.606617
vt 0.257141 0.606617
vt 0.509234 0.833819
vt 0.400964 0.824414
vt 0.610427 0.844835
vt 0.645842 0.857646
vt 0.344042 0.829062
vt 0.308236 0.817081
vt 0.360448 0.812815
vt 0.672142 0.841193
vt 0.702500 0.851370
vt 0.191765 0.817081
vt 0.155959 0.829063
vt 0.797500 0.851370
vt 0.461309 0.800650
vt 0.379931 0.791804
vt 0.551158 0.811102
vt 0.626250 0.819164
vt 0.304469 0.786741
vt 0.702977 0.825428
vt 0.735125 0.836686
vt 0.195531 0.786741
vt 0.221978 0.776778
vt 0.278023 0.776778
vt 0.797023 0.825428
vt 0.764875 0.836686
vt 0.827857 0.841193
vt 0.503099 0.777940
vt 0.397036 0.768015
vt 0.606775 0.788401
vt 0.643694 0.800772
vt 0.339400 0.772348
vt 0.305160 0.760973
vt 0.358403 0.756044
vt 0.665915 0.784398
vt 0.698365 0.795170
vt 0.194840 0.760973
vt 0.160601 0.772348
vt 0.801636 0.795170
vt 0.455094 0.744774
vt 0.376832 0.736316
vt 0.544906 0.755226
vt 0.623168 0.763684
vt 0.301003 0.730654
vt 0.698998 0.769346
vt 0.728040 0.779936
vt 0.198998 0.730654
vt 0.228040 0.720064
vt 0.271960 0.720064
vt 0.801002 0.769346
vt 0.771960 0.779936
vt 0.834084 0.784398
vt 0.496901 0.722060
vt 0.393225 0.711599
vt 0.602964 0.731985
vt 0.641597 0.743956
vt 0.334085 0.715602
vt 0.301636 0.704830
vt 0.356306 0.699227
vt 0.660601 0.727652
vt 0.694840 0.739027
vt 0.198365 0.704830
vt 0.165916 0.715602
vt 0.805160 0.739027
vt 0.448842 0.688898
vt 0.373750 0.680836
vt 0.538691 0.699350
vt 0.620069 0.708196
vt 0.297023 0.674572
vt 0.695531 0.713259
vt 0.721978 0.723222
vt 0.202977 0.674572
vt 0.804469 0.713259
vt 0.778022 0.723222
vt 0.839399 0.727652
vt 0.490767 0.666181
vt 0.389573 0.655165
vt 0.599036 0.675586
vt 0.639552 0.687185
vt 0.327858 0.658807
vt 0.655958 0.670937
vt 0.691764 0.682918
vt 0.172142 0.658807
vt 0.808235 0.682918
vt 0.442839 0.632994
vt 0.532637 0.643424
vt 0.616794 0.652698
vt 0.692627 0.657113
vt 0.716705 0.666510
vt 0.807373 0.657113
vt 0.783295 0.666510
vt 0.844042 0.670937
vt 0.145842 0.642354
vt 0.129400 0.625352
vt 0.099036 0.824414
vt 0.139552 0.812815
vt 0.990766 0.833819
vt 0.889573 0.844835
vt 0.854158 0.857646
vt 0.120069 0.791804
vt 0.038691 0.800650
vt 0.948842 0.811102
vt 0.873750 0.819164
vt 0.102964 0.768015
vt 0.141597 0.756044
vt 0.996901 0.777940
vt 0.893225 0.788401
vt 0.856306 0.800772
vt 0.123168 0.736316
vt 0.044906 0.744774
vt 0.955094 0.755226
vt 0.876832 0.763684
vt 0.106775 0.711599
vt 0.143694 0.699228
vt 0.003099 0.722060
vt 0.897036 0.731985
vt 0.858403 0.743956
vt 0.126250 0.680836
vt 0.051158 0.688898
vt 0.961309 0.699350
vt 0.879931 0.708196
vt 0.110427 0.655165
vt 0.009234 0.666181
vt 0.900964 0.675586
vt 0.860448 0.687185
vt 0.057161 0.632994
vt 0.967363 0.643424
vt 0.883206 0.652698
vt 0.155069 0.541049
vt 0.146938 0.512655
vt 0.553243 0.366660
vt 0.205296 0.510049
vt 0.165803 0.514938
vt 0.166639 0.454727
vt 0.180866 0.481631
vt 0.180537 0.491143
vt 0.540398 0.223186
vt 0.610757 0.236309
vt 0.610615 0.168338
vt 0.565073 0.171728
vt 0.612265 0.307203
vt 0.611994 0.359440
vt 0.104632 0.511080
vt 0.121953 0.538425
vt 0.091756 0.566089
vt 0.071375 0.532407
vt 0.136911 0.567472
vt 0.195892 0.516545
vt 0.196549 0.454671
vt 0.182995 0.435985
vt 0.189838 0.372559
vt 0.207341 0.402507
vt 0.167399 0.395547
vt 0.182017 0.536181
vt 0.702034 0.238062
vt 0.702685 0.165653
vt 0.702204 0.306298
vt 0.703767 0.361111
vt 0.712828 0.464332
vt 0.021438 0.524491
vt 0.995773 0.502869
vt 0.988310 0.522704
vt 0.026247 0.566376
vt 0.051670 0.600169
vt 0.929305 0.659396
vt 0.234224 0.457665
vt 0.232830 0.391413
vt 0.233087 0.526644
vt 0.247682 0.499358
vt 0.231971 0.354540
vt 0.198814 0.326789
vt 0.230203 0.319125
vt 0.027171 0.284332
vt 0.560204 0.284802
vt 0.054155 0.275310
vt 0.062259 0.249941
vt 0.042613 0.353088
vt 0.571190 0.352787
vt 0.057234 0.326226
vt 0.544093 0.387380
vt 0.588151 0.372118
vt 0.586823 0.289621
vt 0.081310 0.274343
vt 0.067255 0.290889
vt 0.118237 0.277414
vt 0.294887 0.526407
vt 0.335568 0.507028
vt 0.336213 0.561312
vt 0.357770 0.536860
vt 0.636341 0.382483
vt 0.073479 0.347769
vt 0.059693 0.371069
vt 0.108451 0.344637
vt 0.120154 0.320550
vt 0.243606 0.551079
vt 0.278234 0.586345
vt 0.316754 0.623729
vt 0.358014 0.607095
vt 0.394896 0.664738
vt 0.092055 0.413215
vt 0.112949 0.392248
vt 0.123861 0.378103
vt 0.193805 0.575609
vt 0.229032 0.611619
vt 0.264877 0.648271
vt 0.301411 0.683926
vt 0.346301 0.719333
vt 0.148918 0.595789
vt 0.168549 0.636180
vt 0.214474 0.673565
vt 0.248674 0.709899
vt 0.283398 0.746330
vt 0.320039 0.782827
vt 0.361036 0.763994
vt 0.353181 0.816673
vt 0.368625 0.788036
vt 0.158650 0.699660
vt 0.143461 0.662140
vt 0.199201 0.735394
vt 0.233790 0.771866
vt 0.268463 0.808357
vt 0.303318 0.844757
vt 0.342799 0.880142
vt 0.361899 0.853004
vt 0.148606 0.763151
vt 0.138820 0.726652
vt 0.183212 0.797293
vt 0.219377 0.833744
vt 0.253809 0.870176
vt 0.288018 0.906426
vt 0.143707 0.815357
vt 0.133249 0.791211
vt 0.162350 0.859359
vt 0.204506 0.895624
vt 0.238786 0.931363
vt 0.609538 0.097143
vt 0.400712 0.537481
vt 0.681179 0.332116
vt 0.371669 0.564901
vt 0.391429 0.594299
vt 0.429008 0.583677
vt 0.427038 0.646305
vt 0.155603 0.344527
vt 0.138021 0.362464
vt 0.133793 0.294865
vt 0.154595 0.430229
vt 0.140870 0.446083
vt 0.165554 0.404805
vt 0.179991 0.380410
vt 0.386128 0.718289
vt 0.398969 0.748623
vt 0.416848 0.789125
vt 0.116410 0.608935
vt 0.129741 0.632059
vt 0.385702 0.818429
vt 0.405882 0.854605
vt 0.435921 0.825697
vt 0.059503 0.630186
vt 0.108046 0.660124
vt 0.121751 0.696089
vt 0.376945 0.883103
vt 0.083779 0.668997
vt 0.237651 0.599083
vt 0.090280 0.724453
vt 0.113792 0.760936
vt 0.185946 0.586449
vt 0.165377 0.585878
vt 0.200805 0.657514
vt 0.169787 0.628225
vt 0.091331 0.782079
vt 0.072273 0.720527
vt 0.099788 0.826329
vt 0.126889 0.855884
vt 0.703910 0.107557
vt 0.470647 0.538875
vt 0.471366 0.576876
vt 0.728465 0.357790
vt 0.222889 0.382481
vt 0.222888 0.420424
vt 0.205196 0.366266
vt 0.472029 0.785073
vt 0.470470 0.828317
vt 0.470618 0.855837
vt 0.062398 0.599084
vt 0.214706 0.567982
vt 0.024397 0.724872
vt 0.060577 0.690573
vt 0.246038 0.672630
vt 0.060577 0.707402
vt 0.027552 0.786196
vt 0.033333 0.743475
vt 0.052416 0.817411
vt 0.321010 0.602025
vt 0.293012 0.592440
vt 0.351915 0.585485
vt 0.385906 0.598745
vt 0.206924 0.592429
vt 0.178991 0.602025
vt 0.436708 0.576954
vt 0.367889 0.569753
vt 0.288113 0.562415
vt 0.210993 0.562270
vt 0.250494 0.549867
vt 0.248544 0.549918
vt 0.483983 0.552993
vt 0.388301 0.541487
vt 0.313900 0.545286
vt 0.288552 0.535781
vt 0.353962 0.527145
vt 0.206998 0.535652
vt 0.183342 0.545222
vt 0.065116 0.517450
vt 0.067114 0.446783
vt 0.079115 0.468313
vt 0.078832 0.517334
vt 0.044840 0.451345
vt 0.048155 0.391355
vt 0.063540 0.403813
vt 0.042834 0.517167
vt 0.452186 0.520587
vt 0.025103 0.393558
vt 0.524585 0.531695
vt 0.298598 0.508725
vt 0.010346 0.343100
vt 0.023928 0.344038
vt 0.188758 0.508096
vt 0.988650 0.344062
vt 0.109186 0.448415
vt 0.116365 0.379222
vt 0.130261 0.406464
vt 0.129462 0.448877
vt 0.107479 0.517198
vt 0.129484 0.517063
vt 0.092946 0.375982
vt 0.102326 0.323050
vt 0.115917 0.337274
vt 0.086569 0.447002
vt 0.088783 0.517140
vt 0.071755 0.378389
vt 0.080928 0.306708
vt 0.076123 0.422820
vt 0.050961 0.353651
vt 0.061131 0.288838
vt 0.033025 0.305637
vt 0.039592 0.244102
vt 0.058699 0.249621
vt 0.037149 0.346999
vt 0.012717 0.292208
vt 0.014482 0.240373
vt 0.987881 0.293206
vt 0.986207 0.241449
vt 0.142180 0.449029
vt 0.147578 0.373684
vt 0.141843 0.516861
vt 0.129754 0.357310
vt 0.136624 0.302187
vt 0.156646 0.325060
vt 0.116808 0.281871
vt 0.132273 0.244384
vt 0.146908 0.253984
vt 0.091514 0.264239
vt 0.105002 0.226093
vt 0.076187 0.257517
vt 0.078059 0.219899
vt 0.048391 0.193247
vt 0.016945 0.185228
vt 0.983212 0.186170
vt 0.174715 0.347700
vt 0.184749 0.298621
vt 0.168450 0.269382
vt 0.176280 0.243394
vt 0.198903 0.254386
vt 0.160575 0.208002
vt 0.144432 0.164899
vt 0.108817 0.150344
vt 0.135847 0.123300
vt 0.159927 0.134348
vt 0.066871 0.141533
vt 0.087045 0.108890
vt 0.023685 0.137918
vt 0.032556 0.102608
vt 0.980954 0.138101
vt 0.976219 0.102617
vt 0.229562 0.276734
vt 0.225621 0.249850
vt 0.225602 0.219871
vt 0.218917 0.175529
vt 0.211238 0.142999
vt 0.204101 0.123097
vt 0.193061 0.098746
vt 0.159694 0.064939
vt 0.076026 0.039402
vt 0.923975 0.039403
vt 0.484861 0.610345
vt 0.576446 0.620860
vt 0.639887 0.627398
vt 0.700827 0.630822
vt 0.799173 0.630822
vt 0.526488 0.587465
vt 0.621132 0.600075
vt 0.653327 0.614335
vt 0.701432 0.596528
vt 0.700999 0.610531
vt 0.798568 0.596528
vt 0.799001 0.610531
vt 0.570591 0.563605
vt 0.637408 0.570023
vt 0.701435 0.574116
vt 0.798565 0.574116
vt 0.065319 0.582284
vt 0.078007 0.555918
vt 0.045183 0.583455
vt 0.048521 0.627978
vt 0.059634 0.621607
vt 0.607916 0.533904
vt 0.020665 0.607890
vt 0.712619 0.536471
vt 0.787381 0.536471
vt 0.115413 0.592709
vt 0.129352 0.573238
vt 0.086987 0.582090
vt 0.098826 0.665095
vt 0.115853 0.638138
vt 0.072321 0.602402
vt 0.071428 0.653583
vt 0.083161 0.712427
vt 0.098264 0.704550
vt 0.052741 0.668652
vt 0.060044 0.724723
vt 0.030919 0.676982
vt 0.035706 0.731098
vt 0.009671 0.680408
vt 0.010793 0.732351
vt 0.989698 0.680408
vt 0.987308 0.732351
vt 0.140423 0.592263
vt 0.155463 0.658571
vt 0.152169 0.922821
vt 0.140867 0.885986
vt 0.188140 0.956227
vt 0.129468 0.618421
vt 0.129402 0.662492
vt 0.146395 0.714510
vt 0.160244 0.700272
vt 0.148689 0.972678
vt 0.135854 0.949771
vt 0.113591 0.690236
vt 0.116691 0.729036
vt 0.102228 0.768122
vt 0.070355 0.773669
vt 0.085540 0.812918
vt 0.106796 0.803734
vt 0.042700 0.783170
vt 0.052281 0.823906
vt 0.012819 0.786109
vt 0.016365 0.827311
vt 0.983684 0.786109
vt 0.979948 0.827311
vt 0.180396 0.681725
vt 0.189031 0.711550
vt 0.098615 0.884332
vt 0.077560 0.848022
vt 0.119032 0.920382
vt 0.174717 0.751400
vt 0.089241 0.948304
vt 0.069146 0.912882
vt 0.096791 0.990228
vt 0.158464 0.786890
vt 0.061761 0.980250
vt 0.058413 0.974143
vt 0.128283 0.793186
vt 0.136126 0.824100
vt 0.169295 0.809307
vt 0.110865 0.856703
vt 0.075560 0.879060
vt 0.023752 0.891939
vt 0.969605 0.891939
vt 0.237373 0.730548
vt 0.032362 0.840913
vt 0.014064 0.807015
vt 0.029420 0.882278
vt 0.211249 0.777433
vt 0.235808 0.782579
vt 0.251244 0.757606
vt 0.029516 0.909358
vt 0.029684 0.948096
vt 0.194088 0.794124
vt 0.211566 0.818572
vt 0.030436 0.971522
vt 0.033283 0.994020
vt 0.204990 0.430947
vt 0.205627 0.864886
vt 0.187608 0.901637
vt 0.158321 0.935253
vt 0.076112 0.960774
vt 0.923888 0.960774
vt 0.276101 0.541314
vt 0.275889 0.515361
vt 0.323057 0.521222
vt 0.324928 0.541638
vt 0.275962 0.577273
vt 0.325459 0.577273
vt 0.275962 0.613636
vt 0.325459 0.613636
vt 0.275962 0.650000
vt 0.325459 0.650000
vt 0.275962 0.686364
vt 0.325459 0.686364
vt 0.275962 0.722727
vt 0.325459 0.722727
vt 0.275962 0.759091
vt 0.325459 0.759091
vt 0.201820 0.541828
vt 0.209682 0.517334
vt 0.200405 0.577273
vt 0.200405 0.613636
vt 0.200405 0.650000
vt 0.200405 0.686364
vt 0.200405 0.722727
vt 0.200405 0.759091
vt 0.391352 0.541837
vt 0.377203 0.509576
vt 0.392293 0.577273
vt 0.392293 0.613636
vt 0.392293 0.650000
vt 0.392293 0.686364
vt 0.392293 0.722727
vt 0.392293 0.759091
vt 0.599083 0.213263
vt 0.569781 0.383056
vt 0.146902 0.542044
vt 0.146585 0.577273
vt 0.146585 0.613636
vt 0.146585 0.650000
vt 0.146585 0.686364
vt 0.146585 0.722727
vt 0.146585 0.759091
vt 0.082931 0.541744
vt 0.075859 0.514232
vt 0.083568 0.577273
vt 0.083568 0.613636
vt 0.083568 0.650000
vt 0.083568 0.686364
vt 0.083568 0.722727
vt 0.083568 0.759091
vt 0.500000 0.542098
vt 0.750000 0.026922
vt 0.500000 0.577273
vt 0.500000 0.613636
vt 0.500000 0.650000
vt 0.500000 0.686364
vt 0.500000 0.722727
vt 0.500000 0.759091
vt 0.750000 0.217704
vt 0.750000 0.356199
vt 0.000000 0.506360
vt 0.000000 0.541475
vt 1.000000 0.577273
vt 0.000000 0.613636
vt 0.000000 0.650000
vt 0.000000 0.686364
vt 1.000000 0.722727
vt 0.000000 0.759091
vt 0.608649 0.541837
vt 0.622798 0.509576
vt 0.607708 0.577273
vt 0.607708 0.613636
vt 0.607708 0.650000
vt 0.607708 0.686364
vt 0.607708 0.722727
vt 0.607708 0.759091
vt 0.900917 0.213263
vt 0.930219 0.383056
vt 0.924141 0.514232
vt 0.917069 0.541744
vt 0.853098 0.542044
vt 0.916432 0.577273
vt 0.853415 0.577273
vt 0.916432 0.613636
vt 0.853415 0.613636
vt 0.916432 0.650000
vt 0.853415 0.650000
vt 0.916432 0.686364
vt 0.853415 0.686364
vt 0.916432 0.722727
vt 0.853415 0.722727
vt 0.916432 0.759091
vt 0.853415 0.759091
vt 0.675072 0.541638
vt 0.676943 0.521222
vt 0.674541 0.577273
vt 0.674541 0.613636
vt 0.674542 0.650000
vt 0.674541 0.686364
vt 0.674541 0.722727
vt 0.674541 0.759091
vt 0.724111 0.515361
vt 0.723899 0.541314
vt 0.724038 0.577273
vt 0.724039 0.613636
vt 0.724039 0.650000
vt 0.724039 0.686364
vt 0.724039 0.722727
vt 0.724039 0.759091
vt 0.790318 0.517334
vt 0.798180 0.541828
vt 0.799595 0.577273
vt 0.799595 0.613636
vt 0.799595 0.650000
vt 0.799595 0.686364
vt 0.799595 0.722727
vt 0.799595 0.759091
vt 0.114002 0.598669
vt 0.147534 0.585372
vt 0.127848 0.569224
vt 0.062380 0.576495
vt 0.275962 0.795454
vt 0.325459 0.795455
vt 0.275962 0.831818
vt 0.325459 0.831818
vt 0.275962 0.868182
vt 0.325459 0.868182
vt 0.275962 0.904545
vt 0.325586 0.904577
vt 0.275962 0.940909
vt 0.326131 0.941037
vt 0.276123 0.976759
vt 0.326882 0.976730
vt 0.277462 0.994943
vt 0.327997 0.992332
vt 0.200405 0.795454
vt 0.200405 0.831818
vt 0.200405 0.868182
vt 0.200405 0.904545
vt 0.200405 0.940909
vt 0.201942 0.976071
vt 0.209531 0.993754
vt 0.087684 0.537220
vt 0.963635 0.424585
vt 0.018125 0.548279
vt 0.392293 0.795455
vt 0.392293 0.831818
vt 0.392412 0.868224
vt 0.393297 0.904813
vt 0.410508 0.943175
vt 0.397825 0.978031
vt 0.478428 0.960388
vt 0.188310 0.045277
vt 0.039956 0.521019
vt 0.104982 0.208176
vt 0.146585 0.795455
vt 0.146585 0.831818
vt 0.146585 0.868182
vt 0.146585 0.904545
vt 0.146585 0.940909
vt 0.146869 0.975811
vt 0.097007 0.363312
vt 0.083568 0.795455
vt 0.083628 0.831801
vt 0.083809 0.868147
vt 0.083956 0.904538
vt 0.083882 0.940937
vt 0.082905 0.976263
vt 0.075242 0.998610
vt 0.968171 0.401694
vt 0.948323 0.347132
vt 0.500000 0.795455
vt 0.500081 0.831848
vt 0.500830 0.868509
vt 0.499930 0.904385
vt 0.471763 0.933614
vt 0.548289 0.923801
vt 0.960882 0.502271
vt 0.955068 0.421548
vt 0.967265 0.533998
vt 0.316539 0.190193
vt 0.934988 0.509703
vt 0.315000 0.338046
vt 0.916381 0.503588
vt 0.000000 0.795455
vt 0.000064 0.831767
vt 0.000196 0.868100
vt 0.999936 0.904626
vt 0.998379 0.941347
vt 0.995392 0.977129
vt 0.329937 0.386009
vt 0.907265 0.472379
vt 0.966896 0.297824
vt 0.951945 0.270150
vt 0.607708 0.795455
vt 0.608007 0.831954
vt 0.608233 0.869556
vt 0.612807 0.906129
vt 0.916432 0.795454
vt 0.853415 0.795455
vt 0.916299 0.831772
vt 0.853078 0.831858
vt 0.915776 0.868198
vt 0.853230 0.868878
vt 0.909126 0.905100
vt 0.850216 0.907103
vt 0.867954 0.945439
vt 0.831383 0.933516
vt 0.891769 0.382073
vt 0.893582 0.442859
vt 0.895999 0.510502
vt 0.909490 0.530573
vt 0.871377 0.448111
vt 0.872257 0.403282
vt 0.870535 0.516451
vt 0.950643 0.196277
vt 0.674542 0.795455
vt 0.675219 0.832376
vt 0.681197 0.873477
vt 0.921602 0.245278
vt 0.724039 0.795454
vt 0.723706 0.832353
vt 0.722105 0.872882
vt 0.923163 0.294184
vt 0.799595 0.795455
vt 0.798888 0.832101
vt 0.796070 0.870490
vt 0.918183 0.304749
vt 0.902088 0.302829
vt 0.868910 0.303976
vt 0.864667 0.265429
vt 0.871997 0.357888
vt 0.852859 0.372821
vt 0.845300 0.325654
vt 0.857816 0.448956
vt 0.858034 0.516765
vt 0.833695 0.454685
vt 0.833690 0.395506
vt 0.834074 0.514824
vt 0.819982 0.491020
vt 0.819771 0.481433
vt 0.938227 0.143320
vt 0.919316 0.109241
vt 0.895537 0.154264
vt 0.866070 0.124650
vt 0.863067 0.168223
vt 0.844685 0.135546
vt 0.844088 0.208827
vt 0.825886 0.243772
vt 0.835185 0.270041
vt 0.817159 0.298681
vt 0.801306 0.254385
vt 0.827594 0.347738
vt 0.810390 0.372520
vt 0.801318 0.326789
vt 0.817168 0.435893
vt 0.804615 0.453486
vt 0.793359 0.401775
vt 0.806377 0.515248
vt 0.818695 0.535099
vt 0.842210 0.064949
vt 0.813697 0.098770
vt 0.796884 0.123197
vt 0.792502 0.143055
vt 0.784223 0.175505
vt 0.779603 0.219858
vt 0.774410 0.249848
vt 0.774032 0.276734
vt 0.770386 0.319125
vt 0.769689 0.354448
vt 0.768145 0.389906
vt 0.762878 0.457681
vt 0.762612 0.509307
vt 0.015190 0.610308
vt 0.923554 0.620859
vt 0.860113 0.627398
vt 0.973880 0.587348
vt 0.878868 0.600075
vt 0.846673 0.614335
vt 0.930272 0.563445
vt 0.862591 0.570023
vt 0.896801 0.534294
vt 0.978492 0.607890
vt 0.954631 0.582408
vt 0.951331 0.627978
vt 0.933832 0.581591
vt 0.940199 0.621607
vt 0.921753 0.554185
vt 0.968146 0.676982
vt 0.962156 0.731098
vt 0.946954 0.668652
vt 0.938189 0.724723
vt 0.926284 0.653583
vt 0.926566 0.602402
vt 0.914320 0.712427
vt 0.912280 0.581258
vt 0.901057 0.665095
vt 0.901477 0.704550
vt 0.883766 0.592281
vt 0.883096 0.638138
vt 0.870252 0.573063
vt 0.955736 0.783170
vt 0.946689 0.823906
vt 0.925587 0.773669
vt 0.914356 0.812918
vt 0.897164 0.768122
vt 0.891350 0.803734
vt 0.880385 0.729027
vt 0.886081 0.690237
vt 0.868541 0.662491
vt 0.870211 0.618415
vt 0.853152 0.714429
vt 0.859030 0.592249
vt 0.844201 0.658394
vt 0.838545 0.700189
vt 0.834025 0.585620
vt 0.830688 0.627747
vt 0.922848 0.879061
vt 0.884227 0.856703
vt 0.860986 0.824100
vt 0.867503 0.793187
vt 0.839450 0.786913
vt 0.830009 0.809307
vt 0.826230 0.750771
vt 0.811687 0.710412
vt 0.819766 0.681469
vt 0.813811 0.585724
vt 0.803345 0.653600
vt 0.790490 0.696138
vt 0.795236 0.587172
vt 0.787238 0.620808
vt 0.839951 0.935253
vt 0.806317 0.901637
vt 0.791831 0.864886
vt 0.787205 0.818949
vt 0.805550 0.794324
vt 0.779625 0.780849
vt 0.767741 0.800323
vt 0.771630 0.730749
vt 0.770614 0.700301
vt 0.768757 0.666833
vt 0.767078 0.585318
vt 0.768411 0.627756
vt 0.296465 0.771937
vt 0.353940 0.745526
vt 0.392123 0.759315
vt 0.373937 0.781490
vt 0.254640 0.797897
vt 0.357698 0.810011
vt 0.290242 0.708079
vt 0.350016 0.681069
vt 0.390053 0.694431
vt 0.370849 0.718080
vt 0.248448 0.734034
vt 0.206651 0.759992
vt 0.148016 0.786703
vt 0.748115 0.480558
vt 0.748172 0.486792
vt 0.449952 0.788135
vt 0.445663 0.753493
vt 0.417401 0.805537
vt 0.479738 0.800432
vt 0.449359 0.817679
vt 0.394226 0.824272
vt 0.446346 0.724036
vt 0.442505 0.689366
vt 0.411853 0.740665
vt 0.473389 0.735599
vt 0.450779 0.629563
vt 0.390826 0.625730
vt 0.403944 0.611082
vt 0.450909 0.606870
vt 0.443348 0.659872
vt 0.367543 0.654650
vt 0.407069 0.675846
vt 0.467975 0.670788
vt 0.315280 0.963016
vt 0.364973 0.938983
vt 0.398666 0.954258
vt 0.383550 0.970363
vt 0.274975 0.989148
vt 0.351045 0.998753
vt 0.090074 0.251565
vt 0.114002 0.187628
vt 0.308749 0.899687
vt 0.361335 0.874506
vt 0.396392 0.889275
vt 0.380201 0.908309
vt 0.266573 0.925586
vt 0.224727 0.951326
vt 0.180094 0.976512
vt 0.139999 0.993359
vt 0.302456 0.835824
vt 0.377031 0.844896
vt 0.260582 0.861734
vt 0.218981 0.887720
vt 0.175286 0.913590
vt 0.129717 0.937334
vt 0.114591 0.969120
vt 0.100823 0.983194
vt 0.212784 0.823897
vt 0.168292 0.849716
vt 0.125715 0.872991
vt 0.111188 0.906019
vt 0.097473 0.921303
vt 0.130917 0.813641
vt 0.107256 0.842544
vt 0.094659 0.856564
vt 0.465569 0.978970
vt 0.458152 0.946117
vt 0.184460 0.054918
vt 0.511824 0.992814
vt 0.517933 0.983777
vt 0.174202 0.185541
vt 0.458471 0.916305
vt 0.453594 0.881908
vt 0.430790 0.935331
vt 0.494871 0.930055
vt 0.175008 0.256304
vt 0.454036 0.852224
vt 0.423800 0.870447
vt 0.487006 0.865275
vt 0.173027 0.416096
vt 0.049085 0.964834
vt 0.048321 0.941637
vt 0.050377 0.986141
vt 0.049211 0.901913
vt 0.048642 0.876399
vt 0.048964 0.925779
vt 0.055158 0.808070
vt 0.090612 0.791746
vt 0.049326 0.838909
vt 0.049230 0.860508
vt 0.321386 0.554547
vt 0.368646 0.531083
vt 0.400963 0.546180
vt 0.386820 0.562256
vt 0.273706 0.517551
vt 0.558544 0.170166
vt 0.373851 0.510099
vt 0.230552 0.542854
vt 0.170204 0.504616
vt 0.587807 0.266748
vt 0.132267 0.529324
vt 0.099905 0.514985
vt 0.102538 0.512509
vt 0.451026 0.566510
vt 0.462584 0.537515
vt 0.437759 0.527961
vt 0.457560 0.510810
vt 0.503066 0.523422
vt 0.675054 0.165770
vt 0.676431 0.275935
vt 0.675338 0.368773
vt 0.055179 0.503580
vt 0.040630 0.523050
vt 0.065517 0.532248
vt 0.328196 0.618354
vt 0.372250 0.594833
vt 0.284159 0.644167
vt 0.242295 0.670172
vt 0.200410 0.696133
vt 0.144157 0.722236
vt 0.127602 0.750213
vt 0.108924 0.773128
vt 0.278025 0.580351
vt 0.236418 0.606340
vt 0.194415 0.632245
vt 0.140480 0.657741
vt 0.124524 0.686807
vt 0.106832 0.708217
vt 0.188051 0.568379
vt 0.136850 0.593252
vt 0.121396 0.623399
vt 0.104702 0.643227
vt 0.118175 0.559979
vt 0.102487 0.578228
vt 0.451517 0.590991
vt 0.051923 0.743915
vt 0.085497 0.726908
vt 0.055959 0.778572
vt 0.048057 0.679819
vt 0.079477 0.662007
vt 0.052583 0.714427
vt 0.023586 0.731999
vt 0.043785 0.615735
vt 0.072775 0.597105
vt 0.048571 0.650206
vt 0.016716 0.667139
vt 0.039209 0.551653
vt 0.044162 0.585983
vt 0.009124 0.602327
vt 0.001030 0.537580
vt 0.029393 0.796805
vt 0.413800 0.176323
vt 0.617345 0.998613
vt 0.413800 0.323676
vt 0.635507 0.984141
vt 0.699018 0.987340
vt 0.800982 0.987340
vt 0.650167 0.971247
vt 0.711369 0.963538
vt 0.788631 0.963538
vt 0.751112 0.950023
vt 0.748888 0.950023
vt 0.882655 0.998613
vt 0.864493 0.984141
vt 0.849833 0.971247
vt 0.128886 0.255670
vt 0.332971 0.943265
vt 0.356569 0.917508
vt 0.274276 0.966345
vt 0.041068 0.152110
vt 0.351921 0.984904
vt 0.074089 0.099085
vt 0.084677 0.118102
vt 0.147264 0.277347
vt 0.181048 0.277020
vt 0.193313 0.254158
vt 0.176449 0.323551
vt 0.189598 0.310402
vt 0.397480 0.919147
vt 0.426600 0.890754
vt 0.369885 0.947389
vt 0.383693 0.972377
vt 0.422795 0.960742
vt 0.115103 0.060362
vt 0.438627 0.980335
vt 0.108583 0.098430
vt 0.109458 0.149665
vt 0.219815 0.280185
vt 0.204856 0.295144
vt 0.243351 0.256649
vt 0.243351 0.243351
vt 0.248476 0.240881
vt 0.222660 0.352754
vt 0.222980 0.318952
vt 0.245842 0.306687
vt 0.244347 0.371220
vt 0.473612 0.899322
vt 0.456333 0.920837
vt 0.473384 0.946970
vt 0.494901 0.923592
vt 0.469426 0.980889
vt 0.202623 0.047129
vt 0.202719 0.099203
vt 0.202203 0.151720
vt 0.221785 0.996256
vt 0.053770 0.231316
vt 0.047157 0.362553
vt 0.110207 0.234553
vt 0.111147 0.292993
vt 0.113687 0.365925
vt 0.202071 0.235335
vt 0.202196 0.293721
vt 0.203871 0.373787
vt 0.284332 0.027171
vt 0.783437 0.055725
vt 0.275286 0.054141
vt 0.249941 0.062259
vt 0.784161 0.079263
vt 0.290828 0.067241
vt 0.274327 0.081314
vt 0.277414 0.118237
vt 0.784062 0.147969
vt 0.530910 0.516372
vt 0.795998 0.043673
vt 0.783155 0.223146
vt 0.353029 0.042587
vt 0.851244 0.059113
vt 0.326064 0.057168
vt 0.852376 0.079372
vt 0.370830 0.059575
vt 0.347668 0.073605
vt 0.344529 0.108391
vt 0.320550 0.120154
vt 0.852385 0.147733
vt 0.362170 0.137830
vt 0.344436 0.155564
vt 0.294865 0.133793
vt 0.569629 0.511533
vt 0.857693 0.040153
vt 0.850799 0.219904
vt 0.387369 0.049154
vt 0.877970 0.060785
vt 0.905220 0.094780
vt 0.412143 0.087857
vt 0.389049 0.110951
vt 0.376924 0.123076
vt 0.920571 0.147681
vt 0.440425 0.129170
vt 0.426395 0.152332
vt 0.391609 0.155471
vt 0.379846 0.179450
vt 0.919316 0.217413
vt 0.432759 0.209172
vt 0.418686 0.225673
vt 0.381763 0.222586
vt 0.366207 0.205135
vt 0.455907 0.117692
vt 0.939215 0.122030
vt 0.940887 0.148756
vt 0.457413 0.146971
vt 0.442832 0.173936
vt 0.943634 0.216900
vt 0.472829 0.215668
vt 0.445859 0.224715
vt 0.437741 0.250059
vt 0.255670 0.128886
vt 0.277347 0.147264
vt 0.277020 0.181048
vt 0.254158 0.193313
vt 0.295144 0.204856
vt 0.280185 0.219815
vt 0.256649 0.243351
vt 0.251524 0.241697
vt 0.323551 0.176449
vt 0.310402 0.189598
vt 0.352736 0.222653
vt 0.318952 0.222980
vt 0.306687 0.245842
vt 0.371114 0.244330
vt 0.797966 0.238062
vt 0.797315 0.165653
vt 0.797796 0.306298
vt 0.796233 0.361111
vt 0.787172 0.464332
vt 0.011690 0.522704
vt 0.004227 0.502869
vt 0.978563 0.524491
vt 0.973753 0.566376
vt 0.070695 0.659396
vt 0.252328 0.499358
vt 0.266085 0.457665
vt 0.267979 0.391413
vt 0.266588 0.526644
vt 0.269666 0.354540
vt 0.270386 0.319125
vt 0.889243 0.236309
vt 0.889385 0.168338
vt 0.887735 0.307203
vt 0.888006 0.359440
vt 0.895368 0.511080
vt 0.928625 0.532407
vt 0.908244 0.566089
vt 0.878047 0.538425
vt 0.948330 0.600169
vt 0.303519 0.454671
vt 0.293085 0.402507
vt 0.304029 0.516545
vt 0.310357 0.372559
vt 0.301318 0.326789
vt 0.317075 0.435985
vt 0.959602 0.223186
vt 0.934927 0.171728
vt 0.794705 0.510049
vt 0.946757 0.366660
vt 0.853062 0.512655
vt 0.844931 0.541049
vt 0.863089 0.567472
vt 0.319599 0.491143
vt 0.319416 0.481631
vt 0.333631 0.454727
vt 0.333610 0.395547
vt 0.333967 0.514938
vt 0.317637 0.536181
vt 0.796090 0.107557
vt 0.529353 0.538875
vt 0.528635 0.576876
vt 0.771535 0.357790
vt 0.277111 0.382481
vt 0.277112 0.420424
vt 0.527971 0.785073
vt 0.529530 0.828317
vt 0.529382 0.855837
vt 0.285380 0.567982
vt 0.937602 0.599084
vt 0.253566 0.672630
vt 0.939423 0.707402
vt 0.975604 0.724872
vt 0.939423 0.690573
vt 0.972449 0.786196
vt 0.966667 0.743475
vt 0.890462 0.097143
vt 0.599288 0.537481
vt 0.570992 0.583677
vt 0.818821 0.332116
vt 0.628332 0.564901
vt 0.608572 0.594299
vt 0.572962 0.646305
vt 0.334446 0.404805
vt 0.320009 0.380410
vt 0.344397 0.344527
vt 0.361979 0.362464
vt 0.294804 0.366266
vt 0.613872 0.718289
vt 0.601032 0.748623
vt 0.345405 0.430229
vt 0.359130 0.446083
vt 0.583152 0.789125
vt 0.564079 0.825697
vt 0.614298 0.818429
vt 0.594118 0.854605
vt 0.940497 0.630186
vt 0.883590 0.608935
vt 0.891954 0.660124
vt 0.870259 0.632059
vt 0.261633 0.599083
vt 0.916221 0.668997
vt 0.909720 0.724453
vt 0.878249 0.696089
vt 0.313238 0.586449
vt 0.299105 0.657515
vt 0.927727 0.720527
vt 0.908669 0.782079
vt 0.886209 0.760936
vt 0.947584 0.817411
vt 0.900212 0.826329
vt 0.664432 0.507028
vt 0.642230 0.536860
vt 0.913177 0.289620
vt 0.418690 0.274343
vt 0.381763 0.277414
vt 0.705113 0.526407
vt 0.663787 0.561312
vt 0.641986 0.607095
vt 0.863659 0.382484
vt 0.426521 0.347769
vt 0.391549 0.344637
vt 0.432745 0.290889
vt 0.379846 0.320550
vt 0.366207 0.294865
vt 0.756394 0.551079
vt 0.721767 0.586345
vt 0.683246 0.623729
vt 0.605104 0.664738
vt 0.407945 0.413215
vt 0.387051 0.392248
vt 0.440307 0.371069
vt 0.376139 0.378103
vt 0.806195 0.575609
vt 0.770968 0.611619
vt 0.735124 0.648271
vt 0.698589 0.683926
vt 0.653699 0.719333
vt 0.638964 0.763994
vt 0.631375 0.788036
vt 0.851082 0.595789
vt 0.831451 0.636180
vt 0.785526 0.673565
vt 0.751326 0.709899
vt 0.716603 0.746330
vt 0.679961 0.782827
vt 0.646819 0.816673
vt 0.638101 0.853004
vt 0.856539 0.662140
vt 0.841350 0.699660
vt 0.800799 0.735394
vt 0.766210 0.771866
vt 0.731537 0.808357
vt 0.696683 0.844757
vt 0.657201 0.880142
vt 0.623055 0.883103
vt 0.861180 0.726652
vt 0.851394 0.763151
vt 0.816788 0.797293
vt 0.780623 0.833744
vt 0.746191 0.870176
vt 0.711982 0.906426
vt 0.333676 0.585878
vt 0.329955 0.628225
vt 0.866752 0.791211
vt 0.856293 0.815357
vt 0.837650 0.859359
vt 0.873111 0.855884
vt 0.795494 0.895624
vt 0.761214 0.931363
vt 0.939795 0.284802
vt 0.472829 0.284332
vt 0.445845 0.275310
vt 0.437741 0.249941
vt 0.928810 0.352787
vt 0.457387 0.353088
vt 0.442766 0.326226
vt 0.911849 0.372118
vt 0.455907 0.382308
vt 0.274032 0.276734
vt 0.274405 0.249850
vt 0.279564 0.219871
vt 0.284064 0.175529
vt 0.292259 0.142999
vt 0.296646 0.123097
vt 0.313610 0.098746
vt 0.342183 0.064939
vt 0.423974 0.039402
vt 0.576025 0.039403
vt 0.316912 0.298621
vt 0.301290 0.254386
vt 0.327469 0.347700
vt 0.324853 0.243394
vt 0.334277 0.269382
vt 0.341692 0.208002
vt 0.358083 0.164899
vt 0.343162 0.134348
vt 0.364820 0.123300
vt 0.393927 0.150344
vt 0.419273 0.108890
vt 0.438379 0.141533
vt 0.476225 0.102608
vt 0.480984 0.137918
vt 0.532559 0.102617
vt 0.523781 0.138101
vt 0.352527 0.373685
vt 0.344019 0.325060
vt 0.357973 0.449029
vt 0.358001 0.516861
vt 0.364610 0.302187
vt 0.353636 0.253984
vt 0.371661 0.357310
vt 0.368690 0.244384
vt 0.385706 0.281871
vt 0.396070 0.226093
vt 0.409978 0.264239
vt 0.427102 0.219899
vt 0.424871 0.257517
vt 0.452048 0.193247
vt 0.483620 0.185228
vt 0.517119 0.186170
vt 0.370716 0.448877
vt 0.370954 0.406464
vt 0.370254 0.517063
vt 0.383843 0.379222
vt 0.385675 0.337274
vt 0.390985 0.448415
vt 0.392374 0.517198
vt 0.397906 0.323050
vt 0.407102 0.375982
vt 0.413580 0.447002
vt 0.411002 0.517140
vt 0.419765 0.306708
vt 0.428412 0.378389
vt 0.424558 0.422821
vt 0.440534 0.288838
vt 0.441366 0.249621
vt 0.449135 0.353651
vt 0.461419 0.244102
vt 0.467796 0.305637
vt 0.464280 0.346999
vt 0.487169 0.240373
vt 0.489185 0.292208
vt 0.515259 0.241449
vt 0.514251 0.293206
vt 0.420902 0.517334
vt 0.421294 0.468313
vt 0.433031 0.446783
vt 0.437246 0.403813
vt 0.434616 0.517450
vt 0.451959 0.391355
vt 0.455261 0.451345
vt 0.457028 0.517167
vt 0.475812 0.393558
vt 0.478465 0.344038
vt 0.547814 0.520587
vt 0.475416 0.531695
vt 0.490689 0.343100
vt 0.701403 0.508725
vt 0.512612 0.344062
vt 0.811242 0.508096
vt 0.611699 0.541487
vt 0.646038 0.527145
vt 0.516017 0.552993
vt 0.711448 0.535781
vt 0.686100 0.545286
vt 0.793002 0.535652
vt 0.563292 0.576954
vt 0.632111 0.569753
vt 0.711887 0.562415
vt 0.751456 0.549918
vt 0.749507 0.549866
vt 0.789007 0.562270
vt 0.816658 0.545222
vt 0.614094 0.598745
vt 0.648086 0.585485
vt 0.706988 0.592440
vt 0.678990 0.602025
vt 0.793076 0.592429
vt 0.260739 0.730548
vt 0.248417 0.757606
vt 0.985936 0.807015
vt 0.967638 0.840913
vt 0.970580 0.882278
vt 0.285683 0.777433
vt 0.261150 0.782579
vt 0.970484 0.909358
vt 0.970316 0.948096
vt 0.304645 0.794124
vt 0.286922 0.818572
vt 0.969564 0.971523
vt 0.966717 0.994020
vt 0.295010 0.430947
vt 0.291831 0.864886
vt 0.306317 0.901637
vt 0.339951 0.935253
vt 0.423888 0.960774
vt 0.576112 0.960774
vt 0.319090 0.681725
vt 0.309329 0.711550
vt 0.922440 0.848022
vt 0.901385 0.884332
vt 0.325043 0.751400
vt 0.930854 0.912882
vt 0.910759 0.948304
vt 0.880968 0.920382
vt 0.339228 0.786890
vt 0.330009 0.809307
vt 0.941587 0.974143
vt 0.938239 0.980250
vt 0.903209 0.990228
vt 0.367503 0.793186
vt 0.360986 0.824100
vt 0.384227 0.856703
vt 0.422848 0.879060
vt 0.469605 0.891939
vt 0.523752 0.891939
vt 0.359021 0.592263
vt 0.343930 0.658572
vt 0.338228 0.700272
vt 0.859133 0.885986
vt 0.847831 0.922821
vt 0.811860 0.956227
vt 0.370207 0.618421
vt 0.368538 0.662492
vt 0.353065 0.714510
vt 0.864146 0.949771
vt 0.851311 0.972678
vt 0.386081 0.690237
vt 0.380373 0.729036
vt 0.397164 0.768122
vt 0.391350 0.803734
vt 0.425587 0.773669
vt 0.414356 0.812918
vt 0.455735 0.783170
vt 0.446689 0.823906
vt 0.483684 0.786109
vt 0.479948 0.827311
vt 0.512819 0.786109
vt 0.516365 0.827310
vt 0.370149 0.573238
vt 0.383637 0.592709
vt 0.383096 0.638138
vt 0.412258 0.582090
vt 0.401057 0.665095
vt 0.401477 0.704550
vt 0.426566 0.602402
vt 0.426284 0.653583
vt 0.414320 0.712427
vt 0.446954 0.668652
vt 0.438189 0.724723
vt 0.468146 0.676982
vt 0.462156 0.731098
vt 0.489698 0.680408
vt 0.487308 0.732351
vt 0.509671 0.680408
vt 0.510793 0.732351
vt 0.421890 0.555918
vt 0.433763 0.582283
vt 0.440199 0.621607
vt 0.454538 0.583455
vt 0.451331 0.627978
vt 0.392084 0.533904
vt 0.478492 0.607890
vt 0.287381 0.536471
vt 0.212619 0.536471
vt 0.429410 0.563605
vt 0.362592 0.570023
vt 0.298565 0.574116
vt 0.201435 0.574116
vt 0.473513 0.587465
vt 0.378868 0.600075
vt 0.298568 0.596528
vt 0.299001 0.610531
vt 0.346674 0.614335
vt 0.201432 0.596528
vt 0.200999 0.610531
vt 0.515139 0.610345
vt 0.423555 0.620859
vt 0.360113 0.627398
vt 0.299173 0.630822
vt 0.200827 0.630822
vt 0.275889 0.515361
vt 0.323057 0.521222
vt 0.201821 0.541828
vt 0.209683 0.517334
vt 0.200405 0.577273
vt 0.200405 0.613636
vt 0.200405 0.650000
vt 0.200406 0.686364
vt 0.200406 0.722727
vt 0.200406 0.759091
vt 0.377203 0.509576
vt 0.569781 0.383056
vt 0.082931 0.541744
vt 0.500000 0.542098
vt 0.750000 0.026922
vt 0.500000 0.577273
vt 0.500000 0.613636
vt 0.500000 0.650000
vt 0.500000 0.722727
vt 0.500000 0.759091
vt 0.750000 0.217704
vt 0.750000 0.356199
vt 0.000000 0.506360
vt 0.000000 0.541476
vt 1.000000 0.577273
vt 0.000000 0.613636
vt 0.000000 0.650000
vt 0.000000 0.686364
vt 0.000000 0.722727
vt 0.000000 0.759091
vt 0.622797 0.509576
vt 0.930219 0.383056
vt 0.917069 0.541744
vt 0.676943 0.521222
vt 0.724111 0.515361
vt 0.790318 0.517334
vt 0.798180 0.541828
vt 0.799595 0.577273
vt 0.799595 0.613636
vt 0.799595 0.650000
vt 0.799595 0.686364
vt 0.799595 0.722727
vt 0.799595 0.759091
vt 0.659674 0.064949
vt 0.693017 0.098770
vt 0.703823 0.123197
vt 0.710886 0.143055
vt 0.718764 0.175505
vt 0.725565 0.219858
vt 0.725616 0.249848
vt 0.729563 0.276734
vt 0.730203 0.319125
vt 0.731955 0.354448
vt 0.732590 0.389906
vt 0.737370 0.457681
vt 0.586864 0.109241
vt 0.567092 0.143320
vt 0.634068 0.124650
vt 0.606480 0.154264
vt 0.657716 0.135546
vt 0.641000 0.168223
vt 0.657525 0.208827
vt 0.675182 0.243772
vt 0.698889 0.254385
vt 0.684494 0.298681
vt 0.667420 0.270041
vt 0.698814 0.326789
vt 0.689809 0.372520
vt 0.674588 0.347738
vt 0.707050 0.401775
vt 0.695474 0.453486
vt 0.682906 0.435893
vt 0.737245 0.509307
vt 0.693498 0.515248
vt 0.549495 0.196277
vt 0.579207 0.245278
vt 0.276294 0.832353
vt 0.324781 0.832376
vt 0.277895 0.872882
vt 0.318803 0.873477
vt 0.579029 0.294184
vt 0.200405 0.795454
vt 0.201112 0.832101
vt 0.203930 0.870490
vt 0.582745 0.304749
vt 0.637504 0.265429
vt 0.632110 0.303976
vt 0.598225 0.302829
vt 0.655223 0.325654
vt 0.647316 0.372821
vt 0.629373 0.357888
vt 0.667315 0.395506
vt 0.666574 0.454685
vt 0.642334 0.448956
vt 0.665698 0.514823
vt 0.641809 0.516765
vt 0.680515 0.481433
vt 0.680156 0.491019
vt 0.680939 0.535098
vt 0.548346 0.270150
vt 0.534860 0.297824
vt 0.391993 0.831954
vt 0.391767 0.869556
vt 0.387193 0.906129
vt 0.146922 0.831858
vt 0.146770 0.868878
vt 0.149784 0.907103
vt 0.168617 0.933516
vt 0.083701 0.831773
vt 0.084224 0.868199
vt 0.090874 0.905100
vt 0.132046 0.945439
vt 0.608580 0.382074
vt 0.629034 0.403282
vt 0.628790 0.448111
vt 0.606502 0.442859
vt 0.629212 0.516451
vt 0.603924 0.510502
vt 0.551863 0.347132
vt 0.451712 0.923801
vt 0.532883 0.401694
vt 0.500000 0.795455
vt 0.499920 0.831848
vt 0.499170 0.868509
vt 0.500070 0.904385
vt 0.528237 0.933614
vt 0.183461 0.190193
vt 0.564863 0.509703
vt 0.539083 0.502271
vt 0.545226 0.421547
vt 0.185000 0.338046
vt 0.583564 0.503588
vt 0.000000 0.795455
vt 0.999936 0.831767
vt 0.999804 0.868100
vt 0.000064 0.904626
vt 0.001621 0.941347
vt 0.004608 0.977129
vt 0.170064 0.386009
vt 0.592874 0.472378
vt 0.590324 0.530572
vt 0.536965 0.424585
vt 0.521572 0.960388
vt 0.912317 0.537220
vt 0.607708 0.831818
vt 0.607588 0.868224
vt 0.606704 0.904813
vt 0.589492 0.943175
vt 0.602175 0.978031
vt 0.311690 0.045277
vt 0.960044 0.521018
vt 0.981875 0.548279
vt 0.032735 0.533998
vt 0.395018 0.208176
vt 0.402994 0.363312
vt 0.916372 0.831801
vt 0.853415 0.831818
vt 0.916192 0.868147
vt 0.853415 0.868182
vt 0.916044 0.904538
vt 0.853415 0.904545
vt 0.916118 0.940937
vt 0.853415 0.940909
vt 0.917095 0.976263
vt 0.853131 0.975811
vt 0.924758 0.998610
vt 0.872152 0.569224
vt 0.937620 0.576495
vt 0.674541 0.831818
vt 0.674542 0.868182
vt 0.674414 0.904577
vt 0.673870 0.941037
vt 0.673118 0.976730
vt 0.672003 0.992332
vt 0.724039 0.831818
vt 0.724039 0.868182
vt 0.724039 0.904545
vt 0.724039 0.940909
vt 0.723877 0.976759
vt 0.722538 0.994943
vt 0.799595 0.795455
vt 0.799595 0.831818
vt 0.799595 0.868182
vt 0.799595 0.904545
vt 0.799595 0.940909
vt 0.798058 0.976071
vt 0.790469 0.993754
vt 0.852466 0.585372
vt 0.885998 0.598669
vt 0.821009 0.602025
vt 0.658320 0.935253
vt 0.687608 0.901637
vt 0.705627 0.864886
vt 0.711189 0.818949
vt 0.716009 0.780849
vt 0.729602 0.800324
vt 0.692936 0.794324
vt 0.725661 0.730748
vt 0.727854 0.700301
vt 0.729406 0.666833
vt 0.731870 0.585318
vt 0.731368 0.627756
vt 0.575559 0.879060
vt 0.610865 0.856702
vt 0.636126 0.824100
vt 0.658289 0.786913
vt 0.669295 0.809307
vt 0.628283 0.793186
vt 0.673638 0.750771
vt 0.686258 0.710412
vt 0.696283 0.653600
vt 0.708476 0.696138
vt 0.679697 0.681468
vt 0.704488 0.587172
vt 0.685338 0.585724
vt 0.712555 0.620808
vt 0.542700 0.783170
vt 0.552281 0.823906
vt 0.570355 0.773669
vt 0.585540 0.812918
vt 0.602228 0.768122
vt 0.606796 0.803734
vt 0.616681 0.729027
vt 0.629399 0.662491
vt 0.646294 0.714429
vt 0.613591 0.690236
vt 0.640414 0.592249
vt 0.655219 0.658394
vt 0.629465 0.618415
vt 0.659936 0.700189
vt 0.665048 0.585621
vt 0.669092 0.627747
vt 0.530919 0.676982
vt 0.535705 0.731098
vt 0.552741 0.668652
vt 0.560045 0.724723
vt 0.571428 0.653582
vt 0.583161 0.712427
vt 0.586964 0.581258
vt 0.598826 0.665095
vt 0.572321 0.602402
vt 0.598264 0.704550
vt 0.615292 0.592281
vt 0.615853 0.638138
vt 0.629258 0.573063
vt 0.520665 0.607890
vt 0.545084 0.582408
vt 0.103199 0.534294
vt 0.548521 0.627978
vt 0.565282 0.581591
vt 0.559634 0.621607
vt 0.578117 0.554185
vt 0.069729 0.563445
vt 0.137409 0.570023
vt 0.026120 0.587348
vt 0.121132 0.600075
vt 0.153327 0.614335
vt 0.984810 0.610308
vt 0.076446 0.620860
vt 0.139888 0.627398
vt 0.751864 0.486792
vt 0.751922 0.480558
vt 0.550641 0.817679
vt 0.520262 0.800432
vt 0.554337 0.753493
vt 0.526611 0.735599
vt 0.550048 0.788134
vt 0.582599 0.805537
vt 0.557495 0.689366
vt 0.532026 0.670788
vt 0.553654 0.724036
vt 0.588147 0.740665
vt 0.549221 0.629563
vt 0.549091 0.606870
vt 0.556653 0.659872
vt 0.592931 0.675846
vt 0.626063 0.781490
vt 0.607877 0.759315
vt 0.642303 0.810011
vt 0.605775 0.824272
vt 0.629151 0.718080
vt 0.609947 0.694431
vt 0.646061 0.745526
vt 0.703535 0.771937
vt 0.745360 0.797897
vt 0.609175 0.625730
vt 0.596056 0.611082
vt 0.632457 0.654651
vt 0.649984 0.681069
vt 0.709758 0.708079
vt 0.751552 0.734034
vt 0.793349 0.759992
vt 0.851984 0.786703
vt 0.482067 0.983777
vt 0.488176 0.992814
vt 0.541849 0.946117
vt 0.505129 0.930055
vt 0.534432 0.978970
vt 0.315540 0.054918
vt 0.325798 0.185541
vt 0.546407 0.881908
vt 0.512994 0.865275
vt 0.541530 0.916305
vt 0.569210 0.935331
vt 0.324992 0.256304
vt 0.545964 0.852224
vt 0.576200 0.870447
vt 0.326973 0.416096
vt 0.950915 0.964834
vt 0.951680 0.941637
vt 0.949623 0.986141
vt 0.950789 0.901913
vt 0.951358 0.876399
vt 0.951036 0.925779
vt 0.950674 0.838909
vt 0.944842 0.808070
vt 0.950770 0.860508
vt 0.616450 0.970363
vt 0.601334 0.954258
vt 0.648955 0.998753
vt 0.385998 0.187628
vt 0.619799 0.908309
vt 0.603608 0.889275
vt 0.635027 0.938983
vt 0.684720 0.963016
vt 0.725025 0.989148
vt 0.409926 0.251565
vt 0.622970 0.844896
vt 0.638665 0.874506
vt 0.691251 0.899687
vt 0.733427 0.925586
vt 0.775273 0.951326
vt 0.819906 0.976512
vt 0.860001 0.993360
vt 0.697544 0.835824
vt 0.739419 0.861735
vt 0.781019 0.887720
vt 0.824714 0.913589
vt 0.870283 0.937334
vt 0.885409 0.969121
vt 0.899177 0.983194
vt 0.787216 0.823897
vt 0.831708 0.849716
vt 0.874285 0.872991
vt 0.888812 0.906019
vt 0.902527 0.921303
vt 0.869084 0.813641
vt 0.909388 0.791746
vt 0.892744 0.842544
vt 0.905341 0.856564
vt 0.537416 0.537516
vt 0.496934 0.523422
vt 0.548974 0.566510
vt 0.542441 0.510810
vt 0.562241 0.527961
vt 0.824946 0.165770
vt 0.823569 0.275936
vt 0.824662 0.368773
vt 0.944821 0.503580
vt 0.959370 0.523050
vt 0.613181 0.562256
vt 0.599037 0.546180
vt 0.631354 0.531083
vt 0.626149 0.510099
vt 0.678614 0.554547
vt 0.941456 0.170166
vt 0.726294 0.517551
vt 0.769448 0.542854
vt 0.912193 0.266748
vt 0.829796 0.504616
vt 0.867733 0.529324
vt 0.897462 0.512509
vt 0.900095 0.514985
vt 0.934483 0.532248
vt 0.548484 0.590991
vt 0.944041 0.778572
vt 0.948078 0.743915
vt 0.947417 0.714427
vt 0.951943 0.679818
vt 0.976415 0.731999
vt 0.914503 0.726908
vt 0.951429 0.650206
vt 0.956215 0.615735
vt 0.983284 0.667139
vt 0.920523 0.662007
vt 0.955838 0.585983
vt 0.960792 0.551653
vt 0.990876 0.602327
vt 0.927225 0.597105
vt 0.998970 0.537580
vt 0.627751 0.594833
vt 0.671804 0.618354
vt 0.715841 0.644167
vt 0.757706 0.670172
vt 0.799590 0.696133
vt 0.855843 0.722236
vt 0.872398 0.750213
vt 0.891076 0.773128
vt 0.721975 0.580351
vt 0.763583 0.606340
vt 0.805585 0.632245
vt 0.859520 0.657741
vt 0.875476 0.686807
vt 0.893168 0.708217
vt 0.811949 0.568379
vt 0.863150 0.593252
vt 0.878604 0.623399
vt 0.895298 0.643227
vt 0.881826 0.559979
vt 0.897513 0.578228
vt 0.970607 0.796805
vt 0.707334 0.618501
vt 0.742859 0.606617
vt 0.629400 0.625352
vt 0.757141 0.606617
vt 0.792666 0.618501
vt 0.702500 0.648630
vt 0.645842 0.642354
vt 0.797500 0.648630
vt 0.764875 0.663314
vt 0.735125 0.663314
vt 0.557161 0.632994
vt 0.467363 0.643424
vt 0.383207 0.652697
vt 0.307373 0.657113
vt 0.192627 0.657113
vt 0.216705 0.666510
vt 0.283295 0.666510
vt 0.610427 0.655165
vt 0.509234 0.666181
vt 0.400964 0.675586
vt 0.672142 0.658807
vt 0.344042 0.670937
vt 0.308236 0.682919
vt 0.360448 0.687185
vt 0.191765 0.682919
vt 0.155958 0.670937
vt 0.551158 0.688898
vt 0.626250 0.680836
vt 0.461309 0.699350
vt 0.379931 0.708196
vt 0.702977 0.674572
vt 0.304469 0.713259
vt 0.797023 0.674572
vt 0.827857 0.658807
vt 0.195531 0.713259
vt 0.221978 0.723222
vt 0.278023 0.723222
vt 0.606775 0.711599
vt 0.643694 0.699228
vt 0.503099 0.722060
vt 0.397036 0.731985
vt 0.698365 0.704830
vt 0.665916 0.715602
vt 0.339399 0.727651
vt 0.305160 0.739027
vt 0.358403 0.743956
vt 0.801636 0.704830
vt 0.194840 0.739027
vt 0.160601 0.727652
vt 0.544906 0.744774
vt 0.623168 0.736316
vt 0.455094 0.755226
vt 0.376832 0.763684
vt 0.698998 0.730654
vt 0.728040 0.720064
vt 0.301003 0.769346
vt 0.771960 0.720064
vt 0.801002 0.730654
vt 0.834084 0.715602
vt 0.198998 0.769346
vt 0.228040 0.779936
vt 0.271960 0.779936
vt 0.602964 0.768015
vt 0.641597 0.756044
vt 0.496901 0.777940
vt 0.393225 0.788401
vt 0.694840 0.760973
vt 0.660601 0.772348
vt 0.334085 0.784398
vt 0.301636 0.795170
vt 0.356306 0.800772
vt 0.805160 0.760973
vt 0.198365 0.795170
vt 0.165916 0.784398
vt 0.538691 0.800650
vt 0.620069 0.791804
vt 0.448842 0.811102
vt 0.373750 0.819164
vt 0.695531 0.786741
vt 0.721977 0.776778
vt 0.297023 0.825428
vt 0.778023 0.776778
vt 0.804469 0.786741
vt 0.839399 0.772348
vt 0.202977 0.825428
vt 0.235125 0.836686
vt 0.264875 0.836686
vt 0.599036 0.824414
vt 0.639552 0.812815
vt 0.490767 0.833819
vt 0.389573 0.844835
vt 0.691764 0.817082
vt 0.655958 0.829063
vt 0.327858 0.841193
vt 0.297500 0.851370
vt 0.354158 0.857646
vt 0.808235 0.817081
vt 0.202500 0.851370
vt 0.172142 0.841193
vt 0.870600 0.625352
vt 0.854158 0.642354
vt 0.942839 0.632994
vt 0.032637 0.643424
vt 0.116794 0.652698
vt 0.889573 0.655165
vt 0.990766 0.666181
vt 0.099036 0.675586
vt 0.139552 0.687185
vt 0.873750 0.680836
vt 0.948842 0.688898
vt 0.038691 0.699350
vt 0.120069 0.708196
vt 0.856306 0.699228
vt 0.893225 0.711599
vt 0.996901 0.722060
vt 0.102964 0.731985
vt 0.141597 0.743956
vt 0.876832 0.736316
vt 0.955094 0.744774
vt 0.044906 0.755226
vt 0.123168 0.763684
vt 0.858403 0.756044
vt 0.897036 0.768015
vt 0.003099 0.777940
vt 0.106775 0.788401
vt 0.143694 0.800772
vt 0.879931 0.791804
vt 0.961309 0.800650
vt 0.051158 0.811102
vt 0.126250 0.819164
vt 0.860448 0.812815
vt 0.900964 0.824414
vt 0.844042 0.829063
vt 0.009234 0.833819
vt 0.110427 0.844835
vt 0.145842 0.857646
vt 0.532637 0.856576
vt 0.616794 0.847303
vt 0.442839 0.867006
vt 0.370601 0.874647
vt 0.692627 0.842887
vt 0.716705 0.833490
vt 0.292666 0.881499
vt 0.783295 0.833490
vt 0.807373 0.842887
vt 0.207334 0.881499
vt 0.242859 0.893383
vt 0.257141 0.893383
vt 0.576459 0.879161
vt 0.639867 0.872618
vt 0.484921 0.889670
vt 0.385940 0.901258
vt 0.700827 0.869178
vt 0.321010 0.897975
vt 0.293013 0.907560
vt 0.351915 0.914514
vt 0.799173 0.869178
vt 0.206987 0.907560
vt 0.178991 0.897975
vt 0.621243 0.899851
vt 0.653237 0.885718
vt 0.526529 0.912411
vt 0.436437 0.922889
vt 0.367351 0.930144
vt 0.700974 0.889519
vt 0.701597 0.903405
vt 0.288025 0.937572
vt 0.799026 0.889520
vt 0.798403 0.903405
vt 0.211975 0.937572
vt 0.569624 0.935052
vt 0.635885 0.928166
vt 0.478956 0.945540
vt 0.382264 0.957648
vt 0.701082 0.924347
vt 0.313624 0.954712
vt 0.798917 0.924347
vt 0.617806 0.956031
vt 0.650315 0.942547
vt 0.520660 0.967676
vt 0.428680 0.978090
vt 0.711136 0.950184
vt 0.685738 0.959159
vt 0.788864 0.950184
vt 0.565755 0.994897
vt 0.634361 0.982842
vt 0.196354 0.028069
vt 0.710938 0.975999
vt 0.750432 0.963815
vt 0.310602 0.181927
vt 0.223587 0.179745
vt 0.749569 0.963815
vt 0.789062 0.975999
vt 0.814261 0.959159
vt 0.310602 0.318073
vt 0.223587 0.320255
vt 0.409834 0.089706
vt 0.647502 0.994195
vt 0.697562 0.996223
vt 0.387471 0.176838
vt 0.802437 0.996223
vt 0.387471 0.323162
vt 0.883206 0.847303
vt 0.967363 0.856576
vt 0.057161 0.867006
vt 0.129400 0.874648
vt 0.860133 0.872618
vt 0.923541 0.879161
vt 0.015079 0.889670
vt 0.114060 0.901258
vt 0.148086 0.914514
vt 0.846762 0.885718
vt 0.878757 0.899851
vt 0.973471 0.912411
vt 0.063563 0.922889
vt 0.132649 0.930144
vt 0.864115 0.928166
vt 0.930376 0.935052
vt 0.021044 0.945540
vt 0.117736 0.957648
vt 0.186376 0.954712
vt 0.849685 0.942547
vt 0.882194 0.956031
vt 0.979340 0.967675
vt 0.071320 0.978090
vt 0.865639 0.982842
vt 0.934245 0.994897
vt 0.196354 0.471930
vt 0.852498 0.994195
vt 0.409834 0.410294
vt 0.280185 0.280185
vt 0.256649 0.256649
vt 0.277020 0.318952
vt 0.277340 0.352754
vt 0.254158 0.306687
vt 0.295144 0.295144
vt 0.255653 0.371220
vt 0.526388 0.899322
vt 0.505099 0.923592
vt 0.543667 0.920837
vt 0.526616 0.946970
vt 0.530574 0.980889
vt 0.297377 0.047129
vt 0.297281 0.099203
vt 0.297797 0.151720
vt 0.352736 0.277347
vt 0.318952 0.277020
vt 0.306687 0.254158
vt 0.323551 0.323551
vt 0.310402 0.310402
vt 0.573400 0.890754
vt 0.602521 0.919147
vt 0.577205 0.960741
vt 0.561373 0.980335
vt 0.630115 0.947388
vt 0.616307 0.972377
vt 0.384897 0.060362
vt 0.391417 0.098430
vt 0.390542 0.149665
vt 0.371114 0.255670
vt 0.643432 0.917508
vt 0.667029 0.943265
vt 0.648079 0.984904
vt 0.415323 0.118102
vt 0.725724 0.966345
vt 0.458932 0.152110
vt 0.425911 0.099085
vt 0.297929 0.235335
vt 0.297804 0.293721
vt 0.296129 0.373787
vt 0.389793 0.234553
vt 0.388853 0.292993
vt 0.386313 0.365925
vt 0.778215 0.996256
vt 0.446229 0.231316
vt 0.452843 0.362553
vt 0.251112 0.950023
vt 0.248888 0.950023
vt 0.288631 0.963538
vt 0.349833 0.971247
vt 0.211369 0.963538
vt 0.364494 0.984141
vt 0.300982 0.987340
vt 0.199018 0.987340
vt 0.382656 0.998613
vt 0.086200 0.176323
vt 0.086200 0.323676
vt 0.150167 0.971247
vt 0.135507 0.984141
vt 0.117345 0.998613
s 0
f 4/1/1 3/2/1 1/3/1 2/4/1
f 7/5/2 6/6/2 3/2/2 4/1/2
f 8/7/3 7/5/3 4/1/3 5/8/3
f 13/9/4 12/10/4 10/11/4 11/12/4
f 13/9/5 2/4/5 1/3/5 12/10/5
f 3/2/6 16/13/6 12/10/6 1/3/6
f 17/14/7 4/1/7 2/4/7 13/9/7
f 18/15/8 17/14/8 13/9/8 14/16/8
f 18/15/9 5/8/9 4/1/9 17/14/9
f 19/17/10 18/15/10 14/16/10 15/18/10
f 6/6/6 21/19/6 16/13/6 3/2/6
f 22/20/3 8/7/3 5/8/3 18/15/3
f 23/21/11 22/20/11 18/15/11 19/17/11
f 23/21/12 9/22/12 8/7/12 22/20/12
f 24/23/13 23/21/13 19/17/13 20/24/13
f 26/25/14 11/12/14 10/11/14 25/26/14
f 12/10/6 28/27/6 25/26/6 10/11/6
f 29/28/15 13/9/15 11/12/15 26/25/15
f 30/29/16 29/28/16 26/25/16 27/30/16
f 30/29/17 14/16/17 13/9/17 29/28/17
f 31/31/18 15/18/18 14/16/18 30/29/18
f 16/13/6 33/32/6 28/27/6 12/10/6
f 34/33/19 19/17/19 15/18/19 31/31/19
f 35/34/20 34/33/20 31/31/20 32/35/20
f 35/34/21 20/24/21 19/17/21 34/33/21
f 21/19/6 38/36/6 33/32/6 16/13/6
f 39/37/22 24/23/22 20/24/22 35/34/22
f 41/38/23 26/25/23 25/26/23 40/39/23
f 42/40/24 27/30/24 26/25/24 41/38/24
f 28/27/6 44/41/6 40/39/6 25/26/6
f 45/42/24 30/29/24 27/30/24 42/40/24
f 46/43/25 45/42/25 42/40/25 43/44/25
f 46/43/26 31/31/26 30/29/26 45/42/26
f 47/45/27 32/35/27 31/31/27 46/43/27
f 33/32/6 48/46/6 44/41/6 28/27/6
f 49/47/28 35/34/28 32/35/28 47/45/28
f 51/48/29 37/49/29 36/50/29 50/51/29
f 38/36/6 52/52/6 48/46/6 33/32/6
f 56/53/30 39/37/30 35/34/30 54/54/30
f 56/53/3 53/55/3 24/23/3 39/37/3
f 57/56/31 56/53/31 54/54/31 55/57/31
f 60/58/24 49/47/24 47/45/24 59/59/24
f 60/58/32 54/54/32 35/34/32 49/47/32
f 61/60/33 55/57/33 54/54/33 60/58/33
f 63/61/19 57/56/19 55/57/19 61/60/19
f 64/62/34 63/61/34 61/60/34 62/63/34
f 64/62/35 58/64/35 57/56/35 63/61/35
f 70/65/36 69/66/36 67/67/36 68/68/36
f 72/69/37 71/70/37 69/66/37 70/65/37
f 74/71/38 68/68/38 67/67/38 73/72/38
f 69/66/39 77/73/39 73/72/39 67/67/39
f 78/74/40 70/65/40 68/68/40 74/71/40
f 79/75/41 78/74/41 74/71/41 75/76/41
f 81/77/42 80/78/42 76/79/42 77/73/42
f 71/70/43 81/77/43 77/73/43 69/66/43
f 82/80/44 72/69/44 70/65/44 78/74/44
f 83/81/44 82/80/44 78/74/44 79/75/44
f 86/82/45 74/71/45 73/72/45 85/83/45
f 87/84/46 75/76/46 74/71/46 86/82/46
f 89/85/47 88/86/47 84/87/47 85/83/47
f 89/85/48 77/73/48 76/79/48 88/86/48
f 77/73/49 89/85/49 85/83/49 73/72/49
f 80/78/50 90/88/50 88/86/50 76/79/50
f 81/77/51 91/89/51 90/88/51 80/78/51
f 93/90/52 85/83/52 84/87/52 92/91/52
f 94/92/53 86/82/53 85/83/53 93/90/53
f 95/93/54 87/84/54 86/82/54 94/92/54
f 88/86/55 96/94/55 92/91/55 84/87/55
f 90/88/56 98/95/56 96/94/56 88/86/56
f 102/96/57 93/90/57 92/91/57 101/97/57
f 103/98/58 94/92/58 93/90/58 102/96/58
f 104/99/59 95/93/59 94/92/59 103/98/59
f 106/100/60 105/101/60 100/102/60 101/97/60
f 96/94/61 106/100/61 101/97/61 92/91/61
f 107/103/62 97/104/62 95/93/62 104/99/62
f 109/105/63 108/106/63 105/101/63 106/100/63
f 98/95/64 109/105/64 106/100/64 96/94/64
f 112/107/65 101/97/65 100/102/65 111/108/65
f 113/109/66 102/96/66 101/97/66 112/107/66
f 114/110/67 103/98/67 102/96/67 113/109/67
f 115/111/68 104/99/68 103/98/68 114/110/68
f 105/101/69 116/112/69 111/108/69 100/102/69
f 117/113/70 118/114/70 115/111/70 114/110/70
f 118/114/71 107/103/71 104/99/71 115/111/71
f 108/106/72 119/115/72 116/112/72 105/101/72
f 121/116/73 110/117/73 107/103/73 118/114/73
f 123/118/74 112/107/74 111/108/74 122/119/74
f 124/120/75 113/109/75 112/107/75 123/118/75
f 125/121/76 114/110/76 113/109/76 124/120/76
f 116/112/77 127/122/77 122/119/77 111/108/77
f 128/123/78 117/113/78 114/110/78 125/121/78
f 129/124/79 118/114/79 117/113/79 128/123/79
f 131/125/80 130/126/80 126/127/80 127/122/80
f 119/115/81 131/125/81 127/122/81 116/112/81
f 132/128/82 133/129/82 129/124/82 128/123/82
f 121/116/83 133/129/83 132/128/83 120/130/83
f 133/129/84 121/116/84 118/114/84 129/124/84
f 135/131/85 134/132/85 71/70/85 72/69/85
f 134/132/86 136/133/86 81/77/86 71/70/86
f 135/131/87 137/134/87 136/133/87 134/132/87
f 137/134/88 135/131/88 72/69/88 82/80/88
f 138/135/89 137/134/89 82/80/89 83/81/89
f 140/136/90 139/137/90 90/88/90 91/89/90
f 136/133/91 140/136/91 91/89/91 81/77/91
f 137/134/92 141/138/92 140/136/92 136/133/92
f 138/135/93 142/139/93 141/138/93 137/134/93
f 139/137/94 143/140/94 98/95/94 90/88/94
f 140/136/95 144/141/95 143/140/95 139/137/95
f 141/138/96 145/142/96 144/141/96 140/136/96
f 142/139/97 146/143/97 145/142/97 141/138/97
f 148/144/98 147/145/98 108/106/98 109/105/98
f 143/140/99 148/144/99 109/105/99 98/95/99
f 144/141/100 149/146/100 148/144/100 143/140/100
f 145/142/101 150/147/101 149/146/101 144/141/101
f 146/143/102 151/148/102 150/147/102 145/142/102
f 151/148/103 146/143/103 99/149/103 110/117/103
f 147/145/104 152/150/104 119/115/104 108/106/104
f 148/144/105 153/151/105 152/150/105 147/145/105
f 149/146/106 154/152/106 153/151/106 148/144/106
f 150/147/107 155/153/107 154/152/107 149/146/107
f 155/153/108 156/154/108 121/116/108 120/130/108
f 151/148/109 156/154/109 155/153/109 150/147/109
f 156/154/110 151/148/110 110/117/110 121/116/110
f 152/150/111 157/155/111 131/125/111 119/115/111
f 153/151/112 158/156/112 157/155/112 152/150/112
f 154/152/113 159/157/113 158/156/113 153/151/113
f 155/153/114 160/158/114 159/157/114 154/152/114
f 160/158/115 155/153/115 120/130/115 132/128/115
f 162/159/116 165/160/116 164/161/116 161/162/116
f 164/161/117 168/163/117 166/164/117 163/165/117
f 170/166/118 169/167/118 167/168/118 168/163/118
f 165/160/119 170/166/119 168/163/119 164/161/119
f 173/169/120 123/118/120 122/119/120 172/170/120
f 174/171/121 124/120/121 123/118/121 173/169/121
f 175/172/122 125/121/122 124/120/122 174/171/122
f 177/173/123 176/174/123 171/175/123 172/170/123
f 177/173/124 127/122/124 126/127/124 176/174/124
f 127/122/125 177/173/125 172/170/125 122/119/125
f 178/176/126 179/177/126 175/172/126 174/171/126
f 179/177/127 128/123/127 125/121/127 175/172/127
f 130/126/128 180/178/128 176/174/128 126/127/128
f 131/125/129 181/179/129 180/178/129 130/126/129
f 183/180/130 132/128/130 128/123/130 179/177/130
f 185/181/131 172/170/131 171/175/131 184/182/131
f 186/183/132 173/169/132 172/170/132 185/181/132
f 187/184/133 174/171/133 173/169/133 186/183/133
f 176/174/134 189/185/134 184/182/134 171/175/134
f 190/186/135 178/176/135 174/171/135 187/184/135
f 191/187/79 179/177/79 178/176/79 190/186/79
f 193/188/136 192/189/136 188/190/136 189/185/136
f 180/178/137 193/188/137 189/185/137 176/174/137
f 194/191/138 195/192/138 191/187/138 190/186/138
f 183/180/83 195/192/83 194/191/83 182/193/83
f 195/192/139 183/180/139 179/177/139 191/187/139
f 198/194/140 185/181/140 184/182/140 197/195/140
f 199/196/141 186/183/141 185/181/141 198/194/141
f 200/197/142 187/184/142 186/183/142 199/196/142
f 202/198/143 201/199/143 196/200/143 197/195/143
f 202/198/144 189/185/144 188/190/144 201/199/144
f 189/185/145 202/198/145 197/195/145 184/182/145
f 203/201/146 204/202/146 200/197/146 199/196/146
f 204/202/147 190/186/147 187/184/147 200/197/147
f 192/189/148 205/203/148 201/199/148 188/190/148
f 193/188/149 206/204/149 205/203/149 192/189/149
f 208/205/150 194/191/150 190/186/150 204/202/150
f 210/206/151 197/195/151 196/200/151 209/207/151
f 211/208/152 198/194/152 197/195/152 210/206/152
f 212/209/153 199/196/153 198/194/153 211/208/153
f 201/199/154 214/210/154 209/207/154 196/200/154
f 215/211/155 203/201/155 199/196/155 212/209/155
f 216/212/156 204/202/156 203/201/156 215/211/156
f 218/213/157 217/214/157 213/215/157 214/210/157
f 205/203/158 218/213/158 214/210/158 201/199/158
f 219/216/159 220/217/159 216/212/159 215/211/159
f 208/205/160 220/217/160 219/216/160 207/218/160
f 220/217/161 208/205/161 204/202/161 216/212/161
f 223/219/162 210/206/162 209/207/162 222/220/162
f 224/221/163 211/208/163 210/206/163 223/219/163
f 225/222/164 212/209/164 211/208/164 224/221/164
f 227/223/165 226/224/165 221/225/165 222/220/165
f 227/223/166 214/210/166 213/215/166 226/224/166
f 214/210/167 227/223/167 222/220/167 209/207/167
f 228/226/168 229/227/168 225/222/168 224/221/168
f 229/227/169 215/211/169 212/209/169 225/222/169
f 217/214/170 230/228/170 226/224/170 213/215/170
f 218/213/171 231/229/171 230/228/171 217/214/171
f 233/230/172 219/216/172 215/211/172 229/227/172
f 235/231/173 222/220/173 221/225/173 234/232/173
f 236/233/174 223/219/174 222/220/174 235/231/174
f 237/234/175 224/221/175 223/219/175 236/233/175
f 226/224/176 238/235/176 234/232/176 221/225/176
f 239/236/177 228/226/177 224/221/177 237/234/177
f 240/237/178 229/227/178 228/226/178 239/236/178
f 241/238/179 162/159/179 161/162/179 238/235/179
f 230/228/180 241/238/180 238/235/180 226/224/180
f 242/239/181 243/240/181 240/237/181 239/236/181
f 233/230/182 243/240/182 242/239/182 232/241/182
f 243/240/183 233/230/183 229/227/183 240/237/183
f 245/242/184 235/231/184 234/232/184 244/243/184
f 246/244/185 236/233/185 235/231/185 245/242/185
f 247/245/186 237/234/186 236/233/186 246/244/186
f 248/246/187 164/161/187 163/165/187 244/243/187
f 248/246/188 238/235/188 161/162/188 164/161/188
f 238/235/189 248/246/189 244/243/189 234/232/189
f 249/247/190 250/248/190 247/245/190 246/244/190
f 250/248/191 239/236/191 237/234/191 247/245/191
f 241/238/192 251/249/192 165/160/192 162/159/192
f 253/250/193 242/239/193 239/236/193 250/248/193
f 254/251/194 244/243/194 163/165/194 166/164/194
f 255/252/195 245/242/195 244/243/195 254/251/195
f 256/253/196 246/244/196 245/242/196 255/252/196
f 257/254/197 249/247/197 246/244/197 256/253/197
f 258/255/198 250/248/198 249/247/198 257/254/198
f 259/256/199 260/257/199 258/255/199 257/254/199
f 253/250/200 260/257/200 259/256/200 252/258/200
f 260/257/201 253/250/201 250/248/201 258/255/201
f 261/259/202 262/260/202 170/166/202 165/160/202
f 264/261/203 263/262/203 180/178/203 181/179/203
f 157/155/204 264/261/204 181/179/204 131/125/204
f 158/156/205 265/263/205 264/261/205 157/155/205
f 159/157/206 266/264/206 265/263/206 158/156/206
f 266/264/207 267/265/207 183/180/207 182/193/207
f 160/158/208 267/265/208 266/264/208 159/157/208
f 267/265/209 160/158/209 132/128/209 183/180/209
f 263/262/210 268/266/210 193/188/210 180/178/210
f 264/261/211 269/267/211 268/266/211 263/262/211
f 265/263/212 270/268/212 269/267/212 264/261/212
f 266/264/213 271/269/213 270/268/213 265/263/213
f 271/269/214 266/264/214 182/193/214 194/191/214
f 273/270/215 272/271/215 205/203/215 206/204/215
f 268/266/216 273/270/216 206/204/216 193/188/216
f 269/267/217 274/272/217 273/270/217 268/266/217
f 270/268/218 275/273/218 274/272/218 269/267/218
f 275/273/219 276/274/219 208/205/219 207/218/219
f 271/269/220 276/274/220 275/273/220 270/268/220
f 276/274/221 271/269/221 194/191/221 208/205/221
f 272/271/222 277/275/222 218/213/222 205/203/222
f 273/270/223 278/276/223 277/275/223 272/271/223
f 274/272/224 279/277/224 278/276/224 273/270/224
f 275/273/225 280/278/225 279/277/225 274/272/225
f 280/278/226 275/273/226 207/218/226 219/216/226
f 282/279/227 281/280/227 230/228/227 231/229/227
f 277/275/228 282/279/228 231/229/228 218/213/228
f 278/276/229 283/281/229 282/279/229 277/275/229
f 279/277/230 284/282/230 283/281/230 278/276/230
f 284/282/231 285/283/231 233/230/231 232/241/231
f 280/278/232 285/283/232 284/282/232 279/277/232
f 285/283/233 280/278/233 219/216/233 233/230/233
f 281/280/234 286/284/234 241/238/234 230/228/234
f 282/279/235 287/285/235 286/284/235 281/280/235
f 283/281/236 288/286/236 287/285/236 282/279/236
f 284/282/237 289/287/237 288/286/237 283/281/237
f 289/287/238 284/282/238 232/241/238 242/239/238
f 290/288/239 261/259/239 165/160/239 251/249/239
f 286/284/240 290/288/240 251/249/240 241/238/240
f 287/285/241 291/289/241 290/288/241 286/284/241
f 288/286/242 292/290/242 291/289/242 287/285/242
f 292/290/243 293/291/243 253/250/243 252/258/243
f 289/287/244 293/291/244 292/290/244 288/286/244
f 293/291/245 289/287/245 242/239/245 253/250/245
f 290/288/246 294/292/246 262/260/246 261/259/246
f 291/289/247 295/293/247 294/292/247 290/288/247
f 292/290/248 296/294/248 295/293/248 291/289/248
f 296/294/249 292/290/249 252/258/249 259/256/249
f 302/295/250 301/296/250 299/297/250 300/298/250
f 308/299/251 307/300/251 304/301/251 305/302/251
f 298/303/252 310/304/252 309/305/252 297/306/252
f 312/307/253 300/298/253 299/297/253 311/308/253
f 300/298/254 312/307/254 310/304/254 298/303/254
f 301/296/255 313/309/255 311/308/255 299/297/255
f 302/295/256 314/310/256 313/309/256 301/296/256
f 316/311/257 315/312/257 313/309/257 314/310/257
f 303/313/256 316/311/256 314/310/256 302/295/256
f 320/314/258 305/302/258 304/301/258 319/315/258
f 323/316/259 322/317/259 318/318/259 319/315/259
f 323/316/260 307/300/260 306/319/260 322/317/260
f 307/300/261 323/316/261 319/315/261 304/301/261
f 324/320/262 308/299/262 305/302/262 320/314/262
f 310/304/252 326/321/252 325/322/252 309/305/252
f 328/323/252 312/307/252 311/308/252 327/324/252
f 312/307/252 328/323/252 326/321/252 310/304/252
f 313/309/263 330/325/263 327/324/263 311/308/263
f 332/326/264 331/327/264 329/328/264 330/325/264
f 315/312/265 332/326/265 330/325/265 313/309/265
f 316/311/266 333/329/266 332/326/266 315/312/266
f 317/330/267 335/331/267 333/329/267 316/311/267
f 337/332/268 319/315/268 318/318/268 336/333/268
f 338/334/269 337/332/269 334/335/269 335/331/269
f 338/334/270 320/314/270 319/315/270 337/332/270
f 340/336/271 322/317/271 321/337/271 339/338/271
f 322/317/272 340/336/272 336/333/272 318/318/272
f 342/339/273 341/340/273 6/6/273 7/5/273
f 343/341/274 342/339/274 7/5/274 8/7/274
f 344/342/275 343/341/275 8/7/275 9/22/275
f 346/343/276 345/344/276 341/340/276 342/339/276
f 347/345/277 346/343/277 342/339/277 343/341/277
f 349/346/278 348/347/278 345/344/278 346/343/278
f 341/340/6 352/348/6 21/19/6 6/6/6
f 344/342/279 354/349/279 353/350/279 343/341/279
f 354/349/280 344/342/280 9/22/280 23/21/280
f 355/351/281 354/349/281 23/21/281 24/23/281
f 356/352/282 298/303/282 297/306/282 350/353/282
f 357/354/283 356/352/283 350/353/283 351/355/283
f 345/344/6 359/356/6 352/348/6 341/340/6
f 347/345/284 361/357/284 360/358/284 346/343/284
f 361/357/277 347/345/277 343/341/277 353/350/277
f 362/359/285 361/357/285 353/350/285 354/349/285
f 363/360/286 362/359/286 354/349/286 355/351/286
f 364/361/287 300/298/287 298/303/287 356/352/287
f 365/362/288 364/361/288 356/352/288 357/354/288
f 366/363/289 365/362/289 357/354/289 358/364/289
f 367/365/290 366/363/290 358/364/290 359/356/290
f 348/347/291 367/365/291 359/356/291 345/344/291
f 349/346/292 368/366/292 367/365/292 348/347/292
f 368/366/293 349/346/293 346/343/293 360/358/293
f 369/367/294 368/366/294 360/358/294 361/357/294
f 370/368/295 369/367/295 361/357/295 362/359/295
f 371/369/296 302/295/296 300/298/296 364/361/296
f 372/370/297 371/369/297 364/361/297 365/362/297
f 373/371/298 372/370/298 365/362/298 366/363/298
f 374/372/299 373/371/299 366/363/299 367/365/299
f 375/373/300 374/372/300 367/365/300 368/366/300
f 378/374/301 303/313/301 302/295/301 371/369/301
f 379/375/302 378/374/302 371/369/302 372/370/302
f 380/376/303 379/375/303 372/370/303 373/371/303
f 381/377/304 380/376/304 373/371/304 374/372/304
f 382/378/305 381/377/305 374/372/305 375/373/305
f 383/379/306 382/378/306 375/373/306 376/380/306
f 384/381/307 383/379/307 376/380/307 377/382/307
f 387/383/308 386/384/308 379/375/308 380/376/308
f 388/385/309 387/383/309 380/376/309 381/377/309
f 389/386/310 388/385/310 381/377/310 382/378/310
f 390/387/311 389/386/311 382/378/311 383/379/311
f 391/388/312 390/387/312 383/379/312 384/381/312
f 392/389/313 391/388/313 384/381/313 385/390/313
f 394/391/314 393/392/314 387/383/314 388/385/314
f 395/393/315 394/391/315 388/385/315 389/386/315
f 396/394/316 395/393/316 389/386/316 390/387/316
f 397/395/317 396/394/317 390/387/317 391/388/317
f 398/396/318 397/395/318 391/388/318 392/389/318
f 402/397/319 401/398/319 394/391/319 395/393/319
f 403/399/320 402/397/320 395/393/320 396/394/320
f 404/400/321 403/399/321 396/394/321 397/395/321
f 405/401/322 404/400/322 397/395/322 398/396/322
f 406/402/323 350/353/323 297/306/323 309/305/323
f 407/403/324 406/402/324 36/50/324 37/49/324
f 407/403/325 351/355/325 350/353/325 406/402/325
f 352/348/6 409/404/6 38/36/6 21/19/6
f 411/405/326 357/354/326 351/355/326 407/403/326
f 412/406/327 411/405/327 407/403/327 408/407/327
f 412/406/326 358/364/326 357/354/326 411/405/326
f 413/408/328 412/406/328 408/407/328 409/404/328
f 413/408/329 359/356/329 358/364/329 412/406/329
f 359/356/330 413/408/330 409/404/330 352/348/330
f 363/360/331 415/409/331 414/410/331 362/359/331
f 415/409/332 363/360/332 355/351/332 410/411/332
f 369/367/333 417/412/333 416/413/333 368/366/333
f 370/368/334 418/414/334 417/412/334 369/367/334
f 418/414/335 370/368/335 362/359/335 414/410/335
f 419/415/336 418/414/336 414/410/336 415/409/336
f 420/416/337 375/373/337 368/366/337 416/413/337
f 421/417/338 420/416/338 416/413/338 417/412/338
f 421/417/326 376/380/326 375/373/326 420/416/326
f 422/418/339 421/417/339 417/412/339 418/414/339
f 422/418/340 377/382/340 376/380/340 421/417/340
f 378/374/256 424/419/256 316/311/256 303/313/256
f 379/375/341 425/420/341 424/419/341 378/374/341
f 426/421/342 384/381/342 377/382/342 422/418/342
f 427/422/343 426/421/343 422/418/343 423/423/343
f 427/422/326 385/390/326 384/381/326 426/421/326
f 428/424/344 317/330/344 316/311/344 424/419/344
f 429/425/345 428/424/345 424/419/345 425/420/345
f 386/384/346 429/425/346 425/420/346 379/375/346
f 387/383/256 430/426/256 429/425/256 386/384/256
f 431/427/326 392/389/326 385/390/326 427/422/326
f 433/428/347 432/429/347 428/424/347 429/425/347
f 434/430/348 433/428/348 429/425/348 430/426/348
f 393/392/256 434/430/256 430/426/256 387/383/256
f 394/391/256 435/431/256 434/430/256 393/392/256
f 436/432/349 324/320/349 320/314/349 432/429/349
f 436/432/350 399/433/350 308/299/350 324/320/350
f 437/434/351 436/432/351 432/429/351 433/428/351
f 437/434/352 400/435/352 399/433/352 436/432/352
f 439/436/353 438/437/353 434/430/353 435/431/353
f 401/398/256 439/436/256 435/431/256 394/391/256
f 402/397/256 440/438/256 439/436/256 401/398/256
f 403/399/256 441/439/256 440/438/256 402/397/256
f 442/440/252 406/402/252 309/305/252 325/322/252
f 406/402/252 442/440/252 50/51/252 36/50/252
f 443/441/354 407/403/354 37/49/354 51/48/354
f 444/442/355 408/407/355 407/403/355 443/441/355
f 445/443/356 409/404/356 408/407/356 444/442/356
f 409/404/6 445/443/6 52/52/6 38/36/6
f 419/415/357 448/444/357 447/445/357 418/414/357
f 448/444/358 419/415/358 415/409/358 446/446/358
f 449/447/359 422/418/359 418/414/359 447/445/359
f 450/448/360 423/423/360 422/418/360 449/447/360
f 451/449/361 427/422/361 423/423/361 450/448/361
f 428/424/362 452/450/362 335/331/362 317/330/362
f 453/451/363 338/334/363 335/331/363 452/450/363
f 453/451/364 432/429/364 320/314/364 338/334/364
f 432/429/365 453/451/365 452/450/365 428/424/365
f 434/430/366 455/452/366 454/453/366 433/428/366
f 456/454/367 437/434/367 433/428/367 454/453/367
f 458/455/368 456/454/368 454/453/368 455/452/368
f 458/455/369 438/437/369 437/434/369 456/454/369
f 438/437/370 458/455/370 455/452/370 434/430/370
f 439/436/371 459/456/371 457/457/371 438/437/371
f 440/438/372 460/458/372 459/456/372 439/436/372
f 464/459/373 463/460/373 461/461/373 462/462/373
f 464/459/188 168/163/188 167/168/188 463/460/188
f 168/163/374 464/459/374 462/462/374 166/164/374
f 169/167/375 465/463/375 463/460/375 167/168/375
f 170/166/192 466/464/192 465/463/192 169/167/192
f 468/465/376 462/462/376 461/461/376 467/466/376
f 463/460/377 470/467/377 467/466/377 461/461/377
f 472/468/378 471/469/378 469/470/378 470/467/378
f 465/463/379 472/468/379 470/467/379 463/460/379
f 475/471/380 468/465/380 467/466/380 474/472/380
f 477/473/381 476/474/381 473/475/381 474/472/381
f 477/473/382 470/467/382 469/470/382 476/474/382
f 470/467/383 477/473/383 474/472/383 467/466/383
f 471/469/384 478/476/384 476/474/384 469/470/384
f 472/468/385 479/477/385 478/476/385 471/469/385
f 484/478/386 483/479/386 480/480/386 481/481/386
f 486/482/387 485/483/387 482/484/387 483/479/387
f 487/485/388 486/482/388 483/479/388 484/478/388
f 490/486/389 489/487/389 485/483/389 486/482/389
f 490/486/390 474/472/390 473/475/390 489/487/390
f 491/488/391 490/486/391 486/482/391 487/485/391
f 491/488/392 475/471/392 474/472/392 490/486/392
f 493/489/393 492/490/393 488/491/393 489/487/393
f 476/474/394 493/489/394 489/487/394 473/475/394
f 495/492/395 494/493/395 492/490/395 493/489/395
f 478/476/396 495/492/396 493/489/396 476/474/396
f 501/494/397 500/495/397 496/496/397 497/497/397
f 502/498/398 501/494/398 497/497/398 498/499/398
f 504/500/399 503/501/399 499/502/399 500/495/399
f 505/503/400 504/500/400 500/495/400 501/494/400
f 506/504/401 505/503/401 501/494/401 502/498/401
f 506/504/402 481/481/402 480/480/402 505/503/402
f 508/505/403 507/506/403 503/501/403 504/500/403
f 509/507/404 508/505/404 504/500/404 505/503/404
f 509/507/405 483/479/405 482/484/405 508/505/405
f 483/479/406 509/507/406 505/503/406 480/480/406
f 512/508/407 511/509/407 507/506/407 508/505/407
f 485/483/408 512/508/408 508/505/408 482/484/408
f 514/510/409 513/511/409 510/512/409 511/509/409
f 515/513/410 514/510/410 511/509/410 512/508/410
f 515/513/411 489/487/411 488/491/411 514/510/411
f 489/487/412 515/513/412 512/508/412 485/483/412
f 517/514/413 516/515/413 513/511/413 514/510/413
f 492/490/414 517/514/414 514/510/414 488/491/414
f 519/516/415 518/517/415 516/515/415 517/514/415
f 494/493/416 519/516/416 517/514/416 492/490/416
f 522/518/417 521/519/417 306/319/417 307/300/417
f 522/518/418 497/497/418 496/496/418 521/519/418
f 523/520/419 522/518/419 307/300/419 308/299/419
f 523/520/420 498/499/420 497/497/420 522/518/420
f 526/521/421 525/522/421 520/523/421 521/519/421
f 526/521/422 500/495/422 499/502/422 525/522/422
f 500/495/423 526/521/423 521/519/423 496/496/423
f 528/524/424 527/525/424 524/526/424 525/522/424
f 503/501/425 528/524/425 525/522/425 499/502/425
f 530/527/426 529/528/426 527/525/426 528/524/426
f 507/506/427 530/527/427 528/524/427 503/501/427
f 532/529/428 531/530/428 529/528/428 530/527/428
f 532/529/429 511/509/429 510/512/429 531/530/429
f 511/509/430 532/529/430 530/527/430 507/506/430
f 513/511/431 533/531/431 531/530/431 510/512/431
f 516/515/432 534/532/432 533/531/432 513/511/432
f 518/517/433 535/533/433 534/532/433 516/515/433
f 538/534/434 537/535/434 321/337/434 322/317/434
f 538/534/435 521/519/435 520/523/435 537/535/435
f 521/519/436 538/534/436 322/317/436 306/319/436
f 540/536/437 539/537/437 536/538/437 537/535/437
f 540/536/438 525/522/438 524/526/438 539/537/438
f 525/522/439 540/536/439 537/535/439 520/523/439
f 527/525/440 541/539/440 539/537/440 524/526/440
f 529/528/441 543/540/441 541/539/441 527/525/441
f 545/541/442 544/542/442 542/543/442 543/540/442
f 531/530/443 545/541/443 543/540/443 529/528/443
f 547/544/444 546/545/444 544/542/444 545/541/444
f 533/531/445 547/544/445 545/541/445 531/530/445
f 549/546/446 548/547/446 546/545/446 547/544/446
f 534/532/447 549/546/447 547/544/447 533/531/447
f 551/548/448 550/549/448 548/547/448 549/546/448
f 535/533/449 551/548/449 549/546/449 534/532/449
f 553/550/450 537/535/450 536/538/450 552/551/450
f 537/535/451 553/550/451 339/338/451 321/337/451
f 539/537/452 554/552/452 552/551/452 536/538/452
f 541/539/453 555/553/453 554/552/453 539/537/453
f 557/554/454 543/540/454 542/543/454 556/555/454
f 543/540/455 557/554/455 555/553/455 541/539/455
f 544/542/456 558/556/456 556/555/456 542/543/456
f 546/545/457 559/557/457 558/556/457 544/542/457
f 548/547/458 560/558/458 559/557/458 546/545/458
f 550/549/459 561/559/459 560/558/459 548/547/459
f 562/560/460 254/251/460 166/164/460 462/462/460
f 563/561/461 255/252/461 254/251/461 562/560/461
f 564/562/462 256/253/462 255/252/462 563/561/462
f 565/563/463 257/254/463 256/253/463 564/562/463
f 566/564/464 259/256/464 257/254/464 565/563/464
f 567/565/465 562/560/465 462/462/465 468/465/465
f 568/566/466 563/561/466 562/560/466 567/565/466
f 569/567/467 564/562/467 563/561/467 568/566/467
f 570/568/468 571/569/468 569/567/468 568/566/468
f 571/569/469 565/563/469 564/562/469 569/567/469
f 572/570/470 573/571/470 571/569/470 570/568/470
f 573/571/471 566/564/471 565/563/471 571/569/471
f 574/572/472 567/565/472 468/465/472 475/471/472
f 575/573/473 568/566/473 567/565/473 574/572/473
f 576/574/474 570/568/474 568/566/474 575/573/474
f 577/575/475 572/570/475 570/568/475 576/574/475
f 579/576/476 484/478/476 481/481/476 578/577/476
f 581/578/477 487/485/477 484/478/477 579/576/477
f 582/579/478 581/578/478 579/576/478 580/580/478
f 583/581/479 491/488/479 487/485/479 581/578/479
f 583/581/480 574/572/480 475/471/480 491/488/480
f 584/582/481 583/581/481 581/578/481 582/579/481
f 584/582/482 575/573/482 574/572/482 583/581/482
f 585/583/483 576/574/483 575/573/483 584/582/483
f 586/584/484 577/575/484 576/574/484 585/583/484
f 588/585/485 502/498/485 498/499/485 587/586/485
f 590/587/486 506/504/486 502/498/486 588/585/486
f 590/587/487 578/577/487 481/481/487 506/504/487
f 591/588/488 590/587/488 588/585/488 589/589/488
f 593/590/489 579/576/489 578/577/489 590/587/489
f 594/591/490 593/590/490 590/587/490 591/588/490
f 594/591/491 580/580/491 579/576/491 593/590/491
f 595/592/492 594/591/492 591/588/492 592/593/492
f 596/594/493 582/579/493 580/580/493 594/591/493
f 597/595/494 596/594/494 594/591/494 595/592/494
f 598/596/495 584/582/495 582/579/495 596/594/495
f 599/597/496 598/596/496 596/594/496 597/595/496
f 600/598/497 585/583/497 584/582/497 598/596/497
f 601/599/498 600/598/498 598/596/498 599/597/498
f 602/600/499 586/584/499 585/583/499 600/598/499
f 603/601/500 602/600/500 600/598/500 601/599/500
f 604/602/501 523/520/501 308/299/501 399/433/501
f 604/602/502 587/586/502 498/499/502 523/520/502
f 605/603/503 604/602/503 399/433/503 400/435/503
f 608/604/504 607/605/504 403/399/504 404/400/504
f 609/606/505 608/604/505 404/400/505 405/401/505
f 610/607/506 588/585/506 587/586/506 604/602/506
f 611/608/507 610/607/507 604/602/507 605/603/507
f 611/608/508 589/589/508 588/585/508 610/607/508
f 612/609/509 611/608/509 605/603/509 606/610/509
f 614/611/510 613/612/510 608/604/510 609/606/510
f 615/613/511 591/588/511 589/589/511 611/608/511
f 616/614/512 615/613/512 611/608/512 612/609/512
f 616/614/513 592/593/513 591/588/513 615/613/513
f 617/615/514 595/592/514 592/593/514 616/614/514
f 619/616/515 597/595/515 595/592/515 617/615/515
f 620/617/516 619/616/516 617/615/516 618/618/516
f 621/619/517 599/597/517 597/595/517 619/616/517
f 622/620/518 621/619/518 619/616/518 620/617/518
f 623/621/519 601/599/519 599/597/519 621/619/519
f 624/622/520 623/621/520 621/619/520 622/620/520
f 625/623/521 603/601/521 601/599/521 623/621/521
f 626/624/522 625/623/522 623/621/522 624/622/522
f 627/625/523 605/603/523 400/435/523 437/434/523
f 628/626/524 627/625/524 437/434/524 438/437/524
f 628/626/525 606/610/525 605/603/525 627/625/525
f 630/627/526 629/628/526 440/438/526 441/439/526
f 607/605/256 630/627/256 441/439/256 403/399/256
f 608/604/256 631/629/256 630/627/256 607/605/256
f 632/630/527 612/609/527 606/610/527 628/626/527
f 634/631/528 633/632/528 630/627/528 631/629/528
f 613/612/256 634/631/256 631/629/256 608/604/256
f 614/611/256 635/633/256 634/631/256 613/612/256
f 636/634/529 616/614/529 612/609/529 632/630/529
f 639/635/530 638/636/530 634/631/530 635/633/530
f 640/637/531 617/615/531 616/614/531 636/634/531
f 641/638/532 640/637/532 636/634/532 637/639/532
f 641/638/533 618/618/533 617/615/533 640/637/533
f 642/640/534 620/617/534 618/618/534 641/638/534
f 643/641/535 622/620/535 620/617/535 642/640/535
f 644/642/536 624/622/536 622/620/536 643/641/536
f 645/643/537 626/624/537 624/622/537 644/642/537
f 646/644/538 628/626/538 438/437/538 457/457/538
f 649/645/539 647/646/539 459/456/539 460/458/539
f 629/628/540 649/645/540 460/458/540 440/438/540
f 630/627/541 650/647/541 649/645/541 629/628/541
f 651/648/542 632/630/542 628/626/542 646/644/542
f 652/649/543 651/648/543 646/644/543 648/650/543
f 633/632/544 653/651/544 650/647/544 630/627/544
f 634/631/545 654/652/545 653/651/545 633/632/545
f 656/653/546 636/634/546 632/630/546 651/648/546
f 657/654/547 656/653/547 651/648/547 652/649/547
f 657/654/548 637/639/548 636/634/548 656/653/548
f 638/636/549 658/655/549 654/652/549 634/631/549
f 639/635/539 659/656/539 658/655/539 638/636/539
f 659/656/550 639/635/550 635/633/550 655/657/550
f 660/658/551 641/638/551 637/639/551 657/654/551
f 661/659/552 642/640/552 641/638/552 660/658/552
f 662/660/553 643/641/553 642/640/553 661/659/553
f 663/661/554 644/642/554 643/641/554 662/660/554
f 664/662/555 645/643/555 644/642/555 663/661/555
f 674/663/556 673/664/556 665/665/556 666/666/556
f 675/667/556 674/663/556 666/666/556 667/668/556
f 676/669/556 675/667/556 667/668/556 668/670/556
f 677/671/556 676/669/556 668/670/556 669/672/556
f 678/673/556 677/671/556 669/672/556 670/674/556
f 679/675/556 678/673/556 670/674/556 671/676/556
f 680/677/556 679/675/556 671/676/556 672/678/556
f 682/679/557 681/680/557 673/664/557 674/663/557
f 683/681/558 682/679/558 674/663/558 675/667/558
f 684/682/559 683/681/559 675/667/559 676/669/559
f 685/683/559 684/682/559 676/669/559 677/671/559
f 686/684/559 685/683/559 677/671/559 678/673/559
f 687/685/559 686/684/559 678/673/559 679/675/559
f 688/686/559 687/685/559 679/675/559 680/677/559
f 690/687/560 666/666/560 665/665/560 689/688/560
f 691/689/561 667/668/561 666/666/561 690/687/561
f 692/690/562 668/670/562 667/668/562 691/689/562
f 693/691/562 669/672/562 668/670/562 692/690/562
f 694/692/562 670/674/562 669/672/562 693/691/562
f 695/693/562 671/676/562 670/674/562 694/692/562
f 696/694/562 672/678/562 671/676/562 695/693/562
f 673/664/563 697/695/563 689/688/563 665/665/563
f 681/680/564 698/696/564 697/695/564 673/664/564
f 682/679/565 699/697/565 698/696/565 681/680/565
f 683/681/566 700/698/566 699/697/566 682/679/566
f 684/682/567 701/699/567 700/698/567 683/681/567
f 685/683/567 702/700/567 701/699/567 684/682/567
f 686/684/567 703/701/567 702/700/567 685/683/567
f 687/685/567 704/702/567 703/701/567 686/684/567
f 688/686/567 705/703/567 704/702/567 687/685/567
f 707/704/568 706/705/568 698/696/568 699/697/568
f 708/706/569 707/704/569 699/697/569 700/698/569
f 709/707/570 708/706/570 700/698/570 701/699/570
f 710/708/570 709/707/570 701/699/570 702/700/570
f 711/709/570 710/708/570 702/700/570 703/701/570
f 712/710/570 711/709/570 703/701/570 704/702/570
f 713/711/570 712/710/570 704/702/570 705/703/570
f 715/712/571 690/687/571 689/688/571 714/713/571
f 716/714/572 691/689/572 690/687/572 715/712/572
f 717/715/573 692/690/573 691/689/573 716/714/573
f 718/716/573 693/691/573 692/690/573 717/715/573
f 719/717/573 694/692/573 693/691/573 718/716/573
f 720/718/573 695/693/573 694/692/573 719/717/573
f 721/719/573 696/694/573 695/693/573 720/718/573
f 697/695/574 722/720/574 714/713/574 689/688/574
f 698/696/6 723/721/6 722/720/6 697/695/6
f 706/705/575 724/722/575 723/721/575 698/696/575
f 707/704/576 725/723/576 724/722/576 706/705/576
f 708/706/577 726/724/577 725/723/577 707/704/577
f 709/707/578 727/725/578 726/724/578 708/706/578
f 710/708/578 728/726/578 727/725/578 709/707/578
f 711/709/578 729/727/578 728/726/578 710/708/578
f 712/710/578 730/728/578 729/727/578 711/709/578
f 713/711/578 731/729/578 730/728/578 712/710/578
f 733/730/579 715/712/579 714/713/579 732/731/579
f 734/732/580 716/714/580 715/712/580 733/730/580
f 735/733/581 717/715/581 716/714/581 734/732/581
f 736/734/581 718/716/581 717/715/581 735/733/581
f 737/735/581 719/717/581 718/716/581 736/734/581
f 738/736/581 720/718/581 719/717/581 737/735/581
f 739/737/581 721/719/581 720/718/581 738/736/581
f 722/720/582 740/738/582 732/731/582 714/713/582
f 723/721/6 741/739/6 740/738/6 722/720/6
f 724/722/583 749/740/583 741/739/583 723/721/583
f 749/740/584 750/741/584 742/742/584 741/739/584
f 725/723/585 750/741/585 749/740/585 724/722/585
f 750/741/586 751/743/586 743/744/586 742/742/586
f 726/724/587 751/743/587 750/741/587 725/723/587
f 751/743/588 752/745/588 744/746/588 743/744/588
f 727/725/589 752/745/589 751/743/589 726/724/589
f 752/745/588 753/747/588 745/748/588 744/746/588
f 728/726/589 753/747/589 752/745/589 727/725/589
f 753/747/588 754/749/588 746/750/588 745/748/588
f 729/727/589 754/749/589 753/747/589 728/726/589
f 754/749/588 755/751/588 747/752/588 746/750/588
f 730/728/589 755/751/589 754/749/589 729/727/589
f 755/751/588 756/753/588 748/754/588 747/752/588
f 731/729/589 756/753/589 755/751/589 730/728/589
f 758/755/590 733/730/590 732/731/590 757/756/590
f 759/757/591 734/732/591 733/730/591 758/755/591
f 760/758/592 735/733/592 734/732/592 759/757/592
f 761/759/592 736/734/592 735/733/592 760/758/592
f 762/760/592 737/735/592 736/734/592 761/759/592
f 763/761/592 738/736/592 737/735/592 762/760/592
f 764/762/592 739/737/592 738/736/592 763/761/592
f 740/738/593 765/763/593 757/756/593 732/731/593
f 765/763/594 766/764/594 758/755/594 757/756/594
f 766/764/594 767/765/594 759/757/594 758/755/594
f 767/765/594 768/766/594 760/758/594 759/757/594
f 768/766/594 769/767/594 761/759/594 760/758/594
f 769/767/594 770/768/594 762/760/594 761/759/594
f 770/768/594 771/769/594 763/761/594 762/760/594
f 771/769/594 772/770/594 764/762/594 763/761/594
f 741/739/595 773/771/595 765/763/595 740/738/595
f 773/771/596 774/772/596 766/764/596 765/763/596
f 742/742/597 774/772/597 773/771/597 741/739/597
f 774/772/598 775/773/598 767/765/598 766/764/598
f 743/744/599 775/773/599 774/772/599 742/742/599
f 775/773/600 776/774/600 768/766/600 767/765/600
f 744/746/601 776/774/601 775/773/601 743/744/601
f 776/774/600 777/775/600 769/767/600 768/766/600
f 745/748/601 777/775/601 776/774/601 744/746/601
f 777/775/600 778/776/600 770/768/600 769/767/600
f 746/750/601 778/776/601 777/775/601 745/748/601
f 778/776/600 779/777/600 771/769/600 770/768/600
f 747/752/601 779/777/601 778/776/601 746/750/601
f 779/777/600 780/778/600 772/770/600 771/769/600
f 748/754/601 780/778/601 779/777/601 747/752/601
f 782/779/602 781/780/602 465/463/602 466/464/602
f 262/260/603 782/779/603 466/464/603 170/166/603
f 781/780/604 783/781/604 472/468/604 465/463/604
f 782/779/605 784/782/605 783/781/605 781/780/605
f 792/783/556 680/677/556 672/678/556 785/784/556
f 793/785/556 792/783/556 785/784/556 786/786/556
f 794/787/556 793/785/556 786/786/556 787/788/556
f 795/789/556 794/787/556 787/788/556 788/790/556
f 796/791/556 795/789/556 788/790/556 789/792/556
f 797/793/556 796/791/556 789/792/556 790/794/556
f 798/795/556 797/793/556 790/794/556 791/796/556
f 799/797/559 688/686/559 680/677/559 792/783/559
f 800/798/559 799/797/559 792/783/559 793/785/559
f 801/799/559 800/798/559 793/785/559 794/787/559
f 802/800/559 801/799/559 794/787/559 795/789/559
f 803/801/559 802/800/559 795/789/559 796/791/559
f 804/802/606 803/801/606 796/791/606 797/793/606
f 805/803/607 804/802/607 797/793/607 798/795/607
f 808/804/608 807/805/608 478/476/608 479/477/608
f 783/781/609 808/804/609 479/477/609 472/468/609
f 784/782/610 809/806/610 808/804/610 783/781/610
f 810/807/562 785/784/562 672/678/562 696/694/562
f 811/808/562 786/786/562 785/784/562 810/807/562
f 812/809/562 787/788/562 786/786/562 811/808/562
f 813/810/611 788/790/611 787/788/611 812/809/611
f 814/811/612 789/792/612 788/790/612 813/810/612
f 815/812/613 814/811/613 806/813/613 807/805/613
f 815/812/614 790/794/614 789/792/614 814/811/614
f 816/814/615 815/812/615 807/805/615 808/804/615
f 816/814/616 791/796/616 790/794/616 815/812/616
f 817/815/617 816/814/617 808/804/617 809/806/617
f 818/816/618 798/795/618 791/796/618 816/814/618
f 799/797/567 819/817/567 705/703/567 688/686/567
f 800/798/567 820/818/567 819/817/567 799/797/567
f 801/799/567 821/819/567 820/818/567 800/798/567
f 802/800/567 822/820/567 821/819/567 801/799/567
f 803/801/567 823/821/567 822/820/567 802/800/567
f 804/802/619 824/822/619 823/821/619 803/801/619
f 805/803/620 825/823/620 824/822/620 804/802/620
f 825/823/621 805/803/621 798/795/621 818/816/621
f 826/824/570 713/711/570 705/703/570 819/817/570
f 827/825/570 826/824/570 819/817/570 820/818/570
f 828/826/570 827/825/570 820/818/570 821/819/570
f 829/827/570 828/826/570 821/819/570 822/820/570
f 830/828/570 829/827/570 822/820/570 823/821/570
f 831/829/622 830/828/622 823/821/622 824/822/622
f 832/830/623 831/829/623 824/822/623 825/823/623
f 835/831/624 834/832/624 494/493/624 495/492/624
f 835/831/625 807/805/625 806/813/625 834/832/625
f 807/805/626 835/831/626 495/492/626 478/476/626
f 837/833/573 810/807/573 696/694/573 721/719/573
f 838/834/627 811/808/627 810/807/627 837/833/627
f 839/835/628 812/809/628 811/808/628 838/834/628
f 840/836/629 813/810/629 812/809/629 839/835/629
f 841/837/630 840/836/630 833/838/630 834/832/630
f 841/837/631 814/811/631 813/810/631 840/836/631
f 814/811/632 841/837/632 834/832/632 806/813/632
f 817/815/633 843/839/633 842/840/633 816/814/633
f 843/839/634 817/815/634 809/806/634 836/841/634
f 844/842/635 818/816/635 816/814/635 842/840/635
f 845/843/636 844/842/636 842/840/636 843/839/636
f 846/844/637 825/823/637 818/816/637 844/842/637
f 847/845/638 846/844/638 844/842/638 845/843/638
f 826/824/578 848/846/578 731/729/578 713/711/578
f 827/825/639 849/847/639 848/846/639 826/824/639
f 828/826/640 850/848/640 849/847/640 827/825/640
f 829/827/641 851/849/641 850/848/641 828/826/641
f 830/828/642 852/850/642 851/849/642 829/827/642
f 831/829/643 853/851/643 852/850/643 830/828/643
f 832/830/644 854/852/644 853/851/644 831/829/644
f 854/852/645 832/830/645 825/823/645 846/844/645
f 855/853/646 854/852/646 846/844/646 847/845/646
f 857/854/647 856/855/647 518/517/647 519/516/647
f 857/854/648 834/832/648 833/838/648 856/855/648
f 834/832/649 857/854/649 519/516/649 494/493/649
f 858/856/581 837/833/581 721/719/581 739/737/581
f 859/857/650 838/834/650 837/833/650 858/856/650
f 860/858/651 839/835/651 838/834/651 859/857/651
f 861/859/652 840/836/652 839/835/652 860/858/652
f 840/836/653 861/859/653 856/855/653 833/838/653
f 756/753/588 868/860/588 862/861/588 748/754/588
f 848/846/589 868/860/589 756/753/589 731/729/589
f 868/860/588 869/862/588 863/863/588 862/861/588
f 849/847/654 869/862/654 868/860/654 848/846/654
f 869/862/588 870/864/588 864/865/588 863/863/588
f 850/848/655 870/864/655 869/862/655 849/847/655
f 870/864/588 871/866/588 865/867/588 864/865/588
f 851/849/656 871/866/656 870/864/656 850/848/656
f 871/866/657 872/868/657 866/869/657 865/867/657
f 852/850/658 872/868/658 871/866/658 851/849/658
f 853/851/659 873/870/659 872/868/659 852/850/659
f 854/852/660 874/871/660 873/870/660 853/851/660
f 855/853/661 875/872/661 874/871/661 854/852/661
f 875/872/662 855/853/662 847/845/662 867/873/662
f 877/874/663 876/875/663 873/870/663 874/871/663
f 878/876/664 877/874/664 874/871/664 875/872/664
f 856/855/665 879/877/665 535/533/665 518/517/665
f 880/878/592 858/856/592 739/737/592 764/762/592
f 881/879/666 859/857/666 858/856/666 880/878/666
f 882/880/667 860/858/667 859/857/667 881/879/667
f 883/881/668 861/859/668 860/858/668 882/880/668
f 861/859/669 883/881/669 879/877/669 856/855/669
f 772/770/594 884/882/594 880/878/594 764/762/594
f 884/882/594 885/883/594 881/879/594 880/878/594
f 885/883/594 886/884/594 882/880/594 881/879/594
f 886/884/670 887/885/670 883/881/670 882/880/670
f 780/778/600 888/886/600 884/882/600 772/770/600
f 862/861/601 888/886/601 780/778/601 748/754/601
f 888/886/671 889/887/671 885/883/671 884/882/671
f 863/863/672 889/887/672 888/886/672 862/861/672
f 889/887/673 890/888/673 886/884/673 885/883/673
f 864/865/674 890/888/674 889/887/674 863/863/674
f 890/888/675 891/889/675 887/885/675 886/884/675
f 865/867/676 891/889/676 890/888/676 864/865/676
f 866/869/677 892/890/677 891/889/677 865/867/677
f 894/891/678 893/892/678 891/889/678 892/890/678
f 872/868/679 894/891/679 892/890/679 866/869/679
f 873/870/680 895/893/680 894/891/680 872/868/680
f 897/894/681 896/895/681 894/891/681 895/893/681
f 876/875/682 897/894/682 895/893/682 873/870/682
f 877/874/683 898/896/683 897/894/683 876/875/683
f 878/876/684 899/897/684 898/896/684 877/874/684
f 901/898/685 900/899/685 897/894/685 898/896/685
f 902/900/686 901/898/686 898/896/686 899/897/686
f 904/901/687 903/902/687 901/898/687 902/900/687
f 906/903/688 905/904/688 550/549/688 551/548/688
f 879/877/689 906/903/689 551/548/689 535/533/689
f 908/905/690 907/906/690 905/904/690 906/903/690
f 883/881/691 908/905/691 906/903/691 879/877/691
f 910/907/692 909/908/692 907/906/692 908/905/692
f 887/885/693 910/907/693 908/905/693 883/881/693
f 891/889/694 911/909/694 910/907/694 887/885/694
f 893/892/695 912/910/695 911/909/695 891/889/695
f 894/891/696 913/911/696 912/910/696 893/892/696
f 915/912/697 914/913/697 912/910/697 913/911/697
f 896/895/698 915/912/698 913/911/698 894/891/698
f 897/894/699 916/914/699 915/912/699 896/895/699
f 918/915/700 917/916/700 915/912/700 916/914/700
f 900/899/701 918/915/701 916/914/701 897/894/701
f 901/898/702 919/917/702 918/915/702 900/899/702
f 922/918/703 921/919/703 918/915/703 919/917/703
f 903/902/704 922/918/704 919/917/704 901/898/704
f 904/901/705 923/920/705 922/918/705 903/902/705
f 923/920/706 904/901/706 902/900/706 920/921/706
f 905/904/707 924/922/707 561/559/707 550/549/707
f 907/906/708 925/923/708 924/922/708 905/904/708
f 909/908/709 926/924/709 925/923/709 907/906/709
f 910/907/710 927/925/710 926/924/710 909/908/710
f 911/909/711 928/926/711 927/925/711 910/907/711
f 912/910/712 929/927/712 928/926/712 911/909/712
f 914/913/713 930/928/713 929/927/713 912/910/713
f 915/912/714 931/929/714 930/928/714 914/913/714
f 917/916/715 932/930/715 931/929/715 915/912/715
f 918/915/716 933/931/716 932/930/716 917/916/716
f 921/919/717 934/932/717 933/931/717 918/915/717
f 922/918/718 935/933/718 934/932/718 921/919/718
f 923/920/719 936/934/719 935/933/719 922/918/719
f 294/292/720 937/935/720 782/779/720 262/260/720
f 295/293/721 938/936/721 937/935/721 294/292/721
f 296/294/722 939/937/722 938/936/722 295/293/722
f 939/937/723 296/294/723 259/256/723 566/564/723
f 937/935/724 940/938/724 784/782/724 782/779/724
f 938/936/725 941/939/725 940/938/725 937/935/725
f 941/939/726 942/940/726 573/571/726 572/570/726
f 939/937/727 942/940/727 941/939/727 938/936/727
f 942/940/728 939/937/728 566/564/728 573/571/728
f 940/938/729 943/941/729 809/806/729 784/782/729
f 941/939/730 944/942/730 943/941/730 940/938/730
f 944/942/731 941/939/731 572/570/731 577/575/731
f 943/941/732 945/943/732 836/841/732 809/806/732
f 944/942/733 946/944/733 945/943/733 943/941/733
f 946/944/734 944/942/734 577/575/734 586/584/734
f 947/945/735 843/839/735 836/841/735 945/943/735
f 948/946/736 947/945/736 945/943/736 946/944/736
f 949/947/737 845/843/737 843/839/737 947/945/737
f 950/948/738 949/947/738 947/945/738 948/946/738
f 951/949/739 847/845/739 845/843/739 949/947/739
f 952/950/740 946/944/740 586/584/740 602/600/740
f 953/951/741 952/950/741 602/600/741 603/601/741
f 954/952/742 948/946/742 946/944/742 952/950/742
f 955/953/743 954/952/743 952/950/743 953/951/743
f 950/948/744 957/954/744 956/955/744 949/947/744
f 957/954/745 950/948/745 948/946/745 954/952/745
f 958/956/746 957/954/746 954/952/746 955/953/746
f 951/949/747 959/957/747 867/873/747 847/845/747
f 959/957/748 951/949/748 949/947/748 956/955/748
f 960/958/749 959/957/749 956/955/749 957/954/749
f 961/959/750 960/958/750 957/954/750 958/956/750
f 962/960/751 875/872/751 867/873/751 959/957/751
f 963/961/752 962/960/752 959/957/752 960/958/752
f 964/962/753 878/876/753 875/872/753 962/960/753
f 965/963/754 953/951/754 603/601/754 625/623/754
f 966/964/755 965/963/755 625/623/755 626/624/755
f 967/965/756 955/953/756 953/951/756 965/963/756
f 968/966/757 967/965/757 965/963/757 966/964/757
f 969/967/758 958/956/758 955/953/758 967/965/758
f 970/968/759 969/967/759 967/965/759 968/966/759
f 961/959/760 972/969/760 971/970/760 960/958/760
f 972/969/761 961/959/761 958/956/761 969/967/761
f 963/961/762 974/971/762 973/972/762 962/960/762
f 974/971/763 963/961/763 960/958/763 971/970/763
f 975/973/764 974/971/764 971/970/764 972/969/764
f 964/962/765 976/974/765 899/897/765 878/876/765
f 976/974/766 964/962/766 962/960/766 973/972/766
f 977/975/767 976/974/767 973/972/767 974/971/767
f 978/976/768 977/975/768 974/971/768 975/973/768
f 979/977/769 902/900/769 899/897/769 976/974/769
f 980/978/770 979/977/770 976/974/770 977/975/770
f 981/979/771 966/964/771 626/624/771 645/643/771
f 982/980/772 968/966/772 966/964/772 981/979/772
f 970/968/773 984/981/773 983/982/773 969/967/773
f 984/981/774 970/968/774 968/966/774 982/980/774
f 985/983/775 972/969/775 969/967/775 983/982/775
f 986/984/776 985/983/776 983/982/776 984/981/776
f 987/985/777 975/973/777 972/969/777 985/983/777
f 978/976/778 989/986/778 988/987/778 977/975/778
f 989/986/779 978/976/779 975/973/779 987/985/779
f 979/977/780 990/988/780 920/921/780 902/900/780
f 980/978/781 991/989/781 990/988/781 979/977/781
f 991/989/782 980/978/782 977/975/782 988/987/782
f 992/990/783 991/989/783 988/987/783 989/986/783
f 993/991/784 923/920/784 920/921/784 990/988/784
f 994/992/785 993/991/785 990/988/785 991/989/785
f 995/993/786 981/979/786 645/643/786 664/662/786
f 996/994/787 982/980/787 981/979/787 995/993/787
f 997/995/788 984/981/788 982/980/788 996/994/788
f 986/984/789 999/996/789 998/997/789 985/983/789
f 999/996/790 986/984/790 984/981/790 997/995/790
f 1000/998/791 987/985/791 985/983/791 998/997/791
f 1001/999/792 1000/998/792 998/997/792 999/996/792
f 1002/1000/793 989/986/793 987/985/793 1000/998/793
f 992/990/794 1004/1001/794 1003/1002/794 991/989/794
f 1004/1001/795 992/990/795 989/986/795 1002/1000/795
f 993/991/796 1005/1003/796 936/934/796 923/920/796
f 994/992/797 1006/1004/797 1005/1003/797 993/991/797
f 1006/1004/798 994/992/798 991/989/798 1003/1002/798
f 1014/1005/799 1013/1006/799 1008/1007/799 1009/1008/799
f 1015/1009/800 1014/1005/800 1009/1008/800 1010/1010/800
f 1020/1011/801 1019/1012/801 1011/1013/801 1012/1014/801
f 1021/1015/802 1020/1011/802 1012/1014/802 1013/1006/802
f 1022/1016/803 1021/1015/803 1013/1006/803 1014/1005/803
f 1023/1017/804 1022/1016/804 1014/1005/804 1015/1009/804
f 1025/1018/805 1024/1019/805 935/933/805 936/934/805
f 1030/1020/806 1009/1008/806 1008/1007/806 1029/1021/806
f 1031/1022/807 1030/1020/807 1026/1023/807 1027/1024/807
f 1031/1022/808 1010/1010/808 1009/1008/808 1030/1020/808
f 1010/1010/809 1031/1022/809 1027/1024/809 1007/1025/809
f 1034/1026/810 1012/1014/810 1011/1013/810 1033/1027/810
f 1035/1028/811 1034/1026/811 1028/1029/811 1029/1021/811
f 1035/1028/812 1013/1006/812 1012/1014/812 1034/1026/812
f 1013/1006/813 1035/1028/813 1029/1021/813 1008/1007/813
f 1037/1030/814 1017/1031/814 1016/1032/814 1036/1033/814
f 1038/1034/815 1018/1035/815 1017/1031/815 1037/1030/815
f 1039/1036/816 1038/1034/816 1032/1037/816 1033/1027/816
f 1039/1036/817 1019/1012/817 1018/1035/817 1038/1034/817
f 1019/1012/818 1039/1036/818 1033/1027/818 1011/1013/818
f 1048/1038/819 1047/1039/819 1041/1040/819 1042/1041/819
f 1049/1042/820 1048/1038/820 1042/1041/820 1043/1043/820
f 1050/1044/821 1049/1042/821 1043/1043/821 1044/1045/821
f 1053/1046/822 1052/1047/822 1045/1048/822 1046/1049/822
f 1054/1050/823 1053/1046/823 1046/1049/823 1047/1039/823
f 1055/1051/824 1054/1050/824 1047/1039/824 1048/1038/824
f 1056/1052/825 1055/1051/825 1048/1038/825 1049/1042/825
f 1057/1053/826 1056/1052/826 1049/1042/826 1050/1044/826
f 1058/1054/827 1010/1010/827 1007/1025/827 1051/1055/827
f 1059/1056/828 1058/1054/828 1051/1055/828 1052/1047/828
f 1060/1057/829 1059/1056/829 1052/1047/829 1053/1046/829
f 1061/1058/830 1060/1057/830 1053/1046/830 1054/1050/830
f 1062/1059/831 1061/1058/831 1054/1050/831 1055/1051/831
f 1063/1060/832 1062/1059/832 1055/1051/832 1056/1052/832
f 1064/1061/833 1063/1060/833 1056/1052/833 1057/1053/833
f 1065/1062/834 1015/1009/834 1010/1010/834 1058/1054/834
f 1066/1063/835 1065/1062/835 1058/1054/835 1059/1056/835
f 1067/1064/836 1066/1063/836 1059/1056/836 1060/1057/836
f 1068/1065/837 1067/1064/837 1060/1057/837 1061/1058/837
f 1069/1066/838 1068/1065/838 1061/1058/838 1062/1059/838
f 1070/1067/839 1023/1017/839 1015/1009/839 1065/1062/839
f 1071/1068/840 1070/1067/840 1065/1062/840 1066/1063/840
f 1072/1069/841 1071/1068/841 1066/1063/841 1067/1064/841
f 1077/1070/842 1042/1041/842 1041/1040/842 1076/1071/842
f 1078/1072/843 1077/1070/843 1073/1073/843 1074/1074/843
f 1078/1072/844 1043/1043/844 1042/1041/844 1077/1070/844
f 1079/1075/845 1044/1045/845 1043/1043/845 1078/1072/845
f 1082/1076/846 1046/1049/846 1045/1048/846 1081/1077/846
f 1083/1078/807 1082/1076/807 1075/1079/807 1076/1071/807
f 1083/1078/847 1047/1039/847 1046/1049/847 1082/1076/847
f 1047/1039/848 1083/1078/848 1076/1071/848 1041/1040/848
f 1084/1080/849 1050/1044/849 1044/1045/849 1079/1075/849
f 1085/1081/850 1051/1055/850 1007/1025/850 1027/1024/850
f 1086/1082/807 1085/1081/807 1080/1083/807 1081/1077/807
f 1086/1082/851 1052/1047/851 1051/1055/851 1085/1081/851
f 1052/1047/852 1086/1082/852 1081/1077/852 1045/1048/852
f 1087/1084/853 1057/1053/853 1050/1044/853 1084/1080/853
f 1063/1060/854 1089/1085/854 1088/1086/854 1062/1059/854
f 1064/1061/855 1090/1087/855 1089/1085/855 1063/1060/855
f 1090/1087/856 1064/1061/856 1057/1053/856 1087/1084/856
f 1068/1065/857 1092/1088/857 1091/1089/857 1067/1064/857
f 1069/1066/858 1093/1090/858 1092/1088/858 1068/1065/858
f 1093/1090/859 1069/1066/859 1062/1059/859 1088/1086/859
f 1070/1067/860 1094/1091/860 1040/1092/860 1023/1017/860
f 1071/1068/861 1095/1093/861 1094/1091/861 1070/1067/861
f 1072/1069/862 1096/1094/862 1095/1093/862 1071/1068/862
f 1096/1094/863 1072/1069/863 1067/1064/863 1091/1089/863
f 1101/1095/864 1100/1096/864 1097/1097/864 1098/1098/864
f 1103/1099/865 1102/1100/865 1099/1101/865 1100/1096/865
f 1104/1102/866 1103/1099/866 1100/1096/866 1101/1095/866
f 1106/1103/867 1105/1104/867 1102/1100/867 1103/1099/867
f 1107/1105/868 1106/1103/868 1103/1099/868 1104/1102/868
f 1109/1106/869 1108/1107/869 1106/1103/869 1107/1105/869
f 1112/1108/870 1098/1098/870 1097/1097/870 1111/1109/870
f 1114/1110/871 1113/1111/871 1110/1112/871 1111/1109/871
f 1114/1110/872 1100/1096/872 1099/1101/872 1113/1111/872
f 1100/1096/873 1114/1110/873 1111/1109/873 1097/1097/873
f 1102/1100/874 1115/1113/874 1113/1111/874 1099/1101/874
f 1105/1104/875 1116/1114/875 1115/1113/875 1102/1100/875
f 1106/1103/876 1117/1115/876 1116/1114/876 1105/1104/876
f 1108/1107/877 1119/1116/877 1117/1115/877 1106/1103/877
f 1109/1106/878 1120/1117/878 1119/1116/878 1108/1107/878
f 1120/1117/879 1109/1106/879 1107/1105/879 1118/1118/879
f 1122/1119/880 1121/1120/880 1016/1032/880 1017/1031/880
f 1123/1121/881 1122/1119/881 1017/1031/881 1018/1035/881
f 1124/1122/882 1123/1121/882 1018/1035/882 1019/1012/882
f 1125/1123/883 1124/1122/883 1019/1012/883 1020/1011/883
f 1126/1124/884 1125/1123/884 1020/1011/884 1021/1015/884
f 1127/1125/885 1126/1124/885 1021/1015/885 1022/1016/885
f 1128/1126/886 1127/1125/886 1022/1016/886 1023/1017/886
f 1129/1127/887 1101/1095/887 1098/1098/887 1121/1120/887
f 1130/1128/888 1129/1127/888 1121/1120/888 1122/1119/888
f 1131/1129/889 1130/1128/889 1122/1119/889 1123/1121/889
f 1132/1130/890 1131/1129/890 1123/1121/890 1124/1122/890
f 1133/1131/891 1132/1130/891 1124/1122/891 1125/1123/891
f 1134/1132/892 1133/1131/892 1125/1123/892 1126/1124/892
f 1135/1133/893 1104/1102/893 1101/1095/893 1129/1127/893
f 1136/1134/894 1135/1133/894 1129/1127/894 1130/1128/894
f 1137/1135/895 1136/1134/895 1130/1128/895 1131/1129/895
f 1138/1136/896 1137/1135/896 1131/1129/896 1132/1130/896
f 1139/1137/897 1107/1105/897 1104/1102/897 1135/1133/897
f 1140/1138/898 1139/1137/898 1135/1133/898 1136/1134/898
f 1141/1139/899 1121/1120/899 1098/1098/899 1112/1108/899
f 1121/1120/900 1141/1139/900 1036/1033/900 1016/1032/900
f 1127/1125/901 1143/1140/901 1142/1141/901 1126/1124/901
f 1128/1126/902 1144/1142/902 1143/1140/902 1127/1125/902
f 1144/1142/903 1128/1126/903 1023/1017/903 1040/1092/903
f 1133/1131/904 1146/1143/904 1145/1144/904 1132/1130/904
f 1134/1132/905 1147/1145/905 1146/1143/905 1133/1131/905
f 1147/1145/906 1134/1132/906 1126/1124/906 1142/1141/906
f 1148/1146/907 1147/1145/907 1142/1141/907 1143/1140/907
f 1137/1135/908 1150/1147/908 1149/1148/908 1136/1134/908
f 1138/1136/909 1151/1149/909 1150/1147/909 1137/1135/909
f 1151/1149/910 1138/1136/910 1132/1130/910 1145/1144/910
f 1152/1150/911 1151/1149/911 1145/1144/911 1146/1143/911
f 1139/1137/912 1153/1151/912 1118/1118/912 1107/1105/912
f 1140/1138/913 1154/1152/913 1153/1151/913 1139/1137/913
f 1154/1152/914 1140/1138/914 1136/1134/914 1149/1148/914
f 1155/1153/911 1154/1152/911 1149/1148/911 1150/1147/911
f 1156/1154/911 1120/1117/911 1118/1118/911 1153/1151/911
f 1157/1155/915 1144/1142/915 1040/1092/915 1094/1091/915
f 1159/1156/916 79/75/916 75/76/916 1158/1157/916
f 1160/1158/44 83/81/44 79/75/44 1159/1156/44
f 1161/1159/917 1158/1157/917 75/76/917 87/84/917
f 1162/1160/918 1159/1156/918 1158/1157/918 1161/1159/918
f 1163/1161/919 1160/1158/919 1159/1156/919 1162/1160/919
f 1164/1162/920 1161/1159/920 87/84/920 95/93/920
f 97/104/921 1165/1163/921 1164/1162/921 95/93/921
f 1165/1163/922 1162/1160/922 1161/1159/922 1164/1162/922
f 1166/1164/923 1163/1161/923 1162/1160/923 1165/1163/923
f 1167/1165/924 1165/1163/924 97/104/924 107/103/924
f 110/117/925 1168/1166/925 1167/1165/925 107/103/925
f 1166/1164/926 1168/1166/926 110/117/926 99/149/926
f 1168/1166/927 1166/1164/927 1165/1163/927 1167/1165/927
f 1169/1167/928 138/135/928 83/81/928 1160/1158/928
f 1169/1167/929 1170/1168/929 142/139/929 138/135/929
f 1170/1168/930 1169/1167/930 1160/1158/930 1163/1161/930
f 146/143/931 1171/1169/931 1166/1164/931 99/149/931
f 1170/1168/932 1171/1169/932 146/143/932 142/139/932
f 1171/1169/933 1170/1168/933 1163/1161/933 1166/1164/933
f 1172/1170/934 355/351/934 24/23/934 53/55/934
f 1174/1171/935 398/396/935 392/389/935 1173/1172/935
f 1177/1173/936 405/401/936 398/396/936 1174/1171/936
f 1178/1174/937 1177/1173/937 1174/1171/937 1175/1175/937
f 1179/1176/938 1178/1174/938 1175/1175/938 1176/1177/938
f 1172/1170/277 1180/1178/277 410/411/277 355/351/277
f 1180/1178/939 1172/1170/939 53/55/939 56/53/939
f 1181/1179/940 1180/1178/940 56/53/940 57/56/940
f 1182/1180/941 1181/1179/941 57/56/941 58/64/941
f 1183/1181/942 415/409/942 410/411/942 1180/1178/942
f 1184/1182/943 1183/1181/943 1180/1178/943 1181/1179/943
f 1186/1183/944 431/427/944 427/422/944 1185/1184/944
f 1186/1183/326 1173/1172/326 392/389/326 431/427/326
f 1189/1185/945 1174/1171/945 1173/1172/945 1186/1183/945
f 1190/1186/946 1189/1185/946 1186/1183/946 1187/1187/946
f 1190/1186/947 1175/1175/947 1174/1171/947 1189/1185/947
f 1191/1188/948 1190/1186/948 1187/1187/948 1188/1189/948
f 1191/1188/949 1176/1177/949 1175/1175/949 1190/1186/949
f 1179/1176/950 1193/1190/950 1192/1191/950 1178/1174/950
f 1193/1190/951 1179/1176/951 1176/1177/951 1191/1188/951
f 1182/1180/952 1195/1192/952 1194/1193/952 1181/1179/952
f 1195/1192/953 1182/1180/953 58/64/953 64/62/953
f 1196/1194/954 1195/1192/954 64/62/954 65/1195/954
f 1197/1196/955 1196/1194/955 65/1195/955 66/1196/955
f 1183/1181/956 1198/1197/956 446/446/956 415/409/956
f 1184/1182/957 1199/1198/957 1198/1197/957 1183/1181/957
f 1199/1198/958 1184/1182/958 1181/1179/958 1194/1193/958
f 1200/1199/959 1199/1198/959 1194/1193/959 1195/1192/959
f 1201/1200/357 448/444/357 446/446/357 1198/1197/357
f 1202/1201/960 1185/1184/960 427/422/960 451/449/960
f 1204/1202/961 1186/1183/961 1185/1184/961 1202/1201/961
f 1205/1203/360 1204/1202/360 1202/1201/360 1203/1204/360
f 1205/1203/962 1187/1187/962 1186/1183/962 1204/1202/962
f 1206/1205/360 1188/1189/360 1187/1187/360 1205/1203/360
f 1207/1206/963 1191/1188/963 1188/1189/963 1206/1205/963
f 1193/1190/950 1209/1207/950 1208/1208/950 1192/1191/950
f 1209/1207/950 1193/1190/950 1191/1188/950 1207/1206/950
f 1210/1209/964 609/606/964 405/401/964 1177/1173/964
f 1211/1210/965 1210/1209/965 1177/1173/965 1178/1174/965
f 1212/1211/966 614/611/966 609/606/966 1210/1209/966
f 1211/1210/967 1214/1212/967 1213/1213/967 1210/1209/967
f 1214/1212/950 1211/1210/950 1178/1174/950 1192/1191/950
f 1212/1211/968 1215/1214/968 635/633/968 614/611/968
f 1215/1214/969 1212/1211/969 1210/1209/969 1213/1213/969
f 1214/1212/950 1217/1215/950 1216/1216/950 1213/1213/950
f 1217/1215/950 1214/1212/950 1192/1191/950 1208/1208/950
f 1215/1214/970 1218/1217/970 655/657/970 635/633/970
f 1218/1217/950 1215/1214/950 1213/1213/950 1216/1216/950
f 1220/1218/971 41/38/971 40/39/971 1219/1219/971
f 1221/1220/972 42/40/972 41/38/972 1220/1218/972
f 1222/1221/973 43/44/973 42/40/973 1221/1220/973
f 44/41/6 1223/1222/6 1219/1219/6 40/39/6
f 1224/1223/974 1225/1224/974 1222/1221/974 1221/1220/974
f 1225/1224/975 46/43/975 43/44/975 1222/1221/975
f 1226/1225/976 47/45/976 46/43/976 1225/1224/976
f 48/46/6 1227/1226/6 1223/1222/6 44/41/6
f 1230/1227/977 51/48/977 50/51/977 1229/1228/977
f 52/52/6 1231/1229/6 1227/1226/6 48/46/6
f 1233/1230/978 1220/1218/978 1219/1219/978 1232/1231/978
f 1234/1232/979 1221/1220/979 1220/1218/979 1233/1230/979
f 1223/1222/6 1235/1233/6 1232/1231/6 1219/1219/6
f 1236/1234/980 1237/1235/980 1234/1232/980 1233/1230/980
f 1237/1235/979 1224/1223/979 1221/1220/979 1234/1232/979
f 1238/1236/981 1225/1224/981 1224/1223/981 1237/1235/981
f 1239/1237/982 1226/1225/982 1225/1224/982 1238/1236/982
f 1227/1226/6 1240/1238/6 1235/1233/6 1223/1222/6
f 1241/1239/983 1242/1240/983 1239/1237/983 1238/1236/983
f 1242/1240/984 1228/1241/984 1226/1225/984 1239/1237/984
f 1244/1242/985 1230/1227/985 1229/1228/985 1243/1243/985
f 1231/1229/6 1245/1244/6 1240/1238/6 1227/1226/6
f 1248/1245/986 1233/1230/986 1232/1231/986 1247/1246/986
f 1235/1233/6 1249/1247/6 1247/1246/6 1232/1231/6
f 1249/1247/987 1250/1248/987 1248/1245/987 1247/1246/987
f 1250/1248/988 1236/1234/988 1233/1230/988 1248/1245/988
f 1251/1249/989 1237/1235/989 1236/1234/989 1250/1248/989
f 1252/1250/990 1238/1236/990 1237/1235/990 1251/1249/990
f 1240/1238/6 1253/1251/6 1249/1247/6 1235/1233/6
f 1254/1252/991 1255/1253/991 1251/1249/991 1250/1248/991
f 1255/1253/992 1256/1254/992 1252/1250/992 1251/1249/992
f 1256/1254/993 1241/1239/993 1238/1236/993 1252/1250/993
f 1257/1255/994 1242/1240/994 1241/1239/994 1256/1254/994
f 1245/1244/6 1258/1256/6 1253/1251/6 1240/1238/6
f 1259/1257/995 1260/1258/995 1256/1254/995 1255/1253/995
f 1260/1258/996 1261/1259/996 1257/1255/996 1256/1254/996
f 1261/1259/997 1246/1260/997 1242/1240/997 1257/1255/997
f 1263/1261/998 1250/1248/998 1249/1247/998 1262/1262/998
f 1253/1251/6 1264/1263/6 1262/1262/6 1249/1247/6
f 1264/1263/999 1265/1264/999 1263/1261/999 1262/1262/999
f 1265/1264/1000 1254/1252/1000 1250/1248/1000 1263/1261/1000
f 1266/1265/1001 1255/1253/1001 1254/1252/1001 1265/1264/1001
f 1258/1256/6 1267/1266/6 1264/1263/6 1253/1251/6
f 1267/1266/1002 1268/1267/1002 1265/1264/1002 1264/1263/1002
f 1268/1267/1003 1269/1268/1003 1266/1265/1003 1265/1264/1003
f 1269/1268/1003 1259/1257/1003 1255/1253/1003 1266/1265/1003
f 1270/1269/1004 1260/1258/1004 1259/1257/1004 1269/1268/1004
f 1271/1270/1005 59/59/1005 47/45/1005 1226/1225/1005
f 1228/1241/979 1272/1271/979 1271/1270/979 1226/1225/979
f 1272/1271/1006 60/58/1006 59/59/1006 1271/1270/1006
f 1273/1272/1007 61/60/1007 60/58/1007 1272/1271/1007
f 1274/1273/1008 62/63/1008 61/60/1008 1273/1272/1008
f 1275/1274/1009 1276/1275/1009 1274/1273/1009 1273/1272/1009
f 1276/1275/1010 64/62/1010 62/63/1010 1274/1273/1010
f 1277/1276/1011 65/1195/1011 64/62/1011 1276/1275/1011
f 1278/1277/1012 66/1196/1012 65/1195/1012 1277/1276/1012
f 1279/1278/1013 1272/1271/1013 1228/1241/1013 1242/1240/1013
f 1280/1279/1014 1273/1272/1014 1272/1271/1014 1279/1278/1014
f 1246/1260/1015 1281/1280/1015 1279/1278/1015 1242/1240/1015
f 1281/1280/1016 1282/1281/1016 1280/1279/1016 1279/1278/1016
f 1282/1281/993 1275/1274/993 1273/1272/993 1280/1279/993
f 1283/1282/1017 1276/1275/1017 1275/1274/1017 1282/1281/1017
f 1284/1283/1003 1281/1280/1003 1246/1260/1003 1261/1259/1003
f 326/321/252 1286/1284/252 1285/1285/252 325/322/252
f 1288/1286/252 328/323/252 327/324/252 1287/1287/252
f 328/323/252 1288/1286/252 1286/1284/252 326/321/252
f 1290/1288/1018 330/325/1018 329/328/1018 1289/1289/1018
f 330/325/252 1290/1288/252 1287/1287/252 327/324/252
f 331/327/1019 1291/1290/1019 1289/1289/1019 329/328/1019
f 1291/1290/1020 1292/1291/1020 1290/1288/1020 1289/1289/1020
f 332/326/1021 1292/1291/1021 1291/1290/1021 331/327/1021
f 333/329/1022 1293/1292/1022 1292/1291/1022 332/326/1022
f 1295/1293/1023 335/331/1023 334/335/1023 1294/1294/1023
f 335/331/1024 1295/1293/1024 1293/1292/1024 333/329/1024
f 1297/1295/1025 337/332/1025 336/333/1025 1296/1296/1025
f 337/332/1026 1297/1295/1026 1294/1294/1026 334/335/1026
f 1297/1295/1027 1298/1297/1027 1295/1293/1027 1294/1294/1027
f 1300/1298/1028 340/336/1028 339/338/1028 1299/1299/1028
f 340/336/1029 1300/1298/1029 1296/1296/1029 336/333/1029
f 1286/1284/252 1302/1300/252 1301/1301/252 1285/1285/252
f 1304/1302/252 1288/1286/252 1287/1287/252 1303/1303/252
f 1288/1286/252 1304/1302/252 1302/1300/252 1286/1284/252
f 1290/1288/1030 1305/1304/1030 1303/1303/1030 1287/1287/1030
f 1292/1291/1031 1307/1305/1031 1305/1304/1031 1290/1288/1031
f 1307/1305/1032 1308/1306/1032 1306/1307/1032 1305/1304/1032
f 1293/1292/1033 1308/1306/1033 1307/1305/1033 1292/1291/1033
f 1295/1293/1034 1309/1308/1034 1308/1306/1034 1293/1292/1034
f 1311/1309/1035 1297/1295/1035 1296/1296/1035 1310/1310/1035
f 1312/1311/1036 1298/1297/1036 1297/1295/1036 1311/1309/1036
f 1314/1312/1037 1300/1298/1037 1299/1299/1037 1313/1313/1037
f 1300/1298/1038 1314/1312/1038 1310/1310/1038 1296/1296/1038
f 1314/1312/1039 1315/1314/1039 1311/1309/1039 1310/1310/1039
f 1302/1300/252 1318/1315/252 1317/1316/252 1301/1301/252
f 1320/1317/1040 1304/1302/1040 1303/1303/1040 1319/1318/1040
f 1304/1302/1041 1320/1317/1041 1318/1315/1041 1302/1300/1041
f 1305/1304/1042 1321/1319/1042 1319/1318/1042 1303/1303/1042
f 1321/1319/1043 1322/1320/1043 1320/1317/1043 1319/1318/1043
f 1306/1307/1044 1322/1320/1044 1321/1319/1044 1305/1304/1044
f 1308/1306/1044 1323/1321/1044 1322/1320/1044 1306/1307/1044
f 1325/1322/1045 1312/1311/1045 1311/1309/1045 1324/1323/1045
f 1327/1324/1046 1315/1314/1046 1314/1312/1046 1326/1325/1046
f 1315/1314/1047 1327/1324/1047 1324/1323/1047 1311/1309/1047
f 1327/1324/1048 1328/1326/1048 1325/1322/1048 1324/1323/1048
f 1328/1326/1049 1316/1327/1049 1312/1311/1049 1325/1322/1049
f 1329/1328/252 442/440/252 325/322/252 1285/1285/252
f 442/440/252 1329/1328/252 1229/1228/252 50/51/252
f 1330/1329/1050 443/441/1050 51/48/1050 1230/1227/1050
f 1331/1330/1051 444/442/1051 443/441/1051 1330/1329/1051
f 1332/1331/1052 445/443/1052 444/442/1052 1331/1330/1052
f 445/443/6 1332/1331/6 1231/1229/6 52/52/6
f 448/444/1053 1335/1332/1053 1334/1333/1053 447/445/1053
f 1336/1334/1054 449/447/1054 447/445/1054 1334/1333/1054
f 1337/1335/1055 450/448/1055 449/447/1055 1336/1334/1055
f 1338/1336/1056 451/449/1056 450/448/1056 1337/1335/1056
f 1298/1297/1057 1340/1337/1057 1339/1338/1057 1295/1293/1057
f 1343/1339/1058 1345/1340/1058 1342/1341/1058 1341/1342/1058
f 459/456/1059 1346/1343/1059 1344/1344/1059 457/457/1059
f 1348/1345/252 1329/1328/252 1285/1285/252 1301/1301/252
f 1329/1328/252 1348/1345/252 1243/1243/252 1229/1228/252
f 1348/1345/1060 1349/1346/1060 1244/1242/1060 1243/1243/1060
f 1349/1346/1061 1330/1329/1061 1230/1227/1061 1244/1242/1061
f 1350/1347/1062 1331/1330/1062 1330/1329/1062 1349/1346/1062
f 1351/1348/1063 1332/1331/1063 1331/1330/1063 1350/1347/1063
f 1332/1331/6 1351/1348/6 1245/1244/6 1231/1229/6
f 1353/1349/1064 1354/1350/1064 1350/1347/1064 1349/1346/1064
f 1354/1350/1065 1355/1351/1065 1351/1348/1065 1350/1347/1065
f 1360/1352/1066 1361/1353/1066 1357/1354/1066 1356/1355/1066
f 1335/1332/1067 1361/1353/1067 1360/1352/1067 1334/1333/1067
f 1361/1353/1068 1335/1332/1068 1333/1356/1068 1357/1354/1068
f 1362/1357/1069 1363/1358/1069 1359/1359/1069 1358/1360/1069
f 1363/1358/1070 1364/1361/1070 1360/1352/1070 1359/1359/1070
f 1364/1361/1071 1336/1334/1071 1334/1333/1071 1360/1352/1071
f 1365/1362/1072 1337/1335/1072 1336/1334/1072 1364/1361/1072
f 1368/1363/1073 1369/1364/1073 1365/1362/1073 1364/1361/1073
f 1369/1364/1074 1338/1336/1074 1337/1335/1074 1365/1362/1074
f 1309/1308/1075 1370/1365/1075 1366/1366/1075 1308/1306/1075
f 1339/1338/1076 1370/1365/1076 1309/1308/1076 1295/1293/1076
f 1370/1365/1077 1371/1367/1077 1367/1368/1077 1366/1366/1077
f 1374/1369/1078 1340/1337/1078 1298/1297/1078 1312/1311/1078
f 1340/1337/1079 1374/1369/1079 1370/1365/1079 1339/1338/1079
f 1374/1369/1080 1375/1370/1080 1371/1367/1080 1370/1365/1080
f 1375/1370/1081 1376/1371/1081 1372/1372/1081 1371/1367/1081
f 1342/1341/1082 1376/1371/1082 1375/1370/1082 1341/1342/1082
f 1316/1327/1083 1378/1373/1083 1374/1369/1083 1312/1311/1083
f 1378/1373/1084 1379/1374/1084 1375/1370/1084 1374/1369/1084
f 1379/1374/1085 1343/1339/1085 1341/1342/1085 1375/1370/1085
f 1380/1375/1086 1345/1340/1086 1343/1339/1086 1379/1374/1086
f 1345/1340/1087 1380/1375/1087 1376/1371/1087 1342/1341/1087
f 1380/1375/1088 1381/1376/1088 1377/1377/1088 1376/1371/1088
f 1346/1343/1089 1381/1376/1089 1380/1375/1089 1344/1344/1089
f 1347/1378/1090 1382/1379/1090 1381/1376/1090 1346/1343/1090
f 1384/1380/1091 1348/1345/1091 1301/1301/1091 1317/1316/1091
f 1385/1381/1092 1349/1346/1092 1348/1345/1092 1384/1380/1092
f 1351/1348/6 1386/1382/6 1258/1256/6 1245/1244/6
f 1388/1383/1093 1389/1384/1093 1261/1259/1093 1260/1258/1093
f 1318/1315/1094 1390/1385/1094 1384/1380/1094 1317/1316/1094
f 1390/1385/1095 1391/1386/1095 1385/1381/1095 1384/1380/1095
f 1391/1386/1096 1353/1349/1096 1349/1346/1096 1385/1381/1096
f 1392/1387/1096 1354/1350/1096 1353/1349/1096 1391/1386/1096
f 1393/1388/1097 1355/1351/1097 1354/1350/1097 1392/1387/1097
f 1355/1351/1098 1393/1388/1098 1386/1382/1098 1351/1348/1098
f 1395/1389/1099 1396/1390/1099 1388/1383/1099 1387/1391/1099
f 1396/1390/1100 1397/1392/1100 1389/1384/1100 1388/1383/1100
f 1357/1354/1101 1397/1392/1101 1396/1390/1101 1356/1355/1101
f 1397/1392/1102 1357/1354/1102 1352/1393/1102 1389/1384/1102
f 1320/1317/1103 1398/1394/1103 1390/1385/1103 1318/1315/1103
f 1398/1394/1104 1399/1395/1104 1391/1386/1104 1390/1385/1104
f 1399/1395/1105 1400/1396/1105 1392/1387/1105 1391/1386/1105
f 1400/1396/1106 1401/1397/1106 1393/1388/1106 1392/1387/1106
f 1402/1398/1107 1403/1399/1107 1395/1389/1107 1394/1400/1107
f 1359/1359/1108 1403/1399/1108 1402/1398/1108 1358/1360/1108
f 1403/1399/1109 1404/1401/1109 1396/1390/1109 1395/1389/1109
f 1360/1352/1110 1404/1401/1110 1403/1399/1110 1359/1359/1110
f 1404/1401/1111 1360/1352/1111 1356/1355/1111 1396/1390/1111
f 1322/1320/1112 1405/1402/1112 1398/1394/1112 1320/1317/1112
f 1405/1402/1113 1406/1403/1113 1399/1395/1113 1398/1394/1113
f 1406/1403/1114 1407/1404/1114 1400/1396/1114 1399/1395/1114
f 1407/1404/1115 1408/1405/1115 1401/1397/1115 1400/1396/1115
f 1408/1405/1116 1409/1406/1116 1402/1398/1116 1401/1397/1116
f 1409/1406/1117 1362/1357/1117 1358/1360/1117 1402/1398/1117
f 1410/1407/1096 1363/1358/1096 1362/1357/1096 1409/1406/1096
f 1411/1408/1118 1364/1361/1118 1363/1358/1118 1410/1407/1118
f 1323/1321/1119 1412/1409/1119 1405/1402/1119 1322/1320/1119
f 1366/1366/1044 1412/1409/1044 1323/1321/1044 1308/1306/1044
f 1412/1409/1120 1413/1410/1120 1406/1403/1120 1405/1402/1120
f 1367/1368/1121 1413/1410/1121 1412/1409/1121 1366/1366/1121
f 1413/1410/1122 1414/1411/1122 1407/1404/1122 1406/1403/1122
f 1414/1411/1123 1415/1412/1123 1408/1405/1123 1407/1404/1123
f 1415/1412/1124 1416/1413/1124 1409/1406/1124 1408/1405/1124
f 1416/1413/1125 1417/1414/1125 1410/1407/1125 1409/1406/1125
f 1417/1414/1126 1418/1415/1126 1411/1408/1126 1410/1407/1126
f 1418/1415/1127 1368/1363/1127 1364/1361/1127 1411/1408/1127
f 1419/1416/1096 1369/1364/1096 1368/1363/1096 1418/1415/1096
f 1371/1367/1128 1420/1417/1128 1413/1410/1128 1367/1368/1128
f 1420/1417/1129 1421/1418/1129 1414/1411/1129 1413/1410/1129
f 1372/1372/1044 1421/1418/1044 1420/1417/1044 1371/1367/1044
f 1421/1418/1130 1422/1419/1130 1415/1412/1130 1414/1411/1130
f 1422/1419/1131 1423/1420/1131 1416/1413/1131 1415/1412/1131
f 1423/1420/1132 1424/1421/1132 1417/1414/1132 1416/1413/1132
f 1424/1421/1133 1425/1422/1133 1418/1415/1133 1417/1414/1133
f 1425/1422/1134 1426/1423/1134 1419/1416/1134 1418/1415/1134
f 1426/1423/1096 1373/1424/1096 1369/1364/1096 1419/1416/1096
f 1376/1371/1044 1427/1425/1044 1421/1418/1044 1372/1372/1044
f 1427/1425/1135 1428/1426/1135 1422/1419/1135 1421/1418/1135
f 1377/1377/1044 1428/1426/1044 1427/1425/1044 1376/1371/1044
f 1428/1426/1136 1429/1427/1136 1423/1420/1136 1422/1419/1136
f 1429/1427/1137 1430/1428/1137 1424/1421/1137 1423/1420/1137
f 1430/1428/1138 1431/1429/1138 1425/1422/1138 1424/1421/1138
f 1431/1429/1139 1432/1430/1139 1426/1423/1139 1425/1422/1139
f 1433/1431/1140 1378/1373/1140 1316/1327/1140 1328/1326/1140
f 1434/1432/1141 1379/1374/1141 1378/1373/1141 1433/1431/1141
f 1381/1376/1044 1435/1433/1044 1428/1426/1044 1377/1377/1044
f 1435/1433/1142 1436/1434/1142 1429/1427/1142 1428/1426/1142
f 1382/1379/1044 1436/1434/1044 1435/1433/1044 1381/1376/1044
f 1436/1434/1143 1437/1435/1143 1430/1428/1143 1429/1427/1143
f 1383/1436/1044 1437/1435/1044 1436/1434/1044 1382/1379/1044
f 1437/1435/1144 1438/1437/1144 1431/1429/1144 1430/1428/1144
f 1438/1437/1145 1439/1438/1145 1432/1430/1145 1431/1429/1145
f 1386/1382/6 1440/1439/6 1267/1266/6 1258/1256/6
f 1440/1439/1146 1441/1440/1146 1268/1267/1146 1267/1266/1146
f 1441/1440/1147 1442/1441/1147 1269/1268/1147 1268/1267/1147
f 1442/1441/1148 1443/1442/1148 1270/1269/1148 1269/1268/1148
f 1388/1383/1149 1443/1442/1149 1442/1441/1149 1387/1391/1149
f 1443/1442/1150 1388/1383/1150 1260/1258/1150 1270/1269/1150
f 1393/1388/6 1444/1443/6 1440/1439/6 1386/1382/6
f 1444/1443/1151 1445/1444/1151 1441/1440/1151 1440/1439/1151
f 1445/1444/1152 1446/1445/1152 1442/1441/1152 1441/1440/1152
f 1395/1389/1153 1446/1445/1153 1445/1444/1153 1394/1400/1153
f 1446/1445/1152 1395/1389/1152 1387/1391/1152 1442/1441/1152
f 1401/1397/1154 1447/1446/1154 1444/1443/1154 1393/1388/1154
f 1447/1446/1155 1448/1447/1155 1445/1444/1155 1444/1443/1155
f 1402/1398/1156 1448/1447/1156 1447/1446/1156 1401/1397/1156
f 1448/1447/1157 1402/1398/1157 1394/1400/1157 1445/1444/1157
f 1450/1448/1158 553/550/1158 552/551/1158 1449/1449/1158
f 553/550/1159 1450/1448/1159 1299/1299/1159 339/338/1159
f 554/552/1160 1451/1450/1160 1449/1449/1160 552/551/1160
f 555/553/1161 1452/1451/1161 1451/1450/1161 554/552/1161
f 1454/1452/1162 557/554/1162 556/555/1162 1453/1453/1162
f 557/554/1163 1454/1452/1163 1452/1451/1163 555/553/1163
f 558/556/1164 1455/1454/1164 1453/1453/1164 556/555/1164
f 559/557/1165 1456/1455/1165 1455/1454/1165 558/556/1165
f 560/558/1166 1457/1456/1166 1456/1455/1166 559/557/1166
f 561/559/6 1458/1457/6 1457/1456/6 560/558/6
f 1460/1458/1167 1450/1448/1167 1449/1449/1167 1459/1459/1167
f 1450/1448/1168 1460/1458/1168 1313/1313/1168 1299/1299/1168
f 1460/1458/1169 1461/1460/1169 1314/1312/1169 1313/1313/1169
f 1451/1450/1170 1462/1461/1170 1459/1459/1170 1449/1449/1170
f 1462/1461/1171 1463/1462/1171 1460/1458/1171 1459/1459/1171
f 1452/1451/1172 1464/1463/1172 1462/1461/1172 1451/1450/1172
f 1466/1464/1173 1454/1452/1173 1453/1453/1173 1465/1465/1173
f 1454/1452/1174 1466/1464/1174 1464/1463/1174 1452/1451/1174
f 1455/1454/1175 1467/1466/1175 1465/1465/1175 1453/1453/1175
f 1467/1466/1176 1468/1467/1176 1466/1464/1176 1465/1465/1176
f 1456/1455/1177 1469/1468/1177 1467/1466/1177 1455/1454/1177
f 1469/1468/1178 1470/1469/1178 1468/1467/1178 1467/1466/1178
f 1457/1456/1179 1471/1470/1179 1469/1468/1179 1456/1455/1179
f 1471/1470/1180 1472/1471/1180 1470/1469/1180 1469/1468/1180
f 1458/1457/1181 1473/1472/1181 1471/1470/1181 1457/1456/1181
f 1473/1472/1182 1474/1473/1182 1472/1471/1182 1471/1470/1182
f 1476/1474/1183 1461/1460/1183 1460/1458/1183 1475/1475/1183
f 1461/1460/1184 1476/1474/1184 1326/1325/1184 1314/1312/1184
f 1476/1474/1185 1477/1476/1185 1327/1324/1185 1326/1325/1185
f 1477/1476/1186 1478/1477/1186 1328/1326/1186 1327/1324/1186
f 1480/1478/1187 1463/1462/1187 1462/1461/1187 1479/1479/1187
f 1463/1462/1188 1480/1478/1188 1475/1475/1188 1460/1458/1188
f 1480/1478/1189 1481/1480/1189 1476/1474/1189 1475/1475/1189
f 1464/1463/1190 1482/1481/1190 1479/1479/1190 1462/1461/1190
f 1482/1481/1191 1483/1482/1191 1480/1478/1191 1479/1479/1191
f 1466/1464/1192 1484/1483/1192 1482/1481/1192 1464/1463/1192
f 1484/1483/1193 1485/1484/1193 1483/1482/1193 1482/1481/1193
f 1468/1467/1194 1486/1485/1194 1484/1483/1194 1466/1464/1194
f 1486/1485/1195 1487/1486/1195 1485/1484/1195 1484/1483/1195
f 1470/1469/1196 1488/1487/1196 1486/1485/1196 1468/1467/1196
f 1472/1471/1197 1489/1488/1197 1488/1487/1197 1470/1469/1197
f 1474/1473/1198 1490/1489/1198 1489/1488/1198 1472/1471/1198
f 1492/1490/1199 1477/1476/1199 1476/1474/1199 1491/1491/1199
f 1493/1492/1200 1478/1477/1200 1477/1476/1200 1492/1490/1200
f 1495/1493/1201 1481/1480/1201 1480/1478/1201 1494/1494/1201
f 1481/1480/1202 1495/1493/1202 1491/1491/1202 1476/1474/1202
f 1495/1493/1203 1496/1495/1203 1492/1490/1203 1491/1491/1203
f 1496/1495/1204 1497/1496/1204 1493/1492/1204 1492/1490/1204
f 1483/1482/1205 1498/1497/1205 1494/1494/1205 1480/1478/1205
f 1498/1497/1206 1499/1498/1206 1495/1493/1206 1494/1494/1206
f 1499/1498/1207 1500/1499/1207 1496/1495/1207 1495/1493/1207
f 1500/1499/1208 1501/1500/1208 1497/1496/1208 1496/1495/1208
f 1485/1484/1209 1502/1501/1209 1498/1497/1209 1483/1482/1209
f 1502/1501/1210 1503/1502/1210 1499/1498/1210 1498/1497/1210
f 1503/1502/1211 1504/1503/1211 1500/1499/1211 1499/1498/1211
f 1506/1504/1212 1487/1486/1212 1486/1485/1212 1505/1505/1212
f 1487/1486/1213 1506/1504/1213 1502/1501/1213 1485/1484/1213
f 1506/1504/1214 1507/1506/1214 1503/1502/1214 1502/1501/1214
f 1488/1487/1215 1508/1507/1215 1505/1505/1215 1486/1485/1215
f 1508/1507/1216 1509/1508/1216 1506/1504/1216 1505/1505/1216
f 1509/1508/1217 1510/1509/1217 1507/1506/1217 1506/1504/1217
f 1489/1488/1218 1511/1510/1218 1508/1507/1218 1488/1487/1218
f 1511/1510/1219 1512/1511/1219 1509/1508/1219 1508/1507/1219
f 1490/1489/1220 1513/1512/1220 1511/1510/1220 1489/1488/1220
f 1513/1512/1221 1514/1513/1221 1512/1511/1221 1511/1510/1221
f 1516/1514/1222 1501/1500/1222 1500/1499/1222 1515/1515/1222
f 1518/1516/1223 1504/1503/1223 1503/1502/1223 1517/1517/1223
f 1504/1503/1224 1518/1516/1224 1515/1515/1224 1500/1499/1224
f 1518/1516/1225 1519/1518/1225 1516/1514/1225 1515/1515/1225
f 1507/1506/1226 1520/1519/1226 1517/1517/1226 1503/1502/1226
f 1520/1519/1227 1521/1520/1227 1518/1516/1227 1517/1517/1227
f 1521/1520/1228 1522/1521/1228 1519/1518/1228 1518/1516/1228
f 1524/1522/1229 1510/1509/1229 1509/1508/1229 1523/1523/1229
f 1510/1509/1230 1524/1522/1230 1520/1519/1230 1507/1506/1230
f 1524/1522/1231 1525/1524/1231 1521/1520/1231 1520/1519/1231
f 1525/1524/1232 1526/1525/1232 1522/1521/1232 1521/1520/1232
f 1512/1511/1233 1527/1526/1233 1523/1523/1233 1509/1508/1233
f 1527/1526/1234 1528/1527/1234 1524/1522/1234 1523/1523/1234
f 1514/1513/1235 1529/1528/1235 1527/1526/1235 1512/1511/1235
f 1529/1528/1236 1530/1529/1236 1528/1527/1236 1527/1526/1236
f 1532/1530/1237 1525/1524/1237 1524/1522/1237 1531/1531/1237
f 1533/1532/1238 1526/1525/1238 1525/1524/1238 1532/1530/1238
f 1528/1527/1239 1534/1533/1239 1531/1531/1239 1524/1522/1239
f 1534/1533/1240 1535/1534/1240 1532/1530/1240 1531/1531/1240
f 1530/1529/1241 1536/1535/1241 1534/1533/1241 1528/1527/1241
f 1539/1536/1242 1533/1532/1242 1532/1530/1242 1538/1537/1242
f 1541/1538/1243 1535/1534/1243 1534/1533/1243 1540/1539/1243
f 1535/1534/1244 1541/1538/1244 1538/1537/1244 1532/1530/1244
f 1536/1535/1245 1542/1540/1245 1540/1539/1245 1534/1533/1245
f 1542/1540/1246 1543/1541/1246 1541/1538/1246 1540/1539/1246
f 1537/1542/1247 1543/1541/1247 1542/1540/1247 1536/1535/1247
f 1545/1543/1248 1539/1536/1248 1538/1537/1248 1544/1544/1248
f 1541/1538/1249 1546/1545/1249 1544/1544/1249 1538/1537/1249
f 1546/1545/1250 1547/1546/1250 1545/1543/1250 1544/1544/1250
f 1543/1541/1251 1548/1547/1251 1546/1545/1251 1541/1538/1251
f 1550/1548/1252 646/644/1252 457/457/1252 1344/1344/1252
f 1551/1549/1253 648/650/1253 646/644/1253 1550/1548/1253
f 647/646/1254 1552/1550/1254 1346/1343/1254 459/456/1254
f 1552/1550/1255 1553/1551/1255 1347/1378/1255 1346/1343/1255
f 649/645/1256 1553/1551/1256 1552/1550/1256 647/646/1256
f 650/647/1257 1554/1552/1257 1553/1551/1257 649/645/1257
f 1555/1553/1258 1556/1554/1258 1551/1549/1258 1550/1548/1258
f 1556/1554/1259 652/649/1259 648/650/1259 1551/1549/1259
f 653/651/1260 1557/1555/1260 1554/1552/1260 650/647/1260
f 654/652/1261 1558/1556/1261 1557/1555/1261 653/651/1261
f 1560/1557/1262 1561/1558/1262 1556/1554/1262 1555/1553/1262
f 1561/1558/1263 657/654/1263 652/649/1263 1556/1554/1263
f 658/655/1264 1562/1559/1264 1558/1556/1264 654/652/1264
f 659/656/1265 1563/1560/1265 1562/1559/1265 658/655/1265
f 1563/1560/1266 659/656/1266 655/657/1266 1559/1561/1266
f 1564/1562/1267 660/658/1267 657/654/1267 1561/1558/1267
f 1565/1563/1268 661/659/1268 660/658/1268 1564/1562/1268
f 1566/1564/1269 662/660/1269 661/659/1269 1565/1563/1269
f 1567/1565/1270 663/661/1270 662/660/1270 1566/1564/1270
f 1568/1566/637 664/662/637 663/661/637 1567/1565/637
f 1569/1567/1271 1570/1568/1271 1380/1375/1271 1379/1374/1271
f 1570/1568/1272 1550/1548/1272 1344/1344/1272 1380/1375/1272
f 1553/1551/1273 1571/1569/1273 1382/1379/1273 1347/1378/1273
f 1571/1569/1274 1572/1570/1274 1383/1436/1274 1382/1379/1274
f 1554/1552/1275 1572/1570/1275 1571/1569/1275 1553/1551/1275
f 1574/1571/1276 1555/1553/1276 1550/1548/1276 1570/1568/1276
f 1557/1555/1277 1575/1572/1277 1572/1570/1277 1554/1552/1277
f 1575/1572/1278 1576/1573/1278 1573/1574/1278 1572/1570/1278
f 1558/1556/1279 1576/1573/1279 1575/1572/1279 1557/1555/1279
f 1578/1575/1280 1560/1557/1280 1555/1553/1280 1574/1571/1280
f 1579/1576/1281 1561/1558/1281 1560/1557/1281 1578/1575/1281
f 1562/1559/1282 1580/1577/1282 1576/1573/1282 1558/1556/1282
f 1580/1577/1283 1581/1578/1283 1577/1579/1283 1576/1573/1283
f 1563/1560/1255 1581/1578/1255 1580/1577/1255 1562/1559/1255
f 1581/1578/1284 1563/1560/1284 1559/1561/1284 1577/1579/1284
f 1582/1580/1285 1583/1581/1285 1579/1576/1285 1578/1575/1285
f 1583/1581/1286 1564/1562/1286 1561/1558/1286 1579/1576/1286
f 1584/1582/1287 1565/1563/1287 1564/1562/1287 1583/1581/1287
f 1585/1583/1288 1566/1564/1288 1565/1563/1288 1584/1582/1288
f 1586/1584/1289 1567/1565/1289 1566/1564/1289 1585/1583/1289
f 1587/1585/1290 1568/1566/1290 1567/1565/1290 1586/1584/1290
f 1478/1477/1291 1588/1586/1291 1433/1431/1291 1328/1326/1291
f 1588/1586/1292 1589/1587/1292 1434/1432/1292 1433/1431/1292
f 1589/1587/1293 1569/1567/1293 1379/1374/1293 1434/1432/1293
f 1590/1588/1294 1570/1568/1294 1569/1567/1294 1589/1587/1294
f 1572/1570/1044 1591/1589/1044 1437/1435/1044 1383/1436/1044
f 1591/1589/1295 1592/1590/1295 1438/1437/1295 1437/1435/1295
f 1573/1574/1044 1592/1590/1044 1591/1589/1044 1572/1570/1044
f 1592/1590/1296 1593/1591/1296 1439/1438/1296 1438/1437/1296
f 1594/1592/1297 1595/1593/1297 1589/1587/1297 1588/1586/1297
f 1595/1593/1298 1596/1594/1298 1590/1588/1298 1589/1587/1298
f 1596/1594/1299 1574/1571/1299 1570/1568/1299 1590/1588/1299
f 1576/1573/1044 1597/1595/1044 1592/1590/1044 1573/1574/1044
f 1597/1595/1300 1598/1596/1300 1593/1591/1300 1592/1590/1300
f 1577/1579/1044 1598/1596/1044 1597/1595/1044 1576/1573/1044
f 1599/1597/1301 1600/1598/1301 1596/1594/1301 1595/1593/1301
f 1600/1598/1302 1578/1575/1302 1574/1571/1302 1596/1594/1302
f 1601/1599/1303 1582/1580/1303 1578/1575/1303 1600/1598/1303
f 1602/1600/1304 1583/1581/1304 1582/1580/1304 1601/1599/1304
f 1603/1601/1305 1604/1602/1305 1602/1600/1305 1601/1599/1305
f 1604/1602/1306 1584/1582/1306 1583/1581/1306 1602/1600/1306
f 1605/1603/1307 1606/1604/1307 1604/1602/1307 1603/1601/1307
f 1606/1604/1308 1585/1583/1308 1584/1582/1308 1604/1602/1308
f 1607/1605/1309 1608/1606/1309 1606/1604/1309 1605/1603/1309
f 1608/1606/1310 1586/1584/1310 1585/1583/1310 1606/1604/1310
f 1609/1607/1311 1610/1608/1311 1608/1606/1311 1607/1605/1311
f 1610/1608/1312 1587/1585/1312 1586/1584/1312 1608/1606/1312
f 1611/1609/1313 1588/1586/1313 1478/1477/1313 1493/1492/1313
f 1497/1496/1314 1612/1610/1314 1611/1609/1314 1493/1492/1314
f 1612/1610/1315 1594/1592/1315 1588/1586/1315 1611/1609/1315
f 1613/1611/1316 1595/1593/1316 1594/1592/1316 1612/1610/1316
f 1501/1500/1317 1614/1612/1317 1612/1610/1317 1497/1496/1317
f 1614/1612/1318 1615/1613/1318 1613/1611/1318 1612/1610/1318
f 1615/1613/1319 1599/1597/1319 1595/1593/1319 1613/1611/1319
f 1616/1614/1320 1600/1598/1320 1599/1597/1320 1615/1613/1320
f 1617/1615/1321 1618/1616/1321 1615/1613/1321 1614/1612/1321
f 1618/1616/1322 1619/1617/1322 1616/1614/1322 1615/1613/1322
f 1619/1617/1323 1601/1599/1323 1600/1598/1323 1616/1614/1323
f 1620/1618/1324 1621/1619/1324 1619/1617/1324 1618/1616/1324
f 1621/1619/1325 1603/1601/1325 1601/1599/1325 1619/1617/1325
f 1622/1620/1326 1623/1621/1326 1621/1619/1326 1620/1618/1326
f 1623/1621/1327 1605/1603/1327 1603/1601/1327 1621/1619/1327
f 1624/1622/1328 1625/1623/1328 1623/1621/1328 1622/1620/1328
f 1625/1623/1329 1607/1605/1329 1605/1603/1329 1623/1621/1329
f 1626/1624/1330 1627/1625/1330 1625/1623/1330 1624/1622/1330
f 1627/1625/1331 1609/1607/1331 1607/1605/1331 1625/1623/1331
f 1628/1626/1332 1614/1612/1332 1501/1500/1332 1516/1514/1332
f 1519/1518/1333 1629/1627/1333 1628/1626/1333 1516/1514/1333
f 1629/1627/1334 1617/1615/1334 1614/1612/1334 1628/1626/1334
f 1630/1628/1335 1618/1616/1335 1617/1615/1335 1629/1627/1335
f 1522/1521/1336 1631/1629/1336 1629/1627/1336 1519/1518/1336
f 1631/1629/1337 1632/1630/1337 1630/1628/1337 1629/1627/1337
f 1632/1630/1338 1620/1618/1338 1618/1616/1338 1630/1628/1338
f 1526/1525/1339 1633/1631/1339 1631/1629/1339 1522/1521/1339
f 1633/1631/1340 1634/1632/1340 1632/1630/1340 1631/1629/1340
f 1634/1632/1341 1622/1620/1341 1620/1618/1341 1632/1630/1341
f 1635/1633/1342 1624/1622/1342 1622/1620/1342 1634/1632/1342
f 1636/1634/1343 1626/1624/1343 1624/1622/1343 1635/1633/1343
f 1637/1635/1344 1633/1631/1344 1526/1525/1344 1533/1532/1344
f 1638/1636/1345 1634/1632/1345 1633/1631/1345 1637/1635/1345
f 1639/1637/1346 1635/1633/1346 1634/1632/1346 1638/1636/1346
f 1640/1638/1347 1636/1634/1347 1635/1633/1347 1639/1637/1347
f 1641/1639/1348 1637/1635/1348 1533/1532/1348 1539/1536/1348
f 1642/1640/1349 1638/1636/1349 1637/1635/1349 1641/1639/1349
f 1644/1641/1350 1639/1637/1350 1638/1636/1350 1642/1640/1350
f 1645/1642/1351 1644/1641/1351 1642/1640/1351 1643/1643/1351
f 1646/1644/1352 1640/1638/1352 1639/1637/1352 1644/1641/1352
f 1647/1645/1353 1646/1644/1353 1644/1641/1353 1645/1642/1353
f 1648/1646/1354 1641/1639/1354 1539/1536/1354 1545/1543/1354
f 1649/1647/1355 1642/1640/1355 1641/1639/1355 1648/1646/1355
f 1650/1648/1356 1643/1643/1356 1642/1640/1356 1649/1647/1356
f 1651/1649/1357 1645/1642/1357 1643/1643/1357 1650/1648/1357
f 1652/1650/1358 1647/1645/1358 1645/1642/1358 1651/1649/1358
f 1662/663/556 1661/1651/556 1653/1652/556 1654/666/556
f 1663/667/556 1662/663/556 1654/666/556 1655/668/556
f 1664/669/556 1663/667/556 1655/668/556 1656/670/556
f 1665/671/556 1664/669/556 1656/670/556 1657/672/556
f 1666/673/556 1665/671/556 1657/672/556 1658/674/556
f 1667/675/556 1666/673/556 1658/674/556 1659/676/556
f 1668/677/556 1667/675/556 1659/676/556 1660/678/556
f 1670/1653/557 1669/1654/557 1661/1651/557 1662/663/557
f 1671/1655/558 1670/1653/558 1662/663/558 1663/667/558
f 1672/1656/559 1671/1655/559 1663/667/559 1664/669/559
f 1673/1657/559 1672/1656/559 1664/669/559 1665/671/559
f 1674/1658/559 1673/1657/559 1665/671/559 1666/673/559
f 1675/1659/559 1674/1658/559 1666/673/559 1667/675/559
f 1676/1660/559 1675/1659/559 1667/675/559 1668/677/559
f 1678/687/560 1654/666/560 1653/1652/560 1677/1661/560
f 1679/689/561 1655/668/561 1654/666/561 1678/687/561
f 1680/690/562 1656/670/562 1655/668/562 1679/689/562
f 1681/691/562 1657/672/562 1656/670/562 1680/690/562
f 1682/692/562 1658/674/562 1657/672/562 1681/691/562
f 1683/693/562 1659/676/562 1658/674/562 1682/692/562
f 1684/694/562 1660/678/562 1659/676/562 1683/693/562
f 1661/1651/563 1685/695/563 1677/1661/563 1653/1652/563
f 1669/1654/564 1686/1662/564 1685/695/564 1661/1651/564
f 1670/1653/565 1687/697/565 1686/1662/565 1669/1654/565
f 1671/1655/566 1688/698/566 1687/697/566 1670/1653/566
f 1672/1656/567 1689/699/567 1688/698/567 1671/1655/567
f 1673/1657/567 1690/700/567 1689/699/567 1672/1656/567
f 1674/1658/567 1691/701/567 1690/700/567 1673/1657/567
f 1675/1659/567 1692/702/567 1691/701/567 1674/1658/567
f 1676/1660/567 1693/703/567 1692/702/567 1675/1659/567
f 1695/1663/568 1694/705/568 1686/1662/568 1687/697/568
f 1696/706/569 1695/1663/569 1687/697/569 1688/698/569
f 1697/707/570 1696/706/570 1688/698/570 1689/699/570
f 1698/708/570 1697/707/570 1689/699/570 1690/700/570
f 1699/709/570 1698/708/570 1690/700/570 1691/701/570
f 1700/710/570 1699/709/570 1691/701/570 1692/702/570
f 1701/711/570 1700/710/570 1692/702/570 1693/703/570
f 1703/1664/571 1678/687/571 1677/1661/571 1702/1665/571
f 1704/1666/572 1679/689/572 1678/687/572 1703/1664/572
f 1705/1667/573 1680/690/573 1679/689/573 1704/1666/573
f 1706/1668/573 1681/691/573 1680/690/573 1705/1667/573
f 1707/717/573 1682/692/573 1681/691/573 1706/1668/573
f 1708/1669/573 1683/693/573 1682/692/573 1707/717/573
f 1709/1670/573 1684/694/573 1683/693/573 1708/1669/573
f 1685/695/574 1710/1671/574 1702/1665/574 1677/1661/574
f 1686/1662/6 1711/1672/6 1710/1671/6 1685/695/6
f 1694/705/575 1712/1673/575 1711/1672/575 1686/1662/575
f 1695/1663/576 1713/1674/576 1712/1673/576 1694/705/576
f 1696/706/577 1714/1675/577 1713/1674/577 1695/1663/577
f 1697/707/578 1715/1676/578 1714/1675/578 1696/706/578
f 1698/708/578 1716/1677/578 1715/1676/578 1697/707/578
f 1699/709/578 1717/1678/578 1716/1677/578 1698/708/578
f 1700/710/578 1718/1679/578 1717/1678/578 1699/709/578
f 1701/711/578 1719/1680/578 1718/1679/578 1700/710/578
f 1721/730/579 1703/1664/579 1702/1665/579 1720/1681/579
f 1722/732/580 1704/1666/580 1703/1664/580 1721/730/580
f 1723/733/581 1705/1667/581 1704/1666/581 1722/732/581
f 1724/734/581 1706/1668/581 1705/1667/581 1723/733/581
f 1725/735/581 1707/717/581 1706/1668/581 1724/734/581
f 1726/736/581 1708/1669/581 1707/717/581 1725/735/581
f 1727/737/581 1709/1670/581 1708/1669/581 1726/736/581
f 1710/1671/582 1728/738/582 1720/1681/582 1702/1665/582
f 1711/1672/6 1729/1682/6 1728/738/6 1710/1671/6
f 1712/1673/583 1737/740/583 1729/1682/583 1711/1672/583
f 1737/740/584 1738/1683/584 1730/742/584 1729/1682/584
f 1713/1674/585 1738/1683/585 1737/740/585 1712/1673/585
f 1738/1683/586 1739/743/586 1731/744/586 1730/742/586
f 1714/1675/587 1739/743/587 1738/1683/587 1713/1674/587
f 1739/743/588 1740/745/588 1732/746/588 1731/744/588
f 1715/1676/589 1740/745/589 1739/743/589 1714/1675/589
f 1740/745/588 1741/747/588 1733/748/588 1732/746/588
f 1716/1677/589 1741/747/589 1740/745/589 1715/1676/589
f 1741/747/588 1742/749/588 1734/750/588 1733/748/588
f 1717/1678/589 1742/749/589 1741/747/589 1716/1677/589
f 1742/749/588 1743/751/588 1735/752/588 1734/750/588
f 1718/1679/589 1743/751/589 1742/749/589 1717/1678/589
f 1743/751/588 1744/753/588 1736/754/588 1735/752/588
f 1719/1680/589 1744/753/589 1743/751/589 1718/1679/589
f 1746/755/590 1721/730/590 1720/1681/590 1745/1684/590
f 1747/757/591 1722/732/591 1721/730/591 1746/755/591
f 1748/758/592 1723/733/592 1722/732/592 1747/757/592
f 1749/759/592 1724/734/592 1723/733/592 1748/758/592
f 1750/760/592 1725/735/592 1724/734/592 1749/759/592
f 1751/761/592 1726/736/592 1725/735/592 1750/760/592
f 1752/762/592 1727/737/592 1726/736/592 1751/761/592
f 1728/738/593 1753/1685/593 1745/1684/593 1720/1681/593
f 1753/1685/594 1754/764/594 1746/755/594 1745/1684/594
f 1754/764/594 1755/765/594 1747/757/594 1746/755/594
f 1755/765/594 1756/766/594 1748/758/594 1747/757/594
f 1756/766/594 1757/767/594 1749/759/594 1748/758/594
f 1757/767/594 1758/768/594 1750/760/594 1749/759/594
f 1758/768/594 1759/769/594 1751/761/594 1750/760/594
f 1759/769/594 1760/770/594 1752/762/594 1751/761/594
f 1729/1682/595 1761/1686/595 1753/1685/595 1728/738/595
f 1761/1686/596 1762/1687/596 1754/764/596 1753/1685/596
f 1730/742/597 1762/1687/597 1761/1686/597 1729/1682/597
f 1762/1687/598 1763/1688/598 1755/765/598 1754/764/598
f 1731/744/599 1763/1688/599 1762/1687/599 1730/742/599
f 1763/1688/600 1764/1689/600 1756/766/600 1755/765/600
f 1732/746/601 1764/1689/601 1763/1688/601 1731/744/601
f 1764/1689/600 1765/1690/600 1757/767/600 1756/766/600
f 1733/748/601 1765/1690/601 1764/1689/601 1732/746/601
f 1765/1690/600 1766/1691/600 1758/768/600 1757/767/600
f 1734/750/601 1766/1691/601 1765/1690/601 1733/748/601
f 1766/1691/600 1767/1692/600 1759/769/600 1758/768/600
f 1735/752/601 1767/1692/601 1766/1691/601 1734/750/601
f 1767/1692/600 1768/1693/600 1760/770/600 1759/769/600
f 1736/754/601 1768/1693/601 1767/1692/601 1735/752/601
f 924/922/1359 1769/1694/1359 1458/1457/1359 561/559/1359
f 925/923/1360 1770/1695/1360 1769/1694/1360 924/922/1360
f 926/924/1361 1771/1696/1361 1770/1695/1361 925/923/1361
f 927/925/1362 1772/1697/1362 1771/1696/1362 926/924/1362
f 928/926/1363 1773/1698/1363 1772/1697/1363 927/925/1363
f 929/927/1364 1774/1699/1364 1773/1698/1364 928/926/1364
f 930/928/1365 1775/1700/1365 1774/1699/1365 929/927/1365
f 931/929/1366 1776/1701/1366 1775/1700/1366 930/928/1366
f 932/930/1367 1777/1702/1367 1776/1701/1367 931/929/1367
f 933/931/1368 1778/1703/1368 1777/1702/1368 932/930/1368
f 934/932/1369 1779/1704/1369 1778/1703/1369 933/931/1369
f 935/933/1370 1780/1705/1370 1779/1704/1370 934/932/1370
f 1769/1694/1371 1782/1706/1371 1473/1472/1371 1458/1457/1371
f 1782/1706/1372 1783/1707/1372 1474/1473/1372 1473/1472/1372
f 1770/1695/1373 1784/1708/1373 1782/1706/1373 1769/1694/1373
f 1784/1708/1374 1785/1709/1374 1783/1707/1374 1782/1706/1374
f 1771/1696/1375 1786/1710/1375 1784/1708/1375 1770/1695/1375
f 1786/1710/1376 1787/1711/1376 1785/1709/1376 1784/1708/1376
f 1772/1697/1377 1787/1711/1377 1786/1710/1377 1771/1696/1377
f 1773/1698/1378 1788/1712/1378 1787/1711/1378 1772/1697/1378
f 1774/1699/1379 1789/1713/1379 1788/1712/1379 1773/1698/1379
f 1775/1700/1380 1791/1714/1380 1789/1713/1380 1774/1699/1380
f 1791/1714/1381 1792/1715/1381 1790/1716/1381 1789/1713/1381
f 1776/1701/1382 1792/1715/1382 1791/1714/1382 1775/1700/1382
f 1777/1702/1383 1794/1717/1383 1792/1715/1383 1776/1701/1383
f 1794/1717/1384 1795/1718/1384 1793/1719/1384 1792/1715/1384
f 1778/1703/1385 1795/1718/1385 1794/1717/1385 1777/1702/1385
f 1779/1704/1386 1798/1720/1386 1795/1718/1386 1778/1703/1386
f 1798/1720/1387 1799/1721/1387 1796/1722/1387 1795/1718/1387
f 1780/1705/1388 1799/1721/1388 1798/1720/1388 1779/1704/1388
f 1781/1723/1389 1800/1724/1389 1799/1721/1389 1780/1705/1389
f 1783/1707/1390 1801/1725/1390 1490/1489/1390 1474/1473/1390
f 1785/1709/1391 1805/1726/1391 1801/1725/1391 1783/1707/1391
f 1806/783/556 1668/677/556 1660/678/556 1802/784/556
f 1807/1727/556 1806/783/556 1802/784/556 1803/1728/556
f 1808/1729/556 1807/1727/556 1803/1728/556 1804/1730/556
f 1809/1731/1392 1808/1729/1392 1804/1730/1392 1805/1726/1392
f 1787/1711/1393 1809/1731/1393 1805/1726/1393 1785/1709/1393
f 1810/1732/559 1676/1660/559 1668/677/559 1806/783/559
f 1811/1733/1394 1810/1732/1394 1806/783/1394 1807/1727/1394
f 1812/1734/1395 1811/1733/1395 1807/1727/1395 1808/1729/1395
f 1813/1735/1396 1812/1734/1396 1808/1729/1396 1809/1731/1396
f 1788/1712/1397 1813/1735/1397 1809/1731/1397 1787/1711/1397
f 1789/1713/1398 1815/1736/1398 1813/1735/1398 1788/1712/1398
f 1815/1736/1399 1816/1737/1399 1814/1738/1399 1813/1735/1399
f 1790/1716/1400 1816/1737/1400 1815/1736/1400 1789/1713/1400
f 1792/1715/1401 1818/1739/1401 1816/1737/1401 1790/1716/1401
f 1818/1739/1402 1819/1740/1402 1817/1741/1402 1816/1737/1402
f 1793/1719/1403 1819/1740/1403 1818/1739/1403 1792/1715/1403
f 1795/1718/1404 1822/1742/1404 1819/1740/1404 1793/1719/1404
f 1822/1742/1405 1823/1743/1405 1820/1744/1405 1819/1740/1405
f 1796/1722/1406 1823/1743/1406 1822/1742/1406 1795/1718/1406
f 1823/1743/1407 1824/1745/1407 1821/1746/1407 1820/1744/1407
f 1799/1721/1408 1825/1747/1408 1823/1743/1408 1796/1722/1408
f 1825/1747/1409 1826/1748/1409 1824/1745/1409 1823/1743/1409
f 1800/1724/1410 1826/1748/1410 1825/1747/1410 1799/1721/1410
f 1826/1748/1411 1800/1724/1411 1797/1749/1411 1824/1745/1411
f 1801/1725/1412 1827/1750/1412 1513/1512/1412 1490/1489/1412
f 1827/1750/1413 1828/1751/1413 1514/1513/1413 1513/1512/1413
f 1829/807/562 1802/784/562 1660/678/562 1684/694/562
f 1830/1752/1414 1803/1728/1414 1802/784/1414 1829/807/1414
f 1831/1753/1415 1804/1730/1415 1803/1728/1415 1830/1752/1415
f 1832/1754/1416 1805/1726/1416 1804/1730/1416 1831/1753/1416
f 1805/1726/1417 1832/1754/1417 1827/1750/1417 1801/1725/1417
f 1810/1732/567 1833/817/567 1693/703/567 1676/1660/567
f 1811/1733/1418 1834/1755/1418 1833/817/1418 1810/1732/1418
f 1812/1734/1419 1835/1756/1419 1834/1755/1419 1811/1733/1419
f 1813/1735/1420 1836/1757/1420 1835/1756/1420 1812/1734/1420
f 1814/1738/1421 1837/1758/1421 1836/1757/1421 1813/1735/1421
f 1839/824/570 1701/711/570 1693/703/570 1833/817/570
f 1840/1759/570 1839/824/570 1833/817/570 1834/1755/570
f 1841/1760/570 1840/1759/570 1834/1755/570 1835/1756/570
f 1842/1761/570 1841/1760/570 1835/1756/570 1836/1757/570
f 1843/1762/1422 1842/1761/1422 1836/1757/1422 1837/1758/1422
f 1816/1737/1423 1843/1762/1423 1837/1758/1423 1814/1738/1423
f 1817/1741/1424 1844/1763/1424 1843/1762/1424 1816/1737/1424
f 1819/1740/1425 1847/1764/1425 1844/1763/1425 1817/1741/1425
f 1847/1764/1426 1848/1765/1426 1845/1766/1426 1844/1763/1426
f 1820/1744/1427 1848/1765/1427 1847/1764/1427 1819/1740/1427
f 1848/1765/1428 1849/1767/1428 1846/1768/1428 1845/1766/1428
f 1821/1746/1429 1849/1767/1429 1848/1765/1429 1820/1744/1429
f 1851/1769/1430 1828/1751/1430 1827/1750/1430 1850/1770/1430
f 1828/1751/1431 1851/1769/1431 1529/1528/1431 1514/1513/1431
f 1851/1769/1432 1852/1771/1432 1530/1529/1432 1529/1528/1432
f 1854/1772/573 1829/807/573 1684/694/573 1709/1670/573
f 1855/1773/1433 1830/1752/1433 1829/807/1433 1854/1772/1433
f 1856/1774/1434 1831/1753/1434 1830/1752/1434 1855/1773/1434
f 1857/1775/1435 1832/1754/1435 1831/1753/1435 1856/1774/1435
f 1832/1754/1436 1857/1775/1436 1850/1770/1436 1827/1750/1436
f 1857/1775/1437 1858/1776/1437 1851/1769/1437 1850/1770/1437
f 1861/1777/1438 1862/1778/1438 1860/1779/1438 1859/1780/1438
f 1863/1781/1439 1864/1782/1439 1862/1778/1439 1861/1777/1439
f 1839/824/578 1865/1783/578 1719/1680/578 1701/711/578
f 1840/1759/1440 1866/1784/1440 1865/1783/1440 1839/824/1440
f 1841/1760/1441 1867/1785/1441 1866/1784/1441 1840/1759/1441
f 1842/1761/1442 1868/1786/1442 1867/1785/1442 1841/1760/1442
f 1843/1762/1443 1869/1787/1443 1868/1786/1443 1842/1761/1443
f 1844/1763/1444 1870/1788/1444 1869/1787/1444 1843/1762/1444
f 1845/1766/1445 1871/1789/1445 1870/1788/1445 1844/1763/1445
f 1871/1789/1446 1872/1790/1446 1864/1782/1446 1863/1781/1446
f 1846/1768/1447 1872/1790/1447 1871/1789/1447 1845/1766/1447
f 1872/1790/1448 1846/1768/1448 1838/1791/1448 1864/1782/1448
f 1874/1792/1449 1852/1771/1449 1851/1769/1449 1873/1793/1449
f 1852/1771/1450 1874/1792/1450 1536/1535/1450 1530/1529/1450
f 1874/1792/1451 1875/1794/1451 1537/1542/1451 1536/1535/1451
f 1877/856/581 1854/1772/581 1709/1670/581 1727/737/581
f 1878/1795/1452 1855/1773/1452 1854/1772/1452 1877/856/1452
f 1879/1796/1453 1856/1774/1453 1855/1773/1453 1878/1795/1453
f 1880/1797/1454 1857/1775/1454 1856/1774/1454 1879/1796/1454
f 1881/1798/1455 1858/1776/1455 1857/1775/1455 1880/1797/1455
f 1858/1776/1456 1881/1798/1456 1873/1793/1456 1851/1769/1456
f 1881/1798/1457 1882/1799/1457 1874/1792/1457 1873/1793/1457
f 1882/1799/1458 1883/1800/1458 1875/1794/1458 1874/1792/1458
f 1883/1800/1459 1884/1801/1459 1876/1802/1459 1875/1794/1459
f 1860/1779/1460 1884/1801/1460 1883/1800/1460 1859/1780/1460
f 1884/1801/1461 1860/1779/1461 1853/1803/1461 1876/1802/1461
f 1885/1804/1462 1861/1777/1462 1859/1780/1462 1883/1800/1462
f 1892/1805/637 1863/1781/637 1861/1777/637 1885/1804/637
f 1744/753/588 1893/860/588 1886/861/588 1736/754/588
f 1865/1783/589 1893/860/589 1744/753/589 1719/1680/589
f 1893/860/588 1894/1806/588 1887/1807/588 1886/861/588
f 1866/1784/1463 1894/1806/1463 1893/860/1463 1865/1783/1463
f 1894/1806/588 1895/1808/588 1888/1809/588 1887/1807/588
f 1867/1785/1464 1895/1808/1464 1894/1806/1464 1866/1784/1464
f 1895/1808/588 1896/1810/588 1889/1811/588 1888/1809/588
f 1868/1786/1465 1896/1810/1465 1895/1808/1465 1867/1785/1465
f 1896/1810/588 1897/1812/588 1890/1813/588 1889/1811/588
f 1869/1787/1466 1897/1812/1466 1896/1810/1466 1868/1786/1466
f 1897/1812/1467 1898/1814/1467 1891/1815/1467 1890/1813/1467
f 1870/1788/1468 1898/1814/1468 1897/1812/1468 1869/1787/1468
f 1898/1814/1469 1899/1816/1469 1892/1805/1469 1891/1815/1469
f 1871/1789/1470 1899/1816/1470 1898/1814/1470 1870/1788/1470
f 1899/1816/1471 1871/1789/1471 1863/1781/1471 1892/1805/1471
f 1875/1794/1472 1900/1817/1472 1543/1541/1472 1537/1542/1472
f 1876/1802/1473 1901/1818/1473 1900/1817/1473 1875/1794/1473
f 1902/878/592 1877/856/592 1727/737/592 1752/762/592
f 1903/1819/592 1878/1795/592 1877/856/592 1902/878/592
f 1904/1820/592 1879/1796/592 1878/1795/592 1903/1819/592
f 1905/1821/1474 1880/1797/1474 1879/1796/1474 1904/1820/1474
f 1906/1822/1475 1881/1798/1475 1880/1797/1475 1905/1821/1475
f 1907/1823/1476 1882/1799/1476 1881/1798/1476 1906/1822/1476
f 1908/1824/1477 1883/1800/1477 1882/1799/1477 1907/1823/1477
f 1760/770/594 1909/882/594 1902/878/594 1752/762/594
f 1909/882/594 1910/1825/594 1903/1819/594 1902/878/594
f 1910/1825/594 1911/1826/594 1904/1820/594 1903/1819/594
f 1911/1826/594 1912/1827/594 1905/1821/594 1904/1820/594
f 1912/1827/594 1913/1828/594 1906/1822/594 1905/1821/594
f 1913/1828/594 1914/1829/594 1907/1823/594 1906/1822/594
f 1914/1829/594 1915/1830/594 1908/1824/594 1907/1823/594
f 1915/1830/1478 1885/1804/1478 1883/1800/1478 1908/1824/1478
f 1768/1693/600 1916/1831/600 1909/882/600 1760/770/600
f 1886/861/601 1916/1831/601 1768/1693/601 1736/754/601
f 1916/1831/600 1917/1832/600 1910/1825/600 1909/882/600
f 1887/1807/601 1917/1832/601 1916/1831/601 1886/861/601
f 1917/1832/600 1918/1833/600 1911/1826/600 1910/1825/600
f 1888/1809/601 1918/1833/601 1917/1832/601 1887/1807/601
f 1918/1833/600 1919/1834/600 1912/1827/600 1911/1826/600
f 1889/1811/601 1919/1834/601 1918/1833/601 1888/1809/601
f 1919/1834/600 1920/1835/600 1913/1828/600 1912/1827/600
f 1890/1813/601 1920/1835/601 1919/1834/601 1889/1811/601
f 1920/1835/1479 1921/1836/1479 1914/1829/1479 1913/1828/1479
f 1891/1815/1480 1921/1836/1480 1920/1835/1480 1890/1813/1480
f 1921/1836/1481 1922/1837/1481 1915/1830/1481 1914/1829/1481
f 1892/1805/1482 1922/1837/1482 1921/1836/1482 1891/1815/1482
f 1922/1837/1483 1892/1805/1483 1885/1804/1483 1915/1830/1483
f 1900/1817/1484 1923/1838/1484 1548/1547/1484 1543/1541/1484
f 1923/1838/1485 1924/1839/1485 1549/1840/1485 1548/1547/1485
f 1901/1818/1486 1924/1839/1486 1923/1838/1486 1900/1817/1486
f 1925/1841/1487 995/993/1487 664/662/1487 1568/1566/1487
f 1926/1842/1488 996/994/1488 995/993/1488 1925/1841/1488
f 1927/1843/1489 997/995/1489 996/994/1489 1926/1842/1489
f 1929/1844/1490 999/996/1490 997/995/1490 1927/1843/1490
f 1930/1845/1491 1931/1846/1491 1929/1844/1491 1928/1847/1491
f 1001/999/1492 1931/1846/1492 1930/1845/1492 1000/998/1492
f 1931/1846/1493 1001/999/1493 999/996/1493 1929/1844/1493
f 1932/1848/1494 1002/1000/1494 1000/998/1494 1930/1845/1494
f 1004/1001/1495 1934/1849/1495 1933/1850/1495 1003/1002/1495
f 1934/1849/1496 1004/1001/1496 1002/1000/1496 1932/1848/1496
f 1005/1003/1497 1935/1851/1497 1781/1723/1497 936/934/1497
f 1006/1004/1498 1936/1852/1498 1935/1851/1498 1005/1003/1498
f 1936/1852/1499 1006/1004/1499 1003/1002/1499 1933/1850/1499
f 1937/1853/1500 1925/1841/1500 1568/1566/1500 1587/1585/1500
f 1938/1854/1501 1926/1842/1501 1925/1841/1501 1937/1853/1501
f 1940/1855/1502 1927/1843/1502 1926/1842/1502 1938/1854/1502
f 1941/1856/1503 1942/1857/1503 1940/1855/1503 1939/1858/1503
f 1929/1844/1504 1942/1857/1504 1941/1856/1504 1928/1847/1504
f 1942/1857/1505 1929/1844/1505 1927/1843/1505 1940/1855/1505
f 1943/1859/1506 1930/1845/1506 1928/1847/1506 1941/1856/1506
f 1945/1860/1507 1932/1848/1507 1930/1845/1507 1943/1859/1507
f 1947/1861/1508 1948/1862/1508 1945/1860/1508 1944/1863/1508
f 1934/1849/1509 1948/1862/1509 1947/1861/1509 1933/1850/1509
f 1948/1862/1510 1934/1849/1510 1932/1848/1510 1945/1860/1510
f 1800/1724/1511 1949/1864/1511 1946/1865/1511 1797/1749/1511
f 1935/1851/1512 1949/1864/1512 1800/1724/1512 1781/1723/1512
f 1949/1864/1513 1950/1866/1513 1947/1861/1513 1946/1865/1513
f 1936/1852/1514 1950/1866/1514 1949/1864/1514 1935/1851/1514
f 1950/1866/1515 1936/1852/1515 1933/1850/1515 1947/1861/1515
f 1951/1867/1516 1952/1868/1516 1610/1608/1516 1609/1607/1516
f 1952/1868/1517 1937/1853/1517 1587/1585/1517 1610/1608/1517
f 1953/1869/1518 1954/1870/1518 1952/1868/1518 1951/1867/1518
f 1954/1870/1519 1938/1854/1519 1937/1853/1519 1952/1868/1519
f 1955/1871/1520 1956/1872/1520 1954/1870/1520 1953/1869/1520
f 1940/1855/1521 1956/1872/1521 1955/1871/1521 1939/1858/1521
f 1956/1872/1522 1940/1855/1522 1938/1854/1522 1954/1870/1522
f 1958/1873/1523 1941/1856/1523 1939/1858/1523 1955/1871/1523
f 1960/1874/1524 1961/1875/1524 1958/1873/1524 1957/1876/1524
f 1961/1875/1525 1943/1859/1525 1941/1856/1525 1958/1873/1525
f 1962/1877/1526 1963/1878/1526 1960/1874/1526 1959/1879/1526
f 1963/1878/1527 1964/1880/1527 1961/1875/1527 1960/1874/1527
f 1945/1860/1528 1964/1880/1528 1963/1878/1528 1944/1863/1528
f 1964/1880/1529 1945/1860/1529 1943/1859/1529 1961/1875/1529
f 1824/1745/1530 1965/1881/1530 1962/1877/1530 1821/1746/1530
f 1946/1865/1531 1965/1881/1531 1824/1745/1531 1797/1749/1531
f 1965/1881/1532 1966/1882/1532 1963/1878/1532 1962/1877/1532
f 1947/1861/1533 1966/1882/1533 1965/1881/1533 1946/1865/1533
f 1966/1882/1534 1947/1861/1534 1944/1863/1534 1963/1878/1534
f 1967/1883/1535 1968/1884/1535 1627/1625/1535 1626/1624/1535
f 1968/1884/1536 1951/1867/1536 1609/1607/1536 1627/1625/1536
f 1969/1885/1537 1970/1886/1537 1968/1884/1537 1967/1883/1537
f 1970/1886/1538 1953/1869/1538 1951/1867/1538 1968/1884/1538
f 1972/1887/1539 1973/1888/1539 1970/1886/1539 1969/1885/1539
f 1973/1888/1540 1955/1871/1540 1953/1869/1540 1970/1886/1540
f 1974/1889/1541 1975/1890/1541 1972/1887/1541 1971/1891/1541
f 1975/1890/1542 1976/1892/1542 1973/1888/1542 1972/1887/1542
f 1958/1873/1543 1976/1892/1543 1975/1890/1543 1957/1876/1543
f 1976/1892/1544 1958/1873/1544 1955/1871/1544 1973/1888/1544
f 1846/1768/1545 1977/1893/1545 1974/1889/1545 1838/1791/1545
f 1977/1893/1546 1978/1894/1546 1975/1890/1546 1974/1889/1546
f 1960/1874/1547 1978/1894/1547 1977/1893/1547 1959/1879/1547
f 1978/1894/1548 1960/1874/1548 1957/1876/1548 1975/1890/1548
f 1849/1767/1549 1979/1895/1549 1977/1893/1549 1846/1768/1549
f 1962/1877/1550 1979/1895/1550 1849/1767/1550 1821/1746/1550
f 1979/1895/1551 1962/1877/1551 1959/1879/1551 1977/1893/1551
f 1981/1896/1552 1967/1883/1552 1626/1624/1552 1636/1634/1552
f 1860/1779/1553 1982/1897/1553 1980/1898/1553 1853/1803/1553
f 1982/1897/1554 1983/1899/1554 1981/1896/1554 1980/1898/1554
f 1983/1899/1555 1969/1885/1555 1967/1883/1555 1981/1896/1555
f 1862/1778/1556 1984/1900/1556 1982/1897/1556 1860/1779/1556
f 1984/1900/1557 1985/1901/1557 1983/1899/1557 1982/1897/1557
f 1972/1887/1558 1985/1901/1558 1984/1900/1558 1971/1891/1558
f 1985/1901/1559 1972/1887/1559 1969/1885/1559 1983/1899/1559
f 1864/1782/1560 1986/1902/1560 1984/1900/1560 1862/1778/1560
f 1974/1889/1561 1986/1902/1561 1864/1782/1561 1838/1791/1561
f 1986/1902/1562 1974/1889/1562 1971/1891/1562 1984/1900/1562
f 1980/1898/1563 1987/1903/1563 1876/1802/1563 1853/1803/1563
f 1981/1896/1564 1988/1904/1564 1987/1903/1564 1980/1898/1564
f 1988/1904/1565 1981/1896/1565 1636/1634/1565 1640/1638/1565
f 1987/1903/1566 1989/1905/1566 1901/1818/1566 1876/1802/1566
f 1988/1904/1567 1990/1906/1567 1989/1905/1567 1987/1903/1567
f 1990/1906/1568 1988/1904/1568 1640/1638/1568 1646/1644/1568
f 1991/1907/1569 1990/1906/1569 1646/1644/1569 1647/1645/1569
f 1989/1905/1570 1992/1908/1570 1924/1839/1570 1901/1818/1570
f 1990/1906/1571 1993/1909/1571 1992/1908/1571 1989/1905/1571
f 1991/1907/1572 1994/1910/1572 1993/1909/1572 1990/1906/1572
f 1994/1910/1573 1991/1907/1573 1647/1645/1573 1652/1650/1573
f 1024/1019/1574 1995/1911/1574 1780/1705/1574 935/933/1574
f 1995/1911/1575 1996/1912/1575 1781/1723/1575 1780/1705/1575
f 1025/1018/1576 1996/1912/1576 1995/1911/1576 1024/1019/1576
f 1996/1912/1577 1025/1018/1577 936/934/1577 1781/1723/1577
f 1998/1913/1578 1027/1024/1578 1026/1023/1578 1997/1914/1578
f 2000/1915/1579 1029/1021/1579 1028/1029/1579 1999/1916/1579
f 2001/1917/1580 1030/1020/1580 1029/1021/1580 2000/1915/1580
f 1030/1020/1581 2001/1917/1581 1997/1914/1581 1026/1023/1581
f 2001/1917/1582 2002/1918/1582 1998/1913/1582 1997/1914/1582
f 2004/1919/1583 1033/1027/1583 1032/1037/1583 2003/1920/1583
f 2005/1921/1584 1034/1026/1584 1033/1027/1584 2004/1919/1584
f 1034/1026/1585 2005/1921/1585 1999/1916/1585 1028/1029/1585
f 2005/1921/1586 2006/1922/1586 2000/1915/1586 1999/1916/1586
f 2008/1923/1587 1037/1030/1587 1036/1033/1587 2007/1924/1587
f 2009/1925/1588 1038/1034/1588 1037/1030/1588 2008/1923/1588
f 1038/1034/1589 2009/1925/1589 2003/1920/1589 1032/1037/1589
f 2009/1925/1590 2010/1926/1590 2004/1919/1590 2003/1920/1590
f 2014/1927/1591 2001/1917/1591 2000/1915/1591 2013/1928/1591
f 2015/1929/1592 2002/1918/1592 2001/1917/1592 2014/1927/1592
f 2002/1918/1593 2015/1929/1593 2012/1930/1593 1998/1913/1593
f 2017/1931/1594 2005/1921/1594 2004/1919/1594 2016/1932/1594
f 2018/1933/1595 2006/1922/1595 2005/1921/1595 2017/1931/1595
f 2006/1922/1596 2018/1933/1596 2013/1928/1596 2000/1915/1596
f 2018/1933/1597 2019/1934/1597 2014/1927/1597 2013/1928/1597
f 2019/1934/1598 2020/1935/1598 2015/1929/1598 2014/1927/1598
f 2022/1936/1599 2008/1923/1599 2007/1924/1599 2021/1937/1599
f 2023/1938/1600 2009/1925/1600 2008/1923/1600 2022/1936/1600
f 2024/1939/1601 2010/1926/1601 2009/1925/1601 2023/1938/1601
f 2010/1926/1602 2024/1939/1602 2016/1932/1602 2004/1919/1602
f 2024/1939/1603 2025/1940/1603 2017/1931/1603 2016/1932/1603
f 2025/1940/1604 2026/1941/1604 2018/1933/1604 2017/1931/1604
f 2026/1941/1605 2027/1942/1605 2019/1934/1605 2018/1933/1605
f 2027/1942/1606 2028/1943/1606 2020/1935/1606 2019/1934/1606
f 2030/1944/1607 1074/1074/1607 1073/1073/1607 2029/1945/1607
f 2032/1946/1608 1076/1071/1608 1075/1079/1608 2031/1947/1608
f 2033/1948/1609 1077/1070/1609 1076/1071/1609 2032/1946/1609
f 1077/1070/1610 2033/1948/1610 2029/1945/1610 1073/1073/1610
f 2033/1948/1611 2034/1949/1611 2030/1944/1611 2029/1945/1611
f 2034/1949/1612 1078/1072/1612 1074/1074/1612 2030/1944/1612
f 2035/1950/849 1079/1075/849 1078/1072/849 2034/1949/849
f 2037/1951/1613 1081/1077/1613 1080/1083/1613 2036/1952/1613
f 2038/1953/1614 1082/1076/1614 1081/1077/1614 2037/1951/1614
f 1082/1076/1615 2038/1953/1615 2031/1947/1615 1075/1079/1615
f 2038/1953/1582 2039/1954/1582 2032/1946/1582 2031/1947/1582
f 2040/1955/849 1084/1080/849 1079/1075/849 2035/1950/849
f 2041/1956/1616 1085/1081/1616 1027/1024/1616 1998/1913/1616
f 1085/1081/1617 2041/1956/1617 2036/1952/1617 1080/1083/1617
f 2041/1956/1582 2042/1957/1582 2037/1951/1582 2036/1952/1582
f 2043/1958/849 1087/1084/849 1084/1080/849 2040/1955/849
f 1089/1085/1618 2045/1959/1618 2044/1960/1618 1088/1086/1618
f 1090/1087/1619 2046/1961/1619 2045/1959/1619 1089/1085/1619
f 2046/1961/1620 1090/1087/1620 1087/1084/1620 2043/1958/1620
f 1092/1088/1621 2048/1962/1621 2047/1963/1621 1091/1089/1621
f 1093/1090/1622 2049/1964/1622 2048/1962/1622 1092/1088/1622
f 2049/1964/1623 1093/1090/1623 1088/1086/1623 2044/1960/1623
f 1095/1093/1624 2051/1965/1624 2050/1966/1624 1094/1091/1624
f 1096/1094/1625 2052/1967/1625 2051/1965/1625 1095/1093/1625
f 2052/1967/1626 1096/1094/1626 1091/1089/1626 2047/1963/1626
f 2054/1968/1627 2033/1948/1627 2032/1946/1627 2053/1969/1627
f 2055/1970/1628 2034/1949/1628 2033/1948/1628 2054/1968/1628
f 2056/1971/1629 2035/1950/1629 2034/1949/1629 2055/1970/1629
f 2058/1972/1630 2038/1953/1630 2037/1951/1630 2057/1973/1630
f 2059/1974/1631 2039/1954/1631 2038/1953/1631 2058/1972/1631
f 2039/1954/1632 2059/1974/1632 2053/1969/1632 2032/1946/1632
f 2059/1974/1633 2060/1975/1633 2054/1968/1633 2053/1969/1633
f 2060/1975/1634 2061/1976/1634 2055/1970/1634 2054/1968/1634
f 2061/1976/1635 2062/1977/1635 2056/1971/1635 2055/1970/1635
f 2062/1977/849 2040/1955/849 2035/1950/849 2056/1971/849
f 2063/1978/1636 2041/1956/1636 1998/1913/1636 2012/1930/1636
f 2064/1979/1637 2042/1957/1637 2041/1956/1637 2063/1978/1637
f 2042/1957/1638 2064/1979/1638 2057/1973/1638 2037/1951/1638
f 2064/1979/1639 2065/1980/1639 2058/1972/1639 2057/1973/1639
f 2065/1980/1640 2066/1981/1640 2059/1974/1640 2058/1972/1640
f 2066/1981/1641 2067/1982/1641 2060/1975/1641 2059/1974/1641
f 2067/1982/1642 2068/1983/1642 2061/1976/1642 2060/1975/1642
f 2068/1983/1643 2069/1984/1643 2062/1977/1643 2061/1976/1643
f 2069/1984/1644 2043/1958/1644 2040/1955/1644 2062/1977/1644
f 2015/1929/1645 2070/1985/1645 2063/1978/1645 2012/1930/1645
f 2070/1985/1646 2071/1986/1646 2064/1979/1646 2063/1978/1646
f 2071/1986/1647 2072/1987/1647 2065/1980/1647 2064/1979/1647
f 2072/1987/1648 2073/1988/1648 2066/1981/1648 2065/1980/1648
f 2073/1988/1649 2074/1989/1649 2067/1982/1649 2066/1981/1649
f 2074/1989/1650 2075/1990/1650 2068/1983/1650 2067/1982/1650
f 2045/1959/1651 2075/1990/1651 2074/1989/1651 2044/1960/1651
f 2075/1990/1652 2076/1991/1652 2069/1984/1652 2068/1983/1652
f 2046/1961/1653 2076/1991/1653 2075/1990/1653 2045/1959/1653
f 2076/1991/1654 2046/1961/1654 2043/1958/1654 2069/1984/1654
f 2020/1935/1655 2077/1992/1655 2070/1985/1655 2015/1929/1655
f 2077/1992/1656 2078/1993/1656 2071/1986/1656 2070/1985/1656
f 2078/1993/1657 2079/1994/1657 2072/1987/1657 2071/1986/1657
f 2079/1994/1658 2080/1995/1658 2073/1988/1658 2072/1987/1658
f 2048/1962/1659 2080/1995/1659 2079/1994/1659 2047/1963/1659
f 2080/1995/1660 2081/1996/1660 2074/1989/1660 2073/1988/1660
f 2049/1964/1661 2081/1996/1661 2080/1995/1661 2048/1962/1661
f 2081/1996/1662 2049/1964/1662 2044/1960/1662 2074/1989/1662
f 2028/1943/1663 2082/1997/1663 2077/1992/1663 2020/1935/1663
f 2050/1966/1664 2082/1997/1664 2028/1943/1664 2011/1998/1664
f 2082/1997/1665 2083/1999/1665 2078/1993/1665 2077/1992/1665
f 2051/1965/1666 2083/1999/1666 2082/1997/1666 2050/1966/1666
f 2083/1999/1667 2084/2000/1667 2079/1994/1667 2078/1993/1667
f 2052/1967/1668 2084/2000/1668 2083/1999/1668 2051/1965/1668
f 2084/2000/1669 2052/1967/1669 2047/1963/1669 2079/1994/1669
f 2086/2001/1670 1111/1109/1670 1110/1112/1670 2085/2002/1670
f 2087/2003/1671 1112/1108/1671 1111/1109/1671 2086/2001/1671
f 1113/1111/1672 2088/2004/1672 2085/2002/1672 1110/1112/1672
f 2088/2004/1673 2089/2005/1673 2086/2001/1673 2085/2002/1673
f 1115/1113/1674 2090/2006/1674 2088/2004/1674 1113/1111/1674
f 1116/1114/875 2091/2007/875 2090/2006/875 1115/1113/875
f 1117/1115/875 2092/2008/875 2091/2007/875 1116/1114/875
f 1119/1116/1675 2094/2009/1675 2092/2008/1675 1117/1115/1675
f 1120/1117/1676 2095/2010/1676 2094/2009/1676 1119/1116/1676
f 2097/2011/1677 2087/2003/1677 2086/2001/1677 2096/2012/1677
f 2099/2013/1678 2089/2005/1678 2088/2004/1678 2098/2014/1678
f 2089/2005/1679 2099/2013/1679 2096/2012/1679 2086/2001/1679
f 2099/2013/1680 2100/2015/1680 2097/2011/1680 2096/2012/1680
f 2090/2006/1681 2101/2016/1681 2098/2014/1681 2088/2004/1681
f 2101/2016/1682 2102/2017/1682 2099/2013/1682 2098/2014/1682
f 2102/2017/1683 2103/2018/1683 2100/2015/1683 2099/2013/1683
f 2091/2007/875 2104/2019/875 2101/2016/875 2090/2006/875
f 2104/2019/1684 2105/2020/1684 2102/2017/1684 2101/2016/1684
f 2092/2008/1685 2105/2020/1685 2104/2019/1685 2091/2007/1685
f 2105/2020/1686 2106/2021/1686 2103/2018/1686 2102/2017/1686
f 2094/2009/1687 2107/2022/1687 2105/2020/1687 2092/2008/1687
f 2107/2022/1688 2108/2023/1688 2106/2021/1688 2105/2020/1688
f 2095/2010/1689 2108/2023/1689 2107/2022/1689 2094/2009/1689
f 2108/2023/1690 2095/2010/1690 2093/2024/1690 2106/2021/1690
f 2109/2025/1691 1141/1139/1691 1112/1108/1691 2087/2003/1691
f 1141/1139/1692 2109/2025/1692 2007/1924/1692 1036/1033/1692
f 1144/1142/1693 2112/2026/1693 2111/2027/1693 1143/1140/1693
f 1147/1145/1694 2115/2028/1694 2114/2029/1694 1146/1143/1694
f 2115/2028/1695 2116/2030/1695 2111/2027/1695 2110/2031/1695
f 1148/1146/1696 2116/2030/1696 2115/2028/1696 1147/1145/1696
f 2116/2030/1697 1148/1146/1697 1143/1140/1697 2111/2027/1697
f 1151/1149/1698 2119/2032/1698 2118/2033/1698 1150/1147/1698
f 2119/2032/1699 2120/2034/1699 2114/2029/1699 2113/2035/1699
f 1152/1150/1700 2120/2034/1700 2119/2032/1700 1151/1149/1700
f 2120/2034/1701 1152/1150/1701 1146/1143/1701 2114/2029/1701
f 1154/1152/1702 2122/2036/1702 2121/2037/1702 1153/1151/1702
f 2122/2036/1699 2123/2038/1699 2118/2033/1699 2117/2039/1699
f 1155/1153/1703 2123/2038/1703 2122/2036/1703 1154/1152/1703
f 2123/2038/1704 1155/1153/1704 1150/1147/1704 2118/2033/1704
f 2095/2010/1699 2124/2040/1699 2121/2037/1699 2093/2024/1699
f 1156/1154/1705 2124/2040/1705 2095/2010/1705 1120/1117/1705
f 2124/2040/1706 1156/1154/1706 1153/1151/1706 2121/2037/1706
f 2125/2041/1707 2109/2025/1707 2087/2003/1707 2097/2011/1707
f 2109/2025/1708 2125/2041/1708 2021/1937/1708 2007/1924/1708
f 2125/2041/1709 2126/2042/1709 2022/1936/1709 2021/1937/1709
f 2126/2042/1710 2127/2043/1710 2023/1938/1710 2022/1936/1710
f 2127/2043/1711 2128/2044/1711 2024/1939/1711 2023/1938/1711
f 2128/2044/1712 2129/2045/1712 2025/1940/1712 2024/1939/1712
f 2129/2045/1713 2130/2046/1713 2026/1941/1713 2025/1940/1713
f 2130/2046/1714 2131/2047/1714 2027/1942/1714 2026/1941/1714
f 2111/2027/1715 2131/2047/1715 2130/2046/1715 2110/2031/1715
f 2131/2047/1716 2132/2048/1716 2028/1943/1716 2027/1942/1716
f 2112/2026/1717 2132/2048/1717 2131/2047/1717 2111/2027/1717
f 2132/2048/1718 2112/2026/1718 2011/1998/1718 2028/1943/1718
f 2100/2015/1719 2133/2049/1719 2125/2041/1719 2097/2011/1719
f 2133/2049/1720 2134/2050/1720 2126/2042/1720 2125/2041/1720
f 2134/2050/1721 2135/2051/1721 2127/2043/1721 2126/2042/1721
f 2135/2051/1722 2136/2052/1722 2128/2044/1722 2127/2043/1722
f 2136/2052/1723 2137/2053/1723 2129/2045/1723 2128/2044/1723
f 2114/2029/1724 2137/2053/1724 2136/2052/1724 2113/2035/1724
f 2137/2053/1725 2138/2054/1725 2130/2046/1725 2129/2045/1725
f 2115/2028/1726 2138/2054/1726 2137/2053/1726 2114/2029/1726
f 2138/2054/1727 2115/2028/1727 2110/2031/1727 2130/2046/1727
f 2103/2018/1728 2139/2055/1728 2133/2049/1728 2100/2015/1728
f 2139/2055/1729 2140/2056/1729 2134/2050/1729 2133/2049/1729
f 2140/2056/1730 2141/2057/1730 2135/2051/1730 2134/2050/1730
f 2118/2033/1731 2141/2057/1731 2140/2056/1731 2117/2039/1731
f 2141/2057/1732 2142/2058/1732 2136/2052/1732 2135/2051/1732
f 2119/2032/1733 2142/2058/1733 2141/2057/1733 2118/2033/1733
f 2142/2058/1734 2119/2032/1734 2113/2035/1734 2136/2052/1734
f 2106/2021/1735 2143/2059/1735 2139/2055/1735 2103/2018/1735
f 2121/2037/1736 2143/2059/1736 2106/2021/1736 2093/2024/1736
f 2143/2059/1737 2144/2060/1737 2140/2056/1737 2139/2055/1737
f 2122/2036/1738 2144/2060/1738 2143/2059/1738 2121/2037/1738
f 2144/2060/1739 2122/2036/1739 2117/2039/1739 2140/2056/1739
f 2112/2026/1740 2145/2061/1740 2050/1966/1740 2011/1998/1740
f 1157/1155/1741 2145/2061/1741 2112/2026/1741 1144/1142/1741
f 2145/2061/1742 1157/1155/1742 1094/1091/1742 2050/1966/1742
f 2148/2062/1743 1547/1546/1743 1546/1545/1743 2147/2063/1743
f 1547/1546/1744 2148/2062/1744 2146/2064/1744 1545/1543/1744
f 1548/1547/1745 2149/2065/1745 2147/2063/1745 1546/1545/1745
f 2149/2065/1746 2150/2066/1746 2148/2062/1746 2147/2063/1746
f 1549/1840/1747 2150/2066/1747 2149/2065/1747 1548/1547/1747
f 2148/2062/1748 2152/2067/1748 2151/2068/1748 2146/2064/1748
f 2150/2066/1749 2153/2069/1749 2152/2067/1749 2148/2062/1749
f 2153/2069/1750 2155/2070/1750 2154/2071/1750 2152/2067/1750
f 2156/2072/1751 1648/1646/1751 1545/1543/1751 2146/2064/1751
f 2157/2073/1752 1649/1647/1752 1648/1646/1752 2156/2072/1752
f 2158/2074/1753 1650/1648/1753 1649/1647/1753 2157/2073/1753
f 2159/2075/1754 1651/1649/1754 1650/1648/1754 2158/2074/1754
f 2161/2076/1755 1652/1650/1755 1651/1649/1755 2159/2075/1755
f 2162/2077/1756 2161/2076/1756 2159/2075/1756 2160/2078/1756
f 2163/2079/1757 2156/2072/1757 2146/2064/1757 2151/2068/1757
f 2164/2080/1758 2157/2073/1758 2156/2072/1758 2163/2079/1758
f 2165/2081/1759 2158/2074/1759 2157/2073/1759 2164/2080/1759
f 2152/2067/1760 2167/2082/1760 2163/2079/1760 2151/2068/1760
f 2168/2083/1761 2159/2075/1761 2158/2074/1761 2165/2081/1761
f 2169/2084/1762 2168/2083/1762 2165/2081/1762 2166/2085/1762
f 2169/2084/1763 2160/2078/1763 2159/2075/1763 2168/2083/1763
f 2162/2077/1764 2172/2086/1764 2171/2087/1764 2161/2076/1764
f 2172/2086/1765 2162/2077/1765 2160/2078/1765 2169/2084/1765
f 2174/2088/1766 2164/2080/1766 2163/2079/1766 2173/2089/1766
f 2175/2090/1767 2165/2081/1767 2164/2080/1767 2174/2088/1767
f 2176/2091/1768 2166/2085/1768 2165/2081/1768 2175/2090/1768
f 2177/2092/1743 2167/2082/1743 2152/2067/1743 2154/2071/1743
f 2167/2082/1769 2177/2092/1769 2173/2089/1769 2163/2079/1769
f 2178/2093/1770 2169/2084/1770 2166/2085/1770 2176/2091/1770
f 2155/2070/1771 2180/2094/1771 2177/2092/1771 2154/2071/1771
f 2170/2095/1747 2180/2094/1747 2155/2070/1747 2153/2069/1747
f 2181/2096/1772 2172/2086/1772 2169/2084/1772 2178/2093/1772
f 2182/2097/1773 2181/2096/1773 2178/2093/1773 2179/2098/1773
f 2184/2099/1774 2174/2088/1774 2173/2089/1774 2183/2100/1774
f 2185/2101/1775 2175/2090/1775 2174/2088/1775 2184/2099/1775
f 2186/2102/1776 2176/2091/1776 2175/2090/1776 2185/2101/1776
f 2177/2092/1777 2188/2103/1777 2183/2100/1777 2173/2089/1777
f 2188/2103/1778 2189/2104/1778 2184/2099/1778 2183/2100/1778
f 2190/2105/1779 2178/2093/1779 2176/2091/1779 2186/2102/1779
f 2191/2106/1780 2190/2105/1780 2186/2102/1780 2187/2107/1780
f 2191/2106/1781 2179/2098/1781 2178/2093/1781 2190/2105/1781
f 2180/2094/1782 2192/2108/1782 2188/2103/1782 2177/2092/1782
f 2182/2097/1783 2195/2109/1783 2194/2110/1783 2181/2096/1783
f 2195/2109/1784 2182/2097/1784 2179/2098/1784 2191/2106/1784
f 2197/2111/1785 2185/2101/1785 2184/2099/1785 2196/2112/1785
f 2198/2113/1786 2186/2102/1786 2185/2101/1786 2197/2111/1786
f 2199/2114/1787 2187/2107/1787 2186/2102/1787 2198/2113/1787
f 2201/2115/1788 2189/2104/1788 2188/2103/1788 2200/2116/1788
f 2189/2104/1789 2201/2115/1789 2196/2112/1789 2184/2099/1789
f 2202/2117/1790 2191/2106/1790 2187/2107/1790 2199/2114/1790
f 2192/2108/1791 2204/2118/1791 2200/2116/1791 2188/2103/1791
f 2204/2118/1792 2205/2119/1792 2201/2115/1792 2200/2116/1792
f 2193/2120/1793 2205/2119/1793 2204/2118/1793 2192/2108/1793
f 2206/2121/1794 2195/2109/1794 2191/2106/1794 2202/2117/1794
f 2207/2122/1795 2206/2121/1795 2202/2117/1795 2203/2123/1795
f 2209/2124/1796 2197/2111/1796 2196/2112/1796 2208/2125/1796
f 2210/2126/1797 2198/2113/1797 2197/2111/1797 2209/2124/1797
f 2211/2127/1798 2199/2114/1798 2198/2113/1798 2210/2126/1798
f 2201/2115/1799 2213/2128/1799 2208/2125/1799 2196/2112/1799
f 2213/2128/1800 2214/2129/1800 2209/2124/1800 2208/2125/1800
f 2215/2130/1801 2202/2117/1801 2199/2114/1801 2211/2127/1801
f 2216/2131/1802 2215/2130/1802 2211/2127/1802 2212/2132/1802
f 2216/2131/1803 2203/2123/1803 2202/2117/1803 2215/2130/1803
f 2205/2119/1804 2217/2133/1804 2213/2128/1804 2201/2115/1804
f 2207/2122/1805 2220/2134/1805 2219/2135/1805 2206/2121/1805
f 2220/2134/1806 2207/2122/1806 2203/2123/1806 2216/2131/1806
f 2222/2136/1807 2210/2126/1807 2209/2124/1807 2221/2137/1807
f 2223/2138/1808 2211/2127/1808 2210/2126/1808 2222/2136/1808
f 2224/2139/1809 2212/2132/1809 2211/2127/1809 2223/2138/1809
f 2226/2140/1810 2214/2129/1810 2213/2128/1810 2225/2141/1810
f 2214/2129/1811 2226/2140/1811 2221/2137/1811 2209/2124/1811
f 2227/2142/1812 2216/2131/1812 2212/2132/1812 2224/2139/1812
f 2217/2133/1813 2229/2143/1813 2225/2141/1813 2213/2128/1813
f 2229/2143/1814 2230/2144/1814 2226/2140/1814 2225/2141/1814
f 2218/2145/1815 2230/2144/1815 2229/2143/1815 2217/2133/1815
f 2231/2146/1816 2220/2134/1816 2216/2131/1816 2227/2142/1816
f 2232/2147/1817 2231/2146/1817 2227/2142/1817 2228/2148/1817
f 2234/2149/1818 2222/2136/1818 2221/2137/1818 2233/2150/1818
f 2235/2151/1819 2223/2138/1819 2222/2136/1819 2234/2149/1819
f 2236/2152/1820 2224/2139/1820 2223/2138/1820 2235/2151/1820
f 2226/2140/1821 2238/2153/1821 2233/2150/1821 2221/2137/1821
f 2238/2153/1822 2239/2154/1822 2234/2149/1822 2233/2150/1822
f 2240/2155/1823 2227/2142/1823 2224/2139/1823 2236/2152/1823
f 2241/2156/1824 2240/2155/1824 2236/2152/1824 2237/2157/1824
f 2241/2156/1825 2228/2148/1825 2227/2142/1825 2240/2155/1825
f 2230/2144/1826 2242/2158/1826 2238/2153/1826 2226/2140/1826
f 2232/2147/1827 2245/2159/1827 2244/2160/1827 2231/2146/1827
f 2245/2159/1828 2232/2147/1828 2228/2148/1828 2241/2156/1828
f 1924/1839/1829 2246/2161/1829 2150/2066/1829 1549/1840/1829
f 2246/2161/1830 2247/2162/1830 2153/2069/1830 2150/2066/1830
f 1992/1908/1831 2248/2163/1831 2246/2161/1831 1924/1839/1831
f 1993/1909/1832 2249/2164/1832 2248/2163/1832 1992/1908/1832
f 1994/1910/1833 2250/2165/1833 2249/2164/1833 1993/1909/1833
f 2250/2165/1834 1994/1910/1834 1652/1650/1834 2161/2076/1834
f 2247/2162/1835 2251/2166/1835 2170/2095/1835 2153/2069/1835
f 2248/2163/1836 2251/2166/1836 2247/2162/1836 2246/2161/1836
f 2249/2164/1837 2252/2167/1837 2251/2166/1837 2248/2163/1837
f 2250/2165/1838 2253/2168/1838 2252/2167/1838 2249/2164/1838
f 2253/2168/1839 2250/2165/1839 2161/2076/1839 2171/2087/1839
f 2254/2169/1840 2253/2168/1840 2171/2087/1840 2172/2086/1840
f 2251/2166/1841 2255/2170/1841 2180/2094/1841 2170/2095/1841
f 2252/2167/1842 2256/2171/1842 2255/2170/1842 2251/2166/1842
f 2253/2168/1843 2257/2172/1843 2256/2171/1843 2252/2167/1843
f 2254/2169/1844 2258/2173/1844 2257/2172/1844 2253/2168/1844
f 2258/2173/1845 2254/2169/1845 2172/2086/1845 2181/2096/1845
f 2255/2170/1846 2259/2174/1846 2192/2108/1846 2180/2094/1846
f 2259/2174/1847 2260/2175/1847 2193/2120/1847 2192/2108/1847
f 2256/2171/1848 2260/2175/1848 2259/2174/1848 2255/2170/1848
f 2257/2172/1849 2261/2176/1849 2260/2175/1849 2256/2171/1849
f 2258/2173/1850 2262/2177/1850 2261/2176/1850 2257/2172/1850
f 2262/2177/1851 2258/2173/1851 2181/2096/1851 2194/2110/1851
f 2263/2178/1852 2262/2177/1852 2194/2110/1852 2195/2109/1852
f 2260/2175/1853 2264/2179/1853 2205/2119/1853 2193/2120/1853
f 2261/2176/1854 2265/2180/1854 2264/2179/1854 2260/2175/1854
f 2262/2177/1855 2266/2181/1855 2265/2180/1855 2261/2176/1855
f 2263/2178/1856 2267/2182/1856 2266/2181/1856 2262/2177/1856
f 2267/2182/1857 2263/2178/1857 2195/2109/1857 2206/2121/1857
f 2264/2179/1858 2268/2183/1858 2217/2133/1858 2205/2119/1858
f 2268/2183/1859 2269/2184/1859 2218/2145/1859 2217/2133/1859
f 2265/2180/1860 2269/2184/1860 2268/2183/1860 2264/2179/1860
f 2266/2181/1861 2270/2185/1861 2269/2184/1861 2265/2180/1861
f 2267/2182/1862 2271/2186/1862 2270/2185/1862 2266/2181/1862
f 2271/2186/1863 2267/2182/1863 2206/2121/1863 2219/2135/1863
f 2272/2187/1864 2271/2186/1864 2219/2135/1864 2220/2134/1864
f 2269/2184/1865 2273/2188/1865 2230/2144/1865 2218/2145/1865
f 2270/2185/1866 2274/2189/1866 2273/2188/1866 2269/2184/1866
f 2271/2186/1867 2275/2190/1867 2274/2189/1867 2270/2185/1867
f 2272/2187/1868 2276/2191/1868 2275/2190/1868 2271/2186/1868
f 2276/2191/1869 2272/2187/1869 2220/2134/1869 2231/2146/1869
f 2273/2188/1870 2277/2192/1870 2242/2158/1870 2230/2144/1870
f 2277/2192/1871 2278/2193/1871 2243/2194/1871 2242/2158/1871
f 2274/2189/1872 2278/2193/1872 2277/2192/1872 2273/2188/1872
f 2275/2190/1873 2279/2195/1873 2278/2193/1873 2274/2189/1873
f 2276/2191/1874 2280/2196/1874 2279/2195/1874 2275/2190/1874
f 2280/2196/1875 2276/2191/1875 2231/2146/1875 2244/2160/1875
f 2281/2197/1876 2280/2196/1876 2244/2160/1876 2245/2159/1876
f 2283/2198/1877 2235/2151/1877 2234/2149/1877 2282/2199/1877
f 2284/2200/1878 2236/2152/1878 2235/2151/1878 2283/2198/1878
f 2285/2201/1879 2237/2157/1879 2236/2152/1879 2284/2200/1879
f 2287/2202/1880 2239/2154/1880 2238/2153/1880 2286/2203/1880
f 2239/2154/1881 2287/2202/1881 2282/2199/1881 2234/2149/1881
f 2288/2204/1882 2241/2156/1882 2237/2157/1882 2285/2201/1882
f 2242/2158/1883 2290/2205/1883 2286/2203/1883 2238/2153/1883
f 2290/2205/1884 2291/2206/1884 2287/2202/1884 2286/2203/1884
f 2243/2194/1885 2291/2206/1885 2290/2205/1885 2242/2158/1885
f 2292/2207/1886 2245/2159/1886 2241/2156/1886 2288/2204/1886
f 2293/2208/1887 2292/2207/1887 2288/2204/1887 2289/2209/1887
f 2295/2210/1888 2283/2198/1888 2282/2199/1888 2294/2211/1888
f 2296/2212/1889 2284/2200/1889 2283/2198/1889 2295/2210/1889
f 2297/2213/1890 2285/2201/1890 2284/2200/1890 2296/2212/1890
f 2287/2202/1891 2299/2214/1891 2294/2211/1891 2282/2199/1891
f 2300/2215/1892 2288/2204/1892 2285/2201/1892 2297/2213/1892
f 2301/2216/1893 2300/2215/1893 2297/2213/1893 2298/2217/1893
f 2301/2216/1825 2289/2209/1825 2288/2204/1825 2300/2215/1825
f 2291/2206/1894 2302/2218/1894 2299/2214/1894 2287/2202/1894
f 2293/2208/1827 2304/2219/1827 2303/2220/1827 2292/2207/1827
f 2304/2219/1895 2293/2208/1895 2289/2209/1895 2301/2216/1895
f 2306/2221/1896 2295/2210/1896 2294/2211/1896 2305/2222/1896
f 2307/2223/1897 2296/2212/1897 2295/2210/1897 2306/2221/1897
f 2308/2224/1898 2297/2213/1898 2296/2212/1898 2307/2223/1898
f 2309/2225/1899 2298/2217/1899 2297/2213/1899 2308/2224/1899
f 2299/2214/1900 2310/2226/1900 2305/2222/1900 2294/2211/1900
f 2310/2226/1901 2311/2227/1901 2306/2221/1901 2305/2222/1901
f 2312/2228/1902 2301/2216/1902 2298/2217/1902 2309/2225/1902
f 2302/2218/1903 2313/2229/1903 2310/2226/1903 2299/2214/1903
f 2313/2229/1904 2314/2230/1904 2311/2227/1904 2310/2226/1904
f 2315/2231/1905 2304/2219/1905 2301/2216/1905 2312/2228/1905
f 2317/2232/1906 2307/2223/1906 2306/2221/1906 2316/2233/1906
f 2318/2234/1907 2308/2224/1907 2307/2223/1907 2317/2232/1907
f 2319/2235/1908 2309/2225/1908 2308/2224/1908 2318/2234/1908
f 2311/2227/1909 2320/2236/1909 2316/2233/1909 2306/2221/1909
f 2321/2237/1910 2312/2228/1910 2309/2225/1910 2319/2235/1910
f 2314/2230/1911 2322/2238/1911 2320/2236/1911 2311/2227/1911
f 2325/2239/1912 2317/2232/1912 2316/2233/1912 2324/2240/1912
f 2326/2241/1913 2318/2234/1913 2317/2232/1913 2325/2239/1913
f 2327/2242/1914 2319/2235/1914 2318/2234/1914 2326/2241/1914
f 2320/2236/1915 2328/2243/1915 2324/2240/1915 2316/2233/1915
f 2328/2243/1916 2329/2244/1916 2325/2239/1916 2324/2240/1916
f 2322/2238/1917 2330/2245/1917 2328/2243/1917 2320/2236/1917
f 2333/2246/1918 2326/2241/1918 2325/2239/1918 2332/2247/1918
f 2334/2248/1919 2327/2242/1919 2326/2241/1919 2333/2246/1919
f 2336/2249/1920 2329/2244/1920 2328/2243/1920 2335/2250/1920
f 2329/2244/1921 2336/2249/1921 2332/2247/1921 2325/2239/1921
f 2337/2251/1922 2338/2252/1922 2334/2248/1922 2333/2246/1922
f 2330/2245/1923 2339/2253/1923 2335/2250/1923 2328/2243/1923
f 2339/2253/1924 2340/2254/1924 2336/2249/1924 2335/2250/1924
f 2331/2255/1925 2340/2254/1925 2339/2253/1925 2330/2245/1925
f 2341/2256/1926 2342/2257/1926 2338/2252/1926 2337/2251/1926
f 2344/2258/1927 2333/2246/1927 2332/2247/1927 2343/2259/1927
f 2336/2249/1928 2345/2260/1928 2343/2259/1928 2332/2247/1928
f 2345/2260/1929 2346/2261/1929 2344/2258/1929 2343/2259/1929
f 2346/2261/1930 2337/2251/1930 2333/2246/1930 2344/2258/1930
f 2340/2254/1931 2347/2262/1931 2345/2260/1931 2336/2249/1931
f 2347/2262/1932 2348/2263/1932 2346/2261/1932 2345/2260/1932
f 2348/2263/1926 2341/2256/1926 2337/2251/1926 2346/2261/1926
f 2278/2193/1933 2349/2264/1933 2291/2206/1933 2243/2194/1933
f 2279/2195/1934 2350/2265/1934 2349/2264/1934 2278/2193/1934
f 2280/2196/1935 2351/2266/1935 2350/2265/1935 2279/2195/1935
f 2281/2197/1936 2352/2267/1936 2351/2266/1936 2280/2196/1936
f 2352/2267/1937 2281/2197/1937 2245/2159/1937 2292/2207/1937
f 2349/2264/1938 2353/2268/1938 2302/2218/1938 2291/2206/1938
f 2350/2265/1939 2354/2269/1939 2353/2268/1939 2349/2264/1939
f 2351/2266/1940 2355/2270/1940 2354/2269/1940 2350/2265/1940
f 2352/2267/1941 2356/2271/1941 2355/2270/1941 2351/2266/1941
f 2356/2271/1942 2352/2267/1942 2292/2207/1942 2303/2220/1942
f 2357/2272/1943 2356/2271/1943 2303/2220/1943 2304/2219/1943
f 2353/2268/1944 2358/2273/1944 2313/2229/1944 2302/2218/1944
f 2358/2273/1945 2359/2274/1945 2314/2230/1945 2313/2229/1945
f 2354/2269/1946 2359/2274/1946 2358/2273/1946 2353/2268/1946
f 2355/2270/1947 2360/2275/1947 2359/2274/1947 2354/2269/1947
f 2356/2271/1948 2361/2276/1948 2360/2275/1948 2355/2270/1948
f 2357/2272/1949 2362/2277/1949 2361/2276/1949 2356/2271/1949
f 2362/2277/1950 2357/2272/1950 2304/2219/1950 2315/2231/1950
f 2359/2274/1951 2363/2278/1951 2322/2238/1951 2314/2230/1951
f 2360/2275/1952 2364/2279/1952 2363/2278/1952 2359/2274/1952
f 2361/2276/1953 2365/2280/1953 2364/2279/1953 2360/2275/1953
f 2362/2277/1954 2366/2281/1954 2365/2280/1954 2361/2276/1954
f 2366/2281/1955 2362/2277/1955 2315/2231/1955 2323/2282/1955
f 2363/2278/1956 2367/2283/1956 2330/2245/1956 2322/2238/1956
f 2367/2283/1957 2368/2284/1957 2331/2255/1957 2330/2245/1957
f 2364/2279/1958 2368/2284/1958 2367/2283/1958 2363/2278/1958
f 2365/2280/1959 2369/2285/1959 2368/2284/1959 2364/2279/1959
f 2366/2281/1960 2370/2286/1960 2369/2285/1960 2365/2280/1960
f 2368/2284/1961 2371/2287/1961 2340/2254/1961 2331/2255/1961
f 2369/2285/1962 2372/2288/1962 2371/2287/1962 2368/2284/1962
f 2372/2288/1963 2373/2289/1963 2342/2257/1963 2341/2256/1963
f 2370/2286/1964 2373/2289/1964 2372/2288/1964 2369/2285/1964
f 2371/2287/1965 2374/2290/1965 2347/2262/1965 2340/2254/1965
f 2374/2290/1966 2375/2291/1966 2348/2263/1966 2347/2262/1966
f 2372/2288/1967 2375/2291/1967 2374/2290/1967 2371/2287/1967
f 2375/2291/1968 2372/2288/1968 2341/2256/1968 2348/2263/1968
f 2377/2292/1969 2378/2293/1969 1277/1276/1969 1276/1275/1969
f 1196/1194/1970 2378/2293/1970 2377/2292/1970 1195/1192/1970
f 2378/2293/1971 2379/1277/1971 1278/1277/1971 1277/1276/1971
f 1197/1196/1972 2379/1277/1972 2378/2293/1972 1196/1194/1972
f 2379/1277/637 1197/1196/637 66/1196/637 1278/1277/637
f 1199/1198/1622 2381/2294/1622 2380/2295/1622 1198/1197/1622
f 2381/2294/1973 2382/2296/1973 2377/2292/1973 2376/2297/1973
f 1200/1199/1974 2382/2296/1974 2381/2294/1974 1199/1198/1974
f 2382/2296/1975 1200/1199/1975 1195/1192/1975 2377/2292/1975
f 1335/1332/1067 2383/2298/1067 2380/2295/1067 1333/1356/1067
f 1201/1200/1976 2383/2298/1976 1335/1332/1976 448/444/1976
f 2383/2298/1977 1201/1200/1977 1198/1197/1977 2380/2295/1977
f 2384/2299/1978 1202/1201/1978 451/449/1978 1338/1336/1978
f 2385/2300/1979 1203/1204/1979 1202/1201/1979 2384/2299/1979
f 2386/2301/1072 2387/2302/1072 2385/2300/1072 2384/2299/1072
f 2387/2302/1980 1205/1203/1980 1203/1204/1980 2385/2300/1980
f 2388/2303/1981 1206/1205/1981 1205/1203/1981 2387/2302/1981
f 2389/2304/1982 1207/1206/1982 1206/1205/1982 2388/2303/1982
f 1209/1207/950 2391/2305/950 2390/2306/950 1208/1208/950
f 2391/2305/950 1209/1207/950 1207/1206/950 2389/2304/950
f 2392/2307/1983 2393/2308/1983 1282/1281/1983 1281/1280/1983
f 2393/2308/1984 2394/2309/1984 1283/1282/1984 1282/1281/1984
f 2377/2292/1985 2394/2309/1985 2393/2308/1985 2376/2297/1985
f 2394/2309/1986 2377/2292/1986 1276/1275/1986 1283/1282/1986
f 1357/1354/1987 2395/2310/1987 2392/2307/1987 1352/1393/1987
f 2380/2295/1988 2395/2310/1988 1357/1354/1988 1333/1356/1988
f 2395/2310/1989 2396/2311/1989 2393/2308/1989 2392/2307/1989
f 2381/2294/1990 2396/2311/1990 2395/2310/1990 2380/2295/1990
f 2396/2311/1991 2381/2294/1991 2376/2297/1991 2393/2308/1991
f 2397/2312/1992 2384/2299/1992 1338/1336/1992 1369/1364/1992
f 1373/1424/1993 2398/2313/1993 2397/2312/1993 1369/1364/1993
f 2398/2313/1994 2386/2301/1994 2384/2299/1994 2397/2312/1994
f 2399/2314/1995 2387/2302/1995 2386/2301/1995 2398/2313/1995
f 2400/2315/1072 2388/2303/1072 2387/2302/1072 2399/2314/1072
f 2401/2316/1996 2402/2317/1996 2399/2314/1996 2398/2313/1996
f 2402/2317/1997 2403/2318/1997 2400/2315/1997 2399/2314/1997
f 2403/2318/1998 2389/2304/1998 2388/2303/1998 2400/2315/1998
f 2391/2305/950 2405/2319/950 2404/2320/950 2390/2306/950
f 2405/2319/950 2391/2305/950 2389/2304/950 2403/2318/950
f 1389/1384/1999 2406/2321/1999 1284/1283/1999 1261/1259/1999
f 2392/2307/1152 2406/2321/1152 1389/1384/1152 1352/1393/1152
f 2406/2321/2000 2392/2307/2000 1281/1280/2000 1284/1283/2000
f 2407/2322/1096 2398/2313/1096 1373/1424/1096 1426/1423/1096
f 1432/1430/2001 2408/2323/2001 2407/2322/2001 1426/1423/2001
f 2408/2323/2002 2401/2316/2002 2398/2313/2002 2407/2322/2002
f 2409/2324/2003 2402/2317/2003 2401/2316/2003 2408/2323/2003
f 2410/2325/2004 2403/2318/2004 2402/2317/2004 2409/2324/2004
f 1439/1438/2005 2411/2326/2005 2408/2323/2005 1432/1430/2005
f 2411/2326/2006 2412/2327/2006 2409/2324/2006 2408/2323/2006
f 2412/2327/2007 2413/2328/2007 2410/2325/2007 2409/2324/2007
f 2405/2319/950 2413/2328/950 2412/2327/950 2404/2320/950
f 2413/2328/950 2405/2319/950 2403/2318/950 2410/2325/950
f 1217/1215/950 2415/2329/950 2414/2330/950 1216/1216/950
f 2415/2329/950 1217/1215/950 1208/1208/950 2390/2306/950
f 1218/1217/950 2416/2331/950 1559/1561/950 655/657/950
f 2416/2331/950 1218/1217/950 1216/1216/950 2414/2330/950
f 2415/2329/950 2418/2332/950 2417/2333/950 2414/2330/950
f 2418/2332/950 2415/2329/950 2390/2306/950 2404/2320/950
f 2416/2331/2008 2419/2334/2008 1577/1579/2008 1559/1561/2008
f 2419/2334/950 2416/2331/950 2414/2330/950 2417/2333/950
f 1593/1591/2009 2420/2335/2009 2411/2326/2009 1439/1438/2009
f 2420/2335/2010 2421/2336/2010 2412/2327/2010 2411/2326/2010
f 2418/2332/2011 2421/2336/2011 2420/2335/2011 2417/2333/2011
f 2421/2336/950 2418/2332/950 2404/2320/950 2412/2327/950
f 1598/1596/2012 2422/2337/2012 2420/2335/2012 1593/1591/2012
f 2419/2334/2013 2422/2337/2013 1598/1596/2013 1577/1579/2013
f 2422/2337/2014 2419/2334/2014 2417/2333/2014 2420/2335/2014
f 2424/2338/2015 2315/2231/2015 2312/2228/2015 2423/2339/2015
f 2426/2340/2016 2321/2237/2016 2319/2235/2016 2425/2341/2016
f 2426/2340/2017 2423/2339/2017 2312/2228/2017 2321/2237/2017
f 2424/2338/2018 2427/2342/2018 2323/2282/2018 2315/2231/2018
f 2427/2342/2019 2424/2338/2019 2423/2339/2019 2426/2340/2019
f 2428/2343/2020 2425/2341/2020 2319/2235/2020 2327/2242/2020
f 2429/2344/2021 2426/2340/2021 2425/2341/2021 2428/2343/2021
f 2430/2345/2022 2427/2342/2022 2426/2340/2022 2429/2344/2022
f 2431/2346/2023 2428/2343/2023 2327/2242/2023 2334/2248/2023
f 2338/2252/2024 2432/2347/2024 2431/2346/2024 2334/2248/2024
f 2432/2347/2025 2429/2344/2025 2428/2343/2025 2431/2346/2025
f 2342/2257/1926 2433/2348/1926 2432/2347/1926 2338/2252/1926
f 2433/2348/2026 2430/2345/2026 2429/2344/2026 2432/2347/2026
f 2434/2349/2027 2366/2281/2027 2323/2282/2027 2427/2342/2027
f 2434/2349/2028 2435/2350/2028 2370/2286/2028 2366/2281/2028
f 2435/2350/2029 2434/2349/2029 2427/2342/2029 2430/2345/2029
f 2373/2289/2030 2436/2351/2030 2433/2348/2030 2342/2257/2030
f 2435/2350/2031 2436/2351/2031 2373/2289/2031 2370/2286/2031
f 2436/2351/2032 2435/2350/2032 2430/2345/2032 2433/2348/2032
