# Blender 5.2.2 LTS
# www.blender.org
mtllib pedestal.mtl
o Cylinder
v -0.231988 0.955000 0.087624
v -0.231988 0.985000 0.087624
v -0.231988 1.015000 0.087624
v -0.231988 1.045000 0.087624
v -0.238175 0.955000 0.072688
v -0.238175 0.985000 0.072688
v -0.238175 1.015000 0.072688
v -0.238175 1.045000 0.072688
v -0.244289 0.955000 0.043382
v -0.244289 0.985000 0.043382
v -0.244289 1.015000 0.043382
v -0.244289 1.045000 0.043382
v -0.248101 0.955000 0.014422
v -0.248101 0.985000 0.014422
v -0.248101 1.015000 0.014422
v -0.248101 1.045000 0.014422
v -0.231988 1.075000 0.087624
v -0.231988 1.105000 0.087624
v -0.231988 1.135000 0.087624
v -0.231988 1.165000 0.087624
v -0.231988 1.195000 0.087624
v -0.231988 1.225000 0.087624
v -0.231988 1.255000 0.087624
v -0.231988 1.285000 0.087624
v -0.238175 1.075000 0.072688
v -0.238175 1.105000 0.072688
v -0.238175 1.135000 0.072688
v -0.238175 1.165000 0.072688
v -0.238175 1.195000 0.072688
v -0.238175 1.225000 0.072688
v -0.238175 1.255000 0.072688
v -0.238175 1.285000 0.072688
v -0.244289 1.075000 0.043382
v -0.244289 1.105000 0.043382
v -0.244289 1.135000 0.043382
v -0.244289 1.165000 0.043382
v -0.244289 1.195000 0.043382
v -0.244289 1.225000 0.043382
v -0.244289 1.255000 0.043382
v -0.244289 1.285000 0.043382
v -0.248101 1.075000 0.014422
v -0.248101 1.105000 0.014422
v -0.248101 1.135000 0.014422
v -0.248101 1.165000 0.014422
v -0.248101 1.195000 0.014422
v -0.248101 1.225000 0.014422
v -0.248101 1.255000 0.014422
v -0.248101 1.285000 0.014422
v -0.231988 1.315000 0.087624
v -0.231988 1.345000 0.087624
v -0.231988 1.375000 0.087624
v -0.231988 1.405000 0.087624
v -0.231988 1.435000 0.087624
v -0.238175 1.315000 0.072688
v -0.238175 1.345000 0.072688
v -0.238175 1.375000 0.072688
v -0.238175 1.405000 0.072688
v -0.238175 1.435000 0.072688
v -0.244289 1.315000 0.043382
v -0.244289 1.345000 0.043382
v -0.244289 1.375000 0.043382
v -0.244289 1.405000 0.043382
v -0.244289 1.435000 0.043382
v -0.248101 1.315000 0.014422
v -0.248101 1.345000 0.014422
v -0.248101 1.375000 0.014422
v -0.248101 1.405000 0.014422
v -0.248101 1.435000 0.014422
v -0.087624 0.955000 0.231988
v -0.087624 0.985000 0.231988
v -0.087624 1.015000 0.231988
v -0.087624 1.045000 0.231988
v -0.072688 0.955000 0.238175
v -0.072688 0.985000 0.238175
v -0.072688 1.015000 0.238175
v -0.072688 1.045000 0.238175
v -0.043382 0.955000 0.244289
v -0.043382 0.985000 0.244289
v -0.043382 1.015000 0.244289
v -0.043382 1.045000 0.244289
v -0.014422 0.955000 0.248101
v -0.014422 0.985000 0.248101
v -0.014422 1.015000 0.248101
v -0.014422 1.045000 0.248101
v -0.087624 1.075000 0.231988
v -0.087624 1.105000 0.231988
v -0.087624 1.135000 0.231988
v -0.087624 1.165000 0.231988
v -0.087624 1.195000 0.231988
v -0.087624 1.225000 0.231988
v -0.087624 1.255000 0.231988
v -0.087624 1.285000 0.231988
v -0.072688 1.075000 0.238175
v -0.072688 1.105000 0.238175
v -0.072688 1.135000 0.238175
v -0.072688 1.165000 0.238175
v -0.072688 1.195000 0.238175
v -0.072688 1.225000 0.238175
v -0.072688 1.255000 0.238175
v -0.072688 1.285000 0.238175
v -0.043382 1.075000 0.244289
v -0.043382 1.105000 0.244289
v -0.043382 1.135000 0.244289
v -0.043382 1.165000 0.244289
v -0.043382 1.195000 0.244289
v -0.043382 1.225000 0.244289
v -0.043382 1.255000 0.244289
v -0.043382 1.285000 0.244289
v -0.014422 1.075000 0.248101
v -0.014422 1.105000 0.248101
v -0.014422 1.135000 0.248101
v -0.014422 1.165000 0.248101
v -0.014422 1.195000 0.248101
v -0.014422 1.225000 0.248101
v -0.014422 1.255000 0.248101
v -0.014422 1.285000 0.248101
v -0.087624 1.315000 0.231988
v -0.087624 1.345000 0.231988
v -0.087624 1.375000 0.231988
v -0.087624 1.405000 0.231988
v -0.087624 1.435000 0.231988
v -0.072688 1.315000 0.238175
v -0.072688 1.345000 0.238175
v -0.072688 1.375000 0.238175
v -0.072688 1.405000 0.238175
v -0.072688 1.435000 0.238175
v -0.043382 1.315000 0.244289
v -0.043382 1.345000 0.244289
v -0.043382 1.375000 0.244289
v -0.043382 1.405000 0.244289
v -0.043382 1.435000 0.244289
v -0.014422 1.315000 0.248101
v -0.014422 1.345000 0.248101
v -0.014422 1.375000 0.248101
v -0.014422 1.405000 0.248101
v -0.014422 1.435000 0.248101
v -0.212523 0.955000 0.130192
v -0.212523 0.985000 0.130192
v -0.212523 1.015000 0.130192
v -0.212523 1.045000 0.130192
v -0.226020 0.955000 0.102032
v -0.226020 0.985000 0.102032
v -0.226020 1.015000 0.102032
v -0.226020 1.045000 0.102032
v -0.176777 0.955000 0.176777
v -0.176777 0.985000 0.176777
v -0.176777 1.015000 0.176777
v -0.176777 1.045000 0.176777
v -0.190075 0.955000 0.159446
v -0.190075 0.985000 0.159446
v -0.190075 1.015000 0.159446
v -0.190075 1.045000 0.159446
v -0.201997 0.955000 0.143909
v -0.201997 0.985000 0.143909
v -0.201997 1.015000 0.143909
v -0.201997 1.045000 0.143909
v -0.159446 0.955000 0.190075
v -0.159446 0.985000 0.190075
v -0.159446 1.015000 0.190075
v -0.159446 1.045000 0.190075
v -0.130192 0.955000 0.212523
v -0.130192 0.985000 0.212523
v -0.130192 1.015000 0.212523
v -0.130192 1.045000 0.212523
v -0.143909 0.955000 0.201997
v -0.143909 0.985000 0.201997
v -0.143909 1.015000 0.201997
v -0.143909 1.045000 0.201997
v -0.102032 0.955000 0.226020
v -0.102032 0.985000 0.226020
v -0.102032 1.015000 0.226020
v -0.102032 1.045000 0.226020
v -0.212523 1.075000 0.130192
v -0.212523 1.105000 0.130192
v -0.212523 1.135000 0.130192
v -0.212523 1.165000 0.130192
v -0.212523 1.195000 0.130192
v -0.212523 1.225000 0.130192
v -0.212523 1.255000 0.130192
v -0.212523 1.285000 0.130192
v -0.226020 1.075000 0.102032
v -0.226020 1.105000 0.102032
v -0.226020 1.135000 0.102032
v -0.226020 1.165000 0.102032
v -0.226020 1.195000 0.102032
v -0.226020 1.225000 0.102032
v -0.226020 1.255000 0.102032
v -0.226020 1.285000 0.102032
v -0.176777 1.075000 0.176777
v -0.176777 1.105000 0.176777
v -0.176777 1.135000 0.176777
v -0.176777 1.165000 0.176777
v -0.176777 1.195000 0.176777
v -0.176777 1.225000 0.176777
v -0.176777 1.255000 0.176777
v -0.176777 1.285000 0.176777
v -0.190075 1.075000 0.159446
v -0.190075 1.105000 0.159446
v -0.190075 1.135000 0.159446
v -0.190075 1.165000 0.159446
v -0.190075 1.195000 0.159446
v -0.190075 1.225000 0.159446
v -0.190075 1.255000 0.159446
v -0.190075 1.285000 0.159446
v -0.201997 1.075000 0.143909
v -0.201997 1.105000 0.143909
v -0.201997 1.135000 0.143909
v -0.201997 1.165000 0.143909
v -0.201997 1.195000 0.143909
v -0.201997 1.225000 0.143909
v -0.201997 1.255000 0.143909
v -0.201997 1.285000 0.143909
v -0.159446 1.075000 0.190075
v -0.159446 1.105000 0.190075
v -0.159446 1.135000 0.190075
v -0.159446 1.165000 0.190075
v -0.159446 1.195000 0.190075
v -0.159446 1.225000 0.190075
v -0.159446 1.255000 0.190075
v -0.159446 1.285000 0.190075
v -0.130192 1.075000 0.212523
v -0.130192 1.105000 0.212523
v -0.130192 1.135000 0.212523
v -0.130192 1.165000 0.212523
v -0.130192 1.195000 0.212523
v -0.130192 1.225000 0.212523
v -0.130192 1.255000 0.212523
v -0.130192 1.285000 0.212523
v -0.143909 1.075000 0.201997
v -0.143909 1.105000 0.201997
v -0.143909 1.135000 0.201997
v -0.143909 1.165000 0.201997
v -0.143909 1.195000 0.201997
v -0.143909 1.225000 0.201997
v -0.143909 1.255000 0.201997
v -0.143909 1.285000 0.201997
v -0.102032 1.075000 0.226020
v -0.102032 1.105000 0.226020
v -0.102032 1.135000 0.226020
v -0.102032 1.165000 0.226020
v -0.102032 1.195000 0.226020
v -0.102032 1.225000 0.226020
v -0.102032 1.255000 0.226020
v -0.102032 1.285000 0.226020
v -0.212523 1.315000 0.130192
v -0.212523 1.345000 0.130192
v -0.212523 1.375000 0.130192
v -0.212523 1.405000 0.130192
v -0.212523 1.435000 0.130192
v -0.226020 1.315000 0.102032
v -0.226020 1.345000 0.102032
v -0.226020 1.375000 0.102032
v -0.226020 1.405000 0.102032
v -0.226020 1.435000 0.102032
v -0.176777 1.315000 0.176777
v -0.176777 1.345000 0.176777
v -0.176777 1.375000 0.176777
v -0.176777 1.405000 0.176777
v -0.176777 1.435000 0.176777
v -0.190075 1.315000 0.159446
v -0.190075 1.345000 0.159446
v -0.190075 1.375000 0.159446
v -0.190075 1.405000 0.159446
v -0.190075 1.435000 0.159446
v -0.201997 1.315000 0.143909
v -0.201997 1.345000 0.143909
v -0.201997 1.375000 0.143909
v -0.201997 1.405000 0.143909
v -0.201997 1.435000 0.143909
v -0.159446 1.315000 0.190075
v -0.159446 1.345000 0.190075
v -0.159446 1.375000 0.190075
v -0.159446 1.405000 0.190075
v -0.159446 1.435000 0.190075
v -0.130192 1.315000 0.212523
v -0.130192 1.345000 0.212523
v -0.130192 1.375000 0.212523
v -0.130192 1.405000 0.212523
v -0.130192 1.435000 0.212523
v -0.143909 1.315000 0.201997
v -0.143909 1.345000 0.201997
v -0.143909 1.375000 0.201997
v -0.143909 1.405000 0.201997
v -0.143909 1.435000 0.201997
v -0.102032 1.315000 0.226020
v -0.102032 1.345000 0.226020
v -0.102032 1.375000 0.226020
v -0.102032 1.405000 0.226020
v -0.102032 1.435000 0.226020
v -0.248101 0.955000 -0.014422
v -0.248101 0.985000 -0.014422
v -0.248101 1.015000 -0.014422
v -0.248101 1.045000 -0.014422
v -0.244289 0.955000 -0.043382
v -0.244289 0.985000 -0.043382
v -0.244289 1.015000 -0.043382
v -0.244289 1.045000 -0.043382
v -0.238175 0.955000 -0.072688
v -0.238175 0.985000 -0.072688
v -0.238175 1.015000 -0.072688
v -0.238175 1.045000 -0.072688
v -0.231988 0.955000 -0.087624
v -0.231988 0.985000 -0.087624
v -0.231988 1.015000 -0.087624
v -0.231988 1.045000 -0.087624
v -0.248101 1.075000 -0.014422
v -0.248101 1.105000 -0.014422
v -0.248101 1.135000 -0.014422
v -0.248101 1.165000 -0.014422
v -0.248101 1.195000 -0.014422
v -0.248101 1.225000 -0.014422
v -0.248101 1.255000 -0.014422
v -0.248101 1.285000 -0.014422
v -0.244289 1.075000 -0.043382
v -0.244289 1.105000 -0.043382
v -0.244289 1.135000 -0.043382
v -0.244289 1.165000 -0.043382
v -0.244289 1.195000 -0.043382
v -0.244289 1.225000 -0.043382
v -0.244289 1.255000 -0.043382
v -0.244289 1.285000 -0.043382
v -0.238175 1.075000 -0.072688
v -0.238175 1.105000 -0.072688
v -0.238175 1.135000 -0.072688
v -0.238175 1.165000 -0.072688
v -0.238175 1.195000 -0.072688
v -0.238175 1.225000 -0.072688
v -0.238175 1.255000 -0.072688
v -0.238175 1.285000 -0.072688
v -0.231988 1.075000 -0.087624
v -0.231988 1.105000 -0.087624
v -0.231988 1.135000 -0.087624
v -0.231988 1.165000 -0.087624
v -0.231988 1.195000 -0.087624
v -0.231988 1.225000 -0.087624
v -0.231988 1.255000 -0.087624
v -0.231988 1.285000 -0.087624
v -0.248101 1.315000 -0.014422
v -0.248101 1.345000 -0.014422
v -0.248101 1.375000 -0.014422
v -0.248101 1.405000 -0.014422
v -0.248101 1.435000 -0.014422
v -0.244289 1.315000 -0.043382
v -0.244289 1.345000 -0.043382
v -0.244289 1.375000 -0.043382
v -0.244289 1.405000 -0.043382
v -0.244289 1.435000 -0.043382
v -0.238175 1.315000 -0.072688
v -0.238175 1.345000 -0.072688
v -0.238175 1.375000 -0.072688
v -0.238175 1.405000 -0.072688
v -0.238175 1.435000 -0.072688
v -0.231988 1.315000 -0.087624
v -0.231988 1.345000 -0.087624
v -0.231988 1.375000 -0.087624
v -0.231988 1.405000 -0.087624
v -0.231988 1.435000 -0.087624
v -0.226020 0.955000 -0.102032
v -0.226020 0.985000 -0.102032
v -0.226020 1.015000 -0.102032
v -0.226020 1.045000 -0.102032
v -0.212523 0.955000 -0.130192
v -0.212523 0.985000 -0.130192
v -0.212523 1.015000 -0.130192
v -0.212523 1.045000 -0.130192
v -0.201997 0.955000 -0.143909
v -0.201997 0.985000 -0.143909
v -0.201997 1.015000 -0.143909
v -0.201997 1.045000 -0.143909
v -0.190075 0.955000 -0.159446
v -0.190075 0.985000 -0.159446
v -0.190075 1.015000 -0.159446
v -0.190075 1.045000 -0.159446
v -0.176777 0.955000 -0.176777
v -0.176777 0.985000 -0.176777
v -0.176777 1.015000 -0.176777
v -0.176777 1.045000 -0.176777
v -0.159446 0.955000 -0.190075
v -0.159446 0.985000 -0.190075
v -0.159446 1.015000 -0.190075
v -0.159446 1.045000 -0.190075
v -0.143909 0.955000 -0.201997
v -0.143909 0.985000 -0.201997
v -0.143909 1.015000 -0.201997
v -0.143909 1.045000 -0.201997
v -0.130192 0.955000 -0.212523
v -0.130192 0.985000 -0.212523
v -0.130192 1.015000 -0.212523
v -0.130192 1.045000 -0.212523
v -0.102032 0.955000 -0.226020
v -0.102032 0.985000 -0.226020
v -0.102032 1.015000 -0.226020
v -0.102032 1.045000 -0.226020
v -0.226020 1.075000 -0.102032
v -0.226020 1.105000 -0.102032
v -0.226020 1.135000 -0.102032
v -0.226020 1.165000 -0.102032
v -0.226020 1.195000 -0.102032
v -0.226020 1.225000 -0.102032
v -0.226020 1.255000 -0.102032
v -0.226020 1.285000 -0.102032
v -0.212523 1.075000 -0.130192
v -0.212523 1.105000 -0.130192
v -0.212523 1.135000 -0.130192
v -0.212523 1.165000 -0.130192
v -0.212523 1.195000 -0.130192
v -0.212523 1.225000 -0.130192
v -0.212523 1.255000 -0.130192
v -0.212523 1.285000 -0.130192
v -0.201997 1.075000 -0.143909
v -0.201997 1.105000 -0.143909
v -0.201997 1.135000 -0.143909
v -0.201997 1.165000 -0.143909
v -0.201997 1.195000 -0.143909
v -0.201997 1.225000 -0.143909
v -0.201997 1.255000 -0.143909
v -0.201997 1.285000 -0.143909
v -0.190075 1.075000 -0.159446
v -0.190075 1.105000 -0.159446
v -0.190075 1.135000 -0.159446
v -0.190075 1.165000 -0.159446
v -0.190075 1.195000 -0.159446
v -0.190075 1.225000 -0.159446
v -0.190075 1.255000 -0.159446
v -0.190075 1.285000 -0.159446
v -0.176777 1.075000 -0.176777
v -0.176777 1.105000 -0.176777
v -0.176777 1.135000 -0.176777
v -0.176777 1.165000 -0.176777
v -0.176777 1.195000 -0.176777
v -0.176777 1.225000 -0.176777
v -0.176777 1.255000 -0.176777
v -0.176777 1.285000 -0.176777
v -0.159446 1.075000 -0.190075
v -0.159446 1.105000 -0.190075
v -0.159446 1.135000 -0.190075
v -0.159446 1.165000 -0.190075
v -0.159446 1.195000 -0.190075
v -0.159446 1.225000 -0.190075
v -0.159446 1.255000 -0.190075
v -0.159446 1.285000 -0.190075
v -0.143909 1.075000 -0.201997
v -0.143909 1.105000 -0.201997
v -0.143909 1.135000 -0.201997
v -0.143909 1.165000 -0.201997
v -0.143909 1.195000 -0.201997
v -0.143909 1.225000 -0.201997
v -0.143909 1.255000 -0.201997
v -0.143909 1.285000 -0.201997
v -0.130192 1.075000 -0.212523
v -0.130192 1.105000 -0.212523
v -0.130192 1.135000 -0.212523
v -0.130192 1.165000 -0.212523
v -0.130192 1.195000 -0.212523
v -0.130192 1.225000 -0.212523
v -0.130192 1.255000 -0.212523
v -0.130192 1.285000 -0.212523
v -0.102032 1.075000 -0.226020
v -0.102032 1.105000 -0.226020
v -0.102032 1.135000 -0.226020
v -0.102032 1.165000 -0.226020
v -0.102032 1.195000 -0.226020
v -0.102032 1.225000 -0.226020
v -0.102032 1.255000 -0.226020
v -0.102032 1.285000 -0.226020
v -0.226020 1.315000 -0.102032
v -0.226020 1.345000 -0.102032
v -0.226020 1.375000 -0.102032
v -0.226020 1.405000 -0.102032
v -0.226020 1.435000 -0.102032
v -0.212523 1.315000 -0.130192
v -0.212523 1.345000 -0.130192
v -0.212523 1.375000 -0.130192
v -0.212523 1.405000 -0.130192
v -0.212523 1.435000 -0.130192
v -0.201997 1.315000 -0.143909
v -0.201997 1.345000 -0.143909
v -0.201997 1.375000 -0.143909
v -0.201997 1.405000 -0.143909
v -0.201997 1.435000 -0.143909
v -0.190075 1.315000 -0.159446
v -0.190075 1.345000 -0.159446
v -0.190075 1.375000 -0.159446
v -0.190075 1.405000 -0.159446
v -0.190075 1.435000 -0.159446
v -0.176777 1.315000 -0.176777
v -0.176777 1.345000 -0.176777
v -0.176777 1.375000 -0.176777
v -0.176777 1.405000 -0.176777
v -0.176777 1.435000 -0.176777
v -0.159446 1.315000 -0.190075
v -0.159446 1.345000 -0.190075
v -0.159446 1.375000 -0.190075
v -0.159446 1.405000 -0.190075
v -0.159446 1.435000 -0.190075
v -0.143909 1.315000 -0.201997
v -0.143909 1.345000 -0.201997
v -0.143909 1.375000 -0.201997
v -0.143909 1.405000 -0.201997
v -0.143909 1.435000 -0.201997
v -0.130192 1.315000 -0.212523
v -0.130192 1.345000 -0.212523
v -0.130192 1.375000 -0.212523
v -0.130192 1.405000 -0.212523
v -0.130192 1.435000 -0.212523
v -0.102032 1.315000 -0.226020
v -0.102032 1.345000 -0.226020
v -0.102032 1.375000 -0.226020
v -0.102032 1.405000 -0.226020
v -0.102032 1.435000 -0.226020
v -0.087624 0.955000 -0.231988
v -0.087624 0.985000 -0.231988
v -0.087624 1.015000 -0.231988
v -0.087624 1.045000 -0.231988
v -0.072688 0.955000 -0.238175
v -0.072688 0.985000 -0.238175
v -0.072688 1.015000 -0.238175
v -0.072688 1.045000 -0.238175
v -0.043382 0.955000 -0.244289
v -0.043382 0.985000 -0.244289
v -0.043382 1.015000 -0.244289
v -0.043382 1.045000 -0.244289
v -0.014422 0.955000 -0.248101
v -0.014422 0.985000 -0.248101
v -0.014422 1.015000 -0.248101
v -0.014422 1.045000 -0.248101
v -0.087624 1.075000 -0.231988
v -0.087624 1.105000 -0.231988
v -0.087624 1.135000 -0.231988
v -0.087624 1.165000 -0.231988
v -0.087624 1.195000 -0.231988
v -0.087624 1.225000 -0.231988
v -0.087624 1.255000 -0.231988
v -0.087624 1.285000 -0.231988
v -0.072688 1.075000 -0.238175
v -0.072688 1.105000 -0.238175
v -0.072688 1.135000 -0.238175
v -0.072688 1.165000 -0.238175
v -0.072688 1.195000 -0.238175
v -0.072688 1.225000 -0.238175
v -0.072688 1.255000 -0.238175
v -0.072688 1.285000 -0.238175
v -0.043382 1.075000 -0.244289
v -0.043382 1.105000 -0.244289
v -0.043382 1.135000 -0.244289
v -0.043382 1.165000 -0.244289
v -0.043382 1.195000 -0.244289
v -0.043382 1.225000 -0.244289
v -0.043382 1.255000 -0.244289
v -0.043382 1.285000 -0.244289
v -0.014422 1.075000 -0.248101
v -0.014422 1.105000 -0.248101
v -0.014422 1.135000 -0.248101
v -0.014422 1.165000 -0.248101
v -0.014422 1.195000 -0.248101
v -0.014422 1.225000 -0.248101
v -0.014422 1.255000 -0.248101
v -0.014422 1.285000 -0.248101
v -0.087624 1.315000 -0.231988
v -0.087624 1.345000 -0.231988
v -0.087624 1.375000 -0.231988
v -0.087624 1.405000 -0.231988
v -0.087624 1.435000 -0.231988
v -0.072688 1.315000 -0.238175
v -0.072688 1.345000 -0.238175
v -0.072688 1.375000 -0.238175
v -0.072688 1.405000 -0.238175
v -0.072688 1.435000 -0.238175
v -0.043382 1.315000 -0.244289
v -0.043382 1.345000 -0.244289
v -0.043382 1.375000 -0.244289
v -0.043382 1.405000 -0.244289
v -0.043382 1.435000 -0.244289
v -0.014422 1.315000 -0.248101
v -0.014422 1.345000 -0.248101
v -0.014422 1.375000 -0.248101
v -0.014422 1.405000 -0.248101
v -0.014422 1.435000 -0.248101
v 0.014422 0.955000 0.248101
v 0.014422 0.985000 0.248101
v 0.014422 1.015000 0.248101
v 0.014422 1.045000 0.248101
v 0.043382 0.955000 0.244289
v 0.043382 0.985000 0.244289
v 0.043382 1.015000 0.244289
v 0.043382 1.045000 0.244289
v 0.072688 0.955000 0.238175
v 0.072688 0.985000 0.238175
v 0.072688 1.015000 0.238175
v 0.072688 1.045000 0.238175
v 0.087624 0.955000 0.231988
v 0.087624 0.985000 0.231988
v 0.087624 1.015000 0.231988
v 0.087624 1.045000 0.231988
v 0.014422 1.075000 0.248101
v 0.014422 1.105000 0.248101
v 0.014422 1.135000 0.248101
v 0.014422 1.165000 0.248101
v 0.014422 1.195000 0.248101
v 0.014422 1.225000 0.248101
v 0.014422 1.255000 0.248101
v 0.014422 1.285000 0.248101
v 0.043382 1.075000 0.244289
v 0.043382 1.105000 0.244289
v 0.043382 1.135000 0.244289
v 0.043382 1.165000 0.244289
v 0.043382 1.195000 0.244289
v 0.043382 1.225000 0.244289
v 0.043382 1.255000 0.244289
v 0.043382 1.285000 0.244289
v 0.072688 1.075000 0.238175
v 0.072688 1.105000 0.238175
v 0.072688 1.135000 0.238175
v 0.072688 1.165000 0.238175
v 0.072688 1.195000 0.238175
v 0.072688 1.225000 0.238175
v 0.072688 1.255000 0.238175
v 0.072688 1.285000 0.238175
v 0.087624 1.075000 0.231988
v 0.087624 1.105000 0.231988
v 0.087624 1.135000 0.231988
v 0.087624 1.165000 0.231988
v 0.087624 1.195000 0.231988
v 0.087624 1.225000 0.231988
v 0.087624 1.255000 0.231988
v 0.087624 1.285000 0.231988
v 0.014422 1.315000 0.248101
v 0.014422 1.345000 0.248101
v 0.014422 1.375000 0.248101
v 0.014422 1.405000 0.248101
v 0.014422 1.435000 0.248101
v 0.043382 1.315000 0.244289
v 0.043382 1.345000 0.244289
v 0.043382 1.375000 0.244289
v 0.043382 1.405000 0.244289
v 0.043382 1.435000 0.244289
v 0.072688 1.315000 0.238175
v 0.072688 1.345000 0.238175
v 0.072688 1.375000 0.238175
v 0.072688 1.405000 0.238175
v 0.072688 1.435000 0.238175
v 0.087624 1.315000 0.231988
v 0.087624 1.345000 0.231988
v 0.087624 1.375000 0.231988
v 0.087624 1.405000 0.231988
v 0.087624 1.435000 0.231988
v 0.102032 0.955000 0.226020
v 0.102032 0.985000 0.226020
v 0.102032 1.015000 0.226020
v 0.102032 1.045000 0.226020
v 0.130192 0.955000 0.212523
v 0.130192 0.985000 0.212523
v 0.130192 1.015000 0.212523
v 0.130192 1.045000 0.212523
v 0.143909 0.955000 0.201997
v 0.143909 0.985000 0.201997
v 0.143909 1.015000 0.201997
v 0.143909 1.045000 0.201997
v 0.159446 0.955000 0.190075
v 0.159446 0.985000 0.190075
v 0.159446 1.015000 0.190075
v 0.159446 1.045000 0.190075
v 0.176777 0.955000 0.176777
v 0.176777 0.985000 0.176777
v 0.176777 1.015000 0.176777
v 0.176777 1.045000 0.176777
v 0.190075 0.955000 0.159446
v 0.190075 0.985000 0.159446
v 0.190075 1.015000 0.159446
v 0.190075 1.045000 0.159446
v 0.201997 0.955000 0.143909
v 0.201997 0.985000 0.143909
v 0.201997 1.015000 0.143909
v 0.201997 1.045000 0.143909
v 0.212523 0.955000 0.130192
v 0.212523 0.985000 0.130192
v 0.212523 1.015000 0.130192
v 0.212523 1.045000 0.130192
v 0.226020 0.955000 0.102032
v 0.226020 0.985000 0.102032
v 0.226020 1.015000 0.102032
v 0.226020 1.045000 0.102032
v 0.102032 1.075000 0.226020
v 0.102032 1.105000 0.226020
v 0.102032 1.135000 0.226020
v 0.102032 1.165000 0.226020
v 0.102032 1.195000 0.226020
v 0.102032 1.225000 0.226020
v 0.102032 1.255000 0.226020
v 0.102032 1.285000 0.226020
v 0.130192 1.075000 0.212523
v 0.130192 1.105000 0.212523
v 0.130192 1.135000 0.212523
v 0.130192 1.165000 0.212523
v 0.130192 1.195000 0.212523
v 0.130192 1.225000 0.212523
v 0.130192 1.255000 0.212523
v 0.130192 1.285000 0.212523
v 0.143909 1.075000 0.201997
v 0.143909 1.105000 0.201997
v 0.143909 1.135000 0.201997
v 0.143909 1.165000 0.201997
v 0.143909 1.195000 0.201997
v 0.143909 1.225000 0.201997
v 0.143909 1.255000 0.201997
v 0.143909 1.285000 0.201997
v 0.159446 1.075000 0.190075
v 0.159446 1.105000 0.190075
v 0.159446 1.135000 0.190075
v 0.159446 1.165000 0.190075
v 0.159446 1.195000 0.190075
v 0.159446 1.225000 0.190075
v 0.159446 1.255000 0.190075
v 0.159446 1.285000 0.190075
v 0.176777 1.075000 0.176777
v 0.176777 1.105000 0.176777
v 0.176777 1.135000 0.176777
v 0.176777 1.165000 0.176777
v 0.176777 1.195000 0.176777
v 0.176777 1.225000 0.176777
v 0.176777 1.255000 0.176777
v 0.176777 1.285000 0.176777
v 0.190075 1.075000 0.159446
v 0.190075 1.105000 0.159446
v 0.190075 1.135000 0.159446
v 0.190075 1.165000 0.159446
v 0.190075 1.195000 0.159446
v 0.190075 1.225000 0.159446
v 0.190075 1.255000 0.159446
v 0.190075 1.285000 0.159446
v 0.201997 1.075000 0.143909
v 0.201997 1.105000 0.143909
v 0.201997 1.135000 0.143909
v 0.201997 1.165000 0.143909
v 0.201997 1.195000 0.143909
v 0.201997 1.225000 0.143909
v 0.201997 1.255000 0.143909
v 0.201997 1.285000 0.143909
v 0.212523 1.075000 0.130192
v 0.212523 1.105000 0.130192
v 0.212523 1.135000 0.130192
v 0.212523 1.165000 0.130192
v 0.212523 1.195000 0.130192
v 0.212523 1.225000 0.130192
v 0.212523 1.255000 0.130192
v 0.212523 1.285000 0.130192
v 0.226020 1.075000 0.102032
v 0.226020 1.105000 0.102032
v 0.226020 1.135000 0.102032
v 0.226020 1.165000 0.102032
v 0.226020 1.195000 0.102032
v 0.226020 1.225000 0.102032
v 0.226020 1.255000 0.102032
v 0.226020 1.285000 0.102032
v 0.102032 1.315000 0.226020
v 0.102032 1.345000 0.226020
v 0.102032 1.375000 0.226020
v 0.102032 1.405000 0.226020
v 0.102032 1.435000 0.226020
v 0.130192 1.315000 0.212523
v 0.130192 1.345000 0.212523
v 0.130192 1.375000 0.212523
v 0.130192 1.405000 0.212523
v 0.130192 1.435000 0.212523
v 0.143909 1.315000 0.201997
v 0.143909 1.345000 0.201997
v 0.143909 1.375000 0.201997
v 0.143909 1.405000 0.201997
v 0.143909 1.435000 0.201997
v 0.159446 1.315000 0.190075
v 0.159446 1.345000 0.190075
v 0.159446 1.375000 0.190075
v 0.159446 1.405000 0.190075
v 0.159446 1.435000 0.190075
v 0.176777 1.315000 0.176777
v 0.176777 1.345000 0.176777
v 0.176777 1.375000 0.176777
v 0.176777 1.405000 0.176777
v 0.176777 1.435000 0.176777
v 0.190075 1.315000 0.159446
v 0.190075 1.345000 0.159446
v 0.190075 1.375000 0.159446
v 0.190075 1.405000 0.159446
v 0.190075 1.435000 0.159446
v 0.201997 1.315000 0.143909
v 0.201997 1.345000 0.143909
v 0.201997 1.375000 0.143909
v 0.201997 1.405000 0.143909
v 0.201997 1.435000 0.143909
v 0.212523 1.315000 0.130192
v 0.212523 1.345000 0.130192
v 0.212523 1.375000 0.130192
v 0.212523 1.405000 0.130192
v 0.212523 1.435000 0.130192
v 0.226020 1.315000 0.102032
v 0.226020 1.345000 0.102032
v 0.226020 1.375000 0.102032
v 0.226020 1.405000 0.102032
v 0.226020 1.435000 0.102032
v 0.231988 0.955000 0.087624
v 0.231988 0.985000 0.087624
v 0.231988 1.015000 0.087624
v 0.231988 1.045000 0.087624
v 0.238175 0.955000 0.072688
v 0.238175 0.985000 0.072688
v 0.238175 1.015000 0.072688
v 0.238175 1.045000 0.072688
v 0.244289 0.955000 0.043382
v 0.244289 0.985000 0.043382
v 0.244289 1.015000 0.043382
v 0.244289 1.045000 0.043382
v 0.248101 0.955000 0.014422
v 0.248101 0.985000 0.014422
v 0.248101 1.015000 0.014422
v 0.248101 1.045000 0.014422
v 0.231988 1.075000 0.087624
v 0.231988 1.105000 0.087624
v 0.231988 1.135000 0.087624
v 0.231988 1.165000 0.087624
v 0.231988 1.195000 0.087624
v 0.231988 1.225000 0.087624
v 0.231988 1.255000 0.087624
v 0.231988 1.285000 0.087624
v 0.238175 1.075000 0.072688
v 0.238175 1.105000 0.072688
v 0.238175 1.135000 0.072688
v 0.238175 1.165000 0.072688
v 0.238175 1.195000 0.072688
v 0.238175 1.225000 0.072688
v 0.238175 1.255000 0.072688
v 0.238175 1.285000 0.072688
v 0.244289 1.075000 0.043382
v 0.244289 1.105000 0.043382
v 0.244289 1.135000 0.043382
v 0.244289 1.165000 0.043382
v 0.244289 1.195000 0.043382
v 0.244289 1.225000 0.043382
v 0.244289 1.255000 0.043382
v 0.244289 1.285000 0.043382
v 0.248101 1.075000 0.014422
v 0.248101 1.105000 0.014422
v 0.248101 1.135000 0.014422
v 0.248101 1.165000 0.014422
v 0.248101 1.195000 0.014422
v 0.248101 1.225000 0.014422
v 0.248101 1.255000 0.014422
v 0.248101 1.285000 0.014422
v 0.231988 1.315000 0.087624
v 0.231988 1.345000 0.087624
v 0.231988 1.375000 0.087624
v 0.231988 1.405000 0.087624
v 0.231988 1.435000 0.087624
v 0.238175 1.315000 0.072688
v 0.238175 1.345000 0.072688
v 0.238175 1.375000 0.072688
v 0.238175 1.405000 0.072688
v 0.238175 1.435000 0.072688
v 0.244289 1.315000 0.043382
v 0.244289 1.345000 0.043382
v 0.244289 1.375000 0.043382
v 0.244289 1.405000 0.043382
v 0.244289 1.435000 0.043382
v 0.248101 1.315000 0.014422
v 0.248101 1.345000 0.014422
v 0.248101 1.375000 0.014422
v 0.248101 1.405000 0.014422
v 0.248101 1.435000 0.014422
v 0.102032 0.955000 -0.226020
v 0.102032 0.985000 -0.226020
v 0.102032 1.015000 -0.226020
v 0.102032 1.045000 -0.226020
v 0.143909 0.955000 -0.201997
v 0.143909 0.985000 -0.201997
v 0.143909 1.015000 -0.201997
v 0.143909 1.045000 -0.201997
v 0.130192 0.955000 -0.212523
v 0.130192 0.985000 -0.212523
v 0.130192 1.015000 -0.212523
v 0.130192 1.045000 -0.212523
v 0.159446 0.955000 -0.190075
v 0.159446 0.985000 -0.190075
v 0.159446 1.015000 -0.190075
v 0.159446 1.045000 -0.190075
v 0.201997 0.955000 -0.143909
v 0.201997 0.985000 -0.143909
v 0.201997 1.015000 -0.143909
v 0.201997 1.045000 -0.143909
v 0.190075 0.955000 -0.159446
v 0.190075 0.985000 -0.159446
v 0.190075 1.015000 -0.159446
v 0.190075 1.045000 -0.159446
v 0.176777 0.955000 -0.176777
v 0.176777 0.985000 -0.176777
v 0.176777 1.015000 -0.176777
v 0.176777 1.045000 -0.176777
v 0.226020 0.955000 -0.102032
v 0.226020 0.985000 -0.102032
v 0.226020 1.015000 -0.102032
v 0.226020 1.045000 -0.102032
v 0.212523 0.955000 -0.130192
v 0.212523 0.985000 -0.130192
v 0.212523 1.015000 -0.130192
v 0.212523 1.045000 -0.130192
v 0.102032 1.075000 -0.226020
v 0.102032 1.105000 -0.226020
v 0.102032 1.135000 -0.226020
v 0.102032 1.165000 -0.226020
v 0.102032 1.195000 -0.226020
v 0.102032 1.225000 -0.226020
v 0.102032 1.255000 -0.226020
v 0.102032 1.285000 -0.226020
v 0.143909 1.075000 -0.201997
v 0.143909 1.105000 -0.201997
v 0.143909 1.135000 -0.201997
v 0.143909 1.165000 -0.201997
v 0.143909 1.195000 -0.201997
v 0.143909 1.225000 -0.201997
v 0.143909 1.255000 -0.201997
v 0.143909 1.285000 -0.201997
v 0.130192 1.075000 -0.212523
v 0.130192 1.105000 -0.212523
v 0.130192 1.135000 -0.212523
v 0.130192 1.165000 -0.212523
v 0.130192 1.195000 -0.212523
v 0.130192 1.225000 -0.212523
v 0.130192 1.255000 -0.212523
v 0.130192 1.285000 -0.212523
v 0.159446 1.075000 -0.190075
v 0.159446 1.105000 -0.190075
v 0.159446 1.135000 -0.190075
v 0.159446 1.165000 -0.190075
v 0.159446 1.195000 -0.190075
v 0.159446 1.225000 -0.190075
v 0.159446 1.255000 -0.190075
v 0.159446 1.285000 -0.190075
v 0.201997 1.075000 -0.143909
v 0.201997 1.105000 -0.143909
v 0.201997 1.135000 -0.143909
v 0.201997 1.165000 -0.143909
v 0.201997 1.195000 -0.143909
v 0.201997 1.225000 -0.143909
v 0.201997 1.255000 -0.143909
v 0.201997 1.285000 -0.143909
v 0.190075 1.075000 -0.159446
v 0.190075 1.105000 -0.159446
v 0.190075 1.135000 -0.159446
v 0.190075 1.165000 -0.159446
v 0.190075 1.195000 -0.159446
v 0.190075 1.225000 -0.159446
v 0.190075 1.255000 -0.159446
v 0.190075 1.285000 -0.159446
v 0.176777 1.075000 -0.176777
v 0.176777 1.105000 -0.176777
v 0.176777 1.135000 -0.176777
v 0.176777 1.165000 -0.176777
v 0.176777 1.195000 -0.176777
v 0.176777 1.225000 -0.176777
v 0.176777 1.255000 -0.176777
v 0.176777 1.285000 -0.176777
v 0.226020 1.075000 -0.102032
v 0.226020 1.105000 -0.102032
v 0.226020 1.135000 -0.102032
v 0.226020 1.165000 -0.102032
v 0.226020 1.195000 -0.102032
v 0.226020 1.225000 -0.102032
v 0.226020 1.255000 -0.102032
v 0.226020 1.285000 -0.102032
v 0.212523 1.075000 -0.130192
v 0.212523 1.105000 -0.130192
v 0.212523 1.135000 -0.130192
v 0.212523 1.165000 -0.130192
v 0.212523 1.195000 -0.130192
v 0.212523 1.225000 -0.130192
v 0.212523 1.255000 -0.130192
v 0.212523 1.285000 -0.130192
v 0.102032 1.315000 -0.226020
v 0.102032 1.345000 -0.226020
v 0.102032 1.375000 -0.226020
v 0.102032 1.405000 -0.226020
v 0.102032 1.435000 -0.226020
v 0.143909 1.315000 -0.201997
v 0.143909 1.345000 -0.201997
v 0.143909 1.375000 -0.201997
v 0.143909 1.405000 -0.201997
v 0.143909 1.435000 -0.201997
v 0.130192 1.315000 -0.212523
v 0.130192 1.345000 -0.212523
v 0.130192 1.375000 -0.212523
v 0.130192 1.405000 -0.212523
v 0.130192 1.435000 -0.212523
v 0.159446 1.315000 -0.190075
v 0.159446 1.345000 -0.190075
v 0.159446 1.375000 -0.190075
v 0.159446 1.405000 -0.190075
v 0.159446 1.435000 -0.190075
v 0.201997 1.315000 -0.143909
v 0.201997 1.345000 -0.143909
v 0.201997 1.375000 -0.143909
v 0.201997 1.405000 -0.143909
v 0.201997 1.435000 -0.143909
v 0.190075 1.315000 -0.159446
v 0.190075 1.345000 -0.159446
v 0.190075 1.375000 -0.159446
v 0.190075 1.405000 -0.159446
v 0.190075 1.435000 -0.159446
v 0.176777 1.315000 -0.176777
v 0.176777 1.345000 -0.176777
v 0.176777 1.375000 -0.176777
v 0.176777 1.405000 -0.176777
v 0.176777 1.435000 -0.176777
v 0.226020 1.315000 -0.102032
v 0.226020 1.345000 -0.102032
v 0.226020 1.375000 -0.102032
v 0.226020 1.405000 -0.102032
v 0.226020 1.435000 -0.102032
v 0.212523 1.315000 -0.130192
v 0.212523 1.345000 -0.130192
v 0.212523 1.375000 -0.130192
v 0.212523 1.405000 -0.130192
v 0.212523 1.435000 -0.130192
v 0.014422 0.955000 -0.248101
v 0.014422 0.985000 -0.248101
v 0.014422 1.015000 -0.248101
v 0.014422 1.045000 -0.248101
v 0.043382 0.955000 -0.244289
v 0.043382 0.985000 -0.244289
v 0.043382 1.015000 -0.244289
v 0.043382 1.045000 -0.244289
v 0.072688 0.955000 -0.238175
v 0.072688 0.985000 -0.238175
v 0.072688 1.015000 -0.238175
v 0.072688 1.045000 -0.238175
v 0.087624 0.955000 -0.231988
v 0.087624 0.985000 -0.231988
v 0.087624 1.015000 -0.231988
v 0.087624 1.045000 -0.231988
v 0.014422 1.075000 -0.248101
v 0.014422 1.105000 -0.248101
v 0.014422 1.135000 -0.248101
v 0.014422 1.165000 -0.248101
v 0.014422 1.195000 -0.248101
v 0.014422 1.225000 -0.248101
v 0.014422 1.255000 -0.248101
v 0.014422 1.285000 -0.248101
v 0.043382 1.075000 -0.244289
v 0.043382 1.105000 -0.244289
v 0.043382 1.135000 -0.244289
v 0.043382 1.165000 -0.244289
v 0.043382 1.195000 -0.244289
v 0.043382 1.225000 -0.244289
v 0.043382 1.255000 -0.244289
v 0.043382 1.285000 -0.244289
v 0.072688 1.075000 -0.238175
v 0.072688 1.105000 -0.238175
v 0.072688 1.135000 -0.238175
v 0.072688 1.165000 -0.238175
v 0.072688 1.195000 -0.238175
v 0.072688 1.225000 -0.238175
v 0.072688 1.255000 -0.238175
v 0.072688 1.285000 -0.238175
v 0.087624 1.075000 -0.231988
v 0.087624 1.105000 -0.231988
v 0.087624 1.135000 -0.231988
v 0.087624 1.165000 -0.231988
v 0.087624 1.195000 -0.231988
v 0.087624 1.225000 -0.231988
v 0.087624 1.255000 -0.231988
v 0.087624 1.285000 -0.231988
v 0.014422 1.315000 -0.248101
v 0.014422 1.345000 -0.248101
v 0.014422 1.375000 -0.248101
v 0.014422 1.405000 -0.248101
v 0.014422 1.435000 -0.248101
v 0.043382 1.315000 -0.244289
v 0.043382 1.345000 -0.244289
v 0.043382 1.375000 -0.244289
v 0.043382 1.405000 -0.244289
v 0.043382 1.435000 -0.244289
v 0.072688 1.315000 -0.238175
v 0.072688 1.345000 -0.238175
v 0.072688 1.375000 -0.238175
v 0.072688 1.405000 -0.238175
v 0.072688 1.435000 -0.238175
v 0.087624 1.315000 -0.231988
v 0.087624 1.345000 -0.231988
v 0.087624 1.375000 -0.231988
v 0.087624 1.405000 -0.231988
v 0.087624 1.435000 -0.231988
v 0.248101 0.955000 -0.014422
v 0.248101 0.985000 -0.014422
v 0.248101 1.015000 -0.014422
v 0.248101 1.045000 -0.014422
v 0.244289 0.955000 -0.043382
v 0.244289 0.985000 -0.043382
v 0.244289 1.015000 -0.043382
v 0.244289 1.045000 -0.043382
v 0.238175 0.955000 -0.072688
v 0.238175 0.985000 -0.072688
v 0.238175 1.015000 -0.072688
v 0.238175 1.045000 -0.072688
v 0.231988 0.955000 -0.087624
v 0.231988 0.985000 -0.087624
v 0.231988 1.015000 -0.087624
v 0.231988 1.045000 -0.087624
v 0.248101 1.075000 -0.014422
v 0.248101 1.105000 -0.014422
v 0.248101 1.135000 -0.014422
v 0.248101 1.165000 -0.014422
v 0.248101 1.195000 -0.014422
v 0.248101 1.225000 -0.014422
v 0.248101 1.255000 -0.014422
v 0.248101 1.285000 -0.014422
v 0.244289 1.075000 -0.043382
v 0.244289 1.105000 -0.043382
v 0.244289 1.135000 -0.043382
v 0.244289 1.165000 -0.043382
v 0.244289 1.195000 -0.043382
v 0.244289 1.225000 -0.043382
v 0.244289 1.255000 -0.043382
v 0.244289 1.285000 -0.043382
v 0.238175 1.075000 -0.072688
v 0.238175 1.105000 -0.072688
v 0.238175 1.135000 -0.072688
v 0.238175 1.165000 -0.072688
v 0.238175 1.195000 -0.072688
v 0.238175 1.225000 -0.072688
v 0.238175 1.255000 -0.072688
v 0.238175 1.285000 -0.072688
v 0.231988 1.075000 -0.087624
v 0.231988 1.105000 -0.087624
v 0.231988 1.135000 -0.087624
v 0.231988 1.165000 -0.087624
v 0.231988 1.195000 -0.087624
v 0.231988 1.225000 -0.087624
v 0.231988 1.255000 -0.087624
v 0.231988 1.285000 -0.087624
v 0.248101 1.315000 -0.014422
v 0.248101 1.345000 -0.014422
v 0.248101 1.375000 -0.014422
v 0.248101 1.405000 -0.014422
v 0.248101 1.435000 -0.014422
v 0.244289 1.315000 -0.043382
v 0.244289 1.345000 -0.043382
v 0.244289 1.375000 -0.043382
v 0.244289 1.405000 -0.043382
v 0.244289 1.435000 -0.043382
v 0.238175 1.315000 -0.072688
v 0.238175 1.345000 -0.072688
v 0.238175 1.375000 -0.072688
v 0.238175 1.405000 -0.072688
v 0.238175 1.435000 -0.072688
v 0.231988 1.315000 -0.087624
v 0.231988 1.345000 -0.087624
v 0.231988 1.375000 -0.087624
v 0.231988 1.405000 -0.087624
v 0.231988 1.435000 -0.087624
v -0.248101 1.465000 0.014422
v -0.248103 1.494989 0.014410
v -0.248114 1.525150 0.014328
v -0.378150 1.781343 0.014049
v -0.368639 1.600000 0.014820
v -0.378090 1.617395 0.014511
v -0.378106 1.645319 0.014384
v -0.378102 1.675000 0.014419
v -0.378102 1.705000 0.014419
v -0.344219 1.600000 0.014980
v -0.314343 1.600000 0.014877
v -0.280508 1.600000 0.014329
v -0.248142 1.556894 0.014112
v -0.248256 1.589837 0.013250
v -0.418074 1.898426 0.014629
v -0.397472 1.800000 0.014256
v -0.403830 1.900000 0.014796
v -0.374812 1.900000 0.014931
v -0.345000 1.900000 0.015000
v -0.315000 1.900000 0.015000
v -0.285000 1.900000 0.015000
v -0.255000 1.900000 0.015000
v -0.225000 1.900000 0.015000
v -0.195000 1.900000 0.015000
v -0.165000 1.900000 0.015000
v -0.135000 1.900000 0.015000
v -0.105000 1.900000 0.015000
v -0.075000 1.900000 0.015000
v -0.045000 1.900000 0.015000
v -0.015000 1.900000 0.015000
v -0.248101 1.465000 -0.014422
v -0.248103 1.494989 -0.014410
v -0.248114 1.525150 -0.014328
v -0.244289 1.465000 -0.043382
v -0.244290 1.494966 -0.043371
v -0.244290 1.525036 -0.043374
v -0.238175 1.465000 -0.072688
v -0.238168 1.494970 -0.072705
v -0.238092 1.525061 -0.072887
v -0.231988 1.465000 -0.087624
v -0.231985 1.494983 -0.087632
v -0.231956 1.525190 -0.087701
v -0.378150 1.781343 -0.014049
v -0.374394 1.786572 -0.042578
v -0.370778 1.791103 -0.070048
v -0.368508 1.794281 -0.087292
v -0.368639 1.600000 -0.014820
v -0.378090 1.617395 -0.014511
v -0.378106 1.645319 -0.014384
v -0.378102 1.675000 -0.014419
v -0.378102 1.705000 -0.014419
v -0.378094 1.735479 -0.014478
v -0.378097 1.756282 -0.014458
v -0.365567 1.600000 -0.044696
v -0.374176 1.616967 -0.044237
v -0.374233 1.645384 -0.043803
v -0.374229 1.675000 -0.043831
v -0.374229 1.705000 -0.043831
v -0.374215 1.735749 -0.043944
v -0.374250 1.760373 -0.043678
v -0.363404 1.600000 -0.074659
v -0.370238 1.616686 -0.074148
v -0.370324 1.645350 -0.073494
v -0.370332 1.675000 -0.073432
v -0.370332 1.705000 -0.073432
v -0.370319 1.736053 -0.073533
v -0.370451 1.764377 -0.072529
v -0.361311 1.600000 -0.104284
v -0.364879 1.616152 -0.103597
v -0.365136 1.645158 -0.102976
v -0.365170 1.675000 -0.102893
v -0.365170 1.705000 -0.102893
v -0.365173 1.736003 -0.102887
v -0.366131 1.773368 -0.100574
v -0.356690 1.603110 -0.123367
v -0.355731 1.616582 -0.125682
v -0.355517 1.645085 -0.126199
v -0.355505 1.675000 -0.126227
v -0.355505 1.705001 -0.126227
v -0.355614 1.736036 -0.125965
v -0.354011 1.771105 -0.129835
v -0.343141 1.789134 -0.156078
v -0.337161 1.797065 -0.170514
v -0.344219 1.600000 -0.014980
v -0.344159 1.600000 -0.044966
v -0.344071 1.600000 -0.074935
v -0.343918 1.600000 -0.104606
v -0.343532 1.600000 -0.134337
v -0.349428 1.617015 -0.140900
v -0.349425 1.645146 -0.140907
v -0.349385 1.675000 -0.141003
v -0.349385 1.705000 -0.141003
v -0.349438 1.735791 -0.140875
v -0.348895 1.755992 -0.142187
v -0.334551 1.600000 -0.163854
v -0.340571 1.616739 -0.162281
v -0.340964 1.645189 -0.161332
v -0.340970 1.675000 -0.161319
v -0.340970 1.705000 -0.161319
v -0.340885 1.735933 -0.161525
v -0.341636 1.764464 -0.159711
v -0.330958 1.600000 -0.185355
v -0.330144 1.616477 -0.187455
v -0.329988 1.645124 -0.187830
v -0.329991 1.675000 -0.187824
v -0.329991 1.705000 -0.187824
v -0.330060 1.735857 -0.187657
v -0.330593 1.773875 -0.186371
v -0.318488 1.785919 -0.203817
v -0.314343 1.600000 -0.014877
v -0.314635 1.600000 -0.044826
v -0.314863 1.600000 -0.074917
v -0.314803 1.600000 -0.104837
v -0.314499 1.600000 -0.134795
v -0.314097 1.600000 -0.164563
v -0.313708 1.600000 -0.194346
v -0.320277 1.616929 -0.201485
v -0.320296 1.645134 -0.201460
v -0.320287 1.675000 -0.201472
v -0.320287 1.705000 -0.201472
v -0.320359 1.735843 -0.201378
v -0.320108 1.755646 -0.201705
v -0.303294 1.600441 -0.223618
v -0.305624 1.616570 -0.220582
v -0.306382 1.645105 -0.219593
v -0.306417 1.675000 -0.219547
v -0.306417 1.705000 -0.219547
v -0.306254 1.736022 -0.219760
v -0.308449 1.770334 -0.216899
v -0.280508 1.600000 -0.014329
v -0.282191 1.600000 -0.044265
v -0.283044 1.600000 -0.074669
v -0.283658 1.600000 -0.104601
v -0.284367 1.600000 -0.134607
v -0.284740 1.600000 -0.164745
v -0.284466 1.600000 -0.194581
v -0.284006 1.600000 -0.224340
v -0.248142 1.556894 -0.014112
v -0.248256 1.589837 -0.013250
v -0.244277 1.556668 -0.043470
v -0.244484 1.594825 -0.041896
v -0.238022 1.557058 -0.073057
v -0.240584 1.600000 -0.071802
v -0.231356 1.557901 -0.089151
v -0.239499 1.600000 -0.098469
v -0.251754 1.600000 -0.133112
v -0.253872 1.600000 -0.164177
v -0.254606 1.600000 -0.194631
v -0.254649 1.600000 -0.224751
v -0.418063 1.806441 -0.014715
v -0.418093 1.825745 -0.014481
v -0.418101 1.855000 -0.014426
v -0.418093 1.884180 -0.014486
v -0.418074 1.898426 -0.014629
v -0.414189 1.809685 -0.044141
v -0.414229 1.825502 -0.043836
v -0.414246 1.855000 -0.043704
v -0.414228 1.884461 -0.043844
v -0.414218 1.895247 -0.043917
v -0.411928 1.811588 -0.061312
v -0.411733 1.825603 -0.062793
v -0.411701 1.854970 -0.063035
v -0.411810 1.883887 -0.062212
v -0.412068 1.893877 -0.060246
v -0.397472 1.800000 -0.014256
v -0.403830 1.900000 -0.014796
v -0.400437 1.800000 -0.043682
v -0.403874 1.900000 -0.044659
v -0.407207 1.800000 -0.072692
v -0.409786 1.826131 -0.077580
v -0.409748 1.854863 -0.077875
v -0.409826 1.882910 -0.077280
v -0.404365 1.900000 -0.073015
v -0.389137 1.800000 -0.101836
v -0.406418 1.826199 -0.103163
v -0.406424 1.854799 -0.103122
v -0.406338 1.883441 -0.103771
v -0.396488 1.900000 -0.104417
v -0.395096 1.802043 -0.134278
v -0.395979 1.826221 -0.132147
v -0.396035 1.854828 -0.132011
v -0.395697 1.883438 -0.132826
v -0.392367 1.900000 -0.134121
v -0.386897 1.808388 -0.154071
v -0.385948 1.826111 -0.156363
v -0.385862 1.854920 -0.156571
v -0.386063 1.883327 -0.156085
v -0.387050 1.896963 -0.153702
v -0.374812 1.900000 -0.014931
v -0.374589 1.900000 -0.044845
v -0.374334 1.900000 -0.074894
v -0.363638 1.799708 -0.106594
v -0.374169 1.900000 -0.104924
v -0.365842 1.800000 -0.128337
v -0.373968 1.900000 -0.134599
v -0.373243 1.800000 -0.162663
v -0.379747 1.826375 -0.171333
v -0.379689 1.854883 -0.171473
v -0.379693 1.882939 -0.171464
v -0.373690 1.900000 -0.164566
v -0.359316 1.800000 -0.188830
v -0.371405 1.826334 -0.191471
v -0.371502 1.854842 -0.191239
v -0.371106 1.883268 -0.192195
v -0.364809 1.900000 -0.193801
v -0.360576 1.806332 -0.214111
v -0.359586 1.826218 -0.215401
v -0.359498 1.854865 -0.215516
v -0.359735 1.883425 -0.215208
v -0.360720 1.899630 -0.213923
v -0.345000 1.900000 -0.015000
v -0.345000 1.900000 -0.045000
v -0.345000 1.900000 -0.075000
v -0.344991 1.900000 -0.104991
v -0.344845 1.900000 -0.134863
v -0.344518 1.900000 -0.164797
v -0.336861 1.800000 -0.190730
v -0.344101 1.900000 -0.194544
v -0.337382 1.800000 -0.219809
v -0.348862 1.826436 -0.229377
v -0.348789 1.854846 -0.229473
v -0.348756 1.883127 -0.229516
v -0.343032 1.900000 -0.223488
v -0.315000 1.900000 -0.015000
v -0.315000 1.900000 -0.045000
v -0.315000 1.900000 -0.075000
v -0.315000 1.900000 -0.105000
v -0.315000 1.900000 -0.135000
v -0.315000 1.900000 -0.165000
v -0.314868 1.900000 -0.194868
v -0.305818 1.800000 -0.221222
v -0.314438 1.900000 -0.224475
v -0.285000 1.900000 -0.015000
v -0.285000 1.900000 -0.045000
v -0.285000 1.900000 -0.075000
v -0.285000 1.900000 -0.105000
v -0.285000 1.900000 -0.135000
v -0.285000 1.900000 -0.165000
v -0.285000 1.900000 -0.195000
v -0.284876 1.900000 -0.224876
v -0.255000 1.900000 -0.015000
v -0.255000 1.900000 -0.045000
v -0.255000 1.900000 -0.075000
v -0.255000 1.900000 -0.105000
v -0.255000 1.900000 -0.135000
v -0.255000 1.900000 -0.165000
v -0.255000 1.900000 -0.195000
v -0.255000 1.900000 -0.225000
v -0.293886 1.605629 -0.235878
v -0.293862 1.615948 -0.235910
v -0.293892 1.645031 -0.235870
v -0.293920 1.675000 -0.235834
v -0.293920 1.705000 -0.235834
v -0.293924 1.736231 -0.235829
v -0.289750 1.776670 -0.241269
v -0.279482 1.797675 -0.254649
v -0.281413 1.600000 -0.250602
v -0.282560 1.616016 -0.250639
v -0.282486 1.645000 -0.250736
v -0.282486 1.675000 -0.250736
v -0.282485 1.705000 -0.250736
v -0.282501 1.736258 -0.250716
v -0.281694 1.764670 -0.251768
v -0.268701 1.602746 -0.268701
v -0.268701 1.616007 -0.268701
v -0.268701 1.645000 -0.268701
v -0.268701 1.675000 -0.268701
v -0.268701 1.705001 -0.268701
v -0.268701 1.736167 -0.268701
v -0.268701 1.779190 -0.268701
v -0.254649 1.797675 -0.279482
v -0.254210 1.600000 -0.254210
v -0.250602 1.600000 -0.281413
v -0.250639 1.616016 -0.282560
v -0.250736 1.645000 -0.282486
v -0.250736 1.675000 -0.282486
v -0.250736 1.705000 -0.282485
v -0.250716 1.736258 -0.282501
v -0.251768 1.764670 -0.281694
v -0.235878 1.605629 -0.293886
v -0.235910 1.615948 -0.293862
v -0.235870 1.645031 -0.293892
v -0.235834 1.675000 -0.293920
v -0.235834 1.705000 -0.293920
v -0.235829 1.736231 -0.293924
v -0.241269 1.776670 -0.289750
v -0.334860 1.803994 -0.247624
v -0.333938 1.826516 -0.248827
v -0.333863 1.854862 -0.248924
v -0.333695 1.882845 -0.249143
v -0.333835 1.900000 -0.247508
v -0.312997 1.800000 -0.250818
v -0.322410 1.826550 -0.263851
v -0.322353 1.854922 -0.263924
v -0.322355 1.882544 -0.263921
v -0.315368 1.900000 -0.255851
v -0.302013 1.800000 -0.278597
v -0.310197 1.826305 -0.279767
v -0.310432 1.854967 -0.279460
v -0.309896 1.883118 -0.280158
v -0.305841 1.900000 -0.283490
v -0.296985 1.809667 -0.296985
v -0.296985 1.825971 -0.296985
v -0.296985 1.854983 -0.296985
v -0.296985 1.883920 -0.296985
v -0.296985 1.896180 -0.296985
v -0.284536 1.900000 -0.254692
v -0.278925 1.800000 -0.278925
v -0.284177 1.900000 -0.284177
v -0.278598 1.800000 -0.302013
v -0.279767 1.826305 -0.310197
v -0.279460 1.854967 -0.310432
v -0.280158 1.883118 -0.309896
v -0.283490 1.900000 -0.305841
v -0.254967 1.900000 -0.254967
v -0.254692 1.900000 -0.284536
v -0.250818 1.800000 -0.312997
v -0.263851 1.826550 -0.322410
v -0.263924 1.854922 -0.322353
v -0.263921 1.882544 -0.322355
v -0.255851 1.900000 -0.315368
v -0.247624 1.803994 -0.334860
v -0.248827 1.826516 -0.333938
v -0.248924 1.854862 -0.333863
v -0.249143 1.882845 -0.333695
v -0.247508 1.900000 -0.333835
v -0.226020 1.465000 -0.102032
v -0.226024 1.494982 -0.102022
v -0.226022 1.525194 -0.102028
v -0.212523 1.465000 -0.130192
v -0.212518 1.494984 -0.130197
v -0.212506 1.525107 -0.130213
v -0.201997 1.465000 -0.143909
v -0.201991 1.494992 -0.143917
v -0.202013 1.525084 -0.143888
v -0.190075 1.465000 -0.159446
v -0.190074 1.494999 -0.159447
v -0.190083 1.525053 -0.159436
v -0.176777 1.465000 -0.176777
v -0.176777 1.495000 -0.176777
v -0.176777 1.525036 -0.176777
v -0.159446 1.465000 -0.190075
v -0.159447 1.494999 -0.190074
v -0.159436 1.525053 -0.190083
v -0.143909 1.465000 -0.201997
v -0.143917 1.494992 -0.201991
v -0.143888 1.525084 -0.202013
v -0.130192 1.465000 -0.212523
v -0.130197 1.494984 -0.212518
v -0.130213 1.525107 -0.212506
v -0.102032 1.465000 -0.226020
v -0.102022 1.494982 -0.226024
v -0.102028 1.525194 -0.226022
v -0.225602 1.557448 -0.103042
v -0.224382 1.583778 -0.105986
v -0.210445 1.558690 -0.132900
v -0.215651 1.595559 -0.126115
v -0.201964 1.572572 -0.143952
v -0.213722 1.600000 -0.155620
v -0.223662 1.600000 -0.193750
v -0.224638 1.600000 -0.224638
v -0.201981 1.548072 -0.143930
v -0.192396 1.558784 -0.156421
v -0.189104 1.590971 -0.160711
v -0.176777 1.556808 -0.176777
v -0.184008 1.600000 -0.184008
v -0.193750 1.600000 -0.223662
v -0.156421 1.558784 -0.192396
v -0.160711 1.590971 -0.189104
v -0.143952 1.572572 -0.201964
v -0.155620 1.600000 -0.213722
v -0.143930 1.548072 -0.201981
v -0.132900 1.558690 -0.210445
v -0.126115 1.595559 -0.215650
v -0.103042 1.557448 -0.225602
v -0.105986 1.583778 -0.224382
v -0.225000 1.900000 -0.015000
v -0.225000 1.900000 -0.045000
v -0.225000 1.900000 -0.075000
v -0.225000 1.900000 -0.105000
v -0.225000 1.900000 -0.135000
v -0.225000 1.900000 -0.165000
v -0.225000 1.900000 -0.195000
v -0.225000 1.900000 -0.225000
v -0.195000 1.900000 -0.015000
v -0.195000 1.900000 -0.045000
v -0.195000 1.900000 -0.075000
v -0.195000 1.900000 -0.105000
v -0.195000 1.900000 -0.135000
v -0.195000 1.900000 -0.165000
v -0.195000 1.900000 -0.195000
v -0.195000 1.900000 -0.225000
v -0.165000 1.900000 -0.015000
v -0.165000 1.900000 -0.045000
v -0.165000 1.900000 -0.075000
v -0.165000 1.900000 -0.105000
v -0.165000 1.900000 -0.135000
v -0.165000 1.900000 -0.165000
v -0.165000 1.900000 -0.195000
v -0.165000 1.900000 -0.225000
v -0.135000 1.900000 -0.015000
v -0.135000 1.900000 -0.045000
v -0.135000 1.900000 -0.075000
v -0.135000 1.900000 -0.105000
v -0.135000 1.900000 -0.135000
v -0.135000 1.900000 -0.165000
v -0.135000 1.900000 -0.195000
v -0.135000 1.900000 -0.225000
v -0.105000 1.900000 -0.015000
v -0.105000 1.900000 -0.045000
v -0.105000 1.900000 -0.075000
v -0.105000 1.900000 -0.105000
v -0.105000 1.900000 -0.135000
v -0.105000 1.900000 -0.165000
v -0.105000 1.900000 -0.195000
v -0.105000 1.900000 -0.225000
v -0.075000 1.900000 -0.015000
v -0.075000 1.900000 -0.045000
v -0.075000 1.900000 -0.075000
v -0.075000 1.900000 -0.105000
v -0.075000 1.900000 -0.135000
v -0.075000 1.900000 -0.165000
v -0.075000 1.900000 -0.195000
v -0.075000 1.900000 -0.225000
v -0.045000 1.900000 -0.015000
v -0.045000 1.900000 -0.045000
v -0.045000 1.900000 -0.075000
v -0.045000 1.900000 -0.105000
v -0.045000 1.900000 -0.135000
v -0.045000 1.900000 -0.165000
v -0.045000 1.900000 -0.195000
v -0.045000 1.900000 -0.225000
v -0.015000 1.900000 -0.015000
v -0.015000 1.900000 -0.045000
v -0.015000 1.900000 -0.075000
v -0.015000 1.900000 -0.105000
v -0.015000 1.900000 -0.135000
v -0.015000 1.900000 -0.165000
v -0.015000 1.900000 -0.195000
v -0.015000 1.900000 -0.225000
v -0.087624 1.465000 -0.231988
v -0.087632 1.494983 -0.231985
v -0.087701 1.525190 -0.231956
v -0.072688 1.465000 -0.238175
v -0.072705 1.494970 -0.238168
v -0.072887 1.525061 -0.238092
v -0.043382 1.465000 -0.244289
v -0.043371 1.494966 -0.244290
v -0.043374 1.525036 -0.244290
v -0.014422 1.465000 -0.248101
v -0.014410 1.494989 -0.248103
v -0.014328 1.525150 -0.248114
v -0.224751 1.600000 -0.254649
v -0.224340 1.600000 -0.284006
v -0.223618 1.600441 -0.303294
v -0.220582 1.616570 -0.305624
v -0.219593 1.645105 -0.306382
v -0.219547 1.675000 -0.306417
v -0.219547 1.705000 -0.306417
v -0.219760 1.736022 -0.306254
v -0.216899 1.770334 -0.308449
v -0.203817 1.785919 -0.318488
v -0.194631 1.600000 -0.254606
v -0.194581 1.600000 -0.284466
v -0.194346 1.600000 -0.313708
v -0.201485 1.616929 -0.320277
v -0.201460 1.645134 -0.320296
v -0.201472 1.675000 -0.320287
v -0.201472 1.705000 -0.320287
v -0.201378 1.735843 -0.320359
v -0.201705 1.755646 -0.320108
v -0.185355 1.600000 -0.330958
v -0.187455 1.616477 -0.330144
v -0.187830 1.645124 -0.329988
v -0.187824 1.675000 -0.329991
v -0.187824 1.705000 -0.329991
v -0.187657 1.735857 -0.330060
v -0.186371 1.773875 -0.330593
v -0.170514 1.797065 -0.337161
v -0.164177 1.600000 -0.253872
v -0.164745 1.600000 -0.284740
v -0.164563 1.600000 -0.314097
v -0.163854 1.600000 -0.334551
v -0.162281 1.616739 -0.340571
v -0.161332 1.645189 -0.340964
v -0.161319 1.675000 -0.340970
v -0.161319 1.705000 -0.340970
v -0.161525 1.735933 -0.340885
v -0.159711 1.764464 -0.341636
v -0.156078 1.789134 -0.343141
v -0.133112 1.600000 -0.251754
v -0.134607 1.600000 -0.284367
v -0.134795 1.600000 -0.314499
v -0.134337 1.600000 -0.343532
v -0.140900 1.617015 -0.349428
v -0.140907 1.645146 -0.349425
v -0.141003 1.675000 -0.349385
v -0.141003 1.705000 -0.349385
v -0.140875 1.735791 -0.349438
v -0.142187 1.755992 -0.348895
v -0.123367 1.603110 -0.356690
v -0.125682 1.616582 -0.355731
v -0.126199 1.645085 -0.355517
v -0.126227 1.675000 -0.355505
v -0.126227 1.705001 -0.355505
v -0.125965 1.736036 -0.355614
v -0.129835 1.771105 -0.354011
v -0.089151 1.557901 -0.231356
v -0.098469 1.600000 -0.239499
v -0.104601 1.600000 -0.283658
v -0.104837 1.600000 -0.314803
v -0.104606 1.600000 -0.343918
v -0.104284 1.600000 -0.361311
v -0.103597 1.616152 -0.364879
v -0.102976 1.645158 -0.365136
v -0.102893 1.675000 -0.365170
v -0.102893 1.705000 -0.365170
v -0.102887 1.736003 -0.365173
v -0.100574 1.773368 -0.366131
v -0.087292 1.794281 -0.368508
v -0.073057 1.557058 -0.238022
v -0.071802 1.600000 -0.240584
v -0.074669 1.600000 -0.283044
v -0.074917 1.600000 -0.314863
v -0.074935 1.600000 -0.344071
v -0.074659 1.600000 -0.363404
v -0.074148 1.616686 -0.370238
v -0.073494 1.645350 -0.370324
v -0.073432 1.675000 -0.370332
v -0.073432 1.705000 -0.370332
v -0.073533 1.736053 -0.370319
v -0.072529 1.764377 -0.370451
v -0.070049 1.791103 -0.370778
v -0.043470 1.556668 -0.244277
v -0.041896 1.594825 -0.244484
v -0.044265 1.600000 -0.282191
v -0.044826 1.600000 -0.314635
v -0.044966 1.600000 -0.344159
v -0.044696 1.600000 -0.365567
v -0.044237 1.616967 -0.374176
v -0.043803 1.645384 -0.374233
v -0.043831 1.675000 -0.374229
v -0.043831 1.705000 -0.374229
v -0.043944 1.735749 -0.374215
v -0.043678 1.760373 -0.374250
v -0.042578 1.786572 -0.374394
v -0.014112 1.556894 -0.248142
v -0.013250 1.589837 -0.248256
v -0.014329 1.600000 -0.280508
v -0.014877 1.600000 -0.314343
v -0.014980 1.600000 -0.344219
v -0.014820 1.600000 -0.368639
v -0.014511 1.617395 -0.378090
v -0.014384 1.645319 -0.378106
v -0.014419 1.675000 -0.378102
v -0.014419 1.705000 -0.378102
v -0.014478 1.735479 -0.378094
v -0.014458 1.756282 -0.378097
v -0.014049 1.781343 -0.378150
v -0.225000 1.900000 -0.255000
v -0.224876 1.900000 -0.284876
v -0.221222 1.800000 -0.305818
v -0.224475 1.900000 -0.314438
v -0.219809 1.800000 -0.337382
v -0.229377 1.826436 -0.348862
v -0.229473 1.854846 -0.348789
v -0.229516 1.883127 -0.348756
v -0.223488 1.900000 -0.343032
v -0.214111 1.806332 -0.360576
v -0.215401 1.826218 -0.359586
v -0.215516 1.854865 -0.359498
v -0.215208 1.883425 -0.359735
v -0.213923 1.899630 -0.360720
v -0.195000 1.900000 -0.255000
v -0.195000 1.900000 -0.285000
v -0.194868 1.900000 -0.314868
v -0.190730 1.800000 -0.336861
v -0.194544 1.900000 -0.344101
v -0.188830 1.800000 -0.359316
v -0.191471 1.826334 -0.371405
v -0.191239 1.854842 -0.371502
v -0.192195 1.883268 -0.371106
v -0.193801 1.900000 -0.364809
v -0.165000 1.900000 -0.255000
v -0.165000 1.900000 -0.285000
v -0.165000 1.900000 -0.315000
v -0.164797 1.900000 -0.344518
v -0.162663 1.800000 -0.373243
v -0.171333 1.826375 -0.379747
v -0.171473 1.854883 -0.379689
v -0.171464 1.882939 -0.379693
v -0.164566 1.900000 -0.373690
v -0.154071 1.808388 -0.386897
v -0.156363 1.826111 -0.385948
v -0.156571 1.854920 -0.385862
v -0.156085 1.883327 -0.386063
v -0.153702 1.896963 -0.387050
v -0.135000 1.900000 -0.255000
v -0.135000 1.900000 -0.285000
v -0.135000 1.900000 -0.315000
v -0.134863 1.900000 -0.344845
v -0.128336 1.800000 -0.365842
v -0.134599 1.900000 -0.373968
v -0.134278 1.802043 -0.395096
v -0.132147 1.826221 -0.395979
v -0.132011 1.854828 -0.396035
v -0.132826 1.883438 -0.395697
v -0.134121 1.900000 -0.392367
v -0.105000 1.900000 -0.255000
v -0.105000 1.900000 -0.285000
v -0.105000 1.900000 -0.315000
v -0.104991 1.900000 -0.344991
v -0.106594 1.799708 -0.363638
v -0.104924 1.900000 -0.374169
v -0.101836 1.800000 -0.389137
v -0.103163 1.826199 -0.406418
v -0.103122 1.854799 -0.406424
v -0.103771 1.883441 -0.406338
v -0.104417 1.900000 -0.396488
v -0.075000 1.900000 -0.255000
v -0.075000 1.900000 -0.285000
v -0.075000 1.900000 -0.315000
v -0.075000 1.900000 -0.345000
v -0.074894 1.900000 -0.374334
v -0.072692 1.800000 -0.407207
v -0.077580 1.826131 -0.409786
v -0.077875 1.854863 -0.409748
v -0.077280 1.882910 -0.409826
v -0.073015 1.900000 -0.404365
v -0.061312 1.811588 -0.411928
v -0.062793 1.825603 -0.411733
v -0.063035 1.854970 -0.411701
v -0.062212 1.883887 -0.411810
v -0.060246 1.893877 -0.412068
v -0.045000 1.900000 -0.255000
v -0.045000 1.900000 -0.285000
v -0.045000 1.900000 -0.315000
v -0.045000 1.900000 -0.345000
v -0.044845 1.900000 -0.374589
v -0.043682 1.800000 -0.400437
v -0.044659 1.900000 -0.403874
v -0.044141 1.809685 -0.414189
v -0.043836 1.825502 -0.414229
v -0.043704 1.855000 -0.414246
v -0.043844 1.884461 -0.414228
v -0.043917 1.895247 -0.414218
v -0.015000 1.900000 -0.255000
v -0.015000 1.900000 -0.285000
v -0.015000 1.900000 -0.315000
v -0.015000 1.900000 -0.345000
v -0.014931 1.900000 -0.374812
v -0.014256 1.800000 -0.397472
v -0.014796 1.900000 -0.403830
v -0.014715 1.806441 -0.418063
v -0.014481 1.825745 -0.418093
v -0.014426 1.855000 -0.418101
v -0.014486 1.884180 -0.418093
v -0.014629 1.898426 -0.418074
v 0.015000 1.900000 0.015000
v 0.045000 1.900000 0.015000
v 0.075000 1.900000 0.015000
v 0.105000 1.900000 0.015000
v 0.135000 1.900000 0.015000
v 0.165000 1.900000 0.015000
v 0.195000 1.900000 0.015000
v 0.225000 1.900000 0.015000
v 0.248101 1.465000 0.014422
v 0.248103 1.494989 0.014410
v 0.248114 1.525150 0.014328
v 0.248142 1.556894 0.014112
v 0.248256 1.589837 0.013250
v 0.280508 1.600000 0.014329
v 0.314343 1.600000 0.014877
v 0.344219 1.600000 0.014980
v 0.368639 1.600000 0.014820
v 0.378090 1.617395 0.014511
v 0.378106 1.645319 0.014384
v 0.378102 1.675000 0.014419
v 0.378102 1.705000 0.014419
v 0.378150 1.781343 0.014049
v 0.255000 1.900000 0.015000
v 0.285000 1.900000 0.015000
v 0.315000 1.900000 0.015000
v 0.345000 1.900000 0.015000
v 0.374812 1.900000 0.014931
v 0.397472 1.800000 0.014256
v 0.403830 1.900000 0.014796
v 0.418074 1.898426 0.014629
v 0.102032 1.465000 -0.226020
v 0.102022 1.494982 -0.226024
v 0.102028 1.525194 -0.226022
v 0.143909 1.465000 -0.201997
v 0.143917 1.494992 -0.201991
v 0.143888 1.525084 -0.202013
v 0.130192 1.465000 -0.212523
v 0.130197 1.494984 -0.212518
v 0.130213 1.525107 -0.212506
v 0.159446 1.465000 -0.190075
v 0.159447 1.494999 -0.190074
v 0.159436 1.525053 -0.190083
v 0.201997 1.465000 -0.143909
v 0.201991 1.494992 -0.143917
v 0.202013 1.525084 -0.143888
v 0.190075 1.465000 -0.159446
v 0.190074 1.494999 -0.159447
v 0.190083 1.525053 -0.159436
v 0.176777 1.465000 -0.176777
v 0.176777 1.495000 -0.176777
v 0.176777 1.525036 -0.176777
v 0.226020 1.465000 -0.102032
v 0.226024 1.494982 -0.102022
v 0.226022 1.525194 -0.102028
v 0.212523 1.465000 -0.130192
v 0.212518 1.494984 -0.130197
v 0.212506 1.525107 -0.130213
v 0.103042 1.557448 -0.225602
v 0.105986 1.583778 -0.224382
v 0.143930 1.548072 -0.201981
v 0.132900 1.558690 -0.210445
v 0.126115 1.595559 -0.215651
v 0.156421 1.558784 -0.192396
v 0.160711 1.590971 -0.189104
v 0.143952 1.572572 -0.201964
v 0.155620 1.600000 -0.213722
v 0.201981 1.548072 -0.143930
v 0.192396 1.558784 -0.156421
v 0.189104 1.590971 -0.160711
v 0.176777 1.556808 -0.176777
v 0.184008 1.600000 -0.184008
v 0.193750 1.600000 -0.223662
v 0.225602 1.557448 -0.103042
v 0.224382 1.583778 -0.105986
v 0.210445 1.558690 -0.132900
v 0.215651 1.595559 -0.126115
v 0.201964 1.572572 -0.143952
v 0.213722 1.600000 -0.155620
v 0.223662 1.600000 -0.193750
v 0.224638 1.600000 -0.224638
v 0.015000 1.900000 -0.015000
v 0.015000 1.900000 -0.045000
v 0.015000 1.900000 -0.075000
v 0.015000 1.900000 -0.105000
v 0.015000 1.900000 -0.135000
v 0.015000 1.900000 -0.165000
v 0.015000 1.900000 -0.195000
v 0.015000 1.900000 -0.225000
v 0.045000 1.900000 -0.015000
v 0.045000 1.900000 -0.045000
v 0.045000 1.900000 -0.075000
v 0.045000 1.900000 -0.105000
v 0.045000 1.900000 -0.135000
v 0.045000 1.900000 -0.165000
v 0.045000 1.900000 -0.195000
v 0.045000 1.900000 -0.225000
v 0.075000 1.900000 -0.015000
v 0.075000 1.900000 -0.045000
v 0.075000 1.900000 -0.075000
v 0.075000 1.900000 -0.105000
v 0.075000 1.900000 -0.135000
v 0.075000 1.900000 -0.165000
v 0.075000 1.900000 -0.195000
v 0.075000 1.900000 -0.225000
v 0.105000 1.900000 -0.015000
v 0.105000 1.900000 -0.045000
v 0.105000 1.900000 -0.075000
v 0.105000 1.900000 -0.105000
v 0.105000 1.900000 -0.135000
v 0.105000 1.900000 -0.165000
v 0.105000 1.900000 -0.195000
v 0.105000 1.900000 -0.225000
v 0.135000 1.900000 -0.015000
v 0.135000 1.900000 -0.045000
v 0.135000 1.900000 -0.075000
v 0.135000 1.900000 -0.105000
v 0.135000 1.900000 -0.135000
v 0.135000 1.900000 -0.165000
v 0.135000 1.900000 -0.195000
v 0.135000 1.900000 -0.225000
v 0.165000 1.900000 -0.015000
v 0.165000 1.900000 -0.045000
v 0.165000 1.900000 -0.075000
v 0.165000 1.900000 -0.105000
v 0.165000 1.900000 -0.135000
v 0.165000 1.900000 -0.165000
v 0.165000 1.900000 -0.195000
v 0.165000 1.900000 -0.225000
v 0.195000 1.900000 -0.015000
v 0.195000 1.900000 -0.045000
v 0.195000 1.900000 -0.075000
v 0.195000 1.900000 -0.105000
v 0.195000 1.900000 -0.135000
v 0.195000 1.900000 -0.165000
v 0.195000 1.900000 -0.195000
v 0.195000 1.900000 -0.225000
v 0.225000 1.900000 -0.015000
v 0.225000 1.900000 -0.045000
v 0.225000 1.900000 -0.075000
v 0.225000 1.900000 -0.105000
v 0.225000 1.900000 -0.135000
v 0.225000 1.900000 -0.165000
v 0.225000 1.900000 -0.195000
v 0.225000 1.900000 -0.225000
v 0.014422 1.465000 -0.248101
v 0.014410 1.494989 -0.248103
v 0.014328 1.525150 -0.248114
v 0.043382 1.465000 -0.244289
v 0.043371 1.494966 -0.244290
v 0.043374 1.525036 -0.244290
v 0.072688 1.465000 -0.238175
v 0.072705 1.494970 -0.238168
v 0.072887 1.525061 -0.238092
v 0.087624 1.465000 -0.231988
v 0.087632 1.494983 -0.231985
v 0.087701 1.525190 -0.231956
v 0.014112 1.556894 -0.248142
v 0.013250 1.589837 -0.248256
v 0.014329 1.600000 -0.280508
v 0.014877 1.600000 -0.314343
v 0.014980 1.600000 -0.344219
v 0.014820 1.600000 -0.368639
v 0.014511 1.617395 -0.378090
v 0.014384 1.645319 -0.378106
v 0.014419 1.675000 -0.378102
v 0.014419 1.705000 -0.378102
v 0.014478 1.735479 -0.378094
v 0.014458 1.756282 -0.378097
v 0.014049 1.781343 -0.378150
v 0.043470 1.556668 -0.244277
v 0.041896 1.594825 -0.244484
v 0.044265 1.600000 -0.282191
v 0.044826 1.600000 -0.314635
v 0.044966 1.600000 -0.344159
v 0.044696 1.600000 -0.365567
v 0.044237 1.616967 -0.374176
v 0.043803 1.645384 -0.374233
v 0.043831 1.675000 -0.374229
v 0.043831 1.705000 -0.374229
v 0.043944 1.735749 -0.374215
v 0.043678 1.760373 -0.374250
v 0.042578 1.786572 -0.374394
v 0.073057 1.557058 -0.238022
v 0.071802 1.600000 -0.240584
v 0.074669 1.600000 -0.283044
v 0.074917 1.600000 -0.314863
v 0.074935 1.600000 -0.344071
v 0.074659 1.600000 -0.363404
v 0.074148 1.616686 -0.370238
v 0.073494 1.645350 -0.370324
v 0.073432 1.675000 -0.370332
v 0.073432 1.705000 -0.370332
v 0.073533 1.736053 -0.370319
v 0.072529 1.764377 -0.370451
v 0.070049 1.791103 -0.370778
v 0.089151 1.557901 -0.231356
v 0.098469 1.600000 -0.239499
v 0.104601 1.600000 -0.283658
v 0.104837 1.600000 -0.314803
v 0.104606 1.600000 -0.343918
v 0.104284 1.600000 -0.361311
v 0.103597 1.616152 -0.364879
v 0.102976 1.645158 -0.365136
v 0.102893 1.675000 -0.365170
v 0.102893 1.705000 -0.365170
v 0.102887 1.736003 -0.365173
v 0.100574 1.773368 -0.366131
v 0.087292 1.794281 -0.368508
v 0.133112 1.600000 -0.251754
v 0.134607 1.600000 -0.284367
v 0.134795 1.600000 -0.314499
v 0.134337 1.600000 -0.343532
v 0.140900 1.617015 -0.349428
v 0.140907 1.645146 -0.349425
v 0.141003 1.675000 -0.349385
v 0.141003 1.705000 -0.349385
v 0.140875 1.735791 -0.349438
v 0.142187 1.755992 -0.348895
v 0.123367 1.603110 -0.356690
v 0.125682 1.616582 -0.355731
v 0.126199 1.645085 -0.355517
v 0.126227 1.675000 -0.355505
v 0.126227 1.705001 -0.355505
v 0.125965 1.736036 -0.355614
v 0.129835 1.771105 -0.354011
v 0.164177 1.600000 -0.253872
v 0.164745 1.600000 -0.284740
v 0.164563 1.600000 -0.314097
v 0.163854 1.600000 -0.334551
v 0.162281 1.616739 -0.340571
v 0.161332 1.645189 -0.340964
v 0.161319 1.675000 -0.340970
v 0.161319 1.705000 -0.340970
v 0.161525 1.735933 -0.340885
v 0.159711 1.764464 -0.341636
v 0.156078 1.789134 -0.343141
v 0.194631 1.600000 -0.254606
v 0.194581 1.600000 -0.284466
v 0.194346 1.600000 -0.313708
v 0.201485 1.616929 -0.320277
v 0.201460 1.645134 -0.320296
v 0.201472 1.675000 -0.320287
v 0.201472 1.705000 -0.320287
v 0.201378 1.735843 -0.320359
v 0.201705 1.755646 -0.320108
v 0.185355 1.600000 -0.330958
v 0.187455 1.616477 -0.330144
v 0.187830 1.645124 -0.329988
v 0.187824 1.675000 -0.329991
v 0.187824 1.705000 -0.329991
v 0.187657 1.735857 -0.330060
v 0.186371 1.773875 -0.330593
v 0.170515 1.797065 -0.337161
v 0.224751 1.600000 -0.254649
v 0.224340 1.600000 -0.284006
v 0.223618 1.600441 -0.303294
v 0.220582 1.616570 -0.305624
v 0.219593 1.645105 -0.306382
v 0.219547 1.675000 -0.306417
v 0.219547 1.705000 -0.306417
v 0.219760 1.736022 -0.306254
v 0.216899 1.770334 -0.308449
v 0.203817 1.785919 -0.318488
v 0.015000 1.900000 -0.255000
v 0.015000 1.900000 -0.285000
v 0.015000 1.900000 -0.315000
v 0.015000 1.900000 -0.345000
v 0.014931 1.900000 -0.374812
v 0.014256 1.800000 -0.397472
v 0.014796 1.900000 -0.403830
v 0.014715 1.806441 -0.418063
v 0.014481 1.825745 -0.418093
v 0.014426 1.855000 -0.418101
v 0.014486 1.884180 -0.418093
v 0.014629 1.898426 -0.418074
v 0.045000 1.900000 -0.255000
v 0.045000 1.900000 -0.285000
v 0.045000 1.900000 -0.315000
v 0.045000 1.900000 -0.345000
v 0.044845 1.900000 -0.374589
v 0.043682 1.800000 -0.400437
v 0.044659 1.900000 -0.403874
v 0.044141 1.809685 -0.414189
v 0.043836 1.825502 -0.414229
v 0.043704 1.855000 -0.414246
v 0.043844 1.884461 -0.414228
v 0.043917 1.895247 -0.414218
v 0.075000 1.900000 -0.255000
v 0.075000 1.900000 -0.285000
v 0.075000 1.900000 -0.315000
v 0.075000 1.900000 -0.345000
v 0.074894 1.900000 -0.374334
v 0.072692 1.800000 -0.407207
v 0.077580 1.826131 -0.409786
v 0.077875 1.854863 -0.409748
v 0.077280 1.882910 -0.409826
v 0.073015 1.900000 -0.404365
v 0.061312 1.811588 -0.411928
v 0.062793 1.825603 -0.411733
v 0.063035 1.854970 -0.411701
v 0.062212 1.883887 -0.411810
v 0.060246 1.893877 -0.412068
v 0.105000 1.900000 -0.255000
v 0.105000 1.900000 -0.285000
v 0.105000 1.900000 -0.315000
v 0.104991 1.900000 -0.344991
v 0.106594 1.799708 -0.363638
v 0.104924 1.900000 -0.374169
v 0.101836 1.800000 -0.389137
v 0.103163 1.826199 -0.406418
v 0.103122 1.854799 -0.406424
v 0.103771 1.883441 -0.406338
v 0.104417 1.900000 -0.396488
v 0.135000 1.900000 -0.255000
v 0.135000 1.900000 -0.285000
v 0.135000 1.900000 -0.315000
v 0.134863 1.900000 -0.344845
v 0.128336 1.800000 -0.365842
v 0.134599 1.900000 -0.373968
v 0.134278 1.802043 -0.395096
v 0.132147 1.826221 -0.395979
v 0.132011 1.854828 -0.396035
v 0.132826 1.883438 -0.395697
v 0.134121 1.900000 -0.392367
v 0.165000 1.900000 -0.255000
v 0.165000 1.900000 -0.285000
v 0.165000 1.900000 -0.315000
v 0.164797 1.900000 -0.344518
v 0.162663 1.800000 -0.373243
v 0.171333 1.826375 -0.379747
v 0.171473 1.854883 -0.379689
v 0.171464 1.882939 -0.379693
v 0.164566 1.900000 -0.373690
v 0.154071 1.808388 -0.386897
v 0.156363 1.826111 -0.385948
v 0.156571 1.854920 -0.385862
v 0.156085 1.883327 -0.386063
v 0.153702 1.896963 -0.387050
v 0.195000 1.900000 -0.255000
v 0.195000 1.900000 -0.285000
v 0.194868 1.900000 -0.314868
v 0.190730 1.800000 -0.336861
v 0.194544 1.900000 -0.344101
v 0.188830 1.800000 -0.359316
v 0.191471 1.826334 -0.371405
v 0.191239 1.854842 -0.371502
v 0.192195 1.883268 -0.371106
v 0.193801 1.900000 -0.364809
v 0.225000 1.900000 -0.255000
v 0.224876 1.900000 -0.284876
v 0.221222 1.800000 -0.305818
v 0.224475 1.900000 -0.314438
v 0.219809 1.800000 -0.337382
v 0.229377 1.826436 -0.348862
v 0.229473 1.854846 -0.348789
v 0.229516 1.883127 -0.348756
v 0.223488 1.900000 -0.343032
v 0.214111 1.806332 -0.360576
v 0.215401 1.826218 -0.359586
v 0.215516 1.854865 -0.359498
v 0.215208 1.883425 -0.359735
v 0.213923 1.899630 -0.360720
v 0.248101 1.465000 -0.014422
v 0.248103 1.494989 -0.014410
v 0.248114 1.525150 -0.014328
v 0.244289 1.465000 -0.043382
v 0.244290 1.494966 -0.043371
v 0.244290 1.525036 -0.043374
v 0.238175 1.465000 -0.072688
v 0.238168 1.494970 -0.072705
v 0.238092 1.525061 -0.072887
v 0.231988 1.465000 -0.087624
v 0.231985 1.494983 -0.087632
v 0.231956 1.525190 -0.087701
v 0.248142 1.556894 -0.014112
v 0.248256 1.589837 -0.013250
v 0.244277 1.556668 -0.043470
v 0.244484 1.594825 -0.041896
v 0.238022 1.557058 -0.073057
v 0.240584 1.600000 -0.071802
v 0.231356 1.557901 -0.089151
v 0.239499 1.600000 -0.098469
v 0.251754 1.600000 -0.133112
v 0.253872 1.600000 -0.164177
v 0.254606 1.600000 -0.194631
v 0.254649 1.600000 -0.224751
v 0.280508 1.600000 -0.014329
v 0.282191 1.600000 -0.044265
v 0.283044 1.600000 -0.074669
v 0.283658 1.600000 -0.104601
v 0.284367 1.600000 -0.134607
v 0.284740 1.600000 -0.164745
v 0.284466 1.600000 -0.194581
v 0.284006 1.600000 -0.224340
v 0.314343 1.600000 -0.014877
v 0.314635 1.600000 -0.044826
v 0.314863 1.600000 -0.074917
v 0.314803 1.600000 -0.104837
v 0.314499 1.600000 -0.134795
v 0.314097 1.600000 -0.164563
v 0.313708 1.600000 -0.194346
v 0.320277 1.616929 -0.201485
v 0.320296 1.645134 -0.201460
v 0.320287 1.675000 -0.201472
v 0.320287 1.705000 -0.201472
v 0.320359 1.735843 -0.201378
v 0.320108 1.755646 -0.201705
v 0.303294 1.600441 -0.223618
v 0.305624 1.616570 -0.220582
v 0.306382 1.645105 -0.219593
v 0.306417 1.675000 -0.219547
v 0.306417 1.705000 -0.219547
v 0.306254 1.736022 -0.219760
v 0.308449 1.770334 -0.216899
v 0.344219 1.600000 -0.014980
v 0.344159 1.600000 -0.044966
v 0.344071 1.600000 -0.074935
v 0.343918 1.600000 -0.104606
v 0.343532 1.600000 -0.134337
v 0.349428 1.617015 -0.140900
v 0.349425 1.645146 -0.140907
v 0.349385 1.675000 -0.141003
v 0.349385 1.705000 -0.141003
v 0.349438 1.735791 -0.140875
v 0.348895 1.755992 -0.142187
v 0.334551 1.600000 -0.163854
v 0.340571 1.616739 -0.162281
v 0.340964 1.645189 -0.161332
v 0.340970 1.675000 -0.161319
v 0.340970 1.705000 -0.161319
v 0.340885 1.735933 -0.161525
v 0.341636 1.764464 -0.159711
v 0.330958 1.600000 -0.185355
v 0.330144 1.616477 -0.187455
v 0.329988 1.645124 -0.187830
v 0.329991 1.675000 -0.187824
v 0.329991 1.705000 -0.187824
v 0.330060 1.735857 -0.187657
v 0.330593 1.773875 -0.186371
v 0.318488 1.785920 -0.203817
v 0.368639 1.600000 -0.014820
v 0.378090 1.617395 -0.014511
v 0.378106 1.645319 -0.014384
v 0.378102 1.675000 -0.014419
v 0.378102 1.705000 -0.014419
v 0.378094 1.735479 -0.014478
v 0.378097 1.756282 -0.014458
v 0.365567 1.600000 -0.044696
v 0.374176 1.616967 -0.044237
v 0.374233 1.645384 -0.043803
v 0.374229 1.675000 -0.043831
v 0.374229 1.705000 -0.043831
v 0.374215 1.735749 -0.043944
v 0.374250 1.760373 -0.043678
v 0.363404 1.600000 -0.074659
v 0.370238 1.616686 -0.074148
v 0.370324 1.645350 -0.073494
v 0.370332 1.675000 -0.073432
v 0.370332 1.705000 -0.073432
v 0.370319 1.736053 -0.073533
v 0.370451 1.764377 -0.072529
v 0.361311 1.600000 -0.104284
v 0.364879 1.616152 -0.103597
v 0.365136 1.645158 -0.102976
v 0.365170 1.675000 -0.102893
v 0.365170 1.705000 -0.102893
v 0.365173 1.736003 -0.102887
v 0.366131 1.773368 -0.100574
v 0.356690 1.603110 -0.123367
v 0.355731 1.616582 -0.125682
v 0.355517 1.645085 -0.126199
v 0.355505 1.675000 -0.126227
v 0.355505 1.705001 -0.126227
v 0.355614 1.736036 -0.125965
v 0.354011 1.771105 -0.129835
v 0.343141 1.789134 -0.156078
v 0.337161 1.797065 -0.170514
v 0.378150 1.781343 -0.014049
v 0.374394 1.786572 -0.042578
v 0.370778 1.791103 -0.070049
v 0.368508 1.794281 -0.087292
v 0.255000 1.900000 -0.015000
v 0.255000 1.900000 -0.045000
v 0.255000 1.900000 -0.075000
v 0.255000 1.900000 -0.105000
v 0.255000 1.900000 -0.135000
v 0.255000 1.900000 -0.165000
v 0.255000 1.900000 -0.195000
v 0.255000 1.900000 -0.225000
v 0.285000 1.900000 -0.015000
v 0.285000 1.900000 -0.045000
v 0.285000 1.900000 -0.075000
v 0.285000 1.900000 -0.105000
v 0.285000 1.900000 -0.135000
v 0.285000 1.900000 -0.165000
v 0.285000 1.900000 -0.195000
v 0.284876 1.900000 -0.224876
v 0.315000 1.900000 -0.015000
v 0.315000 1.900000 -0.045000
v 0.315000 1.900000 -0.075000
v 0.315000 1.900000 -0.105000
v 0.315000 1.900000 -0.135000
v 0.315000 1.900000 -0.165000
v 0.314868 1.900000 -0.194868
v 0.305818 1.800000 -0.221222
v 0.314438 1.900000 -0.224475
v 0.345000 1.900000 -0.015000
v 0.345000 1.900000 -0.045000
v 0.345000 1.900000 -0.075000
v 0.344991 1.900000 -0.104991
v 0.344845 1.900000 -0.134863
v 0.344518 1.900000 -0.164797
v 0.336861 1.800000 -0.190730
v 0.344101 1.900000 -0.194544
v 0.337382 1.800000 -0.219809
v 0.348862 1.826436 -0.229377
v 0.348789 1.854846 -0.229473
v 0.348756 1.883127 -0.229516
v 0.343032 1.900000 -0.223488
v 0.374812 1.900000 -0.014931
v 0.374589 1.900000 -0.044845
v 0.374334 1.900000 -0.074894
v 0.363638 1.799708 -0.106594
v 0.374169 1.900000 -0.104924
v 0.365842 1.800000 -0.128337
v 0.373968 1.900000 -0.134599
v 0.373243 1.800000 -0.162663
v 0.379747 1.826375 -0.171333
v 0.379689 1.854883 -0.171473
v 0.379693 1.882939 -0.171464
v 0.373690 1.900000 -0.164566
v 0.359316 1.800000 -0.188830
v 0.371405 1.826334 -0.191471
v 0.371502 1.854842 -0.191239
v 0.371106 1.883268 -0.192195
v 0.364809 1.900000 -0.193801
v 0.360576 1.806332 -0.214111
v 0.359586 1.826218 -0.215401
v 0.359498 1.854865 -0.215516
v 0.359735 1.883425 -0.215208
v 0.360720 1.899630 -0.213923
v 0.397472 1.800000 -0.014256
v 0.403830 1.900000 -0.014796
v 0.400437 1.800000 -0.043682
v 0.403874 1.900000 -0.044659
v 0.407207 1.800000 -0.072692
v 0.409786 1.826131 -0.077580
v 0.409748 1.854863 -0.077875
v 0.409826 1.882910 -0.077280
v 0.404365 1.900000 -0.073015
v 0.389137 1.800000 -0.101836
v 0.406418 1.826199 -0.103163
v 0.406424 1.854799 -0.103122
v 0.406338 1.883441 -0.103771
v 0.396488 1.900000 -0.104417
v 0.395096 1.802043 -0.134278
v 0.395979 1.826221 -0.132147
v 0.396035 1.854828 -0.132011
v 0.395697 1.883438 -0.132826
v 0.392367 1.900000 -0.134121
v 0.386897 1.808388 -0.154071
v 0.385948 1.826111 -0.156363
v 0.385862 1.854920 -0.156571
v 0.386063 1.883327 -0.156085
v 0.387050 1.896963 -0.153702
v 0.418063 1.806441 -0.014715
v 0.418093 1.825745 -0.014481
v 0.418101 1.855000 -0.014426
v 0.418093 1.884180 -0.014486
v 0.418074 1.898426 -0.014629
v 0.414189 1.809685 -0.044141
v 0.414229 1.825502 -0.043836
v 0.414246 1.855000 -0.043704
v 0.414228 1.884461 -0.043844
v 0.414218 1.895247 -0.043917
v 0.411928 1.811588 -0.061312
v 0.411733 1.825603 -0.062793
v 0.411701 1.854970 -0.063035
v 0.411810 1.883887 -0.062212
v 0.412068 1.893877 -0.060246
v 0.254210 1.600000 -0.254210
v 0.250602 1.600000 -0.281413
v 0.250639 1.616016 -0.282560
v 0.250736 1.645000 -0.282486
v 0.250736 1.675000 -0.282486
v 0.250736 1.705000 -0.282485
v 0.250716 1.736258 -0.282501
v 0.251768 1.764670 -0.281694
v 0.235878 1.605629 -0.293886
v 0.235910 1.615948 -0.293862
v 0.235870 1.645031 -0.293892
v 0.235834 1.675000 -0.293920
v 0.235834 1.705000 -0.293920
v 0.235829 1.736231 -0.293924
v 0.241269 1.776670 -0.289750
v 0.281413 1.600000 -0.250602
v 0.282560 1.616016 -0.250639
v 0.282486 1.645000 -0.250736
v 0.282486 1.675000 -0.250736
v 0.282485 1.705000 -0.250736
v 0.282501 1.736258 -0.250716
v 0.281694 1.764670 -0.251768
v 0.268701 1.602746 -0.268701
v 0.268701 1.616007 -0.268701
v 0.268701 1.645000 -0.268701
v 0.268701 1.675000 -0.268701
v 0.268701 1.705001 -0.268701
v 0.268701 1.736167 -0.268701
v 0.268701 1.779190 -0.268701
v 0.254649 1.797675 -0.279482
v 0.293886 1.605629 -0.235878
v 0.293862 1.615948 -0.235910
v 0.293892 1.645031 -0.235870
v 0.293920 1.675000 -0.235834
v 0.293920 1.705000 -0.235834
v 0.293924 1.736231 -0.235829
v 0.289750 1.776670 -0.241269
v 0.279482 1.797675 -0.254649
v 0.254967 1.900000 -0.254967
v 0.254692 1.900000 -0.284536
v 0.250818 1.800000 -0.312997
v 0.263851 1.826550 -0.322410
v 0.263924 1.854922 -0.322353
v 0.263921 1.882544 -0.322355
v 0.255851 1.900000 -0.315368
v 0.247624 1.803994 -0.334860
v 0.248827 1.826516 -0.333938
v 0.248924 1.854862 -0.333863
v 0.249143 1.882845 -0.333695
v 0.247508 1.900000 -0.333835
v 0.284536 1.900000 -0.254692
v 0.278925 1.800000 -0.278925
v 0.284177 1.900000 -0.284177
v 0.278598 1.800000 -0.302013
v 0.279767 1.826305 -0.310197
v 0.279460 1.854967 -0.310432
v 0.280158 1.883118 -0.309896
v 0.283490 1.900000 -0.305841
v 0.312997 1.800000 -0.250818
v 0.322410 1.826550 -0.263851
v 0.322353 1.854922 -0.263924
v 0.322355 1.882544 -0.263921
v 0.315368 1.900000 -0.255851
v 0.302013 1.800000 -0.278597
v 0.310197 1.826305 -0.279767
v 0.310432 1.854967 -0.279460
v 0.309896 1.883118 -0.280158
v 0.305841 1.900000 -0.283490
v 0.296985 1.809667 -0.296985
v 0.296985 1.825971 -0.296985
v 0.296985 1.854983 -0.296985
v 0.296985 1.883920 -0.296985
v 0.296985 1.896180 -0.296985
v 0.334860 1.803994 -0.247624
v 0.333938 1.826516 -0.248827
v 0.333863 1.854862 -0.248924
v 0.333695 1.882845 -0.249143
v 0.333835 1.900000 -0.247508
v -0.279482 1.797675 0.254649
v -0.293886 1.605629 0.235878
v -0.293862 1.615948 0.235910
v -0.293892 1.645031 0.235870
v -0.293920 1.675000 0.235834
v -0.293920 1.705000 0.235834
v -0.293924 1.736231 0.235829
v -0.289750 1.776670 0.241269
v -0.254649 1.797675 0.279482
v -0.268701 1.602746 0.268701
v -0.268701 1.616007 0.268701
v -0.268701 1.645000 0.268701
v -0.268701 1.675000 0.268701
v -0.268701 1.705001 0.268701
v -0.268701 1.736167 0.268701
v -0.268701 1.779190 0.268701
v -0.281413 1.600000 0.250602
v -0.282560 1.616016 0.250639
v -0.282486 1.645000 0.250736
v -0.282486 1.675000 0.250736
v -0.282485 1.705000 0.250736
v -0.282501 1.736258 0.250716
v -0.281694 1.764670 0.251768
v -0.235878 1.605629 0.293886
v -0.235910 1.615948 0.293862
v -0.235870 1.645031 0.293892
v -0.235834 1.675000 0.293920
v -0.235834 1.705000 0.293920
v -0.235829 1.736231 0.293924
v -0.241269 1.776670 0.289750
v -0.250602 1.600000 0.281413
v -0.250639 1.616016 0.282560
v -0.250736 1.645000 0.282486
v -0.250736 1.675000 0.282486
v -0.250736 1.705000 0.282485
v -0.250716 1.736258 0.282501
v -0.251768 1.764670 0.281694
v -0.254210 1.600000 0.254210
v -0.334860 1.803994 0.247624
v -0.333938 1.826516 0.248827
v -0.333863 1.854862 0.248924
v -0.333695 1.882845 0.249143
v -0.333835 1.900000 0.247508
v -0.296985 1.809667 0.296985
v -0.296985 1.825971 0.296985
v -0.296985 1.854983 0.296985
v -0.296985 1.883920 0.296985
v -0.296985 1.896180 0.296985
v -0.302013 1.800000 0.278597
v -0.310197 1.826305 0.279767
v -0.310432 1.854967 0.279460
v -0.309896 1.883118 0.280158
v -0.305841 1.900000 0.283490
v -0.312997 1.800000 0.250818
v -0.322410 1.826550 0.263851
v -0.322353 1.854922 0.263924
v -0.322355 1.882544 0.263921
v -0.315368 1.900000 0.255851
v -0.278597 1.800000 0.302013
v -0.279767 1.826305 0.310197
v -0.279460 1.854967 0.310432
v -0.280158 1.883118 0.309896
v -0.283490 1.900000 0.305841
v -0.278925 1.800000 0.278925
v -0.284177 1.900000 0.284177
v -0.284536 1.900000 0.254692
v -0.247624 1.803994 0.334860
v -0.248827 1.826516 0.333938
v -0.248924 1.854862 0.333863
v -0.249143 1.882845 0.333695
v -0.247508 1.900000 0.333835
v -0.250818 1.800000 0.312997
v -0.263851 1.826550 0.322410
v -0.263924 1.854922 0.322353
v -0.263921 1.882544 0.322355
v -0.255851 1.900000 0.315368
v -0.254692 1.900000 0.284536
v -0.254967 1.900000 0.254967
v -0.231988 1.465000 0.087624
v -0.231985 1.494983 0.087632
v -0.231956 1.525190 0.087701
v -0.238175 1.465000 0.072688
v -0.238168 1.494970 0.072705
v -0.238092 1.525061 0.072887
v -0.244289 1.465000 0.043382
v -0.244290 1.494966 0.043371
v -0.244290 1.525036 0.043374
v -0.368508 1.794281 0.087292
v -0.370778 1.791103 0.070049
v -0.374394 1.786572 0.042578
v -0.337161 1.797065 0.170514
v -0.343141 1.789134 0.156078
v -0.356690 1.603110 0.123367
v -0.355731 1.616582 0.125682
v -0.355517 1.645085 0.126199
v -0.355505 1.675000 0.126227
v -0.355505 1.705001 0.126227
v -0.355614 1.736036 0.125965
v -0.354011 1.771105 0.129835
v -0.361311 1.600000 0.104284
v -0.364879 1.616152 0.103597
v -0.365136 1.645158 0.102976
v -0.365170 1.675000 0.102893
v -0.365170 1.705000 0.102893
v -0.365173 1.736003 0.102887
v -0.366131 1.773368 0.100574
v -0.363404 1.600000 0.074659
v -0.370238 1.616686 0.074148
v -0.370324 1.645350 0.073494
v -0.370332 1.675000 0.073432
v -0.370332 1.705000 0.073432
v -0.370319 1.736053 0.073533
v -0.370451 1.764377 0.072529
v -0.365567 1.600000 0.044696
v -0.374176 1.616967 0.044237
v -0.374233 1.645384 0.043803
v -0.374229 1.675000 0.043831
v -0.374229 1.705000 0.043831
v -0.374215 1.735749 0.043944
v -0.374250 1.760373 0.043678
v -0.378094 1.735479 0.014478
v -0.378097 1.756282 0.014458
v -0.318488 1.785920 0.203817
v -0.330958 1.600000 0.185355
v -0.330144 1.616477 0.187455
v -0.329988 1.645124 0.187830
v -0.329991 1.675000 0.187824
v -0.329991 1.705000 0.187824
v -0.330060 1.735857 0.187657
v -0.330593 1.773875 0.186371
v -0.334551 1.600000 0.163854
v -0.340571 1.616739 0.162281
v -0.340964 1.645189 0.161332
v -0.340970 1.675000 0.161319
v -0.340970 1.705000 0.161319
v -0.340885 1.735933 0.161525
v -0.341636 1.764464 0.159711
v -0.343532 1.600000 0.134337
v -0.349428 1.617015 0.140900
v -0.349425 1.645146 0.140907
v -0.349385 1.675000 0.141003
v -0.349385 1.705000 0.141003
v -0.349438 1.735791 0.140875
v -0.348895 1.755992 0.142187
v -0.343918 1.600000 0.104606
v -0.344071 1.600000 0.074935
v -0.344159 1.600000 0.044966
v -0.303294 1.600441 0.223618
v -0.305624 1.616570 0.220582
v -0.306382 1.645105 0.219593
v -0.306417 1.675000 0.219547
v -0.306417 1.705000 0.219547
v -0.306254 1.736022 0.219760
v -0.308449 1.770334 0.216899
v -0.313708 1.600000 0.194346
v -0.320277 1.616929 0.201485
v -0.320296 1.645134 0.201460
v -0.320287 1.675000 0.201472
v -0.320287 1.705000 0.201472
v -0.320359 1.735843 0.201378
v -0.320108 1.755646 0.201705
v -0.314097 1.600000 0.164563
v -0.314499 1.600000 0.134795
v -0.314803 1.600000 0.104837
v -0.314863 1.600000 0.074917
v -0.314635 1.600000 0.044826
v -0.284006 1.600000 0.224340
v -0.284466 1.600000 0.194581
v -0.284740 1.600000 0.164745
v -0.284367 1.600000 0.134607
v -0.283658 1.600000 0.104601
v -0.283044 1.600000 0.074669
v -0.282191 1.600000 0.044265
v -0.254649 1.600000 0.224751
v -0.254606 1.600000 0.194631
v -0.253872 1.600000 0.164177
v -0.251754 1.600000 0.133112
v -0.231356 1.557901 0.089151
v -0.239499 1.600000 0.098469
v -0.238022 1.557058 0.073057
v -0.240584 1.600000 0.071802
v -0.244277 1.556668 0.043470
v -0.244484 1.594825 0.041896
v -0.411928 1.811588 0.061312
v -0.411733 1.825603 0.062793
v -0.411701 1.854970 0.063035
v -0.411810 1.883887 0.062212
v -0.412068 1.893877 0.060246
v -0.414189 1.809685 0.044141
v -0.414229 1.825502 0.043836
v -0.414246 1.855000 0.043704
v -0.414228 1.884461 0.043844
v -0.414218 1.895247 0.043917
v -0.418063 1.806441 0.014715
v -0.418093 1.825745 0.014481
v -0.418101 1.855000 0.014426
v -0.418093 1.884180 0.014486
v -0.386897 1.808388 0.154071
v -0.385948 1.826111 0.156363
v -0.385862 1.854920 0.156571
v -0.386063 1.883327 0.156085
v -0.387050 1.896963 0.153702
v -0.395096 1.802043 0.134278
v -0.395979 1.826221 0.132147
v -0.396035 1.854828 0.132011
v -0.395697 1.883438 0.132826
v -0.392367 1.900000 0.134121
v -0.389137 1.800000 0.101836
v -0.406418 1.826199 0.103163
v -0.406424 1.854799 0.103122
v -0.406338 1.883441 0.103771
v -0.396488 1.900000 0.104417
v -0.407207 1.800000 0.072692
v -0.409786 1.826131 0.077580
v -0.409748 1.854863 0.077875
v -0.409826 1.882910 0.077280
v -0.404365 1.900000 0.073015
v -0.400437 1.800000 0.043682
v -0.403874 1.900000 0.044659
v -0.360576 1.806332 0.214111
v -0.359586 1.826218 0.215401
v -0.359498 1.854865 0.215516
v -0.359735 1.883425 0.215208
v -0.360720 1.899630 0.213923
v -0.359316 1.800000 0.188830
v -0.371405 1.826334 0.191471
v -0.371502 1.854842 0.191239
v -0.371106 1.883268 0.192195
v -0.364809 1.900000 0.193801
v -0.373243 1.800000 0.162663
v -0.379747 1.826375 0.171333
v -0.379689 1.854883 0.171473
v -0.379693 1.882939 0.171464
v -0.373690 1.900000 0.164566
v -0.365842 1.800000 0.128337
v -0.373968 1.900000 0.134599
v -0.363638 1.799708 0.106594
v -0.374169 1.900000 0.104924
v -0.374334 1.900000 0.074894
v -0.374589 1.900000 0.044845
v -0.337382 1.800000 0.219809
v -0.348862 1.826436 0.229377
v -0.348789 1.854846 0.229473
v -0.348756 1.883127 0.229516
v -0.343032 1.900000 0.223488
v -0.336861 1.800000 0.190730
v -0.344101 1.900000 0.194544
v -0.344518 1.900000 0.164797
v -0.344845 1.900000 0.134863
v -0.344991 1.900000 0.104991
v -0.345000 1.900000 0.075000
v -0.345000 1.900000 0.045000
v -0.305818 1.800000 0.221222
v -0.314438 1.900000 0.224475
v -0.314868 1.900000 0.194868
v -0.315000 1.900000 0.165000
v -0.315000 1.900000 0.135000
v -0.315000 1.900000 0.105000
v -0.315000 1.900000 0.075000
v -0.315000 1.900000 0.045000
v -0.284876 1.900000 0.224876
v -0.285000 1.900000 0.195000
v -0.285000 1.900000 0.165000
v -0.285000 1.900000 0.135000
v -0.285000 1.900000 0.105000
v -0.285000 1.900000 0.075000
v -0.285000 1.900000 0.045000
v -0.255000 1.900000 0.225000
v -0.255000 1.900000 0.195000
v -0.255000 1.900000 0.165000
v -0.255000 1.900000 0.135000
v -0.255000 1.900000 0.105000
v -0.255000 1.900000 0.075000
v -0.255000 1.900000 0.045000
v -0.087624 1.465000 0.231988
v -0.087632 1.494983 0.231985
v -0.087701 1.525190 0.231956
v -0.072688 1.465000 0.238175
v -0.072705 1.494970 0.238168
v -0.072887 1.525061 0.238092
v -0.043382 1.465000 0.244289
v -0.043371 1.494966 0.244290
v -0.043374 1.525036 0.244290
v -0.014422 1.465000 0.248101
v -0.014410 1.494989 0.248103
v -0.014328 1.525150 0.248114
v -0.203817 1.785919 0.318488
v -0.223618 1.600441 0.303294
v -0.220582 1.616570 0.305624
v -0.219593 1.645105 0.306382
v -0.219547 1.675000 0.306417
v -0.219547 1.705000 0.306417
v -0.219760 1.736022 0.306254
v -0.216899 1.770334 0.308449
v -0.224340 1.600000 0.284006
v -0.224751 1.600000 0.254649
v -0.170515 1.797065 0.337161
v -0.185355 1.600000 0.330958
v -0.187455 1.616477 0.330144
v -0.187830 1.645124 0.329988
v -0.187824 1.675000 0.329991
v -0.187824 1.705000 0.329991
v -0.187657 1.735857 0.330060
v -0.186371 1.773875 0.330593
v -0.194346 1.600000 0.313708
v -0.201485 1.616929 0.320277
v -0.201460 1.645134 0.320296
v -0.201472 1.675000 0.320287
v -0.201472 1.705000 0.320287
v -0.201378 1.735843 0.320359
v -0.201705 1.755646 0.320108
v -0.194581 1.600000 0.284466
v -0.194631 1.600000 0.254606
v -0.156078 1.789134 0.343141
v -0.163854 1.600000 0.334551
v -0.162281 1.616739 0.340571
v -0.161332 1.645189 0.340964
v -0.161319 1.675000 0.340970
v -0.161319 1.705000 0.340970
v -0.161525 1.735933 0.340885
v -0.159711 1.764464 0.341636
v -0.164563 1.600000 0.314097
v -0.164745 1.600000 0.284740
v -0.164177 1.600000 0.253872
v -0.123367 1.603110 0.356690
v -0.125682 1.616582 0.355731
v -0.126199 1.645085 0.355517
v -0.126227 1.675000 0.355505
v -0.126227 1.705001 0.355505
v -0.125965 1.736036 0.355614
v -0.129835 1.771105 0.354011
v -0.134337 1.600000 0.343532
v -0.140900 1.617015 0.349428
v -0.140907 1.645146 0.349425
v -0.141003 1.675000 0.349385
v -0.141003 1.705000 0.349385
v -0.140875 1.735791 0.349438
v -0.142187 1.755992 0.348895
v -0.134795 1.600000 0.314499
v -0.134607 1.600000 0.284367
v -0.133112 1.600000 0.251754
v -0.087292 1.794281 0.368508
v -0.104284 1.600000 0.361311
v -0.103597 1.616152 0.364879
v -0.102976 1.645158 0.365136
v -0.102893 1.675000 0.365170
v -0.102893 1.705000 0.365170
v -0.102887 1.736003 0.365173
v -0.100574 1.773368 0.366131
v -0.104606 1.600000 0.343918
v -0.104837 1.600000 0.314803
v -0.104601 1.600000 0.283658
v -0.089151 1.557901 0.231356
v -0.098469 1.600000 0.239499
v -0.070049 1.791103 0.370778
v -0.074659 1.600000 0.363404
v -0.074148 1.616686 0.370238
v -0.073494 1.645350 0.370324
v -0.073432 1.675000 0.370332
v -0.073432 1.705000 0.370332
v -0.073533 1.736053 0.370319
v -0.072529 1.764377 0.370451
v -0.074935 1.600000 0.344071
v -0.074917 1.600000 0.314863
v -0.074669 1.600000 0.283044
v -0.073057 1.557058 0.238022
v -0.071802 1.600000 0.240584
v -0.042578 1.786572 0.374394
v -0.044696 1.600000 0.365567
v -0.044237 1.616967 0.374176
v -0.043803 1.645384 0.374233
v -0.043831 1.675000 0.374229
v -0.043831 1.705000 0.374229
v -0.043944 1.735749 0.374215
v -0.043678 1.760373 0.374250
v -0.044966 1.600000 0.344159
v -0.044826 1.600000 0.314635
v -0.044265 1.600000 0.282191
v -0.043470 1.556668 0.244277
v -0.041896 1.594825 0.244484
v -0.014049 1.781343 0.378150
v -0.014820 1.600000 0.368639
v -0.014511 1.617395 0.378090
v -0.014384 1.645319 0.378106
v -0.014419 1.675000 0.378102
v -0.014419 1.705000 0.378102
v -0.014478 1.735479 0.378094
v -0.014458 1.756282 0.378097
v -0.014980 1.600000 0.344219
v -0.014877 1.600000 0.314343
v -0.014329 1.600000 0.280508
v -0.014112 1.556894 0.248142
v -0.013250 1.589837 0.248256
v -0.214111 1.806332 0.360576
v -0.215401 1.826218 0.359586
v -0.215516 1.854865 0.359498
v -0.215208 1.883425 0.359735
v -0.213923 1.899630 0.360720
v -0.219809 1.800000 0.337382
v -0.229377 1.826436 0.348862
v -0.229473 1.854846 0.348789
v -0.229516 1.883127 0.348756
v -0.223488 1.900000 0.343032
v -0.221222 1.800000 0.305818
v -0.224475 1.900000 0.314438
v -0.224876 1.900000 0.284876
v -0.225000 1.900000 0.255000
v -0.188830 1.800000 0.359316
v -0.191471 1.826334 0.371405
v -0.191239 1.854842 0.371502
v -0.192195 1.883268 0.371106
v -0.193801 1.900000 0.364809
v -0.190730 1.800000 0.336861
v -0.194544 1.900000 0.344101
v -0.194868 1.900000 0.314868
v -0.195000 1.900000 0.285000
v -0.195000 1.900000 0.255000
v -0.154071 1.808388 0.386897
v -0.156363 1.826111 0.385948
v -0.156571 1.854920 0.385862
v -0.156085 1.883327 0.386063
v -0.153702 1.896963 0.387050
v -0.162663 1.800000 0.373243
v -0.171333 1.826375 0.379747
v -0.171473 1.854883 0.379689
v -0.171464 1.882939 0.379693
v -0.164566 1.900000 0.373690
v -0.164797 1.900000 0.344518
v -0.165000 1.900000 0.315000
v -0.165000 1.900000 0.285000
v -0.165000 1.900000 0.255000
v -0.134278 1.802043 0.395096
v -0.132147 1.826221 0.395979
v -0.132011 1.854828 0.396035
v -0.132826 1.883438 0.395697
v -0.134121 1.900000 0.392367
v -0.128337 1.800000 0.365842
v -0.134599 1.900000 0.373968
v -0.134863 1.900000 0.344845
v -0.135000 1.900000 0.315000
v -0.135000 1.900000 0.285000
v -0.135000 1.900000 0.255000
v -0.101836 1.800000 0.389137
v -0.103163 1.826199 0.406418
v -0.103122 1.854799 0.406424
v -0.103771 1.883441 0.406338
v -0.104417 1.900000 0.396488
v -0.106594 1.799708 0.363638
v -0.104924 1.900000 0.374169
v -0.104991 1.900000 0.344991
v -0.105000 1.900000 0.315000
v -0.105000 1.900000 0.285000
v -0.105000 1.900000 0.255000
v -0.061312 1.811588 0.411928
v -0.062793 1.825603 0.411733
v -0.063035 1.854970 0.411701
v -0.062212 1.883887 0.411810
v -0.060246 1.893877 0.412068
v -0.072692 1.800000 0.407207
v -0.077580 1.826131 0.409786
v -0.077875 1.854863 0.409748
v -0.077280 1.882910 0.409826
v -0.073015 1.900000 0.404365
v -0.074894 1.900000 0.374334
v -0.075000 1.900000 0.345000
v -0.075000 1.900000 0.315000
v -0.075000 1.900000 0.285000
v -0.075000 1.900000 0.255000
v -0.044141 1.809685 0.414189
v -0.043836 1.825502 0.414229
v -0.043704 1.855000 0.414246
v -0.043844 1.884461 0.414228
v -0.043917 1.895247 0.414218
v -0.043682 1.800000 0.400437
v -0.044659 1.900000 0.403874
v -0.044845 1.900000 0.374589
v -0.045000 1.900000 0.345000
v -0.045000 1.900000 0.315000
v -0.045000 1.900000 0.285000
v -0.045000 1.900000 0.255000
v -0.014715 1.806441 0.418063
v -0.014481 1.825745 0.418093
v -0.014426 1.855000 0.418101
v -0.014486 1.884180 0.418093
v -0.014629 1.898426 0.418074
v -0.014256 1.800000 0.397472
v -0.014796 1.900000 0.403830
v -0.014931 1.900000 0.374812
v -0.015000 1.900000 0.345000
v -0.015000 1.900000 0.315000
v -0.015000 1.900000 0.285000
v -0.015000 1.900000 0.255000
v -0.212523 1.465000 0.130192
v -0.212518 1.494984 0.130197
v -0.212506 1.525107 0.130213
v -0.226020 1.465000 0.102032
v -0.226024 1.494982 0.102022
v -0.226022 1.525194 0.102028
v -0.176777 1.465000 0.176777
v -0.176777 1.495000 0.176777
v -0.176777 1.525036 0.176777
v -0.190075 1.465000 0.159446
v -0.190074 1.494999 0.159447
v -0.190083 1.525053 0.159436
v -0.201997 1.465000 0.143909
v -0.201991 1.494992 0.143917
v -0.202013 1.525084 0.143888
v -0.159446 1.465000 0.190075
v -0.159447 1.494999 0.190074
v -0.159436 1.525053 0.190083
v -0.130192 1.465000 0.212523
v -0.130197 1.494984 0.212518
v -0.130213 1.525107 0.212506
v -0.143909 1.465000 0.201997
v -0.143917 1.494992 0.201991
v -0.143888 1.525084 0.202013
v -0.102032 1.465000 0.226020
v -0.102022 1.494982 0.226024
v -0.102028 1.525194 0.226022
v -0.224638 1.600000 0.224638
v -0.223662 1.600000 0.193750
v -0.201964 1.572572 0.143952
v -0.213722 1.600000 0.155620
v -0.210445 1.558690 0.132900
v -0.215651 1.595559 0.126115
v -0.225602 1.557448 0.103042
v -0.224382 1.583778 0.105986
v -0.193750 1.600000 0.223662
v -0.176777 1.556808 0.176777
v -0.184008 1.600000 0.184008
v -0.192396 1.558784 0.156421
v -0.189104 1.590971 0.160711
v -0.201981 1.548072 0.143930
v -0.143952 1.572572 0.201964
v -0.155620 1.600000 0.213722
v -0.156421 1.558784 0.192396
v -0.160711 1.590971 0.189104
v -0.132900 1.558690 0.210445
v -0.126115 1.595559 0.215650
v -0.143930 1.548072 0.201981
v -0.103042 1.557448 0.225602
v -0.105986 1.583778 0.224382
v -0.225000 1.900000 0.225000
v -0.225000 1.900000 0.195000
v -0.225000 1.900000 0.165000
v -0.225000 1.900000 0.135000
v -0.225000 1.900000 0.105000
v -0.225000 1.900000 0.075000
v -0.225000 1.900000 0.045000
v -0.195000 1.900000 0.225000
v -0.195000 1.900000 0.195000
v -0.195000 1.900000 0.165000
v -0.195000 1.900000 0.135000
v -0.195000 1.900000 0.105000
v -0.195000 1.900000 0.075000
v -0.195000 1.900000 0.045000
v -0.165000 1.900000 0.225000
v -0.165000 1.900000 0.195000
v -0.165000 1.900000 0.165000
v -0.165000 1.900000 0.135000
v -0.165000 1.900000 0.105000
v -0.165000 1.900000 0.075000
v -0.165000 1.900000 0.045000
v -0.135000 1.900000 0.225000
v -0.135000 1.900000 0.195000
v -0.135000 1.900000 0.165000
v -0.135000 1.900000 0.135000
v -0.135000 1.900000 0.105000
v -0.135000 1.900000 0.075000
v -0.135000 1.900000 0.045000
v -0.105000 1.900000 0.225000
v -0.105000 1.900000 0.195000
v -0.105000 1.900000 0.165000
v -0.105000 1.900000 0.135000
v -0.105000 1.900000 0.105000
v -0.105000 1.900000 0.075000
v -0.105000 1.900000 0.045000
v -0.075000 1.900000 0.225000
v -0.075000 1.900000 0.195000
v -0.075000 1.900000 0.165000
v -0.075000 1.900000 0.135000
v -0.075000 1.900000 0.105000
v -0.075000 1.900000 0.075000
v -0.075000 1.900000 0.045000
v -0.045000 1.900000 0.225000
v -0.045000 1.900000 0.195000
v -0.045000 1.900000 0.165000
v -0.045000 1.900000 0.135000
v -0.045000 1.900000 0.105000
v -0.045000 1.900000 0.075000
v -0.045000 1.900000 0.045000
v -0.015000 1.900000 0.225000
v -0.015000 1.900000 0.195000
v -0.015000 1.900000 0.165000
v -0.015000 1.900000 0.135000
v -0.015000 1.900000 0.105000
v -0.015000 1.900000 0.075000
v -0.015000 1.900000 0.045000
v 0.014422 1.465000 0.248101
v 0.014410 1.494989 0.248103
v 0.014328 1.525150 0.248114
v 0.043382 1.465000 0.244289
v 0.043371 1.494966 0.244290
v 0.043374 1.525036 0.244290
v 0.072688 1.465000 0.238175
v 0.072705 1.494970 0.238168
v 0.072887 1.525061 0.238092
v 0.087624 1.465000 0.231988
v 0.087632 1.494983 0.231985
v 0.087701 1.525190 0.231956
v 0.014049 1.781343 0.378150
v 0.014820 1.600000 0.368639
v 0.014511 1.617395 0.378090
v 0.014384 1.645319 0.378106
v 0.014419 1.675000 0.378102
v 0.014419 1.705000 0.378102
v 0.014478 1.735479 0.378094
v 0.014458 1.756282 0.378097
v 0.014980 1.600000 0.344219
v 0.014877 1.600000 0.314343
v 0.014329 1.600000 0.280508
v 0.014112 1.556894 0.248142
v 0.013250 1.589837 0.248256
v 0.042578 1.786572 0.374394
v 0.044696 1.600000 0.365567
v 0.044237 1.616967 0.374176
v 0.043803 1.645384 0.374233
v 0.043831 1.675000 0.374229
v 0.043831 1.705000 0.374229
v 0.043944 1.735749 0.374215
v 0.043678 1.760373 0.374250
v 0.044966 1.600000 0.344159
v 0.044826 1.600000 0.314635
v 0.044265 1.600000 0.282191
v 0.043470 1.556668 0.244277
v 0.041896 1.594825 0.244484
v 0.070049 1.791103 0.370778
v 0.074659 1.600000 0.363404
v 0.074148 1.616686 0.370238
v 0.073494 1.645350 0.370324
v 0.073432 1.675000 0.370332
v 0.073432 1.705000 0.370332
v 0.073533 1.736053 0.370319
v 0.072529 1.764377 0.370451
v 0.074935 1.600000 0.344071
v 0.074917 1.600000 0.314863
v 0.074669 1.600000 0.283044
v 0.073057 1.557058 0.238022
v 0.071802 1.600000 0.240584
v 0.087292 1.794281 0.368508
v 0.104284 1.600000 0.361311
v 0.103597 1.616152 0.364879
v 0.102976 1.645158 0.365136
v 0.102893 1.675000 0.365170
v 0.102893 1.705000 0.365170
v 0.102887 1.736003 0.365173
v 0.100574 1.773368 0.366131
v 0.104606 1.600000 0.343918
v 0.104837 1.600000 0.314803
v 0.104601 1.600000 0.283658
v 0.089151 1.557901 0.231356
v 0.098469 1.600000 0.239499
v 0.123367 1.603110 0.356690
v 0.125682 1.616582 0.355731
v 0.126199 1.645085 0.355517
v 0.126227 1.675000 0.355505
v 0.126227 1.705001 0.355505
v 0.125965 1.736036 0.355614
v 0.129835 1.771105 0.354011
v 0.134337 1.600000 0.343532
v 0.140900 1.617015 0.349428
v 0.140907 1.645146 0.349425
v 0.141003 1.675000 0.349385
v 0.141003 1.705000 0.349385
v 0.140875 1.735791 0.349438
v 0.142187 1.755992 0.348895
v 0.134795 1.600000 0.314499
v 0.134607 1.600000 0.284367
v 0.133112 1.600000 0.251754
v 0.156078 1.789134 0.343141
v 0.163854 1.600000 0.334551
v 0.162281 1.616739 0.340571
v 0.161332 1.645189 0.340964
v 0.161319 1.675000 0.340970
v 0.161319 1.705000 0.340970
v 0.161525 1.735933 0.340885
v 0.159711 1.764464 0.341636
v 0.164563 1.600000 0.314097
v 0.164745 1.600000 0.284740
v 0.164177 1.600000 0.253872
v 0.170514 1.797065 0.337161
v 0.185355 1.600000 0.330958
v 0.187455 1.616477 0.330144
v 0.187830 1.645124 0.329988
v 0.187824 1.675000 0.329991
v 0.187824 1.705000 0.329991
v 0.187657 1.735857 0.330060
v 0.186371 1.773875 0.330593
v 0.194346 1.600000 0.313708
v 0.201485 1.616929 0.320277
v 0.201460 1.645134 0.320296
v 0.201472 1.675000 0.320287
v 0.201472 1.705000 0.320287
v 0.201378 1.735843 0.320359
v 0.201705 1.755646 0.320108
v 0.194581 1.600000 0.284466
v 0.194631 1.600000 0.254606
v 0.203817 1.785919 0.318488
v 0.223618 1.600441 0.303294
v 0.220582 1.616570 0.305624
v 0.219593 1.645105 0.306382
v 0.219547 1.675000 0.306417
v 0.219547 1.705000 0.306417
v 0.219760 1.736022 0.306254
v 0.216899 1.770334 0.308449
v 0.224340 1.600000 0.284006
v 0.224751 1.600000 0.254649
v 0.014715 1.806441 0.418063
v 0.014481 1.825745 0.418093
v 0.014426 1.855000 0.418101
v 0.014486 1.884180 0.418093
v 0.014629 1.898426 0.418074
v 0.014256 1.800000 0.397472
v 0.014796 1.900000 0.403830
v 0.014931 1.900000 0.374812
v 0.015000 1.900000 0.345000
v 0.015000 1.900000 0.315000
v 0.015000 1.900000 0.285000
v 0.015000 1.900000 0.255000
v 0.044141 1.809685 0.414189
v 0.043836 1.825502 0.414229
v 0.043704 1.855000 0.414246
v 0.043844 1.884461 0.414228
v 0.043917 1.895247 0.414218
v 0.043682 1.800000 0.400437
v 0.044659 1.900000 0.403874
v 0.044845 1.900000 0.374589
v 0.045000 1.900000 0.345000
v 0.045000 1.900000 0.315000
v 0.045000 1.900000 0.285000
v 0.045000 1.900000 0.255000
v 0.061312 1.811588 0.411928
v 0.062793 1.825603 0.411733
v 0.063035 1.854970 0.411701
v 0.062212 1.883887 0.411810
v 0.060246 1.893877 0.412068
v 0.072692 1.800000 0.407207
v 0.077580 1.826131 0.409786
v 0.077875 1.854863 0.409748
v 0.077280 1.882910 0.409826
v 0.073015 1.900000 0.404365
v 0.074894 1.900000 0.374334
v 0.075000 1.900000 0.345000
v 0.075000 1.900000 0.315000
v 0.075000 1.900000 0.285000
v 0.075000 1.900000 0.255000
v 0.101836 1.800000 0.389137
v 0.103163 1.826199 0.406418
v 0.103122 1.854799 0.406424
v 0.103771 1.883441 0.406338
v 0.104417 1.900000 0.396488
v 0.106594 1.799708 0.363638
v 0.104924 1.900000 0.374169
v 0.104991 1.900000 0.344991
v 0.105000 1.900000 0.315000
v 0.105000 1.900000 0.285000
v 0.105000 1.900000 0.255000
v 0.134278 1.802043 0.395096
v 0.132147 1.826221 0.395979
v 0.132011 1.854828 0.396035
v 0.132826 1.883438 0.395697
v 0.134121 1.900000 0.392367
v 0.128337 1.800000 0.365842
v 0.134599 1.900000 0.373968
v 0.134863 1.900000 0.344845
v 0.135000 1.900000 0.315000
v 0.135000 1.900000 0.285000
v 0.135000 1.900000 0.255000
v 0.154071 1.808388 0.386897
v 0.156363 1.826111 0.385948
v 0.156571 1.854920 0.385862
v 0.156085 1.883327 0.386063
v 0.153702 1.896963 0.387050
v 0.162663 1.800000 0.373243
v 0.171333 1.826375 0.379747
v 0.171473 1.854883 0.379689
v 0.171464 1.882939 0.379693
v 0.164566 1.900000 0.373690
v 0.164797 1.900000 0.344518
v 0.165000 1.900000 0.315000
v 0.165000 1.900000 0.285000
v 0.165000 1.900000 0.255000
v 0.188830 1.800000 0.359316
v 0.191471 1.826334 0.371405
v 0.191239 1.854842 0.371502
v 0.192195 1.883268 0.371106
v 0.193801 1.900000 0.364809
v 0.190730 1.800000 0.336861
v 0.194544 1.900000 0.344101
v 0.194868 1.900000 0.314868
v 0.195000 1.900000 0.285000
v 0.195000 1.900000 0.255000
v 0.214111 1.806332 0.360576
v 0.215401 1.826218 0.359586
v 0.215516 1.854865 0.359498
v 0.215208 1.883425 0.359735
v 0.213923 1.899630 0.360720
v 0.219809 1.800000 0.337382
v 0.229377 1.826436 0.348862
v 0.229473 1.854846 0.348789
v 0.229516 1.883127 0.348756
v 0.223488 1.900000 0.343032
v 0.221222 1.800000 0.305818
v 0.224475 1.900000 0.314438
v 0.224876 1.900000 0.284876
v 0.225000 1.900000 0.255000
v 0.102032 1.465000 0.226020
v 0.102022 1.494982 0.226024
v 0.102028 1.525194 0.226022
v 0.130192 1.465000 0.212523
v 0.130197 1.494984 0.212518
v 0.130213 1.525107 0.212506
v 0.143909 1.465000 0.201997
v 0.143917 1.494992 0.201991
v 0.143888 1.525084 0.202013
v 0.159446 1.465000 0.190075
v 0.159447 1.494999 0.190074
v 0.159436 1.525053 0.190083
v 0.176777 1.465000 0.176777
v 0.176777 1.495000 0.176777
v 0.176777 1.525036 0.176777
v 0.190075 1.465000 0.159446
v 0.190074 1.494999 0.159447
v 0.190083 1.525053 0.159436
v 0.201997 1.465000 0.143909
v 0.201991 1.494992 0.143917
v 0.202013 1.525084 0.143888
v 0.212523 1.465000 0.130192
v 0.212518 1.494984 0.130197
v 0.212506 1.525107 0.130213
v 0.226020 1.465000 0.102032
v 0.226024 1.494982 0.102022
v 0.226022 1.525194 0.102028
v 0.103042 1.557448 0.225602
v 0.105986 1.583778 0.224382
v 0.132900 1.558690 0.210445
v 0.126115 1.595559 0.215651
v 0.143930 1.548072 0.201981
v 0.143952 1.572572 0.201964
v 0.155620 1.600000 0.213722
v 0.156421 1.558784 0.192396
v 0.160711 1.590971 0.189104
v 0.193750 1.600000 0.223662
v 0.176777 1.556808 0.176777
v 0.184008 1.600000 0.184008
v 0.192396 1.558784 0.156421
v 0.189104 1.590971 0.160711
v 0.201981 1.548072 0.143930
v 0.224638 1.600000 0.224638
v 0.223662 1.600000 0.193750
v 0.201964 1.572572 0.143952
v 0.213722 1.600000 0.155620
v 0.210445 1.558690 0.132900
v 0.215651 1.595559 0.126115
v 0.225602 1.557448 0.103042
v 0.224382 1.583778 0.105986
v 0.015000 1.900000 0.225000
v 0.015000 1.900000 0.195000
v 0.015000 1.900000 0.165000
v 0.015000 1.900000 0.135000
v 0.015000 1.900000 0.105000
v 0.015000 1.900000 0.075000
v 0.015000 1.900000 0.045000
v 0.045000 1.900000 0.225000
v 0.045000 1.900000 0.195000
v 0.045000 1.900000 0.165000
v 0.045000 1.900000 0.135000
v 0.045000 1.900000 0.105000
v 0.045000 1.900000 0.075000
v 0.045000 1.900000 0.045000
v 0.075000 1.900000 0.225000
v 0.075000 1.900000 0.195000
v 0.075000 1.900000 0.165000
v 0.075000 1.900000 0.135000
v 0.075000 1.900000 0.105000
v 0.075000 1.900000 0.075000
v 0.075000 1.900000 0.045000
v 0.105000 1.900000 0.225000
v 0.105000 1.900000 0.195000
v 0.105000 1.900000 0.165000
v 0.105000 1.900000 0.135000
v 0.105000 1.900000 0.105000
v 0.105000 1.900000 0.075000
v 0.105000 1.900000 0.045000
v 0.135000 1.900000 0.225000
v 0.135000 1.900000 0.195000
v 0.135000 1.900000 0.165000
v 0.135000 1.900000 0.135000
v 0.135000 1.900000 0.105000
v 0.135000 1.900000 0.075000
v 0.135000 1.900000 0.045000
v 0.165000 1.900000 0.225000
v 0.165000 1.900000 0.195000
v 0.165000 1.900000 0.165000
v 0.165000 1.900000 0.135000
v 0.165000 1.900000 0.105000
v 0.165000 1.900000 0.075000
v 0.165000 1.900000 0.045000
v 0.195000 1.900000 0.225000
v 0.195000 1.900000 0.195000
v 0.195000 1.900000 0.165000
v 0.195000 1.900000 0.135000
v 0.195000 1.900000 0.105000
v 0.195000 1.900000 0.075000
v 0.195000 1.900000 0.045000
v 0.225000 1.900000 0.225000
v 0.225000 1.900000 0.195000
v 0.225000 1.900000 0.165000
v 0.225000 1.900000 0.135000
v 0.225000 1.900000 0.105000
v 0.225000 1.900000 0.075000
v 0.225000 1.900000 0.045000
v 0.235878 1.605629 0.293886
v 0.235910 1.615948 0.293862
v 0.235870 1.645031 0.293892
v 0.235834 1.675000 0.293920
v 0.235834 1.705000 0.293920
v 0.235829 1.736231 0.293924
v 0.241269 1.776670 0.289750
v 0.250602 1.600000 0.281413
v 0.250639 1.616016 0.282560
v 0.250736 1.645000 0.282486
v 0.250736 1.675000 0.282486
v 0.250736 1.705000 0.282485
v 0.250716 1.736258 0.282501
v 0.251768 1.764670 0.281694
v 0.254210 1.600000 0.254210
v 0.254649 1.797675 0.279482
v 0.268701 1.602746 0.268701
v 0.268701 1.616007 0.268701
v 0.268701 1.645000 0.268701
v 0.268701 1.675000 0.268701
v 0.268701 1.705001 0.268701
v 0.268701 1.736167 0.268701
v 0.268701 1.779190 0.268701
v 0.281413 1.600000 0.250602
v 0.282560 1.616016 0.250639
v 0.282486 1.645000 0.250736
v 0.282486 1.675000 0.250736
v 0.282485 1.705000 0.250736
v 0.282501 1.736258 0.250716
v 0.281694 1.764670 0.251768
v 0.279482 1.797675 0.254649
v 0.293886 1.605629 0.235878
v 0.293862 1.615948 0.235910
v 0.293892 1.645031 0.235870
v 0.293920 1.675000 0.235834
v 0.293920 1.705000 0.235834
v 0.293924 1.736231 0.235829
v 0.289750 1.776670 0.241269
v 0.247624 1.803994 0.334860
v 0.248827 1.826516 0.333938
v 0.248924 1.854862 0.333863
v 0.249143 1.882845 0.333695
v 0.247508 1.900000 0.333835
v 0.250818 1.800000 0.312997
v 0.263851 1.826550 0.322410
v 0.263924 1.854922 0.322353
v 0.263921 1.882544 0.322355
v 0.255851 1.900000 0.315368
v 0.254692 1.900000 0.284536
v 0.254967 1.900000 0.254967
v 0.278598 1.800000 0.302013
v 0.279767 1.826305 0.310197
v 0.279460 1.854967 0.310432
v 0.280158 1.883118 0.309896
v 0.283490 1.900000 0.305841
v 0.278925 1.800000 0.278925
v 0.284177 1.900000 0.284177
v 0.284536 1.900000 0.254692
v 0.296985 1.809667 0.296985
v 0.296985 1.825971 0.296985
v 0.296985 1.854983 0.296985
v 0.296985 1.883920 0.296985
v 0.296985 1.896180 0.296985
v 0.302013 1.800000 0.278597
v 0.310197 1.826305 0.279767
v 0.310432 1.854967 0.279460
v 0.309896 1.883118 0.280158
v 0.305841 1.900000 0.283490
v 0.312997 1.800000 0.250818
v 0.322410 1.826550 0.263851
v 0.322353 1.854922 0.263924
v 0.322355 1.882544 0.263921
v 0.315368 1.900000 0.255851
v 0.334860 1.803994 0.247624
v 0.333938 1.826516 0.248827
v 0.333863 1.854862 0.248924
v 0.333695 1.882845 0.249143
v 0.333835 1.900000 0.247508
v 0.231988 1.465000 0.087624
v 0.231985 1.494983 0.087632
v 0.231956 1.525190 0.087701
v 0.238175 1.465000 0.072688
v 0.238168 1.494970 0.072705
v 0.238092 1.525061 0.072887
v 0.244289 1.465000 0.043382
v 0.244290 1.494966 0.043371
v 0.244290 1.525036 0.043374
v 0.254649 1.600000 0.224751
v 0.254606 1.600000 0.194631
v 0.253872 1.600000 0.164177
v 0.251754 1.600000 0.133112
v 0.231356 1.557901 0.089151
v 0.239499 1.600000 0.098469
v 0.238022 1.557058 0.073057
v 0.240584 1.600000 0.071802
v 0.244277 1.556668 0.043470
v 0.244484 1.594825 0.041896
v 0.284006 1.600000 0.224340
v 0.284466 1.600000 0.194581
v 0.284740 1.600000 0.164745
v 0.284367 1.600000 0.134607
v 0.283658 1.600000 0.104601
v 0.283044 1.600000 0.074669
v 0.282191 1.600000 0.044265
v 0.303294 1.600441 0.223618
v 0.305624 1.616570 0.220582
v 0.306382 1.645105 0.219593
v 0.306417 1.675000 0.219547
v 0.306417 1.705000 0.219547
v 0.306254 1.736022 0.219760
v 0.308449 1.770334 0.216899
v 0.313708 1.600000 0.194346
v 0.320277 1.616929 0.201485
v 0.320296 1.645134 0.201460
v 0.320287 1.675000 0.201472
v 0.320287 1.705000 0.201472
v 0.320359 1.735843 0.201378
v 0.320108 1.755646 0.201705
v 0.314097 1.600000 0.164563
v 0.314499 1.600000 0.134795
v 0.314803 1.600000 0.104837
v 0.314863 1.600000 0.074917
v 0.314635 1.600000 0.044826
v 0.318488 1.785919 0.203817
v 0.330958 1.600000 0.185355
v 0.330144 1.616477 0.187455
v 0.329988 1.645124 0.187830
v 0.329991 1.675000 0.187824
v 0.329991 1.705000 0.187824
v 0.330060 1.735857 0.187657
v 0.330593 1.773875 0.186371
v 0.334551 1.600000 0.163854
v 0.340571 1.616739 0.162281
v 0.340964 1.645189 0.161332
v 0.340970 1.675000 0.161319
v 0.340970 1.705000 0.161319
v 0.340885 1.735933 0.161525
v 0.341636 1.764464 0.159711
v 0.343532 1.600000 0.134337
v 0.349428 1.617015 0.140900
v 0.349425 1.645146 0.140907
v 0.349385 1.675000 0.141003
v 0.349385 1.705000 0.141003
v 0.349438 1.735791 0.140875
v 0.348895 1.755992 0.142187
v 0.343918 1.600000 0.104606
v 0.344071 1.600000 0.074935
v 0.344159 1.600000 0.044966
v 0.337161 1.797065 0.170514
v 0.343141 1.789134 0.156078
v 0.356690 1.603110 0.123367
v 0.355731 1.616582 0.125682
v 0.355517 1.645085 0.126199
v 0.355505 1.675000 0.126227
v 0.355505 1.705001 0.126227
v 0.355614 1.736036 0.125965
v 0.354011 1.771105 0.129835
v 0.361311 1.600000 0.104284
v 0.364879 1.616152 0.103597
v 0.365136 1.645158 0.102976
v 0.365170 1.675000 0.102893
v 0.365170 1.705000 0.102893
v 0.365173 1.736003 0.102887
v 0.366131 1.773368 0.100574
v 0.363404 1.600000 0.074659
v 0.370238 1.616686 0.074148
v 0.370324 1.645350 0.073494
v 0.370332 1.675000 0.073432
v 0.370332 1.705000 0.073432
v 0.370319 1.736053 0.073533
v 0.370451 1.764377 0.072529
v 0.365567 1.600000 0.044696
v 0.374176 1.616967 0.044237
v 0.374233 1.645384 0.043803
v 0.374229 1.675000 0.043831
v 0.374229 1.705000 0.043831
v 0.374215 1.735749 0.043944
v 0.374250 1.760373 0.043678
v 0.378094 1.735479 0.014478
v 0.378097 1.756282 0.014458
v 0.368508 1.794281 0.087292
v 0.370778 1.791103 0.070049
v 0.374394 1.786572 0.042578
v 0.255000 1.900000 0.225000
v 0.255000 1.900000 0.195000
v 0.255000 1.900000 0.165000
v 0.255000 1.900000 0.135000
v 0.255000 1.900000 0.105000
v 0.255000 1.900000 0.075000
v 0.255000 1.900000 0.045000
v 0.284876 1.900000 0.224876
v 0.285000 1.900000 0.195000
v 0.285000 1.900000 0.165000
v 0.285000 1.900000 0.135000
v 0.285000 1.900000 0.105000
v 0.285000 1.900000 0.075000
v 0.285000 1.900000 0.045000
v 0.305818 1.800000 0.221222
v 0.314438 1.900000 0.224475
v 0.314868 1.900000 0.194868
v 0.315000 1.900000 0.165000
v 0.315000 1.900000 0.135000
v 0.315000 1.900000 0.105000
v 0.315000 1.900000 0.075000
v 0.315000 1.900000 0.045000
v 0.337382 1.800000 0.219809
v 0.348862 1.826436 0.229377
v 0.348789 1.854846 0.229473
v 0.348756 1.883127 0.229516
v 0.343032 1.900000 0.223488
v 0.336861 1.800000 0.190730
v 0.344101 1.900000 0.194544
v 0.344518 1.900000 0.164797
v 0.344845 1.900000 0.134863
v 0.344991 1.900000 0.104991
v 0.345000 1.900000 0.075000
v 0.345000 1.900000 0.045000
v 0.360576 1.806332 0.214111
v 0.359586 1.826218 0.215401
v 0.359498 1.854865 0.215516
v 0.359735 1.883425 0.215208
v 0.360720 1.899630 0.213923
v 0.359316 1.800000 0.188830
v 0.371405 1.826334 0.191471
v 0.371502 1.854842 0.191239
v 0.371106 1.883268 0.192195
v 0.364809 1.900000 0.193801
v 0.373243 1.800000 0.162663
v 0.379747 1.826375 0.171333
v 0.379689 1.854883 0.171473
v 0.379693 1.882939 0.171464
v 0.373690 1.900000 0.164566
v 0.365842 1.800000 0.128337
v 0.373968 1.900000 0.134599
v 0.363638 1.799708 0.106594
v 0.374169 1.900000 0.104924
v 0.374334 1.900000 0.074894
v 0.374589 1.900000 0.044845
v 0.386897 1.808388 0.154071
v 0.385948 1.826111 0.156363
v 0.385862 1.854920 0.156571
v 0.386063 1.883327 0.156085
v 0.387050 1.896963 0.153702
v 0.395096 1.802043 0.134278
v 0.395979 1.826221 0.132147
v 0.396035 1.854828 0.132011
v 0.395697 1.883438 0.132826
v 0.392367 1.900000 0.134121
v 0.389137 1.800000 0.101836
v 0.406418 1.826199 0.103163
v 0.406424 1.854799 0.103122
v 0.406338 1.883441 0.103771
v 0.396488 1.900000 0.104417
v 0.407207 1.800000 0.072692
v 0.409786 1.826131 0.077580
v 0.409748 1.854863 0.077875
v 0.409826 1.882910 0.077280
v 0.404365 1.900000 0.073015
v 0.400437 1.800000 0.043682
v 0.403874 1.900000 0.044659
v 0.411928 1.811588 0.061312
v 0.411733 1.825603 0.062793
v 0.411701 1.854970 0.063035
v 0.411810 1.883887 0.062212
v 0.412068 1.893877 0.060246
v 0.414189 1.809685 0.044141
v 0.414229 1.825502 0.043836
v 0.414246 1.855000 0.043704
v 0.414228 1.884461 0.043844
v 0.414218 1.895247 0.043917
v 0.418063 1.806441 0.014715
v 0.418093 1.825745 0.014481
v 0.418101 1.855000 0.014426
v 0.418093 1.884180 0.014486
v -0.231988 0.475000 0.087624
v -0.231988 0.505000 0.087624
v -0.231988 0.535000 0.087624
v -0.231988 0.565000 0.087624
v -0.238175 0.475000 0.072688
v -0.238175 0.505000 0.072688
v -0.238175 0.535000 0.072688
v -0.238175 0.565000 0.072688
v -0.244289 0.475000 0.043382
v -0.244289 0.505000 0.043382
v -0.244289 0.535000 0.043382
v -0.244289 0.565000 0.043382
v -0.248101 0.475000 0.014422
v -0.248101 0.505000 0.014422
v -0.248101 0.535000 0.014422
v -0.248101 0.565000 0.014422
v -0.231988 0.595000 0.087624
v -0.231988 0.625000 0.087624
v -0.231988 0.655000 0.087624
v -0.231988 0.685000 0.087624
v -0.231988 0.715000 0.087624
v -0.231988 0.745000 0.087624
v -0.231988 0.775000 0.087624
v -0.231988 0.805000 0.087624
v -0.238175 0.595000 0.072688
v -0.238175 0.625000 0.072688
v -0.238175 0.655000 0.072688
v -0.238175 0.685000 0.072688
v -0.238175 0.715000 0.072688
v -0.238175 0.745000 0.072688
v -0.238175 0.775000 0.072688
v -0.238175 0.805000 0.072688
v -0.244289 0.595000 0.043382
v -0.244289 0.625000 0.043382
v -0.244289 0.655000 0.043382
v -0.244289 0.685000 0.043382
v -0.244289 0.715000 0.043382
v -0.244289 0.745000 0.043382
v -0.244289 0.775000 0.043382
v -0.244289 0.805000 0.043382
v -0.248101 0.595000 0.014422
v -0.248101 0.625000 0.014422
v -0.248101 0.655000 0.014422
v -0.248101 0.685000 0.014422
v -0.248101 0.715000 0.014422
v -0.248101 0.745000 0.014422
v -0.248101 0.775000 0.014422
v -0.248101 0.805000 0.014422
v -0.231988 0.835000 0.087624
v -0.231988 0.865000 0.087624
v -0.231988 0.895000 0.087624
v -0.231988 0.925000 0.087624
v -0.238175 0.835000 0.072688
v -0.238175 0.865000 0.072688
v -0.238175 0.895000 0.072688
v -0.238175 0.925000 0.072688
v -0.244289 0.835000 0.043382
v -0.244289 0.865000 0.043382
v -0.244289 0.895000 0.043382
v -0.244289 0.925000 0.043382
v -0.248101 0.835000 0.014422
v -0.248101 0.865000 0.014422
v -0.248101 0.895000 0.014422
v -0.248101 0.925000 0.014422
v -0.087624 0.475000 0.231988
v -0.087624 0.505000 0.231988
v -0.087624 0.535000 0.231988
v -0.087624 0.565000 0.231988
v -0.072688 0.475000 0.238175
v -0.072688 0.505000 0.238175
v -0.072688 0.535000 0.238175
v -0.072688 0.565000 0.238175
v -0.043382 0.475000 0.244289
v -0.043382 0.505000 0.244289
v -0.043382 0.535000 0.244289
v -0.043382 0.565000 0.244289
v -0.014422 0.475000 0.248101
v -0.014422 0.505000 0.248101
v -0.014422 0.535000 0.248101
v -0.014422 0.565000 0.248101
v -0.087624 0.595000 0.231988
v -0.087624 0.625000 0.231988
v -0.087624 0.655000 0.231988
v -0.087624 0.685000 0.231988
v -0.087624 0.715000 0.231988
v -0.087624 0.745000 0.231988
v -0.087624 0.775000 0.231988
v -0.087624 0.805000 0.231988
v -0.072688 0.595000 0.238175
v -0.072688 0.625000 0.238175
v -0.072688 0.655000 0.238175
v -0.072688 0.685000 0.238175
v -0.072688 0.715000 0.238175
v -0.072688 0.745000 0.238175
v -0.072688 0.775000 0.238175
v -0.072688 0.805000 0.238175
v -0.043382 0.595000 0.244289
v -0.043382 0.625000 0.244289
v -0.043382 0.655000 0.244289
v -0.043382 0.685000 0.244289
v -0.043382 0.715000 0.244289
v -0.043382 0.745000 0.244289
v -0.043382 0.775000 0.244289
v -0.043382 0.805000 0.244289
v -0.014422 0.595000 0.248101
v -0.014422 0.625000 0.248101
v -0.014422 0.655000 0.248101
v -0.014422 0.685000 0.248101
v -0.014422 0.715000 0.248101
v -0.014422 0.745000 0.248101
v -0.014422 0.775000 0.248101
v -0.014422 0.805000 0.248101
v -0.087624 0.835000 0.231988
v -0.087624 0.865000 0.231988
v -0.087624 0.895000 0.231988
v -0.087624 0.925000 0.231988
v -0.072688 0.835000 0.238175
v -0.072688 0.865000 0.238175
v -0.072688 0.895000 0.238175
v -0.072688 0.925000 0.238175
v -0.043382 0.835000 0.244289
v -0.043382 0.865000 0.244289
v -0.043382 0.895000 0.244289
v -0.043382 0.925000 0.244289
v -0.014422 0.835000 0.248101
v -0.014422 0.865000 0.248101
v -0.014422 0.895000 0.248101
v -0.014422 0.925000 0.248101
v -0.212523 0.475000 0.130192
v -0.212523 0.505000 0.130192
v -0.212523 0.535000 0.130192
v -0.212523 0.565000 0.130192
v -0.226020 0.475000 0.102032
v -0.226020 0.505000 0.102032
v -0.226020 0.535000 0.102032
v -0.226020 0.565000 0.102032
v -0.176777 0.475000 0.176777
v -0.176777 0.505000 0.176777
v -0.176777 0.535000 0.176777
v -0.176777 0.565000 0.176777
v -0.190075 0.475000 0.159446
v -0.190075 0.505000 0.159446
v -0.190075 0.535000 0.159446
v -0.190075 0.565000 0.159446
v -0.201997 0.475000 0.143909
v -0.201997 0.505000 0.143909
v -0.201997 0.535000 0.143909
v -0.201997 0.565000 0.143909
v -0.159446 0.475000 0.190075
v -0.159446 0.505000 0.190075
v -0.159446 0.535000 0.190075
v -0.159446 0.565000 0.190075
v -0.130192 0.475000 0.212523
v -0.130192 0.505000 0.212523
v -0.130192 0.535000 0.212523
v -0.130192 0.565000 0.212523
v -0.143909 0.475000 0.201997
v -0.143909 0.505000 0.201997
v -0.143909 0.535000 0.201997
v -0.143909 0.565000 0.201997
v -0.102032 0.475000 0.226020
v -0.102032 0.505000 0.226020
v -0.102032 0.535000 0.226020
v -0.102032 0.565000 0.226020
v -0.212523 0.595000 0.130192
v -0.212523 0.625000 0.130192
v -0.212523 0.655000 0.130192
v -0.212523 0.685000 0.130192
v -0.212523 0.715000 0.130192
v -0.212523 0.745000 0.130192
v -0.212523 0.775000 0.130192
v -0.212523 0.805000 0.130192
v -0.226020 0.595000 0.102032
v -0.226020 0.625000 0.102032
v -0.226020 0.655000 0.102032
v -0.226020 0.685000 0.102032
v -0.226020 0.715000 0.102032
v -0.226020 0.745000 0.102032
v -0.226020 0.775000 0.102032
v -0.226020 0.805000 0.102032
v -0.176777 0.595000 0.176777
v -0.176777 0.625000 0.176777
v -0.176777 0.655000 0.176777
v -0.176777 0.685000 0.176777
v -0.176777 0.715000 0.176777
v -0.176777 0.745000 0.176777
v -0.176777 0.775000 0.176777
v -0.176777 0.805000 0.176777
v -0.190075 0.595000 0.159446
v -0.190075 0.625000 0.159446
v -0.190075 0.655000 0.159446
v -0.190075 0.685000 0.159446
v -0.190075 0.715000 0.159446
v -0.190075 0.745000 0.159446
v -0.190075 0.775000 0.159446
v -0.190075 0.805000 0.159446
v -0.201997 0.595000 0.143909
v -0.201997 0.625000 0.143909
v -0.201997 0.655000 0.143909
v -0.201997 0.685000 0.143909
v -0.201997 0.715000 0.143909
v -0.201997 0.745000 0.143909
v -0.201997 0.775000 0.143909
v -0.201997 0.805000 0.143909
v -0.159446 0.595000 0.190075
v -0.159446 0.625000 0.190075
v -0.159446 0.655000 0.190075
v -0.159446 0.685000 0.190075
v -0.159446 0.715000 0.190075
v -0.159446 0.745000 0.190075
v -0.159446 0.775000 0.190075
v -0.159446 0.805000 0.190075
v -0.130192 0.595000 0.212523
v -0.130192 0.625000 0.212523
v -0.130192 0.655000 0.212523
v -0.130192 0.685000 0.212523
v -0.130192 0.715000 0.212523
v -0.130192 0.745000 0.212523
v -0.130192 0.775000 0.212523
v -0.130192 0.805000 0.212523
v -0.143909 0.595000 0.201997
v -0.143909 0.625000 0.201997
v -0.143909 0.655000 0.201997
v -0.143909 0.685000 0.201997
v -0.143909 0.715000 0.201997
v -0.143909 0.745000 0.201997
v -0.143909 0.775000 0.201997
v -0.143909 0.805000 0.201997
v -0.102032 0.595000 0.226020
v -0.102032 0.625000 0.226020
v -0.102032 0.655000 0.226020
v -0.102032 0.685000 0.226020
v -0.102032 0.715000 0.226020
v -0.102032 0.745000 0.226020
v -0.102032 0.775000 0.226020
v -0.102032 0.805000 0.226020
v -0.212523 0.835000 0.130192
v -0.212523 0.865000 0.130192
v -0.212523 0.895000 0.130192
v -0.212523 0.925000 0.130192
v -0.226020 0.835000 0.102032
v -0.226020 0.865000 0.102032
v -0.226020 0.895000 0.102032
v -0.226020 0.925000 0.102032
v -0.176777 0.835000 0.176777
v -0.176777 0.865000 0.176777
v -0.176777 0.895000 0.176777
v -0.176777 0.925000 0.176777
v -0.190075 0.835000 0.159446
v -0.190075 0.865000 0.159446
v -0.190075 0.895000 0.159446
v -0.190075 0.925000 0.159446
v -0.201997 0.835000 0.143909
v -0.201997 0.865000 0.143909
v -0.201997 0.895000 0.143909
v -0.201997 0.925000 0.143909
v -0.159446 0.835000 0.190075
v -0.159446 0.865000 0.190075
v -0.159446 0.895000 0.190075
v -0.159446 0.925000 0.190075
v -0.130192 0.835000 0.212523
v -0.130192 0.865000 0.212523
v -0.130192 0.895000 0.212523
v -0.130192 0.925000 0.212523
v -0.143909 0.835000 0.201997
v -0.143909 0.865000 0.201997
v -0.143909 0.895000 0.201997
v -0.143909 0.925000 0.201997
v -0.102032 0.835000 0.226020
v -0.102032 0.865000 0.226020
v -0.102032 0.895000 0.226020
v -0.102032 0.925000 0.226020
v -0.248101 0.475000 -0.014422
v -0.248101 0.505000 -0.014422
v -0.248101 0.535000 -0.014422
v -0.248101 0.565000 -0.014422
v -0.244289 0.475000 -0.043382
v -0.244289 0.505000 -0.043382
v -0.244289 0.535000 -0.043382
v -0.244289 0.565000 -0.043382
v -0.238175 0.475000 -0.072688
v -0.238175 0.505000 -0.072688
v -0.238175 0.535000 -0.072688
v -0.238175 0.565000 -0.072688
v -0.231988 0.475000 -0.087624
v -0.231988 0.505000 -0.087624
v -0.231988 0.535000 -0.087624
v -0.231988 0.565000 -0.087624
v -0.248101 0.595000 -0.014422
v -0.248101 0.625000 -0.014422
v -0.248101 0.655000 -0.014422
v -0.248101 0.685000 -0.014422
v -0.248101 0.715000 -0.014422
v -0.248101 0.745000 -0.014422
v -0.248101 0.775000 -0.014422
v -0.248101 0.805000 -0.014422
v -0.244289 0.595000 -0.043382
v -0.244289 0.625000 -0.043382
v -0.244289 0.655000 -0.043382
v -0.244289 0.685000 -0.043382
v -0.244289 0.715000 -0.043382
v -0.244289 0.745000 -0.043382
v -0.244289 0.775000 -0.043382
v -0.244289 0.805000 -0.043382
v -0.238175 0.595000 -0.072688
v -0.238175 0.625000 -0.072688
v -0.238175 0.655000 -0.072688
v -0.238175 0.685000 -0.072688
v -0.238175 0.715000 -0.072688
v -0.238175 0.745000 -0.072688
v -0.238175 0.775000 -0.072688
v -0.238175 0.805000 -0.072688
v -0.231988 0.595000 -0.087624
v -0.231988 0.625000 -0.087624
v -0.231988 0.655000 -0.087624
v -0.231988 0.685000 -0.087624
v -0.231988 0.715000 -0.087624
v -0.231988 0.745000 -0.087624
v -0.231988 0.775000 -0.087624
v -0.231988 0.805000 -0.087624
v -0.248101 0.835000 -0.014422
v -0.248101 0.865000 -0.014422
v -0.248101 0.895000 -0.014422
v -0.248101 0.925000 -0.014422
v -0.244289 0.835000 -0.043382
v -0.244289 0.865000 -0.043382
v -0.244289 0.895000 -0.043382
v -0.244289 0.925000 -0.043382
v -0.238175 0.835000 -0.072688
v -0.238175 0.865000 -0.072688
v -0.238175 0.895000 -0.072688
v -0.238175 0.925000 -0.072688
v -0.231988 0.835000 -0.087624
v -0.231988 0.865000 -0.087624
v -0.231988 0.895000 -0.087624
v -0.231988 0.925000 -0.087624
v -0.226020 0.475000 -0.102032
v -0.226020 0.505000 -0.102032
v -0.226020 0.535000 -0.102032
v -0.226020 0.565000 -0.102032
v -0.212523 0.475000 -0.130192
v -0.212523 0.505000 -0.130192
v -0.212523 0.535000 -0.130192
v -0.212523 0.565000 -0.130192
v -0.201997 0.475000 -0.143909
v -0.201997 0.505000 -0.143909
v -0.201997 0.535000 -0.143909
v -0.201997 0.565000 -0.143909
v -0.190075 0.475000 -0.159446
v -0.190075 0.505000 -0.159446
v -0.190075 0.535000 -0.159446
v -0.190075 0.565000 -0.159446
v -0.176777 0.475000 -0.176777
v -0.176777 0.505000 -0.176777
v -0.176777 0.535000 -0.176777
v -0.176777 0.565000 -0.176777
v -0.159446 0.475000 -0.190075
v -0.159446 0.505000 -0.190075
v -0.159446 0.535000 -0.190075
v -0.159446 0.565000 -0.190075
v -0.143909 0.475000 -0.201997
v -0.143909 0.505000 -0.201997
v -0.143909 0.535000 -0.201997
v -0.143909 0.565000 -0.201997
v -0.130192 0.475000 -0.212523
v -0.130192 0.505000 -0.212523
v -0.130192 0.535000 -0.212523
v -0.130192 0.565000 -0.212523
v -0.102032 0.475000 -0.226020
v -0.102032 0.505000 -0.226020
v -0.102032 0.535000 -0.226020
v -0.102032 0.565000 -0.226020
v -0.226020 0.595000 -0.102032
v -0.226020 0.625000 -0.102032
v -0.226020 0.655000 -0.102032
v -0.226020 0.685000 -0.102032
v -0.226020 0.715000 -0.102032
v -0.226020 0.745000 -0.102032
v -0.226020 0.775000 -0.102032
v -0.226020 0.805000 -0.102032
v -0.212523 0.595000 -0.130192
v -0.212523 0.625000 -0.130192
v -0.212523 0.655000 -0.130192
v -0.212523 0.685000 -0.130192
v -0.212523 0.715000 -0.130192
v -0.212523 0.745000 -0.130192
v -0.212523 0.775000 -0.130192
v -0.212523 0.805000 -0.130192
v -0.201997 0.595000 -0.143909
v -0.201997 0.625000 -0.143909
v -0.201997 0.655000 -0.143909
v -0.201997 0.685000 -0.143909
v -0.201997 0.715000 -0.143909
v -0.201997 0.745000 -0.143909
v -0.201997 0.775000 -0.143909
v -0.201997 0.805000 -0.143909
v -0.190075 0.595000 -0.159446
v -0.190075 0.625000 -0.159446
v -0.190075 0.655000 -0.159446
v -0.190075 0.685000 -0.159446
v -0.190075 0.715000 -0.159446
v -0.190075 0.745000 -0.159446
v -0.190075 0.775000 -0.159446
v -0.190075 0.805000 -0.159446
v -0.176777 0.595000 -0.176777
v -0.176777 0.625000 -0.176777
v -0.176777 0.655000 -0.176777
v -0.176777 0.685000 -0.176777
v -0.176777 0.715000 -0.176777
v -0.176777 0.745000 -0.176777
v -0.176777 0.775000 -0.176777
v -0.176777 0.805000 -0.176777
v -0.159446 0.595000 -0.190075
v -0.159446 0.625000 -0.190075
v -0.159446 0.655000 -0.190075
v -0.159446 0.685000 -0.190075
v -0.159446 0.715000 -0.190075
v -0.159446 0.745000 -0.190075
v -0.159446 0.775000 -0.190075
v -0.159446 0.805000 -0.190075
v -0.143909 0.595000 -0.201997
v -0.143909 0.625000 -0.201997
v -0.143909 0.655000 -0.201997
v -0.143909 0.685000 -0.201997
v -0.143909 0.715000 -0.201997
v -0.143909 0.745000 -0.201997
v -0.143909 0.775000 -0.201997
v -0.143909 0.805000 -0.201997
v -0.130192 0.595000 -0.212523
v -0.130192 0.625000 -0.212523
v -0.130192 0.655000 -0.212523
v -0.130192 0.685000 -0.212523
v -0.130192 0.715000 -0.212523
v -0.130192 0.745000 -0.212523
v -0.130192 0.775000 -0.212523
v -0.130192 0.805000 -0.212523
v -0.102032 0.595000 -0.226020
v -0.102032 0.625000 -0.226020
v -0.102032 0.655000 -0.226020
v -0.102032 0.685000 -0.226020
v -0.102032 0.715000 -0.226020
v -0.102032 0.745000 -0.226020
v -0.102032 0.775000 -0.226020
v -0.102032 0.805000 -0.226020
v -0.226020 0.835000 -0.102032
v -0.226020 0.865000 -0.102032
v -0.226020 0.895000 -0.102032
v -0.226020 0.925000 -0.102032
v -0.212523 0.835000 -0.130192
v -0.212523 0.865000 -0.130192
v -0.212523 0.895000 -0.130192
v -0.212523 0.925000 -0.130192
v -0.201997 0.835000 -0.143909
v -0.201997 0.865000 -0.143909
v -0.201997 0.895000 -0.143909
v -0.201997 0.925000 -0.143909
v -0.190075 0.835000 -0.159446
v -0.190075 0.865000 -0.159446
v -0.190075 0.895000 -0.159446
v -0.190075 0.925000 -0.159446
v -0.176777 0.835000 -0.176777
v -0.176777 0.865000 -0.176777
v -0.176777 0.895000 -0.176777
v -0.176777 0.925000 -0.176777
v -0.159446 0.835000 -0.190075
v -0.159446 0.865000 -0.190075
v -0.159446 0.895000 -0.190075
v -0.159446 0.925000 -0.190075
v -0.143909 0.835000 -0.201997
v -0.143909 0.865000 -0.201997
v -0.143909 0.895000 -0.201997
v -0.143909 0.925000 -0.201997
v -0.130192 0.835000 -0.212523
v -0.130192 0.865000 -0.212523
v -0.130192 0.895000 -0.212523
v -0.130192 0.925000 -0.212523
v -0.102032 0.835000 -0.226020
v -0.102032 0.865000 -0.226020
v -0.102032 0.895000 -0.226020
v -0.102032 0.925000 -0.226020
v -0.087624 0.475000 -0.231988
v -0.087624 0.505000 -0.231988
v -0.087624 0.535000 -0.231988
v -0.087624 0.565000 -0.231988
v -0.072688 0.475000 -0.238175
v -0.072688 0.505000 -0.238175
v -0.072688 0.535000 -0.238175
v -0.072688 0.565000 -0.238175
v -0.043382 0.475000 -0.244289
v -0.043382 0.505000 -0.244289
v -0.043382 0.535000 -0.244289
v -0.043382 0.565000 -0.244289
v -0.014422 0.475000 -0.248101
v -0.014422 0.505000 -0.248101
v -0.014422 0.535000 -0.248101
v -0.014422 0.565000 -0.248101
v -0.087624 0.595000 -0.231988
v -0.087624 0.625000 -0.231988
v -0.087624 0.655000 -0.231988
v -0.087624 0.685000 -0.231988
v -0.087624 0.715000 -0.231988
v -0.087624 0.745000 -0.231988
v -0.087624 0.775000 -0.231988
v -0.087624 0.805000 -0.231988
v -0.072688 0.595000 -0.238175
v -0.072688 0.625000 -0.238175
v -0.072688 0.655000 -0.238175
v -0.072688 0.685000 -0.238175
v -0.072688 0.715000 -0.238175
v -0.072688 0.745000 -0.238175
v -0.072688 0.775000 -0.238175
v -0.072688 0.805000 -0.238175
v -0.043382 0.595000 -0.244289
v -0.043382 0.625000 -0.244289
v -0.043382 0.655000 -0.244289
v -0.043382 0.685000 -0.244289
v -0.043382 0.715000 -0.244289
v -0.043382 0.745000 -0.244289
v -0.043382 0.775000 -0.244289
v -0.043382 0.805000 -0.244289
v -0.014422 0.595000 -0.248101
v -0.014422 0.625000 -0.248101
v -0.014422 0.655000 -0.248101
v -0.014422 0.685000 -0.248101
v -0.014422 0.715000 -0.248101
v -0.014422 0.745000 -0.248101
v -0.014422 0.775000 -0.248101
v -0.014422 0.805000 -0.248101
v -0.087624 0.835000 -0.231988
v -0.087624 0.865000 -0.231988
v -0.087624 0.895000 -0.231988
v -0.087624 0.925000 -0.231988
v -0.072688 0.835000 -0.238175
v -0.072688 0.865000 -0.238175
v -0.072688 0.895000 -0.238175
v -0.072688 0.925000 -0.238175
v -0.043382 0.835000 -0.244289
v -0.043382 0.865000 -0.244289
v -0.043382 0.895000 -0.244289
v -0.043382 0.925000 -0.244289
v -0.014422 0.835000 -0.248101
v -0.014422 0.865000 -0.248101
v -0.014422 0.895000 -0.248101
v -0.014422 0.925000 -0.248101
v 0.014422 0.475000 0.248101
v 0.014422 0.505000 0.248101
v 0.014422 0.535000 0.248101
v 0.014422 0.565000 0.248101
v 0.043382 0.475000 0.244289
v 0.043382 0.505000 0.244289
v 0.043382 0.535000 0.244289
v 0.043382 0.565000 0.244289
v 0.072688 0.475000 0.238175
v 0.072688 0.505000 0.238175
v 0.072688 0.535000 0.238175
v 0.072688 0.565000 0.238175
v 0.087624 0.475000 0.231988
v 0.087624 0.505000 0.231988
v 0.087624 0.535000 0.231988
v 0.087624 0.565000 0.231988
v 0.014422 0.595000 0.248101
v 0.014422 0.625000 0.248101
v 0.014422 0.655000 0.248101
v 0.014422 0.685000 0.248101
v 0.014422 0.715000 0.248101
v 0.014422 0.745000 0.248101
v 0.014422 0.775000 0.248101
v 0.014422 0.805000 0.248101
v 0.043382 0.595000 0.244289
v 0.043382 0.625000 0.244289
v 0.043382 0.655000 0.244289
v 0.043382 0.685000 0.244289
v 0.043382 0.715000 0.244289
v 0.043382 0.745000 0.244289
v 0.043382 0.775000 0.244289
v 0.043382 0.805000 0.244289
v 0.072688 0.595000 0.238175
v 0.072688 0.625000 0.238175
v 0.072688 0.655000 0.238175
v 0.072688 0.685000 0.238175
v 0.072688 0.715000 0.238175
v 0.072688 0.745000 0.238175
v 0.072688 0.775000 0.238175
v 0.072688 0.805000 0.238175
v 0.087624 0.595000 0.231988
v 0.087624 0.625000 0.231988
v 0.087624 0.655000 0.231988
v 0.087624 0.685000 0.231988
v 0.087624 0.715000 0.231988
v 0.087624 0.745000 0.231988
v 0.087624 0.775000 0.231988
v 0.087624 0.805000 0.231988
v 0.014422 0.835000 0.248101
v 0.014422 0.865000 0.248101
v 0.014422 0.895000 0.248101
v 0.014422 0.925000 0.248101
v 0.043382 0.835000 0.244289
v 0.043382 0.865000 0.244289
v 0.043382 0.895000 0.244289
v 0.043382 0.925000 0.244289
v 0.072688 0.835000 0.238175
v 0.072688 0.865000 0.238175
v 0.072688 0.895000 0.238175
v 0.072688 0.925000 0.238175
v 0.087624 0.835000 0.231988
v 0.087624 0.865000 0.231988
v 0.087624 0.895000 0.231988
v 0.087624 0.925000 0.231988
v 0.102032 0.475000 0.226020
v 0.102032 0.505000 0.226020
v 0.102032 0.535000 0.226020
v 0.102032 0.565000 0.226020
v 0.130192 0.475000 0.212523
v 0.130192 0.505000 0.212523
v 0.130192 0.535000 0.212523
v 0.130192 0.565000 0.212523
v 0.143909 0.475000 0.201997
v 0.143909 0.505000 0.201997
v 0.143909 0.535000 0.201997
v 0.143909 0.565000 0.201997
v 0.159446 0.475000 0.190075
v 0.159446 0.505000 0.190075
v 0.159446 0.535000 0.190075
v 0.159446 0.565000 0.190075
v 0.176777 0.475000 0.176777
v 0.176777 0.505000 0.176777
v 0.176777 0.535000 0.176777
v 0.176777 0.565000 0.176777
v 0.190075 0.475000 0.159446
v 0.190075 0.505000 0.159446
v 0.190075 0.535000 0.159446
v 0.190075 0.565000 0.159446
v 0.201997 0.475000 0.143909
v 0.201997 0.505000 0.143909
v 0.201997 0.535000 0.143909
v 0.201997 0.565000 0.143909
v 0.212523 0.475000 0.130192
v 0.212523 0.505000 0.130192
v 0.212523 0.535000 0.130192
v 0.212523 0.565000 0.130192
v 0.226020 0.475000 0.102032
v 0.226020 0.505000 0.102032
v 0.226020 0.535000 0.102032
v 0.226020 0.565000 0.102032
v 0.102032 0.595000 0.226020
v 0.102032 0.625000 0.226020
v 0.102032 0.655000 0.226020
v 0.102032 0.685000 0.226020
v 0.102032 0.715000 0.226020
v 0.102032 0.745000 0.226020
v 0.102032 0.775000 0.226020
v 0.102032 0.805000 0.226020
v 0.130192 0.595000 0.212523
v 0.130192 0.625000 0.212523
v 0.130192 0.655000 0.212523
v 0.130192 0.685000 0.212523
v 0.130192 0.715000 0.212523
v 0.130192 0.745000 0.212523
v 0.130192 0.775000 0.212523
v 0.130192 0.805000 0.212523
v 0.143909 0.595000 0.201997
v 0.143909 0.625000 0.201997
v 0.143909 0.655000 0.201997
v 0.143909 0.685000 0.201997
v 0.143909 0.715000 0.201997
v 0.143909 0.745000 0.201997
v 0.143909 0.775000 0.201997
v 0.143909 0.805000 0.201997
v 0.159446 0.595000 0.190075
v 0.159446 0.625000 0.190075
v 0.159446 0.655000 0.190075
v 0.159446 0.685000 0.190075
v 0.159446 0.715000 0.190075
v 0.159446 0.745000 0.190075
v 0.159446 0.775000 0.190075
v 0.159446 0.805000 0.190075
v 0.176777 0.595000 0.176777
v 0.176777 0.625000 0.176777
v 0.176777 0.655000 0.176777
v 0.176777 0.685000 0.176777
v 0.176777 0.715000 0.176777
v 0.176777 0.745000 0.176777
v 0.176777 0.775000 0.176777
v 0.176777 0.805000 0.176777
v 0.190075 0.595000 0.159446
v 0.190075 0.625000 0.159446
v 0.190075 0.655000 0.159446
v 0.190075 0.685000 0.159446
v 0.190075 0.715000 0.159446
v 0.190075 0.745000 0.159446
v 0.190075 0.775000 0.159446
v 0.190075 0.805000 0.159446
v 0.201997 0.595000 0.143909
v 0.201997 0.625000 0.143909
v 0.201997 0.655000 0.143909
v 0.201997 0.685000 0.143909
v 0.201997 0.715000 0.143909
v 0.201997 0.745000 0.143909
v 0.201997 0.775000 0.143909
v 0.201997 0.805000 0.143909
v 0.212523 0.595000 0.130192
v 0.212523 0.625000 0.130192
v 0.212523 0.655000 0.130192
v 0.212523 0.685000 0.130192
v 0.212523 0.715000 0.130192
v 0.212523 0.745000 0.130192
v 0.212523 0.775000 0.130192
v 0.212523 0.805000 0.130192
v 0.226020 0.595000 0.102032
v 0.226020 0.625000 0.102032
v 0.226020 0.655000 0.102032
v 0.226020 0.685000 0.102032
v 0.226020 0.715000 0.102032
v 0.226020 0.745000 0.102032
v 0.226020 0.775000 0.102032
v 0.226020 0.805000 0.102032
v 0.102032 0.835000 0.226020
v 0.102032 0.865000 0.226020
v 0.102032 0.895000 0.226020
v 0.102032 0.925000 0.226020
v 0.130192 0.835000 0.212523
v 0.130192 0.865000 0.212523
v 0.130192 0.895000 0.212523
v 0.130192 0.925000 0.212523
v 0.143909 0.835000 0.201997
v 0.143909 0.865000 0.201997
v 0.143909 0.895000 0.201997
v 0.143909 0.925000 0.201997
v 0.159446 0.835000 0.190075
v 0.159446 0.865000 0.190075
v 0.159446 0.895000 0.190075
v 0.159446 0.925000 0.190075
v 0.176777 0.835000 0.176777
v 0.176777 0.865000 0.176777
v 0.176777 0.895000 0.176777
v 0.176777 0.925000 0.176777
v 0.190075 0.835000 0.159446
v 0.190075 0.865000 0.159446
v 0.190075 0.895000 0.159446
v 0.190075 0.925000 0.159446
v 0.201997 0.835000 0.143909
v 0.201997 0.865000 0.143909
v 0.201997 0.895000 0.143909
v 0.201997 0.925000 0.143909
v 0.212523 0.835000 0.130192
v 0.212523 0.865000 0.130192
v 0.212523 0.895000 0.130192
v 0.212523 0.925000 0.130192
v 0.226020 0.835000 0.102032
v 0.226020 0.865000 0.102032
v 0.226020 0.895000 0.102032
v 0.226020 0.925000 0.102032
v 0.231988 0.475000 0.087624
v 0.231988 0.505000 0.087624
v 0.231988 0.535000 0.087624
v 0.231988 0.565000 0.087624
v 0.238175 0.475000 0.072688
v 0.238175 0.505000 0.072688
v 0.238175 0.535000 0.072688
v 0.238175 0.565000 0.072688
v 0.244289 0.475000 0.043382
v 0.244289 0.505000 0.043382
v 0.244289 0.535000 0.043382
v 0.244289 0.565000 0.043382
v 0.248101 0.475000 0.014422
v 0.248101 0.505000 0.014422
v 0.248101 0.535000 0.014422
v 0.248101 0.565000 0.014422
v 0.231988 0.595000 0.087624
v 0.231988 0.625000 0.087624
v 0.231988 0.655000 0.087624
v 0.231988 0.685000 0.087624
v 0.231988 0.715000 0.087624
v 0.231988 0.745000 0.087624
v 0.231988 0.775000 0.087624
v 0.231988 0.805000 0.087624
v 0.238175 0.595000 0.072688
v 0.238175 0.625000 0.072688
v 0.238175 0.655000 0.072688
v 0.238175 0.685000 0.072688
v 0.238175 0.715000 0.072688
v 0.238175 0.745000 0.072688
v 0.238175 0.775000 0.072688
v 0.238175 0.805000 0.072688
v 0.244289 0.595000 0.043382
v 0.244289 0.625000 0.043382
v 0.244289 0.655000 0.043382
v 0.244289 0.685000 0.043382
v 0.244289 0.715000 0.043382
v 0.244289 0.745000 0.043382
v 0.244289 0.775000 0.043382
v 0.244289 0.805000 0.043382
v 0.248101 0.595000 0.014422
v 0.248101 0.625000 0.014422
v 0.248101 0.655000 0.014422
v 0.248101 0.685000 0.014422
v 0.248101 0.715000 0.014422
v 0.248101 0.745000 0.014422
v 0.248101 0.775000 0.014422
v 0.248101 0.805000 0.014422
v 0.231988 0.835000 0.087624
v 0.231988 0.865000 0.087624
v 0.231988 0.895000 0.087624
v 0.231988 0.925000 0.087624
v 0.238175 0.835000 0.072688
v 0.238175 0.865000 0.072688
v 0.238175 0.895000 0.072688
v 0.238175 0.925000 0.072688
v 0.244289 0.835000 0.043382
v 0.244289 0.865000 0.043382
v 0.244289 0.895000 0.043382
v 0.244289 0.925000 0.043382
v 0.248101 0.835000 0.014422
v 0.248101 0.865000 0.014422
v 0.248101 0.895000 0.014422
v 0.248101 0.925000 0.014422
v 0.102032 0.475000 -0.226020
v 0.102032 0.505000 -0.226020
v 0.102032 0.535000 -0.226020
v 0.102032 0.565000 -0.226020
v 0.143909 0.475000 -0.201997
v 0.143909 0.505000 -0.201997
v 0.143909 0.535000 -0.201997
v 0.143909 0.565000 -0.201997
v 0.130192 0.475000 -0.212523
v 0.130192 0.505000 -0.212523
v 0.130192 0.535000 -0.212523
v 0.130192 0.565000 -0.212523
v 0.159446 0.475000 -0.190075
v 0.159446 0.505000 -0.190075
v 0.159446 0.535000 -0.190075
v 0.159446 0.565000 -0.190075
v 0.201997 0.475000 -0.143909
v 0.201997 0.505000 -0.143909
v 0.201997 0.535000 -0.143909
v 0.201997 0.565000 -0.143909
v 0.190075 0.475000 -0.159446
v 0.190075 0.505000 -0.159446
v 0.190075 0.535000 -0.159446
v 0.190075 0.565000 -0.159446
v 0.176777 0.475000 -0.176777
v 0.176777 0.505000 -0.176777
v 0.176777 0.535000 -0.176777
v 0.176777 0.565000 -0.176777
v 0.226020 0.475000 -0.102032
v 0.226020 0.505000 -0.102032
v 0.226020 0.535000 -0.102032
v 0.226020 0.565000 -0.102032
v 0.212523 0.475000 -0.130192
v 0.212523 0.505000 -0.130192
v 0.212523 0.535000 -0.130192
v 0.212523 0.565000 -0.130192
v 0.102032 0.595000 -0.226020
v 0.102032 0.625000 -0.226020
v 0.102032 0.655000 -0.226020
v 0.102032 0.685000 -0.226020
v 0.102032 0.715000 -0.226020
v 0.102032 0.745000 -0.226020
v 0.102032 0.775000 -0.226020
v 0.102032 0.805000 -0.226020
v 0.143909 0.595000 -0.201997
v 0.143909 0.625000 -0.201997
v 0.143909 0.655000 -0.201997
v 0.143909 0.685000 -0.201997
v 0.143909 0.715000 -0.201997
v 0.143909 0.745000 -0.201997
v 0.143909 0.775000 -0.201997
v 0.143909 0.805000 -0.201997
v 0.130192 0.595000 -0.212523
v 0.130192 0.625000 -0.212523
v 0.130192 0.655000 -0.212523
v 0.130192 0.685000 -0.212523
v 0.130192 0.715000 -0.212523
v 0.130192 0.745000 -0.212523
v 0.130192 0.775000 -0.212523
v 0.130192 0.805000 -0.212523
v 0.159446 0.595000 -0.190075
v 0.159446 0.625000 -0.190075
v 0.159446 0.655000 -0.190075
v 0.159446 0.685000 -0.190075
v 0.159446 0.715000 -0.190075
v 0.159446 0.745000 -0.190075
v 0.159446 0.775000 -0.190075
v 0.159446 0.805000 -0.190075
v 0.201997 0.595000 -0.143909
v 0.201997 0.625000 -0.143909
v 0.201997 0.655000 -0.143909
v 0.201997 0.685000 -0.143909
v 0.201997 0.715000 -0.143909
v 0.201997 0.745000 -0.143909
v 0.201997 0.775000 -0.143909
v 0.201997 0.805000 -0.143909
v 0.190075 0.595000 -0.159446
v 0.190075 0.625000 -0.159446
v 0.190075 0.655000 -0.159446
v 0.190075 0.685000 -0.159446
v 0.190075 0.715000 -0.159446
v 0.190075 0.745000 -0.159446
v 0.190075 0.775000 -0.159446
v 0.190075 0.805000 -0.159446
v 0.176777 0.595000 -0.176777
v 0.176777 0.625000 -0.176777
v 0.176777 0.655000 -0.176777
v 0.176777 0.685000 -0.176777
v 0.176777 0.715000 -0.176777
v 0.176777 0.745000 -0.176777
v 0.176777 0.775000 -0.176777
v 0.176777 0.805000 -0.176777
v 0.226020 0.595000 -0.102032
v 0.226020 0.625000 -0.102032
v 0.226020 0.655000 -0.102032
v 0.226020 0.685000 -0.102032
v 0.226020 0.715000 -0.102032
v 0.226020 0.745000 -0.102032
v 0.226020 0.775000 -0.102032
v 0.226020 0.805000 -0.102032
v 0.212523 0.595000 -0.130192
v 0.212523 0.625000 -0.130192
v 0.212523 0.655000 -0.130192
v 0.212523 0.685000 -0.130192
v 0.212523 0.715000 -0.130192
v 0.212523 0.745000 -0.130192
v 0.212523 0.775000 -0.130192
v 0.212523 0.805000 -0.130192
v 0.102032 0.835000 -0.226020
v 0.102032 0.865000 -0.226020
v 0.102032 0.895000 -0.226020
v 0.102032 0.925000 -0.226020
v 0.143909 0.835000 -0.201997
v 0.143909 0.865000 -0.201997
v 0.143909 0.895000 -0.201997
v 0.143909 0.925000 -0.201997
v 0.130192 0.835000 -0.212523
v 0.130192 0.865000 -0.212523
v 0.130192 0.895000 -0.212523
v 0.130192 0.925000 -0.212523
v 0.159446 0.835000 -0.190075
v 0.159446 0.865000 -0.190075
v 0.159446 0.895000 -0.190075
v 0.159446 0.925000 -0.190075
v 0.201997 0.835000 -0.143909
v 0.201997 0.865000 -0.143909
v 0.201997 0.895000 -0.143909
v 0.201997 0.925000 -0.143909
v 0.190075 0.835000 -0.159446
v 0.190075 0.865000 -0.159446
v 0.190075 0.895000 -0.159446
v 0.190075 0.925000 -0.159446
v 0.176777 0.835000 -0.176777
v 0.176777 0.865000 -0.176777
v 0.176777 0.895000 -0.176777
v 0.176777 0.925000 -0.176777
v 0.226020 0.835000 -0.102032
v 0.226020 0.865000 -0.102032
v 0.226020 0.895000 -0.102032
v 0.226020 0.925000 -0.102032
v 0.212523 0.835000 -0.130192
v 0.212523 0.865000 -0.130192
v 0.212523 0.895000 -0.130192
v 0.212523 0.925000 -0.130192
v 0.014422 0.475000 -0.248101
v 0.014422 0.505000 -0.248101
v 0.014422 0.535000 -0.248101
v 0.014422 0.565000 -0.248101
v 0.043382 0.475000 -0.244289
v 0.043382 0.505000 -0.244289
v 0.043382 0.535000 -0.244289
v 0.043382 0.565000 -0.244289
v 0.072688 0.475000 -0.238175
v 0.072688 0.505000 -0.238175
v 0.072688 0.535000 -0.238175
v 0.072688 0.565000 -0.238175
v 0.087624 0.475000 -0.231988
v 0.087624 0.505000 -0.231988
v 0.087624 0.535000 -0.231988
v 0.087624 0.565000 -0.231988
v 0.014422 0.595000 -0.248101
v 0.014422 0.625000 -0.248101
v 0.014422 0.655000 -0.248101
v 0.014422 0.685000 -0.248101
v 0.014422 0.715000 -0.248101
v 0.014422 0.745000 -0.248101
v 0.014422 0.775000 -0.248101
v 0.014422 0.805000 -0.248101
v 0.043382 0.595000 -0.244289
v 0.043382 0.625000 -0.244289
v 0.043382 0.655000 -0.244289
v 0.043382 0.685000 -0.244289
v 0.043382 0.715000 -0.244289
v 0.043382 0.745000 -0.244289
v 0.043382 0.775000 -0.244289
v 0.043382 0.805000 -0.244289
v 0.072688 0.595000 -0.238175
v 0.072688 0.625000 -0.238175
v 0.072688 0.655000 -0.238175
v 0.072688 0.685000 -0.238175
v 0.072688 0.715000 -0.238175
v 0.072688 0.745000 -0.238175
v 0.072688 0.775000 -0.238175
v 0.072688 0.805000 -0.238175
v 0.087624 0.595000 -0.231988
v 0.087624 0.625000 -0.231988
v 0.087624 0.655000 -0.231988
v 0.087624 0.685000 -0.231988
v 0.087624 0.715000 -0.231988
v 0.087624 0.745000 -0.231988
v 0.087624 0.775000 -0.231988
v 0.087624 0.805000 -0.231988
v 0.014422 0.835000 -0.248101
v 0.014422 0.865000 -0.248101
v 0.014422 0.895000 -0.248101
v 0.014422 0.925000 -0.248101
v 0.043382 0.835000 -0.244289
v 0.043382 0.865000 -0.244289
v 0.043382 0.895000 -0.244289
v 0.043382 0.925000 -0.244289
v 0.072688 0.835000 -0.238175
v 0.072688 0.865000 -0.238175
v 0.072688 0.895000 -0.238175
v 0.072688 0.925000 -0.238175
v 0.087624 0.835000 -0.231988
v 0.087624 0.865000 -0.231988
v 0.087624 0.895000 -0.231988
v 0.087624 0.925000 -0.231988
v 0.248101 0.475000 -0.014422
v 0.248101 0.505000 -0.014422
v 0.248101 0.535000 -0.014422
v 0.248101 0.565000 -0.014422
v 0.244289 0.475000 -0.043382
v 0.244289 0.505000 -0.043382
v 0.244289 0.535000 -0.043382
v 0.244289 0.565000 -0.043382
v 0.238175 0.475000 -0.072688
v 0.238175 0.505000 -0.072688
v 0.238175 0.535000 -0.072688
v 0.238175 0.565000 -0.072688
v 0.231988 0.475000 -0.087624
v 0.231988 0.505000 -0.087624
v 0.231988 0.535000 -0.087624
v 0.231988 0.565000 -0.087624
v 0.248101 0.595000 -0.014422
v 0.248101 0.625000 -0.014422
v 0.248101 0.655000 -0.014422
v 0.248101 0.685000 -0.014422
v 0.248101 0.715000 -0.014422
v 0.248101 0.745000 -0.014422
v 0.248101 0.775000 -0.014422
v 0.248101 0.805000 -0.014422
v 0.244289 0.595000 -0.043382
v 0.244289 0.625000 -0.043382
v 0.244289 0.655000 -0.043382
v 0.244289 0.685000 -0.043382
v 0.244289 0.715000 -0.043382
v 0.244289 0.745000 -0.043382
v 0.244289 0.775000 -0.043382
v 0.244289 0.805000 -0.043382
v 0.238175 0.595000 -0.072688
v 0.238175 0.625000 -0.072688
v 0.238175 0.655000 -0.072688
v 0.238175 0.685000 -0.072688
v 0.238175 0.715000 -0.072688
v 0.238175 0.745000 -0.072688
v 0.238175 0.775000 -0.072688
v 0.238175 0.805000 -0.072688
v 0.231988 0.595000 -0.087624
v 0.231988 0.625000 -0.087624
v 0.231988 0.655000 -0.087624
v 0.231988 0.685000 -0.087624
v 0.231988 0.715000 -0.087624
v 0.231988 0.745000 -0.087624
v 0.231988 0.775000 -0.087624
v 0.231988 0.805000 -0.087624
v 0.248101 0.835000 -0.014422
v 0.248101 0.865000 -0.014422
v 0.248101 0.895000 -0.014422
v 0.248101 0.925000 -0.014422
v 0.244289 0.835000 -0.043382
v 0.244289 0.865000 -0.043382
v 0.244289 0.895000 -0.043382
v 0.244289 0.925000 -0.043382
v 0.238175 0.835000 -0.072688
v 0.238175 0.865000 -0.072688
v 0.238175 0.895000 -0.072688
v 0.238175 0.925000 -0.072688
v 0.231988 0.835000 -0.087624
v 0.231988 0.865000 -0.087624
v 0.231988 0.895000 -0.087624
v 0.231988 0.925000 -0.087624
v -0.295331 0.012497 0.266567
v -0.295199 0.025888 0.266740
v -0.295199 0.055003 0.266740
v -0.295201 0.085000 0.266737
v -0.305343 0.006176 0.253520
v -0.308042 0.026492 0.250002
v -0.308411 0.055008 0.249521
v -0.308414 0.085000 0.249518
v -0.266567 0.012497 0.295331
v -0.266740 0.025888 0.295199
v -0.266740 0.055003 0.295199
v -0.266737 0.085000 0.295201
v -0.282843 0.003902 0.282843
v -0.282843 0.025652 0.282843
v -0.282843 0.055000 0.282843
v -0.282843 0.085000 0.282843
v -0.283544 0.000000 0.253794
v -0.253520 0.006176 0.305343
v -0.250002 0.026492 0.308042
v -0.249521 0.055008 0.308411
v -0.249518 0.085000 0.308414
v -0.253794 0.000000 0.283544
v -0.254274 0.000000 0.254274
v -0.387201 0.009813 0.097217
v -0.386646 0.026187 0.101437
v -0.386568 0.055002 0.102026
v -0.386567 0.085000 0.102030
v -0.390218 0.006871 0.074299
v -0.390298 0.025941 0.073694
v -0.390317 0.055000 0.073550
v -0.390317 0.085000 0.073550
v -0.394110 0.004072 0.044736
v -0.394210 0.026258 0.043976
v -0.394225 0.055000 0.043863
v -0.394225 0.085000 0.043863
v -0.398029 0.001393 0.014974
v -0.398093 0.026461 0.014481
v -0.398101 0.055000 0.014422
v -0.398101 0.085000 0.014422
v -0.354786 0.011995 0.179778
v -0.354269 0.026074 0.181028
v -0.354137 0.055000 0.181346
v -0.354137 0.085000 0.181346
v -0.361488 0.007159 0.163598
v -0.362232 0.026199 0.161803
v -0.362362 0.055003 0.161488
v -0.362363 0.085000 0.161486
v -0.372222 0.000000 0.135224
v -0.374588 0.026904 0.131973
v -0.374733 0.055008 0.131622
v -0.374734 0.085000 0.131620
v -0.377828 0.000000 0.107508
v -0.381395 0.027036 0.115538
v -0.381252 0.055008 0.115883
v -0.381251 0.085000 0.115888
v -0.373222 0.000000 0.074508
v -0.373204 0.000000 0.044729
v -0.373205 0.000000 0.014869
v -0.333774 0.007119 0.216467
v -0.332867 0.026748 0.217650
v -0.332695 0.055003 0.217874
v -0.332693 0.085000 0.217877
v -0.346806 0.000000 0.194542
v -0.348113 0.026292 0.195890
v -0.348015 0.055000 0.196124
v -0.348015 0.085000 0.196124
v -0.343334 0.000000 0.164224
v -0.343371 0.000000 0.134496
v -0.343908 0.000000 0.104658
v -0.344432 0.000000 0.074745
v -0.344774 0.000000 0.044912
v -0.344899 0.000000 0.014963
v -0.316718 0.000000 0.226752
v -0.321429 0.026948 0.232557
v -0.321393 0.055008 0.232603
v -0.321390 0.085000 0.232607
v -0.313570 0.000000 0.194019
v -0.314386 0.000000 0.164621
v -0.314856 0.000000 0.134882
v -0.314987 0.000000 0.104987
v -0.315000 0.000000 0.075000
v -0.315000 0.000000 0.045000
v -0.315000 0.000000 0.015000
v -0.283953 0.000000 0.224219
v -0.284706 0.000000 0.194729
v -0.284988 0.000000 0.164988
v -0.285000 0.000000 0.135000
v -0.285000 0.000000 0.105000
v -0.285000 0.000000 0.075000
v -0.285000 0.000000 0.045000
v -0.285000 0.000000 0.015000
v -0.254882 0.000000 0.224882
v -0.255000 0.000000 0.195000
v -0.255000 0.000000 0.165000
v -0.255000 0.000000 0.135000
v -0.255000 0.000000 0.105000
v -0.255000 0.000000 0.075000
v -0.255000 0.000000 0.045000
v -0.255000 0.000000 0.015000
v -0.216467 0.007119 0.333774
v -0.217650 0.026748 0.332867
v -0.217874 0.055003 0.332695
v -0.217877 0.085000 0.332693
v -0.226752 0.000000 0.316718
v -0.232556 0.026948 0.321429
v -0.232603 0.055008 0.321393
v -0.232607 0.085000 0.321390
v -0.224219 0.000000 0.283953
v -0.224882 0.000000 0.254882
v -0.179778 0.011995 0.354786
v -0.181028 0.026074 0.354269
v -0.181346 0.055000 0.354137
v -0.181346 0.085000 0.354137
v -0.194542 0.000000 0.346806
v -0.195890 0.026292 0.348113
v -0.196124 0.055000 0.348015
v -0.196124 0.085000 0.348015
v -0.194019 0.000000 0.313570
v -0.194729 0.000000 0.284706
v -0.195000 0.000000 0.255000
v -0.163598 0.007159 0.361488
v -0.161803 0.026199 0.362232
v -0.161488 0.055003 0.362362
v -0.161486 0.085000 0.362363
v -0.164224 0.000000 0.343334
v -0.164621 0.000000 0.314386
v -0.164988 0.000000 0.284988
v -0.165000 0.000000 0.255000
v -0.135224 0.000000 0.372222
v -0.131973 0.026904 0.374588
v -0.131622 0.055008 0.374733
v -0.131620 0.085000 0.374734
v -0.134496 0.000000 0.343371
v -0.134882 0.000000 0.314856
v -0.135000 0.000000 0.285000
v -0.135000 0.000000 0.255000
v -0.097217 0.009813 0.387201
v -0.101437 0.026187 0.386646
v -0.102026 0.055002 0.386568
v -0.102030 0.085000 0.386567
v -0.107508 0.000000 0.377828
v -0.115538 0.027036 0.381395
v -0.115883 0.055008 0.381252
v -0.115888 0.085000 0.381251
v -0.104658 0.000000 0.343908
v -0.104987 0.000000 0.314987
v -0.105000 0.000000 0.285000
v -0.105000 0.000000 0.255000
v -0.074299 0.006871 0.390218
v -0.073694 0.025941 0.390298
v -0.073550 0.055000 0.390317
v -0.073550 0.085000 0.390317
v -0.074508 0.000000 0.373222
v -0.074745 0.000000 0.344432
v -0.075000 0.000000 0.315000
v -0.075000 0.000000 0.285000
v -0.075000 0.000000 0.255000
v -0.044736 0.004072 0.394110
v -0.043976 0.026258 0.394210
v -0.043863 0.055000 0.394225
v -0.043863 0.085000 0.394225
v -0.044729 0.000000 0.373204
v -0.044912 0.000000 0.344774
v -0.045000 0.000000 0.315000
v -0.045000 0.000000 0.285000
v -0.045000 0.000000 0.255000
v -0.014974 0.001393 0.398029
v -0.014481 0.026461 0.398093
v -0.014422 0.055000 0.398101
v -0.014422 0.085000 0.398101
v -0.014869 0.000000 0.373205
v -0.014963 0.000000 0.344899
v -0.015000 0.000000 0.315000
v -0.015000 0.000000 0.285000
v -0.015000 0.000000 0.255000
v -0.225000 0.000000 0.225000
v -0.225000 0.000000 0.195000
v -0.225000 0.000000 0.165000
v -0.225000 0.000000 0.135000
v -0.225000 0.000000 0.105000
v -0.225000 0.000000 0.075000
v -0.225000 0.000000 0.045000
v -0.225000 0.000000 0.015000
v -0.195000 0.000000 0.225000
v -0.195000 0.000000 0.195000
v -0.195000 0.000000 0.165000
v -0.195000 0.000000 0.135000
v -0.195000 0.000000 0.105000
v -0.195000 0.000000 0.075000
v -0.195000 0.000000 0.045000
v -0.195000 0.000000 0.015000
v -0.165000 0.000000 0.225000
v -0.165000 0.000000 0.195000
v -0.165000 0.000000 0.165000
v -0.165000 0.000000 0.135000
v -0.165000 0.000000 0.105000
v -0.165000 0.000000 0.075000
v -0.165000 0.000000 0.045000
v -0.165000 0.000000 0.015000
v -0.135000 0.000000 0.225000
v -0.135000 0.000000 0.195000
v -0.135000 0.000000 0.165000
v -0.135000 0.000000 0.135000
v -0.135000 0.000000 0.105000
v -0.135000 0.000000 0.075000
v -0.135000 0.000000 0.045000
v -0.135000 0.000000 0.015000
v -0.105000 0.000000 0.225000
v -0.105000 0.000000 0.195000
v -0.105000 0.000000 0.165000
v -0.105000 0.000000 0.135000
v -0.105000 0.000000 0.105000
v -0.105000 0.000000 0.075000
v -0.105000 0.000000 0.045000
v -0.105000 0.000000 0.015000
v -0.075000 0.000000 0.225000
v -0.075000 0.000000 0.195000
v -0.075000 0.000000 0.165000
v -0.075000 0.000000 0.135000
v -0.075000 0.000000 0.105000
v -0.075000 0.000000 0.075000
v -0.075000 0.000000 0.045000
v -0.075000 0.000000 0.015000
v -0.045000 0.000000 0.225000
v -0.045000 0.000000 0.195000
v -0.045000 0.000000 0.165000
v -0.045000 0.000000 0.135000
v -0.045000 0.000000 0.105000
v -0.045000 0.000000 0.075000
v -0.045000 0.000000 0.045000
v -0.045000 0.000000 0.015000
v -0.015000 0.000000 0.225000
v -0.015000 0.000000 0.195000
v -0.015000 0.000000 0.165000
v -0.015000 0.000000 0.135000
v -0.015000 0.000000 0.105000
v -0.015000 0.000000 0.075000
v -0.015000 0.000000 0.045000
v -0.015000 0.000000 0.015000
v -0.295201 0.115000 0.266737
v -0.295199 0.144997 0.266740
v -0.295199 0.174112 0.266740
v -0.295331 0.187503 0.266567
v -0.308414 0.115000 0.249518
v -0.308411 0.144992 0.249521
v -0.308042 0.173508 0.250002
v -0.305343 0.193824 0.253520
v -0.266737 0.115000 0.295201
v -0.266740 0.144997 0.295199
v -0.266740 0.174112 0.295199
v -0.266567 0.187503 0.295331
v -0.282843 0.115000 0.282843
v -0.282843 0.145000 0.282843
v -0.282843 0.174348 0.282843
v -0.282843 0.196098 0.282843
v -0.283544 0.200000 0.253794
v -0.249518 0.115000 0.308414
v -0.249521 0.144992 0.308411
v -0.250002 0.173508 0.308042
v -0.253520 0.193824 0.305343
v -0.253794 0.200000 0.283544
v -0.254271 0.200000 0.254271
v -0.386567 0.115000 0.102030
v -0.386568 0.144998 0.102026
v -0.386646 0.173813 0.101437
v -0.387201 0.190187 0.097217
v -0.390317 0.115000 0.073550
v -0.390317 0.145000 0.073550
v -0.390298 0.174059 0.073694
v -0.390218 0.193129 0.074299
v -0.394225 0.115000 0.043863
v -0.394225 0.145000 0.043863
v -0.394210 0.173742 0.043976
v -0.394110 0.195928 0.044736
v -0.398101 0.115000 0.014422
v -0.398101 0.145000 0.014422
v -0.398093 0.173539 0.014481
v -0.398029 0.198607 0.014974
v -0.354137 0.115000 0.181346
v -0.354137 0.145000 0.181346
v -0.354269 0.173926 0.181028
v -0.354786 0.188005 0.179778
v -0.362363 0.115000 0.161486
v -0.362362 0.144997 0.161488
v -0.362232 0.173801 0.161803
v -0.361488 0.192841 0.163598
v -0.374734 0.115000 0.131620
v -0.374733 0.144992 0.131622
v -0.374588 0.173096 0.131973
v -0.372222 0.200000 0.135224
v -0.381251 0.115000 0.115888
v -0.381252 0.144992 0.115883
v -0.381395 0.172964 0.115538
v -0.377828 0.200000 0.107508
v -0.373222 0.200000 0.074508
v -0.373204 0.200000 0.044729
v -0.373205 0.200000 0.014869
v -0.332693 0.115000 0.217877
v -0.332695 0.144997 0.217874
v -0.332867 0.173252 0.217650
v -0.333774 0.192881 0.216467
v -0.348015 0.115000 0.196124
v -0.348015 0.145000 0.196124
v -0.348113 0.173708 0.195890
v -0.346806 0.200000 0.194542
v -0.343334 0.200000 0.164224
v -0.343371 0.200000 0.134496
v -0.343908 0.200000 0.104658
v -0.344432 0.200000 0.074745
v -0.344774 0.200000 0.044912
v -0.344899 0.200000 0.014963
v -0.321390 0.115000 0.232607
v -0.321393 0.144992 0.232603
v -0.321429 0.173052 0.232557
v -0.316718 0.200000 0.226752
v -0.313570 0.200000 0.194019
v -0.314384 0.200000 0.164618
v -0.314827 0.200000 0.134857
v -0.314819 0.200000 0.104873
v -0.314503 0.200000 0.074783
v -0.314131 0.200000 0.044843
v -0.313942 0.200000 0.014964
v -0.283953 0.200000 0.224219
v -0.284675 0.200000 0.194698
v -0.284728 0.200000 0.164786
v -0.284261 0.200000 0.134682
v -0.283655 0.200000 0.104526
v -0.282489 0.200000 0.074005
v -0.278025 0.200000 0.045314
v -0.253088 0.200000 0.032181
v -0.286098 0.200000 0.014328
v -0.252423 0.200000 0.011552
v -0.254793 0.200000 0.224798
v -0.254567 0.200000 0.194676
v -0.253786 0.200000 0.164108
v -0.250148 0.200000 0.132944
v -0.221598 0.201513 0.112707
v -0.255067 0.200000 0.102582
v -0.228730 0.223575 0.095491
v -0.232014 0.263590 0.087561
v -0.231988 0.295000 0.087623
v -0.231988 0.325000 0.087624
v -0.253751 0.200000 0.071507
v -0.238875 0.227114 0.070998
v -0.238154 0.263774 0.072739
v -0.238175 0.294999 0.072687
v -0.238175 0.325000 0.072688
v -0.254381 0.200000 0.053686
v -0.244384 0.222895 0.042655
v -0.244292 0.263642 0.043360
v -0.244289 0.294998 0.043382
v -0.244289 0.325000 0.043382
v -0.248200 0.233912 0.013675
v -0.248096 0.263680 0.014460
v -0.248101 0.294999 0.014422
v -0.248101 0.325000 0.014422
v -0.231988 0.355000 0.087624
v -0.231988 0.385000 0.087624
v -0.231988 0.415000 0.087624
v -0.231988 0.445000 0.087624
v -0.238175 0.355000 0.072688
v -0.238175 0.385000 0.072688
v -0.238175 0.415000 0.072688
v -0.238175 0.445000 0.072688
v -0.244289 0.355000 0.043382
v -0.244289 0.385000 0.043382
v -0.244289 0.415000 0.043382
v -0.244289 0.445000 0.043382
v -0.248101 0.355000 0.014422
v -0.248101 0.385000 0.014422
v -0.248101 0.415000 0.014422
v -0.248101 0.445000 0.014422
v -0.217877 0.115000 0.332693
v -0.217874 0.144997 0.332695
v -0.217650 0.173252 0.332867
v -0.216467 0.192881 0.333774
v -0.232607 0.115000 0.321390
v -0.232603 0.144992 0.321393
v -0.232556 0.173052 0.321429
v -0.226752 0.200000 0.316718
v -0.224219 0.200000 0.283953
v -0.224798 0.200000 0.254793
v -0.181346 0.115000 0.354137
v -0.181346 0.145000 0.354137
v -0.181028 0.173926 0.354269
v -0.179778 0.188005 0.354786
v -0.196124 0.115000 0.348015
v -0.196124 0.145000 0.348015
v -0.195890 0.173708 0.348113
v -0.194542 0.200000 0.346806
v -0.194019 0.200000 0.313570
v -0.194698 0.200000 0.284675
v -0.194676 0.200000 0.254567
v -0.161486 0.115000 0.362363
v -0.161488 0.144997 0.362362
v -0.161803 0.173801 0.362232
v -0.163598 0.192841 0.361488
v -0.164224 0.200000 0.343334
v -0.164618 0.200000 0.314384
v -0.164786 0.200000 0.284728
v -0.164108 0.200000 0.253786
v -0.131620 0.115000 0.374734
v -0.131622 0.144992 0.374733
v -0.131973 0.173096 0.374588
v -0.135224 0.200000 0.372222
v -0.134496 0.200000 0.343371
v -0.134857 0.200000 0.314827
v -0.134682 0.200000 0.284261
v -0.132944 0.200000 0.250148
v -0.112707 0.201513 0.221598
v -0.102030 0.115000 0.386567
v -0.102026 0.144998 0.386568
v -0.101437 0.173813 0.386646
v -0.097217 0.190187 0.387201
v -0.115888 0.115000 0.381251
v -0.115883 0.144992 0.381252
v -0.115538 0.172964 0.381395
v -0.107508 0.200000 0.377828
v -0.104658 0.200000 0.343908
v -0.104873 0.200000 0.314819
v -0.104526 0.200000 0.283655
v -0.102582 0.200000 0.255067
v -0.095491 0.223575 0.228730
v -0.087561 0.263590 0.232014
v -0.087623 0.295000 0.231988
v -0.087624 0.325000 0.231988
v -0.073550 0.115000 0.390317
v -0.073550 0.145000 0.390317
v -0.073694 0.174059 0.390298
v -0.074299 0.193129 0.390218
v -0.074508 0.200000 0.373222
v -0.074745 0.200000 0.344432
v -0.074783 0.200000 0.314503
v -0.074005 0.200000 0.282489
v -0.071507 0.200000 0.253751
v -0.070998 0.227114 0.238875
v -0.072739 0.263774 0.238154
v -0.072687 0.294999 0.238175
v -0.072688 0.325000 0.238175
v -0.043863 0.115000 0.394225
v -0.043863 0.145000 0.394225
v -0.043976 0.173742 0.394210
v -0.044736 0.195928 0.394110
v -0.044729 0.200000 0.373204
v -0.044912 0.200000 0.344774
v -0.044843 0.200000 0.314131
v -0.045314 0.200000 0.278025
v -0.032181 0.200000 0.253088
v -0.053686 0.200000 0.254381
v -0.042655 0.222894 0.244384
v -0.043360 0.263642 0.244292
v -0.043382 0.294998 0.244289
v -0.043382 0.325000 0.244289
v -0.014422 0.115000 0.398101
v -0.014422 0.145000 0.398101
v -0.014481 0.173539 0.398093
v -0.014974 0.198607 0.398029
v -0.014869 0.200000 0.373205
v -0.014963 0.200000 0.344899
v -0.014964 0.200000 0.313942
v -0.014328 0.200000 0.286098
v -0.011552 0.200000 0.252423
v -0.013675 0.233912 0.248200
v -0.014460 0.263680 0.248096
v -0.014422 0.294999 0.248101
v -0.014422 0.325000 0.248101
v -0.087624 0.355000 0.231988
v -0.087624 0.385000 0.231988
v -0.087624 0.415000 0.231988
v -0.087624 0.445000 0.231988
v -0.072688 0.355000 0.238175
v -0.072688 0.385000 0.238175
v -0.072688 0.415000 0.238175
v -0.072688 0.445000 0.238175
v -0.043382 0.355000 0.244289
v -0.043382 0.385000 0.244289
v -0.043382 0.415000 0.244289
v -0.043382 0.445000 0.244289
v -0.014422 0.355000 0.248101
v -0.014422 0.385000 0.248101
v -0.014422 0.415000 0.248101
v -0.014422 0.445000 0.248101
v -0.224513 0.200000 0.224513
v -0.223345 0.200000 0.193627
v -0.218503 0.200000 0.161512
v -0.200357 0.215253 0.146046
v -0.226097 0.200000 0.138789
v -0.213285 0.229080 0.129198
v -0.212664 0.264130 0.130007
v -0.212523 0.295000 0.130192
v -0.212523 0.325000 0.130192
v -0.224959 0.240625 0.104595
v -0.226110 0.263672 0.101814
v -0.226020 0.295000 0.102032
v -0.226020 0.325000 0.102032
v -0.193627 0.200000 0.223345
v -0.189454 0.200000 0.189454
v -0.176777 0.227908 0.176777
v -0.176777 0.263975 0.176777
v -0.176777 0.294999 0.176777
v -0.176777 0.325000 0.176777
v -0.196211 0.200000 0.168391
v -0.191527 0.230294 0.157554
v -0.189933 0.264079 0.159631
v -0.190074 0.294999 0.159447
v -0.190075 0.325000 0.159446
v -0.202061 0.246396 0.143825
v -0.202044 0.264186 0.143847
v -0.201997 0.295000 0.143909
v -0.201997 0.325000 0.143909
v -0.161512 0.200000 0.218503
v -0.146046 0.215253 0.200357
v -0.168391 0.200000 0.196211
v -0.157554 0.230294 0.191527
v -0.159631 0.264079 0.189933
v -0.159447 0.294999 0.190074
v -0.159446 0.325000 0.190075
v -0.138789 0.200000 0.226097
v -0.129198 0.229080 0.213285
v -0.130007 0.264130 0.212664
v -0.130192 0.295000 0.212523
v -0.130192 0.325000 0.212523
v -0.143825 0.246396 0.202061
v -0.143847 0.264186 0.202044
v -0.143909 0.295000 0.201997
v -0.143909 0.325000 0.201997
v -0.104595 0.240625 0.224959
v -0.101814 0.263672 0.226110
v -0.102032 0.295000 0.226020
v -0.102032 0.325000 0.226020
v -0.212523 0.355000 0.130192
v -0.212523 0.385000 0.130192
v -0.212523 0.415000 0.130192
v -0.212523 0.445000 0.130192
v -0.226020 0.355000 0.102032
v -0.226020 0.385000 0.102032
v -0.226020 0.415000 0.102032
v -0.226020 0.445000 0.102032
v -0.176777 0.355000 0.176777
v -0.176777 0.385000 0.176777
v -0.176777 0.415000 0.176777
v -0.176777 0.445000 0.176777
v -0.190075 0.355000 0.159446
v -0.190075 0.385000 0.159446
v -0.190075 0.415000 0.159446
v -0.190075 0.445000 0.159446
v -0.201997 0.355000 0.143909
v -0.201997 0.385000 0.143909
v -0.201997 0.415000 0.143909
v -0.201997 0.445000 0.143909
v -0.159446 0.355000 0.190075
v -0.159446 0.385000 0.190075
v -0.159446 0.415000 0.190075
v -0.159446 0.445000 0.190075
v -0.130192 0.355000 0.212523
v -0.130192 0.385000 0.212523
v -0.130192 0.415000 0.212523
v -0.130192 0.445000 0.212523
v -0.143909 0.355000 0.201997
v -0.143909 0.385000 0.201997
v -0.143909 0.415000 0.201997
v -0.143909 0.445000 0.201997
v -0.102032 0.355000 0.226020
v -0.102032 0.385000 0.226020
v -0.102032 0.415000 0.226020
v -0.102032 0.445000 0.226020
v -0.398029 0.001393 -0.014974
v -0.398093 0.026461 -0.014481
v -0.398101 0.055000 -0.014422
v -0.398101 0.085000 -0.014422
v -0.394110 0.004072 -0.044736
v -0.394210 0.026258 -0.043976
v -0.394225 0.055000 -0.043863
v -0.394225 0.085000 -0.043863
v -0.390218 0.006871 -0.074299
v -0.390298 0.025941 -0.073694
v -0.390317 0.055000 -0.073550
v -0.390317 0.085000 -0.073550
v -0.387201 0.009813 -0.097217
v -0.386646 0.026187 -0.101437
v -0.386568 0.055002 -0.102026
v -0.386567 0.085000 -0.102030
v -0.373205 0.000000 -0.014869
v -0.373204 0.000000 -0.044729
v -0.373222 0.000000 -0.074508
v -0.377828 0.000000 -0.107508
v -0.381395 0.027036 -0.115538
v -0.381252 0.055008 -0.115883
v -0.381251 0.085000 -0.115888
v -0.372222 0.000000 -0.135224
v -0.374588 0.026904 -0.131973
v -0.374733 0.055008 -0.131622
v -0.374734 0.085000 -0.131620
v -0.361488 0.007159 -0.163598
v -0.362232 0.026199 -0.161803
v -0.362362 0.055003 -0.161488
v -0.362363 0.085000 -0.161486
v -0.354786 0.011995 -0.179778
v -0.354269 0.026074 -0.181028
v -0.354137 0.055000 -0.181346
v -0.354137 0.085000 -0.181346
v -0.344899 0.000000 -0.014963
v -0.344774 0.000000 -0.044912
v -0.344432 0.000000 -0.074745
v -0.343908 0.000000 -0.104658
v -0.343371 0.000000 -0.134496
v -0.343334 0.000000 -0.164224
v -0.346806 0.000000 -0.194542
v -0.348113 0.026292 -0.195890
v -0.348015 0.055000 -0.196124
v -0.348015 0.085000 -0.196124
v -0.333774 0.007119 -0.216467
v -0.332867 0.026748 -0.217650
v -0.332695 0.055003 -0.217874
v -0.332693 0.085000 -0.217877
v -0.315000 0.000000 -0.015000
v -0.315000 0.000000 -0.045000
v -0.315000 0.000000 -0.075000
v -0.314987 0.000000 -0.104987
v -0.314856 0.000000 -0.134882
v -0.314386 0.000000 -0.164621
v -0.313570 0.000000 -0.194019
v -0.316718 0.000000 -0.226752
v -0.321429 0.026948 -0.232557
v -0.321393 0.055008 -0.232603
v -0.321390 0.085000 -0.232607
v -0.285000 0.000000 -0.015000
v -0.285000 0.000000 -0.045000
v -0.285000 0.000000 -0.075000
v -0.285000 0.000000 -0.105000
v -0.285000 0.000000 -0.135000
v -0.284988 0.000000 -0.164988
v -0.284706 0.000000 -0.194729
v -0.283953 0.000000 -0.224219
v -0.255000 0.000000 -0.015000
v -0.255000 0.000000 -0.045000
v -0.255000 0.000000 -0.075000
v -0.255000 0.000000 -0.105000
v -0.255000 0.000000 -0.135000
v -0.255000 0.000000 -0.165000
v -0.255000 0.000000 -0.195000
v -0.254882 0.000000 -0.224882
v -0.305343 0.006176 -0.253520
v -0.308042 0.026492 -0.250002
v -0.308411 0.055008 -0.249521
v -0.308414 0.085000 -0.249518
v -0.295331 0.012497 -0.266567
v -0.295199 0.025888 -0.266740
v -0.295199 0.055003 -0.266740
v -0.295201 0.085000 -0.266737
v -0.283544 0.000000 -0.253794
v -0.282843 0.003902 -0.282843
v -0.282843 0.025652 -0.282843
v -0.282843 0.055000 -0.282843
v -0.282843 0.085000 -0.282843
v -0.266567 0.012497 -0.295331
v -0.266740 0.025888 -0.295199
v -0.266740 0.055003 -0.295199
v -0.266737 0.085000 -0.295201
v -0.254274 0.000000 -0.254274
v -0.253794 0.000000 -0.283544
v -0.253520 0.006176 -0.305343
v -0.250002 0.026492 -0.308042
v -0.249521 0.055008 -0.308411
v -0.249518 0.085000 -0.308414
v -0.225000 0.000000 -0.015000
v -0.225000 0.000000 -0.045000
v -0.225000 0.000000 -0.075000
v -0.225000 0.000000 -0.105000
v -0.225000 0.000000 -0.135000
v -0.225000 0.000000 -0.165000
v -0.225000 0.000000 -0.195000
v -0.225000 0.000000 -0.225000
v -0.195000 0.000000 -0.015000
v -0.195000 0.000000 -0.045000
v -0.195000 0.000000 -0.075000
v -0.195000 0.000000 -0.105000
v -0.195000 0.000000 -0.135000
v -0.195000 0.000000 -0.165000
v -0.195000 0.000000 -0.195000
v -0.195000 0.000000 -0.225000
v -0.165000 0.000000 -0.015000
v -0.165000 0.000000 -0.045000
v -0.165000 0.000000 -0.075000
v -0.165000 0.000000 -0.105000
v -0.165000 0.000000 -0.135000
v -0.165000 0.000000 -0.165000
v -0.165000 0.000000 -0.195000
v -0.165000 0.000000 -0.225000
v -0.135000 0.000000 -0.015000
v -0.135000 0.000000 -0.045000
v -0.135000 0.000000 -0.075000
v -0.135000 0.000000 -0.105000
v -0.135000 0.000000 -0.135000
v -0.135000 0.000000 -0.165000
v -0.135000 0.000000 -0.195000
v -0.135000 0.000000 -0.225000
v -0.105000 0.000000 -0.015000
v -0.105000 0.000000 -0.045000
v -0.105000 0.000000 -0.075000
v -0.105000 0.000000 -0.105000
v -0.105000 0.000000 -0.135000
v -0.105000 0.000000 -0.165000
v -0.105000 0.000000 -0.195000
v -0.105000 0.000000 -0.225000
v -0.075000 0.000000 -0.015000
v -0.075000 0.000000 -0.045000
v -0.075000 0.000000 -0.075000
v -0.075000 0.000000 -0.105000
v -0.075000 0.000000 -0.135000
v -0.075000 0.000000 -0.165000
v -0.075000 0.000000 -0.195000
v -0.075000 0.000000 -0.225000
v -0.045000 0.000000 -0.015000
v -0.045000 0.000000 -0.045000
v -0.045000 0.000000 -0.075000
v -0.045000 0.000000 -0.105000
v -0.045000 0.000000 -0.135000
v -0.045000 0.000000 -0.165000
v -0.045000 0.000000 -0.195000
v -0.045000 0.000000 -0.225000
v -0.015000 0.000000 -0.015000
v -0.015000 0.000000 -0.045000
v -0.015000 0.000000 -0.075000
v -0.015000 0.000000 -0.105000
v -0.015000 0.000000 -0.135000
v -0.015000 0.000000 -0.165000
v -0.015000 0.000000 -0.195000
v -0.015000 0.000000 -0.225000
v -0.224882 0.000000 -0.254882
v -0.224219 0.000000 -0.283953
v -0.226752 0.000000 -0.316718
v -0.232556 0.026948 -0.321429
v -0.232603 0.055008 -0.321393
v -0.232607 0.085000 -0.321390
v -0.216467 0.007119 -0.333774
v -0.217650 0.026748 -0.332867
v -0.217874 0.055003 -0.332695
v -0.217877 0.085000 -0.332693
v -0.195000 0.000000 -0.255000
v -0.194729 0.000000 -0.284706
v -0.194019 0.000000 -0.313570
v -0.194542 0.000000 -0.346806
v -0.195890 0.026292 -0.348113
v -0.196124 0.055000 -0.348015
v -0.196124 0.085000 -0.348015
v -0.179778 0.011995 -0.354786
v -0.181028 0.026074 -0.354269
v -0.181346 0.055000 -0.354137
v -0.181346 0.085000 -0.354137
v -0.165000 0.000000 -0.255000
v -0.164988 0.000000 -0.284988
v -0.164621 0.000000 -0.314386
v -0.164224 0.000000 -0.343334
v -0.163598 0.007159 -0.361488
v -0.161803 0.026199 -0.362232
v -0.161488 0.055003 -0.362362
v -0.161486 0.085000 -0.362363
v -0.135000 0.000000 -0.255000
v -0.135000 0.000000 -0.285000
v -0.134882 0.000000 -0.314856
v -0.134496 0.000000 -0.343371
v -0.135224 0.000000 -0.372222
v -0.131973 0.026904 -0.374588
v -0.131622 0.055008 -0.374733
v -0.131620 0.085000 -0.374734
v -0.105000 0.000000 -0.255000
v -0.105000 0.000000 -0.285000
v -0.104987 0.000000 -0.314987
v -0.104658 0.000000 -0.343908
v -0.107508 0.000000 -0.377828
v -0.115538 0.027036 -0.381395
v -0.115883 0.055008 -0.381252
v -0.115888 0.085000 -0.381251
v -0.097217 0.009813 -0.387201
v -0.101437 0.026187 -0.386646
v -0.102026 0.055002 -0.386568
v -0.102030 0.085000 -0.386567
v -0.075000 0.000000 -0.255000
v -0.075000 0.000000 -0.285000
v -0.075000 0.000000 -0.315000
v -0.074745 0.000000 -0.344432
v -0.074508 0.000000 -0.373222
v -0.074299 0.006871 -0.390218
v -0.073694 0.025941 -0.390298
v -0.073550 0.055000 -0.390317
v -0.073550 0.085000 -0.390317
v -0.045000 0.000000 -0.255000
v -0.045000 0.000000 -0.285000
v -0.045000 0.000000 -0.315000
v -0.044912 0.000000 -0.344774
v -0.044729 0.000000 -0.373204
v -0.044736 0.004072 -0.394110
v -0.043976 0.026258 -0.394210
v -0.043863 0.055000 -0.394225
v -0.043863 0.085000 -0.394225
v -0.015000 0.000000 -0.255000
v -0.015000 0.000000 -0.285000
v -0.015000 0.000000 -0.315000
v -0.014963 0.000000 -0.344899
v -0.014869 0.000000 -0.373205
v -0.014974 0.001393 -0.398029
v -0.014481 0.026461 -0.398093
v -0.014422 0.055000 -0.398101
v -0.014422 0.085000 -0.398101
v -0.398101 0.115000 -0.014422
v -0.398101 0.145000 -0.014422
v -0.398093 0.173539 -0.014481
v -0.398029 0.198607 -0.014974
v -0.394225 0.115000 -0.043863
v -0.394225 0.145000 -0.043863
v -0.394210 0.173742 -0.043976
v -0.394110 0.195928 -0.044736
v -0.390317 0.115000 -0.073550
v -0.390317 0.145000 -0.073550
v -0.390298 0.174059 -0.073694
v -0.390218 0.193129 -0.074299
v -0.386567 0.115000 -0.102030
v -0.386568 0.144998 -0.102026
v -0.386646 0.173813 -0.101437
v -0.387201 0.190187 -0.097217
v -0.373205 0.200000 -0.014869
v -0.373204 0.200000 -0.044729
v -0.373222 0.200000 -0.074508
v -0.381251 0.115000 -0.115888
v -0.381252 0.144992 -0.115883
v -0.381395 0.172964 -0.115538
v -0.377828 0.200000 -0.107508
v -0.374734 0.115000 -0.131620
v -0.374733 0.144992 -0.131622
v -0.374588 0.173096 -0.131973
v -0.372222 0.200000 -0.135224
v -0.362363 0.115000 -0.161486
v -0.362362 0.144997 -0.161488
v -0.362232 0.173801 -0.161803
v -0.361488 0.192841 -0.163598
v -0.354137 0.115000 -0.181346
v -0.354137 0.145000 -0.181346
v -0.354269 0.173926 -0.181028
v -0.354786 0.188005 -0.179778
v -0.344899 0.200000 -0.014963
v -0.344774 0.200000 -0.044912
v -0.344432 0.200000 -0.074745
v -0.343908 0.200000 -0.104658
v -0.343371 0.200000 -0.134496
v -0.343334 0.200000 -0.164224
v -0.348015 0.115000 -0.196124
v -0.348015 0.145000 -0.196124
v -0.348113 0.173708 -0.195890
v -0.346806 0.200000 -0.194542
v -0.332693 0.115000 -0.217877
v -0.332695 0.144997 -0.217874
v -0.332867 0.173252 -0.217650
v -0.333774 0.192881 -0.216467
v -0.313942 0.200000 -0.014964
v -0.314131 0.200000 -0.044843
v -0.314503 0.200000 -0.074783
v -0.314819 0.200000 -0.104873
v -0.314827 0.200000 -0.134857
v -0.314384 0.200000 -0.164618
v -0.313570 0.200000 -0.194019
v -0.321390 0.115000 -0.232607
v -0.321393 0.144992 -0.232603
v -0.321429 0.173052 -0.232557
v -0.316718 0.200000 -0.226752
v -0.286098 0.200000 -0.014328
v -0.252423 0.200000 -0.011552
v -0.278025 0.200000 -0.045314
v -0.253088 0.200000 -0.032181
v -0.282489 0.200000 -0.074005
v -0.283655 0.200000 -0.104526
v -0.284261 0.200000 -0.134682
v -0.284728 0.200000 -0.164786
v -0.284675 0.200000 -0.194698
v -0.283953 0.200000 -0.224219
v -0.248200 0.233912 -0.013675
v -0.248096 0.263680 -0.014460
v -0.248101 0.294999 -0.014422
v -0.248101 0.325000 -0.014422
v -0.254381 0.200000 -0.053686
v -0.244384 0.222895 -0.042655
v -0.244292 0.263642 -0.043360
v -0.244289 0.294998 -0.043382
v -0.244289 0.325000 -0.043382
v -0.253751 0.200000 -0.071507
v -0.238875 0.227114 -0.070998
v -0.238154 0.263774 -0.072739
v -0.238175 0.294999 -0.072687
v -0.238175 0.325000 -0.072688
v -0.255067 0.200000 -0.102582
v -0.228730 0.223575 -0.095491
v -0.232014 0.263590 -0.087561
v -0.231988 0.295000 -0.087623
v -0.231988 0.325000 -0.087624
v -0.250148 0.200000 -0.132944
v -0.221598 0.201513 -0.112707
v -0.253786 0.200000 -0.164108
v -0.254567 0.200000 -0.194676
v -0.254793 0.200000 -0.224798
v -0.248101 0.355000 -0.014422
v -0.248101 0.385000 -0.014422
v -0.248101 0.415000 -0.014422
v -0.248101 0.445000 -0.014422
v -0.244289 0.355000 -0.043382
v -0.244289 0.385000 -0.043382
v -0.244289 0.415000 -0.043382
v -0.244289 0.445000 -0.043382
v -0.238175 0.355000 -0.072688
v -0.238175 0.385000 -0.072688
v -0.238175 0.415000 -0.072688
v -0.238175 0.445000 -0.072688
v -0.231988 0.355000 -0.087624
v -0.231988 0.385000 -0.087624
v -0.231988 0.415000 -0.087624
v -0.231988 0.445000 -0.087624
v -0.308414 0.115000 -0.249518
v -0.308411 0.144992 -0.249521
v -0.308042 0.173508 -0.250002
v -0.305343 0.193824 -0.253520
v -0.295201 0.115000 -0.266737
v -0.295199 0.144997 -0.266740
v -0.295199 0.174112 -0.266740
v -0.295331 0.187503 -0.266567
v -0.283544 0.200000 -0.253794
v -0.282843 0.115000 -0.282843
v -0.282843 0.145000 -0.282843
v -0.282843 0.174348 -0.282843
v -0.282843 0.196098 -0.282843
v -0.266737 0.115000 -0.295201
v -0.266740 0.144997 -0.295199
v -0.266740 0.174112 -0.295199
v -0.266567 0.187503 -0.295331
v -0.254271 0.200000 -0.254271
v -0.253794 0.200000 -0.283544
v -0.249518 0.115000 -0.308414
v -0.249521 0.144992 -0.308411
v -0.250002 0.173508 -0.308042
v -0.253520 0.193824 -0.305343
v -0.224959 0.240625 -0.104595
v -0.226110 0.263672 -0.101814
v -0.226020 0.295000 -0.102032
v -0.226020 0.325000 -0.102032
v -0.226097 0.200000 -0.138789
v -0.213285 0.229080 -0.129198
v -0.212664 0.264130 -0.130007
v -0.212523 0.295000 -0.130192
v -0.212523 0.325000 -0.130192
v -0.218503 0.200000 -0.161512
v -0.200357 0.215253 -0.146046
v -0.223345 0.200000 -0.193627
v -0.224513 0.200000 -0.224513
v -0.202061 0.246396 -0.143825
v -0.202044 0.264186 -0.143847
v -0.201997 0.295000 -0.143909
v -0.201997 0.325000 -0.143909
v -0.196211 0.200000 -0.168391
v -0.191527 0.230294 -0.157554
v -0.189933 0.264079 -0.159631
v -0.190074 0.294999 -0.159447
v -0.190075 0.325000 -0.159446
v -0.189454 0.200000 -0.189454
v -0.176777 0.227908 -0.176777
v -0.176777 0.263975 -0.176777
v -0.176777 0.294999 -0.176777
v -0.176777 0.325000 -0.176777
v -0.193627 0.200000 -0.223345
v -0.168391 0.200000 -0.196211
v -0.157554 0.230294 -0.191527
v -0.159631 0.264079 -0.189933
v -0.159447 0.294999 -0.190074
v -0.159446 0.325000 -0.190075
v -0.161512 0.200000 -0.218503
v -0.146046 0.215253 -0.200357
v -0.143825 0.246396 -0.202061
v -0.143847 0.264186 -0.202044
v -0.143909 0.295000 -0.201997
v -0.143909 0.325000 -0.201997
v -0.138789 0.200000 -0.226097
v -0.129198 0.229080 -0.213285
v -0.130007 0.264130 -0.212664
v -0.130192 0.295000 -0.212523
v -0.130192 0.325000 -0.212523
v -0.104595 0.240625 -0.224959
v -0.101814 0.263672 -0.226110
v -0.102032 0.295000 -0.226020
v -0.102032 0.325000 -0.226020
v -0.226020 0.355000 -0.102032
v -0.226020 0.385000 -0.102032
v -0.226020 0.415000 -0.102032
v -0.226020 0.445000 -0.102032
v -0.212523 0.355000 -0.130192
v -0.212523 0.385000 -0.130192
v -0.212523 0.415000 -0.130192
v -0.212523 0.445000 -0.130192
v -0.201997 0.355000 -0.143909
v -0.201997 0.385000 -0.143909
v -0.201997 0.415000 -0.143909
v -0.201997 0.445000 -0.143909
v -0.190075 0.355000 -0.159446
v -0.190075 0.385000 -0.159446
v -0.190075 0.415000 -0.159446
v -0.190075 0.445000 -0.159446
v -0.176777 0.355000 -0.176777
v -0.176777 0.385000 -0.176777
v -0.176777 0.415000 -0.176777
v -0.176777 0.445000 -0.176777
v -0.159446 0.355000 -0.190075
v -0.159446 0.385000 -0.190075
v -0.159446 0.415000 -0.190075
v -0.159446 0.445000 -0.190075
v -0.143909 0.355000 -0.201997
v -0.143909 0.385000 -0.201997
v -0.143909 0.415000 -0.201997
v -0.143909 0.445000 -0.201997
v -0.130192 0.355000 -0.212523
v -0.130192 0.385000 -0.212523
v -0.130192 0.415000 -0.212523
v -0.130192 0.445000 -0.212523
v -0.102032 0.355000 -0.226020
v -0.102032 0.385000 -0.226020
v -0.102032 0.415000 -0.226020
v -0.102032 0.445000 -0.226020
v -0.224798 0.200000 -0.254793
v -0.224219 0.200000 -0.283953
v -0.232607 0.115000 -0.321390
v -0.232603 0.144992 -0.321393
v -0.232557 0.173052 -0.321429
v -0.226752 0.200000 -0.316718
v -0.217877 0.115000 -0.332693
v -0.217874 0.144997 -0.332695
v -0.217650 0.173252 -0.332867
v -0.216467 0.192881 -0.333774
v -0.194676 0.200000 -0.254567
v -0.194698 0.200000 -0.284675
v -0.194019 0.200000 -0.313570
v -0.196124 0.115000 -0.348015
v -0.196124 0.145000 -0.348015
v -0.195890 0.173708 -0.348113
v -0.194542 0.200000 -0.346806
v -0.181346 0.115000 -0.354137
v -0.181346 0.145000 -0.354137
v -0.181028 0.173926 -0.354269
v -0.179778 0.188005 -0.354786
v -0.164108 0.200000 -0.253786
v -0.164786 0.200000 -0.284728
v -0.164618 0.200000 -0.314384
v -0.164224 0.200000 -0.343334
v -0.161486 0.115000 -0.362363
v -0.161488 0.144997 -0.362362
v -0.161803 0.173801 -0.362232
v -0.163598 0.192841 -0.361488
v -0.132944 0.200000 -0.250148
v -0.112707 0.201513 -0.221598
v -0.134682 0.200000 -0.284261
v -0.134857 0.200000 -0.314827
v -0.134496 0.200000 -0.343371
v -0.131620 0.115000 -0.374734
v -0.131622 0.144992 -0.374733
v -0.131973 0.173096 -0.374588
v -0.135224 0.200000 -0.372222
v -0.102582 0.200000 -0.255067
v -0.095491 0.223575 -0.228730
v -0.087561 0.263590 -0.232014
v -0.087623 0.295000 -0.231988
v -0.087624 0.325000 -0.231988
v -0.104526 0.200000 -0.283655
v -0.104873 0.200000 -0.314819
v -0.104658 0.200000 -0.343908
v -0.115888 0.115000 -0.381251
v -0.115883 0.144992 -0.381252
v -0.115538 0.172964 -0.381395
v -0.107508 0.200000 -0.377828
v -0.102030 0.115000 -0.386567
v -0.102026 0.144998 -0.386568
v -0.101437 0.173813 -0.386646
v -0.097217 0.190187 -0.387201
v -0.071507 0.200000 -0.253751
v -0.070998 0.227114 -0.238875
v -0.072739 0.263774 -0.238154
v -0.072687 0.294999 -0.238175
v -0.072688 0.325000 -0.238175
v -0.074005 0.200000 -0.282489
v -0.074783 0.200000 -0.314503
v -0.074745 0.200000 -0.344432
v -0.074508 0.200000 -0.373222
v -0.073550 0.115000 -0.390317
v -0.073550 0.145000 -0.390317
v -0.073694 0.174059 -0.390298
v -0.074299 0.193129 -0.390218
v -0.053686 0.200000 -0.254381
v -0.042655 0.222894 -0.244384
v -0.043360 0.263642 -0.244292
v -0.043382 0.294998 -0.244289
v -0.043382 0.325000 -0.244289
v -0.045314 0.200000 -0.278025
v -0.032181 0.200000 -0.253088
v -0.044843 0.200000 -0.314131
v -0.044912 0.200000 -0.344774
v -0.044729 0.200000 -0.373204
v -0.043863 0.115000 -0.394225
v -0.043863 0.145000 -0.394225
v -0.043976 0.173742 -0.394210
v -0.044736 0.195928 -0.394110
v -0.013675 0.233912 -0.248200
v -0.014460 0.263680 -0.248096
v -0.014422 0.294999 -0.248101
v -0.014422 0.325000 -0.248101
v -0.014328 0.200000 -0.286098
v -0.011552 0.200000 -0.252423
v -0.014964 0.200000 -0.313942
v -0.014963 0.200000 -0.344899
v -0.014869 0.200000 -0.373205
v -0.014422 0.115000 -0.398101
v -0.014422 0.145000 -0.398101
v -0.014481 0.173539 -0.398093
v -0.014974 0.198607 -0.398029
v -0.087624 0.355000 -0.231988
v -0.087624 0.385000 -0.231988
v -0.087624 0.415000 -0.231988
v -0.087624 0.445000 -0.231988
v -0.072688 0.355000 -0.238175
v -0.072688 0.385000 -0.238175
v -0.072688 0.415000 -0.238175
v -0.072688 0.445000 -0.238175
v -0.043382 0.355000 -0.244289
v -0.043382 0.385000 -0.244289
v -0.043382 0.415000 -0.244289
v -0.043382 0.445000 -0.244289
v -0.014422 0.355000 -0.248101
v -0.014422 0.385000 -0.248101
v -0.014422 0.415000 -0.248101
v -0.014422 0.445000 -0.248101
v 0.014974 0.001393 0.398029
v 0.014481 0.026461 0.398093
v 0.014422 0.055000 0.398101
v 0.014422 0.085000 0.398101
v 0.014869 0.000000 0.373205
v 0.014963 0.000000 0.344899
v 0.015000 0.000000 0.315000
v 0.015000 0.000000 0.285000
v 0.015000 0.000000 0.255000
v 0.044736 0.004072 0.394110
v 0.043976 0.026258 0.394210
v 0.043863 0.055000 0.394225
v 0.043863 0.085000 0.394225
v 0.044729 0.000000 0.373204
v 0.044912 0.000000 0.344774
v 0.045000 0.000000 0.315000
v 0.045000 0.000000 0.285000
v 0.045000 0.000000 0.255000
v 0.074299 0.006871 0.390218
v 0.073694 0.025941 0.390298
v 0.073550 0.055000 0.390317
v 0.073550 0.085000 0.390317
v 0.074508 0.000000 0.373222
v 0.074745 0.000000 0.344432
v 0.075000 0.000000 0.315000
v 0.075000 0.000000 0.285000
v 0.075000 0.000000 0.255000
v 0.097217 0.009813 0.387201
v 0.101437 0.026187 0.386646
v 0.102026 0.055002 0.386568
v 0.102030 0.085000 0.386567
v 0.107508 0.000000 0.377828
v 0.115538 0.027036 0.381395
v 0.115883 0.055008 0.381252
v 0.115888 0.085000 0.381251
v 0.104658 0.000000 0.343908
v 0.104987 0.000000 0.314987
v 0.105000 0.000000 0.285000
v 0.105000 0.000000 0.255000
v 0.135224 0.000000 0.372222
v 0.131973 0.026904 0.374588
v 0.131622 0.055008 0.374733
v 0.131620 0.085000 0.374734
v 0.134496 0.000000 0.343371
v 0.134882 0.000000 0.314856
v 0.135000 0.000000 0.285000
v 0.135000 0.000000 0.255000
v 0.163598 0.007159 0.361488
v 0.161803 0.026199 0.362232
v 0.161488 0.055003 0.362362
v 0.161486 0.085000 0.362363
v 0.164224 0.000000 0.343334
v 0.164621 0.000000 0.314386
v 0.164988 0.000000 0.284988
v 0.165000 0.000000 0.255000
v 0.179778 0.011995 0.354786
v 0.181028 0.026074 0.354269
v 0.181346 0.055000 0.354137
v 0.181346 0.085000 0.354137
v 0.194542 0.000000 0.346806
v 0.195890 0.026292 0.348113
v 0.196124 0.055000 0.348015
v 0.196124 0.085000 0.348015
v 0.194019 0.000000 0.313570
v 0.194729 0.000000 0.284706
v 0.195000 0.000000 0.255000
v 0.216467 0.007119 0.333774
v 0.217650 0.026748 0.332867
v 0.217874 0.055003 0.332695
v 0.217877 0.085000 0.332693
v 0.226752 0.000000 0.316718
v 0.232556 0.026948 0.321429
v 0.232603 0.055008 0.321393
v 0.232607 0.085000 0.321390
v 0.224219 0.000000 0.283953
v 0.224882 0.000000 0.254882
v 0.015000 0.000000 0.225000
v 0.015000 0.000000 0.195000
v 0.015000 0.000000 0.165000
v 0.015000 0.000000 0.135000
v 0.015000 0.000000 0.105000
v 0.015000 0.000000 0.075000
v 0.015000 0.000000 0.045000
v 0.015000 0.000000 0.015000
v 0.045000 0.000000 0.225000
v 0.045000 0.000000 0.195000
v 0.045000 0.000000 0.165000
v 0.045000 0.000000 0.135000
v 0.045000 0.000000 0.105000
v 0.045000 0.000000 0.075000
v 0.045000 0.000000 0.045000
v 0.045000 0.000000 0.015000
v 0.075000 0.000000 0.225000
v 0.075000 0.000000 0.195000
v 0.075000 0.000000 0.165000
v 0.075000 0.000000 0.135000
v 0.075000 0.000000 0.105000
v 0.075000 0.000000 0.075000
v 0.075000 0.000000 0.045000
v 0.075000 0.000000 0.015000
v 0.105000 0.000000 0.225000
v 0.105000 0.000000 0.195000
v 0.105000 0.000000 0.165000
v 0.105000 0.000000 0.135000
v 0.105000 0.000000 0.105000
v 0.105000 0.000000 0.075000
v 0.105000 0.000000 0.045000
v 0.105000 0.000000 0.015000
v 0.135000 0.000000 0.225000
v 0.135000 0.000000 0.195000
v 0.135000 0.000000 0.165000
v 0.135000 0.000000 0.135000
v 0.135000 0.000000 0.105000
v 0.135000 0.000000 0.075000
v 0.135000 0.000000 0.045000
v 0.135000 0.000000 0.015000
v 0.165000 0.000000 0.225000
v 0.165000 0.000000 0.195000
v 0.165000 0.000000 0.165000
v 0.165000 0.000000 0.135000
v 0.165000 0.000000 0.105000
v 0.165000 0.000000 0.075000
v 0.165000 0.000000 0.045000
v 0.165000 0.000000 0.015000
v 0.195000 0.000000 0.225000
v 0.195000 0.000000 0.195000
v 0.195000 0.000000 0.165000
v 0.195000 0.000000 0.135000
v 0.195000 0.000000 0.105000
v 0.195000 0.000000 0.075000
v 0.195000 0.000000 0.045000
v 0.195000 0.000000 0.015000
v 0.225000 0.000000 0.225000
v 0.225000 0.000000 0.195000
v 0.225000 0.000000 0.165000
v 0.225000 0.000000 0.135000
v 0.225000 0.000000 0.105000
v 0.225000 0.000000 0.075000
v 0.225000 0.000000 0.045000
v 0.225000 0.000000 0.015000
v 0.253520 0.006176 0.305343
v 0.250002 0.026492 0.308042
v 0.249521 0.055008 0.308411
v 0.249518 0.085000 0.308414
v 0.253794 0.000000 0.283544
v 0.254274 0.000000 0.254274
v 0.266567 0.012497 0.295331
v 0.266740 0.025888 0.295199
v 0.266740 0.055003 0.295199
v 0.266737 0.085000 0.295201
v 0.282843 0.003902 0.282843
v 0.282843 0.025652 0.282843
v 0.282843 0.055000 0.282843
v 0.282843 0.085000 0.282843
v 0.283544 0.000000 0.253794
v 0.295331 0.012497 0.266567
v 0.295199 0.025888 0.266740
v 0.295199 0.055003 0.266740
v 0.295201 0.085000 0.266737
v 0.305343 0.006176 0.253520
v 0.308042 0.026492 0.250002
v 0.308411 0.055008 0.249521
v 0.308414 0.085000 0.249518
v 0.254882 0.000000 0.224882
v 0.255000 0.000000 0.195000
v 0.255000 0.000000 0.165000
v 0.255000 0.000000 0.135000
v 0.255000 0.000000 0.105000
v 0.255000 0.000000 0.075000
v 0.255000 0.000000 0.045000
v 0.255000 0.000000 0.015000
v 0.283953 0.000000 0.224219
v 0.284706 0.000000 0.194729
v 0.284988 0.000000 0.164988
v 0.285000 0.000000 0.135000
v 0.285000 0.000000 0.105000
v 0.285000 0.000000 0.075000
v 0.285000 0.000000 0.045000
v 0.285000 0.000000 0.015000
v 0.316718 0.000000 0.226752
v 0.321429 0.026948 0.232557
v 0.321393 0.055008 0.232603
v 0.321390 0.085000 0.232607
v 0.313570 0.000000 0.194019
v 0.314386 0.000000 0.164621
v 0.314856 0.000000 0.134882
v 0.314987 0.000000 0.104987
v 0.315000 0.000000 0.075000
v 0.315000 0.000000 0.045000
v 0.315000 0.000000 0.015000
v 0.333774 0.007119 0.216467
v 0.332867 0.026748 0.217650
v 0.332695 0.055003 0.217874
v 0.332693 0.085000 0.217877
v 0.346806 0.000000 0.194542
v 0.348113 0.026292 0.195890
v 0.348015 0.055000 0.196124
v 0.348015 0.085000 0.196124
v 0.343334 0.000000 0.164224
v 0.343371 0.000000 0.134496
v 0.343908 0.000000 0.104658
v 0.344432 0.000000 0.074745
v 0.344774 0.000000 0.044912
v 0.344899 0.000000 0.014963
v 0.354786 0.011995 0.179778
v 0.354269 0.026074 0.181028
v 0.354137 0.055000 0.181346
v 0.354137 0.085000 0.181346
v 0.361488 0.007159 0.163598
v 0.362232 0.026199 0.161803
v 0.362362 0.055003 0.161488
v 0.362363 0.085000 0.161486
v 0.372222 0.000000 0.135224
v 0.374588 0.026904 0.131973
v 0.374733 0.055008 0.131622
v 0.374734 0.085000 0.131620
v 0.377828 0.000000 0.107508
v 0.381395 0.027036 0.115538
v 0.381252 0.055008 0.115883
v 0.381251 0.085000 0.115888
v 0.373222 0.000000 0.074508
v 0.373204 0.000000 0.044729
v 0.373205 0.000000 0.014869
v 0.387201 0.009813 0.097217
v 0.386646 0.026187 0.101437
v 0.386568 0.055002 0.102026
v 0.386567 0.085000 0.102030
v 0.390218 0.006871 0.074299
v 0.390298 0.025941 0.073694
v 0.390317 0.055000 0.073550
v 0.390317 0.085000 0.073550
v 0.394110 0.004072 0.044736
v 0.394210 0.026258 0.043976
v 0.394225 0.055000 0.043863
v 0.394225 0.085000 0.043863
v 0.398029 0.001393 0.014974
v 0.398093 0.026461 0.014481
v 0.398101 0.055000 0.014422
v 0.398101 0.085000 0.014422
v 0.014422 0.115000 0.398101
v 0.014422 0.145000 0.398101
v 0.014481 0.173539 0.398093
v 0.014974 0.198607 0.398029
v 0.014869 0.200000 0.373205
v 0.014963 0.200000 0.344899
v 0.014964 0.200000 0.313942
v 0.014328 0.200000 0.286098
v 0.011552 0.200000 0.252423
v 0.013675 0.233912 0.248200
v 0.014460 0.263680 0.248096
v 0.014422 0.294999 0.248101
v 0.014422 0.325000 0.248101
v 0.043863 0.115000 0.394225
v 0.043863 0.145000 0.394225
v 0.043976 0.173742 0.394210
v 0.044736 0.195928 0.394110
v 0.044729 0.200000 0.373204
v 0.044912 0.200000 0.344774
v 0.044843 0.200000 0.314131
v 0.045314 0.200000 0.278025
v 0.032181 0.200000 0.253088
v 0.053686 0.200000 0.254381
v 0.042655 0.222894 0.244384
v 0.043360 0.263642 0.244292
v 0.043382 0.294998 0.244289
v 0.043382 0.325000 0.244289
v 0.073550 0.115000 0.390317
v 0.073550 0.145000 0.390317
v 0.073694 0.174059 0.390298
v 0.074299 0.193129 0.390218
v 0.074508 0.200000 0.373222
v 0.074745 0.200000 0.344432
v 0.074783 0.200000 0.314503
v 0.074005 0.200000 0.282489
v 0.071507 0.200000 0.253751
v 0.070998 0.227114 0.238875
v 0.072739 0.263774 0.238154
v 0.072687 0.294999 0.238175
v 0.072688 0.325000 0.238175
v 0.102030 0.115000 0.386567
v 0.102026 0.144998 0.386568
v 0.101437 0.173813 0.386646
v 0.097217 0.190187 0.387201
v 0.115888 0.115000 0.381251
v 0.115883 0.144992 0.381252
v 0.115538 0.172964 0.381395
v 0.107508 0.200000 0.377828
v 0.104658 0.200000 0.343908
v 0.104873 0.200000 0.314819
v 0.104526 0.200000 0.283655
v 0.102582 0.200000 0.255067
v 0.095491 0.223575 0.228730
v 0.087561 0.263590 0.232014
v 0.087623 0.295000 0.231988
v 0.087624 0.325000 0.231988
v 0.131620 0.115000 0.374734
v 0.131622 0.144992 0.374733
v 0.131973 0.173096 0.374588
v 0.135224 0.200000 0.372222
v 0.134496 0.200000 0.343371
v 0.134857 0.200000 0.314827
v 0.134682 0.200000 0.284261
v 0.132944 0.200000 0.250148
v 0.112707 0.201513 0.221598
v 0.161486 0.115000 0.362363
v 0.161488 0.144997 0.362362
v 0.161803 0.173801 0.362232
v 0.163598 0.192841 0.361488
v 0.164224 0.200000 0.343334
v 0.164618 0.200000 0.314384
v 0.164786 0.200000 0.284728
v 0.164108 0.200000 0.253786
v 0.181346 0.115000 0.354137
v 0.181346 0.145000 0.354137
v 0.181028 0.173926 0.354269
v 0.179778 0.188005 0.354786
v 0.196124 0.115000 0.348015
v 0.196124 0.145000 0.348015
v 0.195890 0.173708 0.348113
v 0.194542 0.200000 0.346806
v 0.194019 0.200000 0.313570
v 0.194698 0.200000 0.284675
v 0.194676 0.200000 0.254567
v 0.217877 0.115000 0.332693
v 0.217874 0.144997 0.332695
v 0.217650 0.173252 0.332867
v 0.216467 0.192881 0.333774
v 0.232607 0.115000 0.321390
v 0.232603 0.144992 0.321393
v 0.232557 0.173052 0.321429
v 0.226752 0.200000 0.316718
v 0.224219 0.200000 0.283953
v 0.224798 0.200000 0.254793
v 0.014422 0.355000 0.248101
v 0.014422 0.385000 0.248101
v 0.014422 0.415000 0.248101
v 0.014422 0.445000 0.248101
v 0.043382 0.355000 0.244289
v 0.043382 0.385000 0.244289
v 0.043382 0.415000 0.244289
v 0.043382 0.445000 0.244289
v 0.072688 0.355000 0.238175
v 0.072688 0.385000 0.238175
v 0.072688 0.415000 0.238175
v 0.072688 0.445000 0.238175
v 0.087624 0.355000 0.231988
v 0.087624 0.385000 0.231988
v 0.087624 0.415000 0.231988
v 0.087624 0.445000 0.231988
v 0.104595 0.240625 0.224959
v 0.101814 0.263672 0.226110
v 0.102032 0.295000 0.226020
v 0.102032 0.325000 0.226020
v 0.138789 0.200000 0.226097
v 0.129198 0.229080 0.213285
v 0.130007 0.264130 0.212664
v 0.130192 0.295000 0.212523
v 0.130192 0.325000 0.212523
v 0.143825 0.246396 0.202061
v 0.143847 0.264186 0.202044
v 0.143909 0.295000 0.201997
v 0.143909 0.325000 0.201997
v 0.161512 0.200000 0.218503
v 0.146046 0.215253 0.200357
v 0.168391 0.200000 0.196211
v 0.157554 0.230294 0.191527
v 0.159631 0.264079 0.189933
v 0.159447 0.294999 0.190074
v 0.159446 0.325000 0.190075
v 0.193627 0.200000 0.223345
v 0.189454 0.200000 0.189454
v 0.176777 0.227908 0.176777
v 0.176777 0.263975 0.176777
v 0.176777 0.294999 0.176777
v 0.176777 0.325000 0.176777
v 0.196211 0.200000 0.168391
v 0.191527 0.230294 0.157554
v 0.189933 0.264079 0.159631
v 0.190074 0.294999 0.159447
v 0.190075 0.325000 0.159446
v 0.202061 0.246396 0.143825
v 0.202044 0.264186 0.143847
v 0.201997 0.295000 0.143909
v 0.201997 0.325000 0.143909
v 0.224513 0.200000 0.224513
v 0.223345 0.200000 0.193627
v 0.218503 0.200000 0.161512
v 0.200357 0.215253 0.146046
v 0.226097 0.200000 0.138789
v 0.213285 0.229080 0.129198
v 0.212664 0.264130 0.130007
v 0.212523 0.295000 0.130192
v 0.212523 0.325000 0.130192
v 0.224959 0.240625 0.104595
v 0.226110 0.263672 0.101814
v 0.226020 0.295000 0.102032
v 0.226020 0.325000 0.102032
v 0.102032 0.355000 0.226020
v 0.102032 0.385000 0.226020
v 0.102032 0.415000 0.226020
v 0.102032 0.445000 0.226020
v 0.130192 0.355000 0.212523
v 0.130192 0.385000 0.212523
v 0.130192 0.415000 0.212523
v 0.130192 0.445000 0.212523
v 0.143909 0.355000 0.201997
v 0.143909 0.385000 0.201997
v 0.143909 0.415000 0.201997
v 0.143909 0.445000 0.201997
v 0.159446 0.355000 0.190075
v 0.159446 0.385000 0.190075
v 0.159446 0.415000 0.190075
v 0.159446 0.445000 0.190075
v 0.176777 0.355000 0.176777
v 0.176777 0.385000 0.176777
v 0.176777 0.415000 0.176777
v 0.176777 0.445000 0.176777
v 0.190075 0.355000 0.159446
v 0.190075 0.385000 0.159446
v 0.190075 0.415000 0.159446
v 0.190075 0.445000 0.159446
v 0.201997 0.355000 0.143909
v 0.201997 0.385000 0.143909
v 0.201997 0.415000 0.143909
v 0.201997 0.445000 0.143909
v 0.212523 0.355000 0.130192
v 0.212523 0.385000 0.130192
v 0.212523 0.415000 0.130192
v 0.212523 0.445000 0.130192
v 0.226020 0.355000 0.102032
v 0.226020 0.385000 0.102032
v 0.226020 0.415000 0.102032
v 0.226020 0.445000 0.102032
v 0.249518 0.115000 0.308414
v 0.249521 0.144992 0.308411
v 0.250002 0.173508 0.308042
v 0.253520 0.193824 0.305343
v 0.253794 0.200000 0.283544
v 0.254271 0.200000 0.254271
v 0.266737 0.115000 0.295201
v 0.266740 0.144997 0.295199
v 0.266740 0.174112 0.295199
v 0.266567 0.187503 0.295331
v 0.282843 0.115000 0.282843
v 0.282843 0.145000 0.282843
v 0.282843 0.174348 0.282843
v 0.282843 0.196098 0.282843
v 0.283544 0.200000 0.253794
v 0.295201 0.115000 0.266737
v 0.295199 0.144997 0.266740
v 0.295199 0.174112 0.266740
v 0.295331 0.187503 0.266567
v 0.308414 0.115000 0.249518
v 0.308411 0.144992 0.249521
v 0.308042 0.173508 0.250002
v 0.305343 0.193824 0.253520
v 0.254793 0.200000 0.224798
v 0.254567 0.200000 0.194676
v 0.253786 0.200000 0.164108
v 0.250148 0.200000 0.132944
v 0.221598 0.201513 0.112707
v 0.255067 0.200000 0.102582
v 0.228730 0.223575 0.095491
v 0.232014 0.263590 0.087561
v 0.231988 0.295000 0.087623
v 0.231988 0.325000 0.087624
v 0.253751 0.200000 0.071507
v 0.238875 0.227114 0.070998
v 0.238154 0.263774 0.072739
v 0.238175 0.294999 0.072687
v 0.238175 0.325000 0.072688
v 0.254381 0.200000 0.053686
v 0.244384 0.222895 0.042655
v 0.244292 0.263642 0.043360
v 0.244289 0.294998 0.043382
v 0.244289 0.325000 0.043382
v 0.248200 0.233912 0.013675
v 0.248096 0.263680 0.014460
v 0.248101 0.294999 0.014422
v 0.248101 0.325000 0.014422
v 0.283953 0.200000 0.224219
v 0.284675 0.200000 0.194698
v 0.284728 0.200000 0.164786
v 0.284261 0.200000 0.134682
v 0.283655 0.200000 0.104526
v 0.282489 0.200000 0.074005
v 0.278025 0.200000 0.045314
v 0.253088 0.200000 0.032181
v 0.286098 0.200000 0.014328
v 0.252423 0.200000 0.011552
v 0.321390 0.115000 0.232607
v 0.321393 0.144992 0.232603
v 0.321429 0.173052 0.232557
v 0.316718 0.200000 0.226752
v 0.313570 0.200000 0.194019
v 0.314384 0.200000 0.164618
v 0.314827 0.200000 0.134857
v 0.314819 0.200000 0.104873
v 0.314503 0.200000 0.074783
v 0.314131 0.200000 0.044843
v 0.313942 0.200000 0.014964
v 0.332693 0.115000 0.217877
v 0.332695 0.144997 0.217874
v 0.332867 0.173252 0.217650
v 0.333774 0.192881 0.216467
v 0.348015 0.115000 0.196124
v 0.348015 0.145000 0.196124
v 0.348113 0.173708 0.195890
v 0.346806 0.200000 0.194542
v 0.343334 0.200000 0.164224
v 0.343371 0.200000 0.134496
v 0.343908 0.200000 0.104658
v 0.344432 0.200000 0.074745
v 0.344774 0.200000 0.044912
v 0.344899 0.200000 0.014963
v 0.354137 0.115000 0.181346
v 0.354137 0.145000 0.181346
v 0.354269 0.173926 0.181028
v 0.354786 0.188005 0.179778
v 0.362363 0.115000 0.161486
v 0.362362 0.144997 0.161488
v 0.362232 0.173801 0.161803
v 0.361488 0.192841 0.163598
v 0.374734 0.115000 0.131620
v 0.374733 0.144992 0.131622
v 0.374588 0.173096 0.131973
v 0.372222 0.200000 0.135224
v 0.381251 0.115000 0.115888
v 0.381252 0.144992 0.115883
v 0.381395 0.172964 0.115538
v 0.377828 0.200000 0.107508
v 0.373222 0.200000 0.074508
v 0.373204 0.200000 0.044729
v 0.373205 0.200000 0.014869
v 0.386567 0.115000 0.102030
v 0.386568 0.144998 0.102026
v 0.386646 0.173813 0.101437
v 0.387201 0.190187 0.097217
v 0.390317 0.115000 0.073550
v 0.390317 0.145000 0.073550
v 0.390298 0.174059 0.073694
v 0.390218 0.193129 0.074299
v 0.394225 0.115000 0.043863
v 0.394225 0.145000 0.043863
v 0.394210 0.173742 0.043976
v 0.394110 0.195928 0.044736
v 0.398101 0.115000 0.014422
v 0.398101 0.145000 0.014422
v 0.398093 0.173539 0.014481
v 0.398029 0.198607 0.014974
v 0.231988 0.355000 0.087624
v 0.231988 0.385000 0.087624
v 0.231988 0.415000 0.087624
v 0.231988 0.445000 0.087624
v 0.238175 0.355000 0.072688
v 0.238175 0.385000 0.072688
v 0.238175 0.415000 0.072688
v 0.238175 0.445000 0.072688
v 0.244289 0.355000 0.043382
v 0.244289 0.385000 0.043382
v 0.244289 0.415000 0.043382
v 0.244289 0.445000 0.043382
v 0.248101 0.355000 0.014422
v 0.248101 0.385000 0.014422
v 0.248101 0.415000 0.014422
v 0.248101 0.445000 0.014422
v 0.015000 0.000000 -0.015000
v 0.015000 0.000000 -0.045000
v 0.015000 0.000000 -0.075000
v 0.015000 0.000000 -0.105000
v 0.015000 0.000000 -0.135000
v 0.015000 0.000000 -0.165000
v 0.015000 0.000000 -0.195000
v 0.015000 0.000000 -0.225000
v 0.045000 0.000000 -0.015000
v 0.045000 0.000000 -0.045000
v 0.045000 0.000000 -0.075000
v 0.045000 0.000000 -0.105000
v 0.045000 0.000000 -0.135000
v 0.045000 0.000000 -0.165000
v 0.045000 0.000000 -0.195000
v 0.045000 0.000000 -0.225000
v 0.075000 0.000000 -0.015000
v 0.075000 0.000000 -0.045000
v 0.075000 0.000000 -0.075000
v 0.075000 0.000000 -0.105000
v 0.075000 0.000000 -0.135000
v 0.075000 0.000000 -0.165000
v 0.075000 0.000000 -0.195000
v 0.075000 0.000000 -0.225000
v 0.105000 0.000000 -0.015000
v 0.105000 0.000000 -0.045000
v 0.105000 0.000000 -0.075000
v 0.105000 0.000000 -0.105000
v 0.105000 0.000000 -0.135000
v 0.105000 0.000000 -0.165000
v 0.105000 0.000000 -0.195000
v 0.105000 0.000000 -0.225000
v 0.135000 0.000000 -0.015000
v 0.135000 0.000000 -0.045000
v 0.135000 0.000000 -0.075000
v 0.135000 0.000000 -0.105000
v 0.135000 0.000000 -0.135000
v 0.135000 0.000000 -0.165000
v 0.135000 0.000000 -0.195000
v 0.135000 0.000000 -0.225000
v 0.165000 0.000000 -0.015000
v 0.165000 0.000000 -0.045000
v 0.165000 0.000000 -0.075000
v 0.165000 0.000000 -0.105000
v 0.165000 0.000000 -0.135000
v 0.165000 0.000000 -0.165000
v 0.165000 0.000000 -0.195000
v 0.165000 0.000000 -0.225000
v 0.195000 0.000000 -0.015000
v 0.195000 0.000000 -0.045000
v 0.195000 0.000000 -0.075000
v 0.195000 0.000000 -0.105000
v 0.195000 0.000000 -0.135000
v 0.195000 0.000000 -0.165000
v 0.195000 0.000000 -0.195000
v 0.195000 0.000000 -0.225000
v 0.225000 0.000000 -0.015000
v 0.225000 0.000000 -0.045000
v 0.225000 0.000000 -0.075000
v 0.225000 0.000000 -0.105000
v 0.225000 0.000000 -0.135000
v 0.225000 0.000000 -0.165000
v 0.225000 0.000000 -0.195000
v 0.225000 0.000000 -0.225000
v 0.015000 0.000000 -0.255000
v 0.015000 0.000000 -0.285000
v 0.015000 0.000000 -0.315000
v 0.014963 0.000000 -0.344899
v 0.014869 0.000000 -0.373205
v 0.014974 0.001393 -0.398029
v 0.014481 0.026461 -0.398093
v 0.014422 0.055000 -0.398101
v 0.014422 0.085000 -0.398101
v 0.045000 0.000000 -0.255000
v 0.045000 0.000000 -0.285000
v 0.045000 0.000000 -0.315000
v 0.044912 0.000000 -0.344774
v 0.044729 0.000000 -0.373204
v 0.044736 0.004072 -0.394110
v 0.043976 0.026258 -0.394210
v 0.043863 0.055000 -0.394225
v 0.043863 0.085000 -0.394225
v 0.075000 0.000000 -0.255000
v 0.075000 0.000000 -0.285000
v 0.075000 0.000000 -0.315000
v 0.074745 0.000000 -0.344432
v 0.074508 0.000000 -0.373222
v 0.074299 0.006871 -0.390218
v 0.073694 0.025941 -0.390298
v 0.073550 0.055000 -0.390317
v 0.073550 0.085000 -0.390317
v 0.105000 0.000000 -0.255000
v 0.105000 0.000000 -0.285000
v 0.104987 0.000000 -0.314987
v 0.104658 0.000000 -0.343908
v 0.107508 0.000000 -0.377828
v 0.115538 0.027036 -0.381395
v 0.115883 0.055008 -0.381252
v 0.115888 0.085000 -0.381251
v 0.097217 0.009813 -0.387201
v 0.101437 0.026187 -0.386646
v 0.102026 0.055002 -0.386568
v 0.102030 0.085000 -0.386567
v 0.135000 0.000000 -0.255000
v 0.135000 0.000000 -0.285000
v 0.134882 0.000000 -0.314856
v 0.134496 0.000000 -0.343371
v 0.135224 0.000000 -0.372222
v 0.131973 0.026904 -0.374588
v 0.131622 0.055008 -0.374733
v 0.131620 0.085000 -0.374734
v 0.165000 0.000000 -0.255000
v 0.164988 0.000000 -0.284988
v 0.164621 0.000000 -0.314386
v 0.164224 0.000000 -0.343334
v 0.163598 0.007159 -0.361488
v 0.161803 0.026199 -0.362232
v 0.161488 0.055003 -0.362362
v 0.161486 0.085000 -0.362363
v 0.195000 0.000000 -0.255000
v 0.194729 0.000000 -0.284706
v 0.194019 0.000000 -0.313570
v 0.194542 0.000000 -0.346806
v 0.195890 0.026292 -0.348113
v 0.196124 0.055000 -0.348015
v 0.196124 0.085000 -0.348015
v 0.179778 0.011995 -0.354786
v 0.181028 0.026074 -0.354269
v 0.181346 0.055000 -0.354137
v 0.181346 0.085000 -0.354137
v 0.224882 0.000000 -0.254882
v 0.224219 0.000000 -0.283953
v 0.226752 0.000000 -0.316718
v 0.232556 0.026948 -0.321429
v 0.232603 0.055008 -0.321393
v 0.232607 0.085000 -0.321390
v 0.216467 0.007119 -0.333774
v 0.217650 0.026748 -0.332867
v 0.217874 0.055003 -0.332695
v 0.217877 0.085000 -0.332693
v 0.255000 0.000000 -0.015000
v 0.255000 0.000000 -0.045000
v 0.255000 0.000000 -0.075000
v 0.255000 0.000000 -0.105000
v 0.255000 0.000000 -0.135000
v 0.255000 0.000000 -0.165000
v 0.255000 0.000000 -0.195000
v 0.254882 0.000000 -0.224882
v 0.285000 0.000000 -0.015000
v 0.285000 0.000000 -0.045000
v 0.285000 0.000000 -0.075000
v 0.285000 0.000000 -0.105000
v 0.285000 0.000000 -0.135000
v 0.284988 0.000000 -0.164988
v 0.284706 0.000000 -0.194729
v 0.283953 0.000000 -0.224219
v 0.315000 0.000000 -0.015000
v 0.315000 0.000000 -0.045000
v 0.315000 0.000000 -0.075000
v 0.314987 0.000000 -0.104987
v 0.314856 0.000000 -0.134882
v 0.314386 0.000000 -0.164621
v 0.313570 0.000000 -0.194019
v 0.316718 0.000000 -0.226752
v 0.321429 0.026948 -0.232557
v 0.321393 0.055008 -0.232603
v 0.321390 0.085000 -0.232607
v 0.344899 0.000000 -0.014963
v 0.344774 0.000000 -0.044912
v 0.344432 0.000000 -0.074745
v 0.343908 0.000000 -0.104658
v 0.343371 0.000000 -0.134496
v 0.343334 0.000000 -0.164224
v 0.346806 0.000000 -0.194542
v 0.348113 0.026292 -0.195890
v 0.348015 0.055000 -0.196124
v 0.348015 0.085000 -0.196124
v 0.333774 0.007119 -0.216467
v 0.332867 0.026748 -0.217650
v 0.332695 0.055003 -0.217874
v 0.332693 0.085000 -0.217877
v 0.373205 0.000000 -0.014869
v 0.373204 0.000000 -0.044729
v 0.373222 0.000000 -0.074508
v 0.377828 0.000000 -0.107508
v 0.381395 0.027036 -0.115538
v 0.381252 0.055008 -0.115883
v 0.381251 0.085000 -0.115888
v 0.372222 0.000000 -0.135224
v 0.374588 0.026904 -0.131973
v 0.374733 0.055008 -0.131622
v 0.374734 0.085000 -0.131620
v 0.361488 0.007159 -0.163598
v 0.362232 0.026199 -0.161803
v 0.362362 0.055003 -0.161488
v 0.362363 0.085000 -0.161486
v 0.354786 0.011995 -0.179778
v 0.354269 0.026074 -0.181028
v 0.354137 0.055000 -0.181346
v 0.354137 0.085000 -0.181346
v 0.398029 0.001393 -0.014974
v 0.398093 0.026461 -0.014481
v 0.398101 0.055000 -0.014422
v 0.398101 0.085000 -0.014422
v 0.394110 0.004072 -0.044736
v 0.394210 0.026258 -0.043976
v 0.394225 0.055000 -0.043863
v 0.394225 0.085000 -0.043863
v 0.390218 0.006871 -0.074299
v 0.390298 0.025941 -0.073694
v 0.390317 0.055000 -0.073550
v 0.390317 0.085000 -0.073550
v 0.387201 0.009813 -0.097217
v 0.386646 0.026187 -0.101437
v 0.386568 0.055002 -0.102026
v 0.386567 0.085000 -0.102030
v 0.254274 0.000000 -0.254274
v 0.253794 0.000000 -0.283544
v 0.253520 0.006176 -0.305343
v 0.250002 0.026492 -0.308042
v 0.249521 0.055008 -0.308411
v 0.249518 0.085000 -0.308414
v 0.283544 0.000000 -0.253794
v 0.282843 0.003902 -0.282843
v 0.282843 0.025652 -0.282843
v 0.282843 0.055000 -0.282843
v 0.282843 0.085000 -0.282843
v 0.266567 0.012497 -0.295331
v 0.266740 0.025888 -0.295199
v 0.266740 0.055003 -0.295199
v 0.266737 0.085000 -0.295201
v 0.305343 0.006176 -0.253520
v 0.308042 0.026492 -0.250002
v 0.308411 0.055008 -0.249521
v 0.308414 0.085000 -0.249518
v 0.295331 0.012497 -0.266567
v 0.295199 0.025888 -0.266740
v 0.295199 0.055003 -0.266740
v 0.295201 0.085000 -0.266737
v 0.104595 0.240625 -0.224959
v 0.101814 0.263672 -0.226110
v 0.102032 0.295000 -0.226020
v 0.102032 0.325000 -0.226020
v 0.143825 0.246396 -0.202061
v 0.143847 0.264186 -0.202044
v 0.143909 0.295000 -0.201997
v 0.143909 0.325000 -0.201997
v 0.138789 0.200000 -0.226097
v 0.129198 0.229080 -0.213285
v 0.130007 0.264130 -0.212664
v 0.130192 0.295000 -0.212523
v 0.130192 0.325000 -0.212523
v 0.168391 0.200000 -0.196211
v 0.157554 0.230294 -0.191527
v 0.159631 0.264079 -0.189933
v 0.159447 0.294999 -0.190074
v 0.159446 0.325000 -0.190075
v 0.161512 0.200000 -0.218503
v 0.146046 0.215253 -0.200357
v 0.202061 0.246396 -0.143825
v 0.202044 0.264186 -0.143847
v 0.201997 0.295000 -0.143909
v 0.201997 0.325000 -0.143909
v 0.196211 0.200000 -0.168391
v 0.191527 0.230294 -0.157554
v 0.189933 0.264079 -0.159631
v 0.190074 0.294999 -0.159447
v 0.190075 0.325000 -0.159446
v 0.189454 0.200000 -0.189454
v 0.176777 0.227908 -0.176777
v 0.176777 0.263975 -0.176777
v 0.176777 0.294999 -0.176777
v 0.176777 0.325000 -0.176777
v 0.193627 0.200000 -0.223345
v 0.224959 0.240625 -0.104595
v 0.226110 0.263672 -0.101814
v 0.226020 0.295000 -0.102032
v 0.226020 0.325000 -0.102032
v 0.226097 0.200000 -0.138789
v 0.213285 0.229080 -0.129198
v 0.212664 0.264130 -0.130007
v 0.212523 0.295000 -0.130192
v 0.212523 0.325000 -0.130192
v 0.218503 0.200000 -0.161512
v 0.200357 0.215253 -0.146046
v 0.223345 0.200000 -0.193627
v 0.224513 0.200000 -0.224513
v 0.102032 0.355000 -0.226020
v 0.102032 0.385000 -0.226020
v 0.102032 0.415000 -0.226020
v 0.102032 0.445000 -0.226020
v 0.143909 0.355000 -0.201997
v 0.143909 0.385000 -0.201997
v 0.143909 0.415000 -0.201997
v 0.143909 0.445000 -0.201997
v 0.130192 0.355000 -0.212523
v 0.130192 0.385000 -0.212523
v 0.130192 0.415000 -0.212523
v 0.130192 0.445000 -0.212523
v 0.159446 0.355000 -0.190075
v 0.159446 0.385000 -0.190075
v 0.159446 0.415000 -0.190075
v 0.159446 0.445000 -0.190075
v 0.201997 0.355000 -0.143909
v 0.201997 0.385000 -0.143909
v 0.201997 0.415000 -0.143909
v 0.201997 0.445000 -0.143909
v 0.190075 0.355000 -0.159446
v 0.190075 0.385000 -0.159446
v 0.190075 0.415000 -0.159446
v 0.190075 0.445000 -0.159446
v 0.176777 0.355000 -0.176777
v 0.176777 0.385000 -0.176777
v 0.176777 0.415000 -0.176777
v 0.176777 0.445000 -0.176777
v 0.226020 0.355000 -0.102032
v 0.226020 0.385000 -0.102032
v 0.226020 0.415000 -0.102032
v 0.226020 0.445000 -0.102032
v 0.212523 0.355000 -0.130192
v 0.212523 0.385000 -0.130192
v 0.212523 0.415000 -0.130192
v 0.212523 0.445000 -0.130192
v 0.013675 0.233912 -0.248200
v 0.014460 0.263680 -0.248096
v 0.014422 0.294999 -0.248101
v 0.014422 0.325000 -0.248101
v 0.014328 0.200000 -0.286098
v 0.011552 0.200000 -0.252423
v 0.014964 0.200000 -0.313942
v 0.014963 0.200000 -0.344899
v 0.014869 0.200000 -0.373205
v 0.014422 0.115000 -0.398101
v 0.014422 0.145000 -0.398101
v 0.014481 0.173539 -0.398093
v 0.014974 0.198607 -0.398029
v 0.053686 0.200000 -0.254381
v 0.042655 0.222894 -0.244384
v 0.043360 0.263642 -0.244292
v 0.043382 0.294998 -0.244289
v 0.043382 0.325000 -0.244289
v 0.045314 0.200000 -0.278025
v 0.032181 0.200000 -0.253088
v 0.044843 0.200000 -0.314131
v 0.044912 0.200000 -0.344774
v 0.044729 0.200000 -0.373204
v 0.043863 0.115000 -0.394225
v 0.043863 0.145000 -0.394225
v 0.043976 0.173742 -0.394210
v 0.044736 0.195928 -0.394110
v 0.071507 0.200000 -0.253751
v 0.070998 0.227114 -0.238875
v 0.072739 0.263774 -0.238154
v 0.072687 0.294999 -0.238175
v 0.072688 0.325000 -0.238175
v 0.074005 0.200000 -0.282489
v 0.074783 0.200000 -0.314503
v 0.074745 0.200000 -0.344432
v 0.074508 0.200000 -0.373222
v 0.073550 0.115000 -0.390317
v 0.073550 0.145000 -0.390317
v 0.073694 0.174059 -0.390298
v 0.074299 0.193129 -0.390218
v 0.102582 0.200000 -0.255067
v 0.095491 0.223575 -0.228730
v 0.087561 0.263590 -0.232014
v 0.087623 0.295000 -0.231988
v 0.087624 0.325000 -0.231988
v 0.104526 0.200000 -0.283655
v 0.104873 0.200000 -0.314819
v 0.104658 0.200000 -0.343908
v 0.115888 0.115000 -0.381251
v 0.115883 0.144992 -0.381252
v 0.115538 0.172964 -0.381395
v 0.107508 0.200000 -0.377828
v 0.102030 0.115000 -0.386567
v 0.102026 0.144998 -0.386568
v 0.101437 0.173813 -0.386646
v 0.097217 0.190187 -0.387201
v 0.132944 0.200000 -0.250148
v 0.112707 0.201513 -0.221598
v 0.134682 0.200000 -0.284261
v 0.134857 0.200000 -0.314827
v 0.134496 0.200000 -0.343371
v 0.131620 0.115000 -0.374734
v 0.131622 0.144992 -0.374733
v 0.131973 0.173096 -0.374588
v 0.135224 0.200000 -0.372222
v 0.164108 0.200000 -0.253786
v 0.164786 0.200000 -0.284728
v 0.164618 0.200000 -0.314384
v 0.164224 0.200000 -0.343334
v 0.161486 0.115000 -0.362363
v 0.161488 0.144997 -0.362362
v 0.161803 0.173801 -0.362232
v 0.163598 0.192841 -0.361488
v 0.194676 0.200000 -0.254567
v 0.194698 0.200000 -0.284675
v 0.194019 0.200000 -0.313570
v 0.196124 0.115000 -0.348015
v 0.196124 0.145000 -0.348015
v 0.195890 0.173708 -0.348113
v 0.194542 0.200000 -0.346806
v 0.181346 0.115000 -0.354137
v 0.181346 0.145000 -0.354137
v 0.181028 0.173926 -0.354269
v 0.179778 0.188005 -0.354786
v 0.224798 0.200000 -0.254793
v 0.224219 0.200000 -0.283953
v 0.232607 0.115000 -0.321390
v 0.232603 0.144992 -0.321393
v 0.232557 0.173052 -0.321429
v 0.226752 0.200000 -0.316718
v 0.217877 0.115000 -0.332693
v 0.217874 0.144997 -0.332695
v 0.217650 0.173252 -0.332867
v 0.216467 0.192881 -0.333774
v 0.014422 0.355000 -0.248101
v 0.014422 0.385000 -0.248101
v 0.014422 0.415000 -0.248101
v 0.014422 0.445000 -0.248101
v 0.043382 0.355000 -0.244289
v 0.043382 0.385000 -0.244289
v 0.043382 0.415000 -0.244289
v 0.043382 0.445000 -0.244289
v 0.072688 0.355000 -0.238175
v 0.072688 0.385000 -0.238175
v 0.072688 0.415000 -0.238175
v 0.072688 0.445000 -0.238175
v 0.087624 0.355000 -0.231988
v 0.087624 0.385000 -0.231988
v 0.087624 0.415000 -0.231988
v 0.087624 0.445000 -0.231988
v 0.248200 0.233912 -0.013675
v 0.248096 0.263680 -0.014460
v 0.248101 0.294999 -0.014422
v 0.248101 0.325000 -0.014422
v 0.254381 0.200000 -0.053686
v 0.244384 0.222895 -0.042655
v 0.244292 0.263642 -0.043360
v 0.244289 0.294998 -0.043382
v 0.244289 0.325000 -0.043382
v 0.253751 0.200000 -0.071507
v 0.238875 0.227114 -0.070998
v 0.238154 0.263774 -0.072739
v 0.238175 0.294999 -0.072687
v 0.238175 0.325000 -0.072688
v 0.255067 0.200000 -0.102582
v 0.228730 0.223575 -0.095491
v 0.232014 0.263590 -0.087561
v 0.231988 0.295000 -0.087623
v 0.231988 0.325000 -0.087624
v 0.250148 0.200000 -0.132944
v 0.221598 0.201513 -0.112707
v 0.253786 0.200000 -0.164108
v 0.254567 0.200000 -0.194676
v 0.254793 0.200000 -0.224798
v 0.286098 0.200000 -0.014328
v 0.252423 0.200000 -0.011552
v 0.278025 0.200000 -0.045314
v 0.253088 0.200000 -0.032181
v 0.282489 0.200000 -0.074005
v 0.283655 0.200000 -0.104526
v 0.284261 0.200000 -0.134682
v 0.284728 0.200000 -0.164786
v 0.284675 0.200000 -0.194698
v 0.283953 0.200000 -0.224219
v 0.313942 0.200000 -0.014964
v 0.314131 0.200000 -0.044843
v 0.314503 0.200000 -0.074783
v 0.314819 0.200000 -0.104873
v 0.314827 0.200000 -0.134857
v 0.314384 0.200000 -0.164618
v 0.313570 0.200000 -0.194019
v 0.321390 0.115000 -0.232607
v 0.321393 0.144992 -0.232603
v 0.321429 0.173052 -0.232557
v 0.316718 0.200000 -0.226752
v 0.344899 0.200000 -0.014963
v 0.344774 0.200000 -0.044912
v 0.344432 0.200000 -0.074745
v 0.343908 0.200000 -0.104658
v 0.343371 0.200000 -0.134496
v 0.343334 0.200000 -0.164224
v 0.348015 0.115000 -0.196124
v 0.348015 0.145000 -0.196124
v 0.348113 0.173708 -0.195890
v 0.346806 0.200000 -0.194542
v 0.332693 0.115000 -0.217877
v 0.332695 0.144997 -0.217874
v 0.332867 0.173252 -0.217650
v 0.333774 0.192881 -0.216467
v 0.373205 0.200000 -0.014869
v 0.373204 0.200000 -0.044729
v 0.373222 0.200000 -0.074508
v 0.381251 0.115000 -0.115888
v 0.381252 0.144992 -0.115883
v 0.381395 0.172964 -0.115538
v 0.377828 0.200000 -0.107508
v 0.374734 0.115000 -0.131620
v 0.374733 0.144992 -0.131622
v 0.374588 0.173096 -0.131973
v 0.372222 0.200000 -0.135224
v 0.362363 0.115000 -0.161486
v 0.362362 0.144997 -0.161488
v 0.362232 0.173801 -0.161803
v 0.361488 0.192841 -0.163598
v 0.354137 0.115000 -0.181346
v 0.354137 0.145000 -0.181346
v 0.354269 0.173926 -0.181028
v 0.354786 0.188005 -0.179778
v 0.398101 0.115000 -0.014422
v 0.398101 0.145000 -0.014422
v 0.398093 0.173539 -0.014481
v 0.398029 0.198607 -0.014974
v 0.394225 0.115000 -0.043863
v 0.394225 0.145000 -0.043863
v 0.394210 0.173742 -0.043976
v 0.394110 0.195928 -0.044736
v 0.390317 0.115000 -0.073550
v 0.390317 0.145000 -0.073550
v 0.390298 0.174059 -0.073694
v 0.390218 0.193129 -0.074299
v 0.386567 0.115000 -0.102030
v 0.386568 0.144998 -0.102026
v 0.386646 0.173813 -0.101437
v 0.387201 0.190187 -0.097217
v 0.248101 0.355000 -0.014422
v 0.248101 0.385000 -0.014422
v 0.248101 0.415000 -0.014422
v 0.248101 0.445000 -0.014422
v 0.244289 0.355000 -0.043382
v 0.244289 0.385000 -0.043382
v 0.244289 0.415000 -0.043382
v 0.244289 0.445000 -0.043382
v 0.238175 0.355000 -0.072688
v 0.238175 0.385000 -0.072688
v 0.238175 0.415000 -0.072688
v 0.238175 0.445000 -0.072688
v 0.231988 0.355000 -0.087624
v 0.231988 0.385000 -0.087624
v 0.231988 0.415000 -0.087624
v 0.231988 0.445000 -0.087624
v 0.254271 0.200000 -0.254271
v 0.253794 0.200000 -0.283544
v 0.249518 0.115000 -0.308414
v 0.249521 0.144992 -0.308411
v 0.250002 0.173508 -0.308042
v 0.253520 0.193824 -0.305343
v 0.283544 0.200000 -0.253794
v 0.282843 0.115000 -0.282843
v 0.282843 0.145000 -0.282843
v 0.282843 0.174348 -0.282843
v 0.282843 0.196098 -0.282843
v 0.266737 0.115000 -0.295201
v 0.266740 0.144997 -0.295199
v 0.266740 0.174112 -0.295199
v 0.266567 0.187503 -0.295331
v 0.308414 0.115000 -0.249518
v 0.308411 0.144992 -0.249521
v 0.308042 0.173508 -0.250002
v 0.305343 0.193824 -0.253520
v 0.295201 0.115000 -0.266737
v 0.295199 0.144997 -0.266740
v 0.295199 0.174112 -0.266740
v 0.295331 0.187503 -0.266567
vn 0.9239 -0.0000 0.3827
vn 0.9789 -0.0000 0.2042
vn 0.9914 -0.0000 0.1305
vn -0.9239 -0.0000 -0.3827
vn -0.9789 -0.0000 -0.2042
vn -0.9914 -0.0000 -0.1305
vn -1.0000 -0.0000 -0.0000
vn 0.9018 -0.0000 0.4322
vn -0.9018 -0.0000 -0.4322
vn 0.7934 -0.0000 0.6088
vn -0.7934 -0.0000 -0.6088
vn -0.6088 -0.0000 -0.7934
vn 0.6088 -0.0000 0.7934
vn -0.4322 -0.0000 -0.9018
vn 0.6088 -0.0000 -0.7934
vn 0.4322 -0.0000 -0.9018
vn 0.7934 -0.0000 -0.6088
vn 0.9018 -0.0000 -0.4322
vn 0.4322 -0.0000 0.9018
vn 0.3827 -0.0000 0.9239
vn -0.4322 -0.0000 0.9018
vn -0.3827 -0.0000 0.9239
vn -0.6088 -0.0000 0.7934
vn -0.3827 -0.0000 -0.9239
vn -0.2042 -0.0000 -0.9789
vn -0.7934 -0.0000 0.6088
vn -0.1305 -0.0000 -0.9914
vn -0.9239 -0.0000 0.3827
vn -0.9018 -0.0000 0.4322
vn -0.0000 -0.0000 -1.0000
vn 0.1305 -0.0000 -0.9914
vn 0.2042 -0.0000 -0.9789
vn 0.3827 -0.0000 -0.9239
vn -0.1305 -0.0000 0.9914
vn -0.2042 -0.0000 0.9789
vn 1.0000 -0.0000 -0.0000
vn 0.9914 -0.0000 -0.1305
vn 0.9789 -0.0000 -0.2042
vn 0.9239 -0.0000 -0.3827
vn -0.9914 -0.0000 0.1305
vn -0.9789 -0.0000 0.2042
vn 0.2042 -0.0000 0.9789
vn 0.1305 -0.0000 0.9914
vn -0.0000 -0.0000 1.0000
vn -0.0000 1.0000 -0.0000
vn 0.5777 0.3243 -0.7490
vn 0.8467 0.2452 -0.4722
vn 0.4827 -0.3200 -0.8152
vn 0.8952 -0.2709 -0.3538
vn 0.0798 -0.9948 -0.0627
vn 0.1459 0.9785 -0.1459
vn 0.5856 0.0457 -0.8093
vn 0.8093 0.0457 -0.5856
vn 0.4852 -0.1778 -0.8562
vn 0.8562 -0.1778 -0.4852
vn 0.2503 -0.9352 -0.2503
vn 0.8457 0.3299 -0.4195
vn 0.8153 -0.3871 -0.4306
vn 0.5073 -0.8567 -0.0937
vn 0.1166 -0.8590 -0.4985
vn 0.8831 -0.4054 -0.2361
vn 0.4195 0.3299 -0.8457
vn 0.4306 -0.3871 -0.8153
vn 0.4985 -0.8590 -0.1166
vn 0.0937 -0.8567 -0.5073
vn 0.4722 0.2452 -0.8467
vn 0.7490 0.3243 -0.5777
vn 0.3538 -0.2709 -0.8952
vn 0.8152 -0.3200 -0.4827
vn 0.0627 -0.9948 -0.0798
vn 0.2361 -0.4054 -0.8831
vn 0.7933 -0.0000 -0.6088
vn 0.7809 -0.0349 -0.6237
vn 0.2828 -0.9350 -0.2140
vn 0.5934 -0.0322 -0.8042
vn 0.8042 -0.0322 -0.5934
vn 0.0939 -0.9911 -0.0939
vn -0.0000 -1.0000 -0.0000
vn 0.6237 -0.0349 -0.7809
vn 0.2140 -0.9350 -0.2828
vn 0.5406 0.8401 -0.0458
vn 0.9293 0.2426 -0.2785
vn 0.9735 -0.0911 -0.2096
vn 0.7427 -0.6681 0.0450
vn 0.2510 0.9656 -0.0681
vn 0.4231 -0.9043 -0.0564
vn 0.1098 0.9939 -0.0000
vn -0.7490 0.3243 -0.5777
vn -0.8152 -0.3200 -0.4827
vn 0.1212 0.9898 -0.0744
vn 0.7778 0.2949 -0.5550
vn 0.9388 0.0849 -0.3339
vn 0.7815 -0.2414 -0.5753
vn 0.2414 -0.9634 -0.1165
vn 0.9091 0.3484 -0.2284
vn 0.9400 -0.0018 -0.3412
vn 0.9409 -0.0000 -0.3386
vn 0.9381 -0.3370 -0.0798
vn 0.0418 -0.9985 -0.0367
vn 0.8898 0.4233 -0.1708
vn 0.8653 -0.3687 -0.3394
vn 0.7002 -0.6215 -0.3514
vn 0.2012 -0.9673 -0.1545
vn 0.3329 -0.9412 -0.0569
vn 0.5740 -0.8148 -0.0814
vn 0.6946 -0.7194 -0.0000
vn 0.0120 0.9999 -0.0088
vn 0.6195 0.2530 -0.7431
vn 0.9309 0.1469 -0.3344
vn 0.8965 -0.0025 -0.4431
vn 0.8965 0.0008 -0.4430
vn 0.5184 -0.3047 -0.7990
vn 0.9409 -0.2458 -0.2329
vn 0.1544 -0.9819 -0.1093
vn 0.8787 0.3675 -0.3048
vn 0.8337 -0.3801 -0.4006
vn 0.6627 -0.7396 -0.1172
vn 0.1329 -0.9585 -0.2524
vn 0.6499 -0.7175 -0.2508
vn 0.9672 -0.1783 -0.1811
vn 0.4469 -0.5081 -0.7363
vn 0.7120 -0.6161 -0.3368
vn 0.9892 -0.0078 -0.1461
vn -0.4195 0.3299 -0.8457
vn 0.7826 -0.2875 -0.5522
vn 0.9409 -0.1006 -0.3234
vn 0.1288 -0.9887 -0.0762
vn 0.9864 -0.0081 -0.1639
vn 0.9850 -0.0001 -0.1726
vn 0.9850 -0.0000 -0.1726
vn -0.4306 -0.3871 -0.8153
vn -0.4985 -0.8590 -0.1166
vn -0.1459 0.9785 -0.1459
vn -0.5856 0.0457 -0.8093
vn -0.4852 -0.1778 -0.8562
vn -0.2503 -0.9352 -0.2503
vn -0.0937 -0.8567 -0.5073
vn -0.5073 -0.8567 -0.0937
vn -0.8093 0.0457 -0.5856
vn -0.8562 -0.1778 -0.4852
vn -0.8457 0.3299 -0.4195
vn -0.8153 -0.3871 -0.4306
vn -0.1166 -0.8590 -0.4985
vn -0.5777 0.3243 -0.7490
vn -0.4827 -0.3200 -0.8152
vn -0.0798 -0.9948 -0.0627
vn -0.8831 -0.4054 -0.2361
vn -0.8467 0.2452 -0.4722
vn -0.8952 -0.2709 -0.3538
vn -0.6237 -0.0349 -0.7809
vn -0.5934 -0.0322 -0.8042
vn -0.0939 -0.9911 -0.0939
vn -0.8042 -0.0322 -0.5934
vn 0.9849 -0.0003 -0.1729
vn 0.9844 -0.0020 -0.1762
vn 0.9480 -0.2960 -0.1169
vn 0.9061 -0.4132 -0.0904
vn 0.8817 -0.4611 -0.1000
vn 1.0000 0.0002 -0.0000
vn 1.0000 -0.0006 -0.0000
vn 0.8787 -0.4774 -0.0000
vn 0.8093 0.0024 -0.5873
vn 0.8196 0.0055 -0.5729
vn 0.8158 0.0006 -0.5784
vn 0.8150 -0.0000 -0.5795
vn 0.8165 -0.0016 -0.5774
vn 0.6130 -0.3069 -0.7280
vn 0.9467 -0.1529 -0.2835
vn 0.8822 -0.3568 -0.3072
vn 0.8511 -0.2839 -0.4416
vn 0.0093 -0.9999 -0.0092
vn 0.0584 -0.9944 -0.0883
vn 0.2090 -0.9737 -0.0904
vn 0.3005 -0.9538 -0.0000
vn 0.0432 -0.9964 -0.0729
vn 0.3700 -0.9129 -0.1726
vn 0.7722 -0.1870 -0.6072
vn 0.9738 -0.1396 -0.1793
vn 0.9849 -0.0277 -0.1707
vn 0.9785 0.0004 -0.2062
vn 1.0000 -0.0034 -0.0000
vn 1.0000 -0.0009 -0.0000
vn -0.7809 -0.0349 -0.6237
vn -0.2828 -0.9350 -0.2140
vn 0.9788 0.0006 -0.2049
vn 0.9789 0.0001 -0.2043
vn 1.0000 -0.0004 -0.0000
vn -0.4469 -0.5081 -0.7363
vn -0.0120 0.9999 -0.0088
vn -0.6195 0.2530 -0.7431
vn -0.5184 -0.3047 -0.7990
vn -0.1544 -0.9819 -0.1093
vn -0.7120 -0.6161 -0.3368
vn -0.6627 -0.7396 -0.1172
vn -0.9309 0.1469 -0.3344
vn -0.8965 -0.0025 -0.4431
vn -0.8965 0.0008 -0.4430
vn -0.9409 -0.2458 -0.2329
vn -0.8787 0.3675 -0.3048
vn -0.8337 -0.3801 -0.4006
vn -0.1329 -0.9585 -0.2524
vn -0.1212 0.9898 -0.0744
vn -0.7778 0.2949 -0.5550
vn -0.7815 -0.2414 -0.5753
vn -0.2414 -0.9634 -0.1165
vn -0.6499 -0.7175 -0.2508
vn -0.0418 -0.9985 -0.0367
vn -0.9672 -0.1783 -0.1811
vn -0.7002 -0.6215 -0.3514
vn -0.9388 0.0849 -0.3339
vn -0.9091 0.3484 -0.2284
vn -0.9400 -0.0018 -0.3412
vn -0.9409 -0.0000 -0.3386
vn -0.9381 -0.3370 -0.0798
vn -0.8898 0.4233 -0.1708
vn -0.8653 -0.3687 -0.3394
vn -0.2012 -0.9673 -0.1545
vn -0.5406 0.8401 -0.0458
vn -0.9293 0.2426 -0.2785
vn -0.9735 -0.0911 -0.2096
vn -0.7427 -0.6681 0.0450
vn -0.3329 -0.9412 -0.0569
vn -0.2510 0.9656 -0.0681
vn -0.4231 -0.9043 -0.0564
vn -0.5740 -0.8148 -0.0814
vn -0.1098 0.9939 -0.0000
vn -0.6946 -0.7194 -0.0000
vn -0.9738 -0.1396 -0.1793
vn -0.0584 -0.9944 -0.0883
vn -0.9849 -0.0277 -0.1707
vn -0.9785 0.0004 -0.2062
vn -0.2090 -0.9737 -0.0904
vn -0.3005 -0.9538 -0.0000
vn -1.0000 -0.0034 -0.0000
vn -1.0000 -0.0009 -0.0000
vn -0.0093 -0.9999 -0.0092
vn -0.8093 0.0024 -0.5873
vn -0.8511 -0.2839 -0.4416
vn -0.8196 0.0055 -0.5729
vn -0.8158 0.0006 -0.5784
vn -0.8150 -0.0000 -0.5795
vn -0.8165 -0.0016 -0.5774
vn -0.6130 -0.3069 -0.7280
vn -0.9467 -0.1529 -0.2835
vn -0.8822 -0.3568 -0.3072
vn -0.7826 -0.2875 -0.5522
vn -0.1288 -0.9887 -0.0762
vn -0.9409 -0.1006 -0.3234
vn -0.9892 -0.0078 -0.1461
vn -0.9864 -0.0081 -0.1639
vn -0.9850 -0.0001 -0.1726
vn -0.9850 -0.0000 -0.1726
vn -0.9849 -0.0003 -0.1729
vn -0.9844 -0.0020 -0.1762
vn -0.9480 -0.2960 -0.1169
vn -0.9061 -0.4132 -0.0904
vn -0.8817 -0.4611 -0.1000
vn -1.0000 0.0002 -0.0000
vn -1.0000 -0.0006 -0.0000
vn -0.8787 -0.4774 -0.0000
vn -0.9788 0.0006 -0.2049
vn -0.9789 0.0001 -0.2043
vn -1.0000 -0.0004 -0.0000
vn -0.9017 0.0001 -0.4323
vn -0.4323 0.0001 -0.9017
vn -0.7722 -0.1870 -0.6072
vn -0.8966 0.0089 -0.4427
vn -0.8988 -0.0301 -0.4374
vn -0.3700 -0.9129 -0.1726
vn -0.8989 -0.2637 -0.3499
vn -0.0432 -0.9964 -0.0729
vn -0.5821 -0.2864 -0.7610
vn -0.8903 -0.1139 -0.4409
vn -0.1283 -0.9826 -0.1343
vn -0.4409 -0.1139 -0.8903
vn -0.7610 -0.2864 -0.5821
vn -0.1343 -0.9826 -0.1283
vn -0.6088 -0.0000 -0.7933
vn -0.3499 -0.2637 -0.8989
vn -0.4427 0.0089 -0.8966
vn -0.4374 -0.0301 -0.8988
vn 0.0088 0.9999 -0.0120
vn 0.3344 0.1469 -0.9309
vn 0.7431 0.2530 -0.6195
vn 0.4431 -0.0025 -0.8965
vn 0.4430 0.0008 -0.8965
vn 0.2329 -0.2458 -0.9409
vn 0.7990 -0.3047 -0.5184
vn 0.1093 -0.9819 -0.1544
vn 0.3368 -0.6161 -0.7120
vn 0.7363 -0.5081 -0.4469
vn 0.3048 0.3675 -0.8787
vn 0.4006 -0.3801 -0.8337
vn 0.2524 -0.9585 -0.1329
vn 0.1172 -0.7396 -0.6627
vn 0.0744 0.9898 -0.1212
vn 0.3339 0.0849 -0.9388
vn 0.5550 0.2949 -0.7778
vn 0.5753 -0.2414 -0.7815
vn 0.1165 -0.9634 -0.2414
vn 0.2508 -0.7175 -0.6499
vn 0.2284 0.3484 -0.9091
vn 0.3412 -0.0018 -0.9400
vn 0.3386 -0.0000 -0.9409
vn 0.0798 -0.3370 -0.9381
vn 0.0367 -0.9985 -0.0418
vn 0.1811 -0.1783 -0.9672
vn 0.1708 0.4232 -0.8898
vn 0.3394 -0.3687 -0.8653
vn 0.1545 -0.9673 -0.2012
vn 0.3514 -0.6215 -0.7002
vn 0.0458 0.8401 -0.5406
vn 0.2785 0.2426 -0.9293
vn 0.2096 -0.0911 -0.9735
vn -0.0450 -0.6681 -0.7427
vn 0.0569 -0.9412 -0.3329
vn 0.0681 0.9656 -0.2510
vn 0.0564 -0.9043 -0.4231
vn 0.0814 -0.8148 -0.5740
vn -0.0000 0.9939 -0.1098
vn -0.0000 0.0013 -1.0000
vn -0.0000 0.0003 -1.0000
vn -0.0000 -0.0002 -1.0000
vn -0.0000 -0.0016 -1.0000
vn -0.0000 -0.9544 -0.2985
vn -0.0000 -0.7194 -0.6946
vn 0.5873 0.0024 -0.8093
vn 0.4416 -0.2839 -0.8511
vn 0.0092 -0.9999 -0.0093
vn 0.5729 0.0055 -0.8196
vn 0.4323 0.0001 -0.9017
vn 0.9017 0.0001 -0.4323
vn 0.4427 0.0089 -0.8966
vn 0.4374 -0.0301 -0.8988
vn 0.7610 -0.2864 -0.5821
vn 0.3499 -0.2637 -0.8989
vn -0.0681 0.9656 -0.2510
vn 0.8903 -0.1139 -0.4409
vn 0.4409 -0.1139 -0.8903
vn -0.0564 -0.9043 -0.4231
vn -0.0814 -0.8148 -0.5740
vn 0.1343 -0.9826 -0.1283
vn -0.2043 0.0001 -0.9789
vn -0.2049 0.0006 -0.9788
vn -0.2140 -0.9350 -0.2828
vn -0.0092 -0.9999 -0.0093
vn -0.4416 -0.2839 -0.8511
vn -0.7280 -0.3069 -0.6130
vn -0.5774 -0.0016 -0.8165
vn -0.5795 -0.0000 -0.8150
vn -0.5784 0.0006 -0.8158
vn -0.5729 0.0055 -0.8196
vn -0.5873 0.0024 -0.8093
vn -0.2835 -0.1529 -0.9467
vn -0.0729 -0.9964 -0.0432
vn -0.3072 -0.3568 -0.8822
vn -0.5522 -0.2875 -0.7826
vn -0.6072 -0.1870 -0.7722
vn -0.1725 -0.9129 -0.3700
vn -0.0762 -0.9887 -0.1288
vn -0.3234 -0.1006 -0.9409
vn -0.1793 -0.1396 -0.9738
vn -0.1169 -0.2960 -0.9480
vn -0.1762 -0.0020 -0.9844
vn -0.1729 -0.0003 -0.9849
vn -0.1726 -0.0000 -0.9850
vn -0.1726 -0.0001 -0.9850
vn -0.1639 -0.0081 -0.9864
vn -0.1461 -0.0078 -0.9892
vn -0.2062 0.0004 -0.9785
vn -0.1707 -0.0277 -0.9849
vn -0.0883 -0.9944 -0.0584
vn -0.0904 -0.4132 -0.9061
vn -0.0904 -0.9737 -0.2090
vn 0.8966 0.0089 -0.4427
vn 0.8988 -0.0301 -0.4374
vn 0.8989 -0.2637 -0.3499
vn 0.5821 -0.2864 -0.7610
vn 0.1283 -0.9826 -0.1343
vn -0.1000 -0.4611 -0.8817
vn -0.2361 -0.4054 -0.8831
vn -0.7363 -0.5081 -0.4469
vn -0.0627 -0.9948 -0.0798
vn -0.3538 -0.2709 -0.8952
vn -0.4722 0.2452 -0.8467
vn -0.7990 -0.3047 -0.5184
vn 0.5784 0.0006 -0.8158
vn 0.5795 -0.0000 -0.8150
vn 0.5774 -0.0016 -0.8165
vn 0.2835 -0.1529 -0.9467
vn 0.7280 -0.3069 -0.6130
vn 0.3072 -0.3568 -0.8822
vn 0.0729 -0.9964 -0.0432
vn 0.3234 -0.1006 -0.9409
vn 0.5522 -0.2875 -0.7826
vn 0.0762 -0.9887 -0.1288
vn 0.1725 -0.9129 -0.3700
vn 0.1461 -0.0078 -0.9892
vn 0.1639 -0.0081 -0.9864
vn 0.1726 -0.0001 -0.9850
vn 0.1726 -0.0000 -0.9850
vn 0.1729 -0.0003 -0.9849
vn 0.1762 -0.0020 -0.9844
vn 0.1169 -0.2960 -0.9480
vn 0.1793 -0.1396 -0.9738
vn 0.6072 -0.1870 -0.7722
vn 0.0904 -0.4132 -0.9061
vn 0.0883 -0.9944 -0.0584
vn 0.1707 -0.0277 -0.9849
vn 0.2062 0.0004 -0.9785
vn 0.1000 -0.4611 -0.8817
vn 0.0904 -0.9737 -0.2090
vn -0.0000 -0.0021 -1.0000
vn -0.0000 -0.0001 -1.0000
vn -0.0000 0.0002 -1.0000
vn -0.0000 -0.0006 -1.0000
vn -0.0000 -0.4774 -0.8787
vn -0.0000 -0.9538 -0.3005
vn -0.0000 -0.0034 -1.0000
vn -0.0000 -0.0009 -1.0000
vn -0.0458 0.8401 -0.5406
vn 0.0450 -0.6681 -0.7427
vn -0.0569 -0.9412 -0.3329
vn 0.2049 0.0006 -0.9788
vn 0.2043 0.0001 -0.9789
vn -0.2785 0.2426 -0.9293
vn -0.2096 -0.0911 -0.9735
vn -0.1708 0.4232 -0.8898
vn -0.0000 -0.0004 -1.0000
vn -0.3394 -0.3687 -0.8653
vn -0.1545 -0.9673 -0.2012
vn -0.2284 0.3484 -0.9091
vn -0.3412 -0.0018 -0.9400
vn -0.3386 -0.0000 -0.9409
vn -0.0798 -0.3370 -0.9381
vn -0.0367 -0.9985 -0.0418
vn -0.3514 -0.6215 -0.7002
vn -0.1811 -0.1783 -0.9672
vn -0.0744 0.9898 -0.1212
vn -0.3339 0.0849 -0.9388
vn -0.1165 -0.9634 -0.2414
vn -0.2508 -0.7175 -0.6499
vn -0.5550 0.2949 -0.7778
vn -0.5753 -0.2414 -0.7815
vn -0.3048 0.3675 -0.8787
vn -0.4006 -0.3801 -0.8337
vn -0.2524 -0.9585 -0.1329
vn -0.0088 0.9999 -0.0120
vn -0.3344 0.1469 -0.9309
vn -0.4431 -0.0025 -0.8965
vn -0.4430 0.0008 -0.8965
vn -0.2329 -0.2458 -0.9409
vn -0.1093 -0.9819 -0.1544
vn -0.1172 -0.7396 -0.6627
vn -0.3368 -0.6161 -0.7120
vn -0.7431 0.2530 -0.6195
vn -0.0681 0.9656 0.2510
vn -0.0564 -0.9043 0.4231
vn -0.0813 -0.8148 0.5740
vn -0.0458 0.8401 0.5406
vn 0.0450 -0.6681 0.7427
vn -0.0569 -0.9412 0.3329
vn -0.1708 0.4232 0.8898
vn -0.2785 0.2426 0.9293
vn -0.3394 -0.3687 0.8653
vn -0.2096 -0.0911 0.9735
vn -0.1545 -0.9673 0.2012
vn -0.0367 -0.9985 0.0418
vn -0.1811 -0.1783 0.9672
vn -0.3514 -0.6215 0.7002
vn -0.2284 0.3484 0.9091
vn -0.3412 -0.0018 0.9400
vn -0.3386 -0.0000 0.9409
vn -0.0798 -0.3370 0.9381
vn -0.0744 0.9898 0.1212
vn -0.1165 -0.9634 0.2414
vn -0.2508 -0.7175 0.6499
vn -0.3339 0.0849 0.9388
vn -0.3048 0.3675 0.8787
vn -0.5550 0.2949 0.7778
vn -0.4006 -0.3801 0.8337
vn -0.5753 -0.2414 0.7815
vn -0.2524 -0.9585 0.1329
vn -0.0088 0.9999 0.0120
vn -0.1093 -0.9819 0.1544
vn -0.3368 -0.6161 0.7120
vn -0.1172 -0.7396 0.6627
vn -0.3344 0.1469 0.9309
vn -0.4431 -0.0025 0.8965
vn -0.4430 0.0008 0.8965
vn -0.2329 -0.2458 0.9409
vn -0.0627 -0.9948 0.0798
vn -0.2361 -0.4054 0.8831
vn -0.7363 -0.5081 0.4469
vn -0.4722 0.2452 0.8467
vn -0.7431 0.2530 0.6195
vn -0.3538 -0.2709 0.8952
vn -0.7990 -0.3047 0.5184
vn -0.0904 -0.9737 0.2090
vn -0.1000 -0.4611 0.8817
vn -0.0883 -0.9944 0.0584
vn -0.1707 -0.0277 0.9849
vn -0.2062 0.0004 0.9785
vn -0.0904 -0.4132 0.9061
vn -0.1793 -0.1396 0.9738
vn -0.1461 -0.0078 0.9892
vn -0.1639 -0.0081 0.9864
vn -0.1726 -0.0001 0.9850
vn -0.1726 -0.0000 0.9850
vn -0.1729 -0.0003 0.9849
vn -0.1762 -0.0020 0.9844
vn -0.1169 -0.2960 0.9480
vn -0.0762 -0.9887 0.1288
vn -0.3234 -0.1006 0.9409
vn -0.3072 -0.3568 0.8822
vn -0.5522 -0.2875 0.7826
vn -0.2835 -0.1529 0.9467
vn -0.0092 -0.9999 0.0093
vn -0.5873 0.0024 0.8093
vn -0.5729 0.0055 0.8196
vn -0.5784 0.0006 0.8158
vn -0.5795 -0.0000 0.8150
vn -0.5774 -0.0016 0.8165
vn -0.4416 -0.2839 0.8511
vn -0.7280 -0.3069 0.6130
vn -0.2140 -0.9350 0.2828
vn -0.9017 0.0001 0.4323
vn -0.2049 0.0006 0.9788
vn -0.2043 0.0001 0.9789
vn 0.0798 -0.3370 0.9381
vn 0.3386 -0.0000 0.9409
vn 0.3412 -0.0018 0.9400
vn 0.2284 0.3484 0.9091
vn 0.1811 -0.1783 0.9672
vn 0.0367 -0.9985 0.0418
vn 0.3339 0.0849 0.9388
vn 0.2508 -0.7175 0.6499
vn 0.1165 -0.9634 0.2414
vn 0.5753 -0.2414 0.7815
vn 0.5550 0.2949 0.7778
vn 0.0744 0.9898 0.1212
vn -0.4323 0.0001 0.9017
vn -0.8989 -0.2637 0.3499
vn -0.0432 -0.9964 0.0729
vn -0.8966 0.0089 0.4427
vn -0.8988 -0.0301 0.4374
vn -0.7722 -0.1870 0.6072
vn -0.3700 -0.9129 0.1726
vn -0.8903 -0.1139 0.4409
vn -0.5821 -0.2864 0.7610
vn -0.1283 -0.9826 0.1343
vn -0.7610 -0.2864 0.5821
vn -0.4409 -0.1139 0.8903
vn -0.1343 -0.9826 0.1283
vn -0.3499 -0.2637 0.8989
vn -0.0729 -0.9964 0.0432
vn -0.4427 0.0089 0.8966
vn -0.6072 -0.1870 0.7722
vn -0.4374 -0.0301 0.8988
vn -0.1726 -0.9129 0.3700
vn 0.3514 -0.6215 0.7002
vn 0.1708 0.4232 0.8898
vn 0.3394 -0.3687 0.8653
vn 0.1545 -0.9673 0.2012
vn 0.0458 0.8401 0.5406
vn 0.2785 0.2426 0.9293
vn 0.2524 -0.9585 0.1329
vn 0.4006 -0.3801 0.8337
vn 0.3048 0.3675 0.8787
vn 0.1172 -0.7396 0.6627
vn 0.2096 -0.0911 0.9735
vn -0.0450 -0.6681 0.7427
vn 0.0569 -0.9412 0.3329
vn 0.2329 -0.2458 0.9409
vn 0.4430 0.0008 0.8965
vn 0.4431 -0.0025 0.8965
vn 0.3344 0.1469 0.9309
vn 0.3368 -0.6161 0.7120
vn 0.1093 -0.9819 0.1544
vn 0.7990 -0.3047 0.5184
vn 0.7431 0.2530 0.6195
vn 0.0088 0.9999 0.0120
vn 0.7363 -0.5081 0.4469
vn 0.0681 0.9656 0.2510
vn 0.0564 -0.9043 0.4231
vn 0.0814 -0.8148 0.5740
vn 0.4323 0.0001 0.9017
vn -0.0000 0.9939 0.1098
vn -0.0000 -0.9544 0.2985
vn -0.0000 -0.7194 0.6946
vn -0.0000 0.0013 1.0000
vn -0.0000 0.0003 1.0000
vn -0.0000 -0.0002 1.0000
vn -0.0000 -0.0016 1.0000
vn 0.0092 -0.9999 0.0093
vn 0.5873 0.0024 0.8093
vn 0.4416 -0.2839 0.8511
vn 0.5729 0.0055 0.8196
vn 0.5784 0.0006 0.8158
vn 0.5795 -0.0000 0.8150
vn 0.5774 -0.0016 0.8165
vn -0.0798 -0.9948 0.0627
vn -0.4469 -0.5081 0.7363
vn -0.8831 -0.4054 0.2361
vn -0.0120 0.9999 0.0088
vn -0.1544 -0.9819 0.1093
vn -0.6627 -0.7396 0.1172
vn -0.7120 -0.6161 0.3368
vn -0.6195 0.2530 0.7431
vn -0.8467 0.2452 0.4722
vn -0.5184 -0.3047 0.7990
vn -0.8952 -0.2709 0.3538
vn -0.0418 -0.9985 0.0367
vn -0.7002 -0.6215 0.3514
vn -0.9672 -0.1783 0.1811
vn -0.1212 0.9898 0.0744
vn -0.2414 -0.9634 0.1165
vn -0.6499 -0.7175 0.2508
vn -0.7778 0.2949 0.5550
vn -0.8787 0.3675 0.3048
vn -0.7815 -0.2414 0.5753
vn 0.2510 0.9656 0.0681
vn 0.4231 -0.9043 0.0564
vn 0.5406 0.8401 0.0458
vn 0.7427 -0.6681 -0.0450
vn 0.9293 0.2426 0.2785
vn 0.9735 -0.0911 0.2096
vn 0.5740 -0.8148 0.0814
vn 0.3329 -0.9412 0.0569
vn 0.8898 0.4232 0.1708
vn 0.8653 -0.3687 0.3394
vn 0.2012 -0.9673 0.1545
vn 0.9091 0.3484 0.2284
vn 0.9400 -0.0018 0.3412
vn 0.9409 -0.0000 0.3386
vn 0.9381 -0.3370 0.0798
vn 0.0418 -0.9985 0.0367
vn 0.7002 -0.6215 0.3514
vn 0.1212 0.9898 0.0744
vn 0.9388 0.0849 0.3339
vn 0.2414 -0.9634 0.1165
vn 0.7778 0.2949 0.5550
vn 0.7815 -0.2414 0.5753
vn 0.9672 -0.1783 0.1811
vn 0.6499 -0.7175 0.2508
vn 0.8787 0.3675 0.3048
vn 0.8337 -0.3801 0.4006
vn 0.1329 -0.9585 0.2524
vn 0.0120 0.9999 0.0088
vn 0.9309 0.1469 0.3344
vn 0.8965 -0.0025 0.4431
vn 0.8965 0.0008 0.4430
vn 0.9409 -0.2458 0.2329
vn 0.1544 -0.9819 0.1093
vn 0.6627 -0.7396 0.1172
vn 0.6195 0.2530 0.7431
vn 0.5184 -0.3047 0.7990
vn 0.7120 -0.6161 0.3368
vn 0.8467 0.2452 0.4722
vn 0.8952 -0.2709 0.3538
vn 0.0798 -0.9948 0.0627
vn 0.4469 -0.5081 0.7363
vn 0.8831 -0.4054 0.2361
vn 0.9892 -0.0078 0.1461
vn 0.8817 -0.4611 0.1000
vn 0.9061 -0.4132 0.0904
vn 0.9864 -0.0081 0.1639
vn 0.9850 -0.0001 0.1726
vn 0.9850 -0.0000 0.1726
vn 0.9849 -0.0003 0.1729
vn 0.9844 -0.0020 0.1762
vn 0.9480 -0.2960 0.1169
vn 0.9409 -0.1006 0.3234
vn 0.1288 -0.9887 0.0762
vn 0.7826 -0.2875 0.5522
vn 0.8822 -0.3568 0.3072
vn 0.9467 -0.1529 0.2835
vn 0.8093 0.0024 0.5873
vn 0.8196 0.0055 0.5729
vn 0.8158 0.0006 0.5784
vn 0.8150 -0.0000 0.5795
vn 0.8165 -0.0016 0.5774
vn 0.6130 -0.3069 0.7280
vn 0.8511 -0.2839 0.4416
vn 0.0093 -0.9999 0.0092
vn 0.2828 -0.9350 0.2140
vn 0.2090 -0.9737 0.0904
vn 0.0584 -0.9944 0.0883
vn 0.9849 -0.0277 0.1707
vn 0.9785 0.0004 0.2062
vn 0.9738 -0.1396 0.1793
vn 0.3700 -0.9129 0.1726
vn 0.7722 -0.1870 0.6072
vn 0.0432 -0.9964 0.0729
vn -0.8337 -0.3801 0.4006
vn -0.1329 -0.9585 0.2524
vn -0.9309 0.1469 0.3344
vn -0.8965 -0.0025 0.4431
vn -0.8965 0.0008 0.4430
vn 0.9788 0.0006 0.2049
vn 0.9789 0.0001 0.2043
vn -0.9409 -0.2458 0.2329
vn -0.2510 0.9656 0.0681
vn -0.4231 -0.9043 0.0564
vn -0.5740 -0.8148 0.0814
vn -0.5405 0.8401 0.0458
vn -0.7427 -0.6681 -0.0450
vn -0.3329 -0.9412 0.0569
vn -0.9293 0.2426 0.2785
vn -0.8898 0.4233 0.1708
vn -0.9735 -0.0911 0.2096
vn -0.8653 -0.3687 0.3394
vn -0.2012 -0.9673 0.1545
vn -0.9091 0.3484 0.2284
vn -0.9400 -0.0018 0.3412
vn -0.9409 -0.0000 0.3386
vn -0.9381 -0.3370 0.0798
vn 0.9017 0.0001 0.4323
vn 0.6072 -0.1870 0.7722
vn 0.4427 0.0089 0.8966
vn 0.4374 -0.0301 0.8988
vn 0.1726 -0.9129 0.3700
vn 0.3499 -0.2637 0.8989
vn 0.0729 -0.9964 0.0432
vn 0.7610 -0.2864 0.5821
vn 0.4409 -0.1139 0.8903
vn 0.1343 -0.9826 0.1283
vn 0.8903 -0.1139 0.4409
vn 0.5821 -0.2864 0.7610
vn 0.1283 -0.9826 0.1343
vn -0.9388 0.0849 0.3339
vn 0.8989 -0.2637 0.3499
vn 0.8966 0.0089 0.4427
vn 0.8988 -0.0301 0.4374
vn -0.2090 -0.9737 0.0904
vn -0.0584 -0.9944 0.0883
vn -1.0000 0.0003 -0.0000
vn -1.0000 -0.0001 -0.0000
vn -1.0000 -0.0021 -0.0000
vn -0.9849 -0.0277 0.1707
vn -0.9785 0.0004 0.2062
vn -0.9738 -0.1396 0.1793
vn -0.0093 -0.9999 0.0092
vn -0.2828 -0.9350 0.2140
vn -0.8093 0.0024 0.5873
vn -0.8196 0.0055 0.5729
vn -0.8158 0.0006 0.5784
vn -0.8150 -0.0000 0.5795
vn -0.8165 -0.0016 0.5774
vn -0.6130 -0.3069 0.7280
vn -0.8511 -0.2839 0.4416
vn -0.1288 -0.9887 0.0762
vn -0.7826 -0.2875 0.5522
vn -0.8822 -0.3568 0.3072
vn -0.9467 -0.1529 0.2835
vn -0.8817 -0.4611 0.1000
vn -0.9061 -0.4132 0.0904
vn -0.9892 -0.0078 0.1461
vn -0.9864 -0.0081 0.1639
vn -0.9850 -0.0001 0.1726
vn -0.9850 -0.0000 0.1726
vn -0.9849 -0.0003 0.1729
vn -0.9844 -0.0020 0.1762
vn -0.9480 -0.2960 0.1169
vn -0.9409 -0.1006 0.3234
vn -1.0000 -0.0016 -0.0000
vn -1.0000 -0.0003 -0.0000
vn -1.0000 0.0013 -0.0000
vn 0.7280 -0.3069 0.6130
vn -0.9788 0.0006 0.2049
vn -0.9789 0.0001 0.2043
vn -0.2985 -0.9544 -0.0000
vn 0.2835 -0.1529 0.9467
vn 0.3072 -0.3568 0.8822
vn 0.5522 -0.2875 0.7826
vn 0.0762 -0.9887 0.1288
vn 0.3234 -0.1006 0.9409
vn 0.1793 -0.1396 0.9738
vn 0.1461 -0.0078 0.9892
vn 0.1639 -0.0081 0.9864
vn 0.1726 -0.0001 0.9850
vn 0.1726 -0.0000 0.9850
vn 0.1729 -0.0003 0.9849
vn 0.1762 -0.0020 0.9844
vn 0.1169 -0.2960 0.9480
vn 0.0883 -0.9944 0.0584
vn 0.1707 -0.0277 0.9849
vn 0.2062 0.0004 0.9785
vn 0.0904 -0.4132 0.9061
vn 0.0904 -0.9737 0.2090
vn 0.1000 -0.4611 0.8817
vn -0.0000 -0.9538 0.3005
vn -0.0000 -0.0034 1.0000
vn -0.0000 -0.0009 1.0000
vn -0.0000 -0.0021 1.0000
vn -0.0000 -0.0001 1.0000
vn -0.0000 0.0002 1.0000
vn -0.0000 -0.0006 1.0000
vn -0.0000 -0.4774 0.8787
vn 0.2049 0.0006 0.9788
vn 0.2043 0.0001 0.9789
vn -0.0000 -0.0004 1.0000
vn 1.0000 0.0003 -0.0000
vn 1.0000 -0.0001 -0.0000
vn -0.4195 0.3299 0.8457
vn -0.7490 0.3243 0.5777
vn -0.4306 -0.3871 0.8153
vn -0.8152 -0.3200 0.4827
vn -0.4985 -0.8590 0.1166
vn -0.1459 0.9785 0.1459
vn -0.2503 -0.9352 0.2503
vn -0.5073 -0.8567 0.0937
vn -0.0937 -0.8567 0.5073
vn -0.5856 0.0457 0.8093
vn -0.4852 -0.1778 0.8562
vn -0.5777 0.3243 0.7490
vn -0.8457 0.3299 0.4195
vn -0.4827 -0.3200 0.8152
vn -0.8153 -0.3871 0.4306
vn -0.1166 -0.8590 0.4985
vn -0.8093 0.0457 0.5856
vn -0.8562 -0.1778 0.4852
vn -0.0939 -0.9911 0.0939
vn -0.5934 -0.0322 0.8042
vn -0.6237 -0.0349 0.7809
vn -0.7809 -0.0349 0.6237
vn -0.8042 -0.0322 0.5934
vn 1.0000 -0.0021 -0.0000
vn 0.2985 -0.9544 -0.0000
vn 1.0000 -0.0016 -0.0000
vn 1.0000 -0.0003 -0.0000
vn 1.0000 0.0013 -0.0000
vn 0.5777 0.3243 0.7490
vn 0.4827 -0.3200 0.8152
vn 0.8457 0.3299 0.4195
vn 0.8153 -0.3871 0.4306
vn 0.1166 -0.8590 0.4985
vn 0.1459 0.9785 0.1459
vn 0.8093 0.0457 0.5856
vn 0.8562 -0.1778 0.4852
vn 0.2503 -0.9352 0.2503
vn 0.5073 -0.8567 0.0937
vn 0.5856 0.0457 0.8093
vn 0.4852 -0.1778 0.8562
vn 0.0937 -0.8567 0.5073
vn 0.4195 0.3299 0.8457
vn 0.4306 -0.3871 0.8153
vn 0.4985 -0.8590 0.1166
vn 0.7490 0.3243 0.5777
vn 0.8152 -0.3200 0.4827
vn 0.0627 -0.9948 0.0798
vn 0.2361 -0.4054 0.8831
vn 0.4722 0.2452 0.8467
vn 0.3538 -0.2709 0.8952
vn 0.7809 -0.0349 0.6237
vn 0.8042 -0.0322 0.5934
vn 0.0939 -0.9911 0.0939
vn 0.5934 -0.0322 0.8042
vn 0.6237 -0.0349 0.7809
vn 0.2140 -0.9350 0.2828
vn 0.8527 0.1578 0.4980
vn 0.1062 0.9858 0.1303
vn 0.6754 0.1630 0.7192
vn 0.8175 -0.0000 0.5759
vn 0.8183 0.0008 0.5748
vn 0.8359 0.0374 0.5476
vn 0.1683 0.9731 0.1572
vn 0.9084 0.0445 0.4158
vn 0.6329 0.7643 0.1235
vn 0.9285 0.0221 0.3708
vn 0.1486 0.9778 0.1480
vn 0.9548 0.1288 0.2680
vn 0.9336 -0.0000 0.3582
vn 0.9337 -0.0000 0.3582
vn 0.9354 0.0022 0.3536
vn 0.8713 0.1883 0.4532
vn 0.5426 0.8395 0.0288
vn 0.2771 0.9587 0.0633
vn 0.1184 0.9916 0.0523
vn 0.9744 0.1983 0.1059
vn 0.5641 0.8250 -0.0339
vn 0.9789 -0.0002 0.2044
vn 0.9803 0.0041 0.1975
vn 0.8857 0.4580 0.0759
vn 0.7539 0.6371 0.1604
vn 0.9096 0.0080 0.4155
vn 0.1758 0.8753 0.4504
vn 0.6220 0.7805 -0.0620
vn -0.4472 0.4168 -0.7914
vn -0.5236 0.6037 -0.6011
vn -0.5132 0.6671 -0.5400
vn -0.7914 0.4168 -0.4472
vn -0.4307 0.0064 -0.9025
vn -0.4313 0.0006 -0.9022
vn -0.6011 0.6037 -0.5236
vn -0.5400 0.6671 -0.5132
vn -0.9022 0.0006 -0.4313
vn -0.9025 0.0064 -0.4307
vn -0.9096 0.0080 -0.4155
vn -0.6220 0.7805 0.0620
vn -0.3226 0.8028 -0.5015
vn -0.0680 0.9954 -0.0680
vn -0.5015 0.8028 -0.3226
vn -0.1062 0.9858 -0.1303
vn -0.8527 0.1578 -0.4980
vn 0.5015 0.8028 0.3226
vn 0.0680 0.9954 0.0680
vn 0.3226 0.8028 0.5015
vn 0.1303 0.9858 0.1062
vn 0.4980 0.1578 0.8527
vn -0.1758 0.8753 -0.4504
vn -0.7539 0.6371 -0.1604
vn -0.9789 -0.0002 -0.2044
vn -0.9803 0.0041 -0.1975
vn -0.8857 0.4580 -0.0759
vn -0.9744 0.1983 -0.1059
vn -0.5641 0.8250 0.0339
vn -1.0000 -0.0002 -0.0000
vn -1.0000 0.0035 -0.0000
vn -0.9923 0.1236 -0.0000
vn -0.1683 0.9731 -0.1572
vn -0.6754 0.1630 -0.7192
vn -0.8359 0.0374 -0.5476
vn -0.8183 0.0008 -0.5748
vn -0.8175 -0.0000 -0.5759
vn -0.6329 0.7643 -0.1235
vn -0.9084 0.0445 -0.4158
vn -0.1486 0.9778 -0.1480
vn -0.9285 0.0221 -0.3708
vn -0.9548 0.1288 -0.2680
vn -0.5426 0.8395 -0.0288
vn -0.8713 0.1883 -0.4532
vn -0.9354 0.0022 -0.3536
vn -0.9337 -0.0000 -0.3582
vn -0.9336 -0.0000 -0.3582
vn -0.2771 0.9587 -0.0633
vn -0.1184 0.9916 -0.0523
vn -0.0560 0.9984 -0.0000
vn -1.0000 0.0026 -0.0000
vn -0.0523 -0.9916 -0.1184
vn -0.0633 -0.9587 -0.2771
vn -0.0288 -0.8395 -0.5426
vn -0.3582 -0.0000 -0.9337
vn -0.3536 -0.0022 -0.9354
vn -0.4532 -0.1883 -0.8713
vn -0.2680 -0.1288 -0.9548
vn -0.3708 -0.0221 -0.9285
vn -0.1480 -0.9778 -0.1486
vn -0.1235 -0.7643 -0.6329
vn -0.4158 -0.0445 -0.9084
vn -0.5759 -0.0000 -0.8175
vn -0.5748 -0.0008 -0.8183
vn -0.5476 -0.0374 -0.8359
vn -0.0000 -0.9984 -0.0560
vn -0.0000 -0.0026 -1.0000
vn -0.0000 -0.0003 -1.0000
vn 0.0523 -0.9916 -0.1184
vn 0.0633 -0.9587 -0.2771
vn 0.0288 -0.8395 -0.5426
vn 0.4532 -0.1883 -0.8713
vn 0.3536 -0.0022 -0.9354
vn 0.3582 -0.0000 -0.9337
vn 0.2680 -0.1288 -0.9548
vn 0.1480 -0.9778 -0.1486
vn 0.3708 -0.0221 -0.9285
vn 0.1235 -0.7643 -0.6329
vn 0.4158 -0.0445 -0.9084
vn 0.1572 -0.9731 -0.1683
vn 0.7192 -0.1630 -0.6754
vn 0.5476 -0.0374 -0.8359
vn 0.5748 -0.0008 -0.8183
vn 0.5759 -0.0000 -0.8175
vn 0.1683 -0.9731 -0.1572
vn 0.8359 -0.0374 -0.5476
vn 0.6754 -0.1630 -0.7192
vn 0.8183 -0.0008 -0.5748
vn 0.8175 -0.0000 -0.5759
vn 0.9548 -0.1288 -0.2680
vn 0.1486 -0.9778 -0.1480
vn 0.9285 -0.0221 -0.3708
vn 0.6329 -0.7643 -0.1235
vn 0.9084 -0.0445 -0.4158
vn 0.0560 -0.9984 -0.0000
vn 1.0000 -0.0026 -0.0000
vn 0.1184 -0.9916 -0.0523
vn 0.2771 -0.9587 -0.0633
vn 0.5426 -0.8395 -0.0288
vn 0.8713 -0.1883 -0.4532
vn 0.9354 -0.0022 -0.3536
vn 0.9337 -0.0000 -0.3582
vn 0.1303 -0.9858 -0.1062
vn 0.4980 -0.1578 -0.8527
vn 0.0680 -0.9954 -0.0680
vn 0.3226 -0.8028 -0.5015
vn 0.1062 -0.9858 -0.1303
vn 0.8527 -0.1578 -0.4980
vn 0.5015 -0.8028 -0.3226
vn 0.4307 0.0064 -0.9025
vn 0.4313 0.0006 -0.9022
vn 0.5236 0.6037 -0.6011
vn 0.5132 0.6671 -0.5400
vn 0.7914 0.4168 -0.4472
vn 0.4472 0.4168 -0.7914
vn 0.9025 0.0064 -0.4307
vn 0.9022 0.0006 -0.4313
vn 0.5400 0.6671 -0.5132
vn 0.6011 0.6037 -0.5236
vn -0.4980 0.1578 -0.8527
vn -0.1303 0.9858 -0.1062
vn -0.7192 0.1630 -0.6754
vn -0.5748 0.0008 -0.8183
vn -0.5476 0.0374 -0.8359
vn -0.1572 0.9731 -0.1683
vn -0.4158 0.0445 -0.9084
vn -0.1235 0.7643 -0.6329
vn 0.0620 0.7805 -0.6220
vn -0.3708 0.0221 -0.9285
vn -0.1480 0.9778 -0.1486
vn -0.4504 0.8753 -0.1758
vn -0.4155 0.0080 -0.9096
vn -0.2680 0.1288 -0.9548
vn -0.3582 -0.0000 -0.9336
vn -0.3536 0.0022 -0.9354
vn -0.4532 0.1883 -0.8713
vn -0.1604 0.6371 -0.7539
vn -0.0288 0.8395 -0.5426
vn -0.0759 0.4580 -0.8857
vn -0.1975 0.0041 -0.9803
vn -0.2044 -0.0002 -0.9789
vn 0.0339 0.8250 -0.5641
vn -0.0633 0.9587 -0.2771
vn -0.1059 0.1983 -0.9744
vn -0.0523 0.9916 -0.1184
vn -0.1572 -0.9731 -0.1683
vn -0.7192 -0.1630 -0.6754
vn -0.4980 -0.1578 -0.8527
vn -0.1303 -0.9858 -0.1062
vn -0.3226 -0.8028 -0.5015
vn -0.0680 -0.9954 -0.0680
vn -0.5015 -0.8028 -0.3226
vn -0.1062 -0.9858 -0.1303
vn -0.8527 -0.1578 -0.4980
vn -0.6754 -0.1630 -0.7192
vn -0.1683 -0.9731 -0.1572
vn -0.8183 -0.0008 -0.5748
vn -0.8359 -0.0374 -0.5476
vn -0.9084 -0.0445 -0.4158
vn -0.6329 -0.7643 -0.1235
vn -0.1486 -0.9778 -0.1480
vn -0.9285 -0.0221 -0.3708
vn -0.9548 -0.1288 -0.2680
vn -0.9354 -0.0022 -0.3536
vn -0.8713 -0.1883 -0.4532
vn -0.5426 -0.8395 -0.0288
vn -0.2771 -0.9587 -0.0633
vn -0.1184 -0.9916 -0.0523
vn -0.0560 -0.9984 -0.0000
vn -1.0000 -0.0026 -0.0000
vn 0.9022 0.0006 0.4313
vn 0.9025 0.0064 0.4307
vn 0.5400 0.6671 0.5132
vn 0.6011 0.6037 0.5236
vn 0.7914 0.4168 0.4472
vn 0.4472 0.4168 0.7914
vn 0.5236 0.6037 0.6011
vn 0.5132 0.6671 0.5400
vn 0.4313 0.0006 0.9022
vn 0.4307 0.0064 0.9025
vn 0.4155 0.0080 0.9096
vn -0.0620 0.7805 0.6220
vn -0.0000 0.0035 -1.0000
vn -0.0000 0.1236 -0.9923
vn -0.0000 0.0026 -1.0000
vn -0.0000 0.9984 -0.0560
vn -0.0339 0.8250 -0.5641
vn 0.1059 0.1982 -0.9744
vn 0.0523 0.9916 -0.1184
vn 0.0759 0.4580 -0.8857
vn 0.1975 0.0041 -0.9803
vn 0.2044 -0.0002 -0.9789
vn 0.0633 0.9587 -0.2771
vn 0.1604 0.6371 -0.7539
vn 0.3582 -0.0000 -0.9336
vn 0.3536 0.0022 -0.9354
vn 0.4532 0.1883 -0.8713
vn 0.0288 0.8395 -0.5426
vn -0.0620 0.7805 -0.6220
vn 0.4504 0.8753 -0.1758
vn 0.4155 0.0080 -0.9096
vn 0.2680 0.1288 -0.9548
vn 0.3708 0.0221 -0.9285
vn 0.1480 0.9778 -0.1486
vn 0.4158 0.0445 -0.9084
vn 0.1235 0.7643 -0.6329
vn 0.5748 0.0008 -0.8183
vn 0.7192 0.1630 -0.6754
vn 0.5476 0.0374 -0.8359
vn 0.1572 0.9731 -0.1683
vn -0.0000 -0.0026 1.0000
vn -0.0000 -0.0003 1.0000
vn -0.0000 -0.9984 0.0560
vn 0.0523 -0.9916 0.1184
vn 0.0633 -0.9587 0.2771
vn 0.0288 -0.8395 0.5426
vn 0.4532 -0.1883 0.8713
vn 0.3536 -0.0022 0.9354
vn 0.3582 -0.0000 0.9337
vn 0.2680 -0.1288 0.9548
vn 0.3708 -0.0221 0.9285
vn 0.1480 -0.9778 0.1486
vn 0.1235 -0.7643 0.6329
vn 0.4158 -0.0445 0.9084
vn 0.5476 -0.0374 0.8359
vn 0.5748 -0.0008 0.8183
vn 0.5759 -0.0000 0.8175
vn 0.1572 -0.9731 0.1683
vn 0.7192 -0.1630 0.6754
vn 0.4980 -0.1578 0.8527
vn 0.1303 -0.9858 0.1062
vn 0.3226 -0.8028 0.5015
vn 0.0680 -0.9954 0.0680
vn 0.5015 -0.8028 0.3226
vn -0.4313 0.0006 0.9022
vn -0.4307 0.0064 0.9025
vn -0.4155 0.0080 0.9096
vn -0.5132 0.6671 0.5400
vn 0.0620 0.7805 0.6220
vn -0.4472 0.4168 0.7914
vn -0.5236 0.6037 0.6011
vn -0.6011 0.6037 0.5236
vn -0.7914 0.4168 0.4472
vn -0.9022 0.0006 0.4313
vn -0.9025 0.0064 0.4307
vn -0.9096 0.0080 0.4155
vn -0.6220 0.7805 -0.0620
vn -0.5400 0.6671 0.5132
vn 0.1062 -0.9858 0.1303
vn 0.8527 -0.1578 0.4980
vn 0.6754 -0.1630 0.7192
vn 0.1683 -0.9731 0.1572
vn 0.8359 -0.0374 0.5476
vn 0.8183 -0.0008 0.5748
vn 0.9084 -0.0445 0.4158
vn 0.6329 -0.7643 0.1235
vn 0.1486 -0.9778 0.1480
vn 0.9285 -0.0221 0.3708
vn 0.9548 -0.1288 0.2680
vn 0.8713 -0.1883 0.4532
vn 0.9354 -0.0022 0.3536
vn 0.5426 -0.8395 0.0288
vn -0.1059 0.1983 0.9744
vn -0.0523 0.9916 0.1184
vn -0.2044 -0.0002 0.9789
vn -0.1975 0.0041 0.9803
vn -0.0759 0.4580 0.8857
vn 0.0339 0.8250 0.5641
vn -0.0633 0.9587 0.2771
vn -0.1604 0.6371 0.7539
vn -0.0288 0.8395 0.5426
vn -0.4504 0.8753 0.1758
vn -0.2680 0.1288 0.9548
vn -0.4532 0.1883 0.8713
vn -0.3536 0.0022 0.9354
vn -0.3582 -0.0000 0.9337
vn -0.3582 -0.0000 0.9336
vn -0.1480 0.9778 0.1486
vn -0.3708 0.0221 0.9285
vn 1.0000 0.0035 -0.0000
vn 1.0000 -0.0002 -0.0000
vn 0.8857 0.4580 -0.0759
vn 0.9803 0.0041 -0.1975
vn 0.9789 -0.0002 -0.2044
vn 0.7539 0.6371 -0.1604
vn 0.1758 0.8753 -0.4504
vn 0.6220 0.7805 0.0620
vn 0.9096 0.0080 -0.4155
vn 0.9923 0.1236 -0.0000
vn 0.5641 0.8250 0.0339
vn 0.9744 0.1983 -0.1059
vn 0.8183 0.0008 -0.5748
vn 0.8359 0.0374 -0.5476
vn 0.6754 0.1630 -0.7192
vn 0.1683 0.9731 -0.1572
vn 0.9548 0.1288 -0.2680
vn 0.9285 0.0221 -0.3708
vn 0.1486 0.9778 -0.1480
vn 0.9084 0.0445 -0.4158
vn 0.6329 0.7643 -0.1235
vn 1.0000 0.0026 -0.0000
vn 0.0560 0.9984 -0.0000
vn 0.1184 0.9916 -0.0523
vn 0.2771 0.9587 -0.0633
vn 0.9336 -0.0000 -0.3582
vn 0.9354 0.0022 -0.3536
vn 0.8713 0.1883 -0.4532
vn 0.5426 0.8395 -0.0288
vn 0.2771 -0.9587 0.0633
vn 0.1184 -0.9916 0.0523
vn 0.1572 0.9731 0.1683
vn 0.7192 0.1630 0.6754
vn 0.5476 0.0374 0.8359
vn 0.5748 0.0008 0.8183
vn 0.1235 0.7643 0.6329
vn 0.4158 0.0445 0.9084
vn 0.1480 0.9778 0.1486
vn 0.3708 0.0221 0.9285
vn 0.4504 0.8753 0.1758
vn -0.1235 0.7643 0.6329
vn 0.2680 0.1288 0.9548
vn 0.1604 0.6371 0.7539
vn -0.1572 0.9731 0.1683
vn -0.5476 0.0374 0.8359
vn -0.4158 0.0445 0.9084
vn -0.5748 0.0008 0.8183
vn -0.5759 -0.0000 0.8175
vn -0.1303 0.9858 0.1062
vn -0.4980 0.1578 0.8527
vn -0.7192 0.1630 0.6754
vn 0.0288 0.8395 0.5426
vn 0.4532 0.1883 0.8713
vn 0.3536 0.0022 0.9354
vn 0.3582 -0.0000 0.9336
vn 0.2044 -0.0002 0.9789
vn 0.1975 0.0041 0.9803
vn 0.0759 0.4580 0.8857
vn 0.0633 0.9587 0.2771
vn 0.1059 0.1983 0.9744
vn -0.0339 0.8250 0.5641
vn 0.0523 0.9916 0.1184
vn -0.0000 0.0035 1.0000
vn -0.0000 0.1236 0.9923
vn -0.0000 0.9984 0.0560
vn -0.0000 0.0026 1.0000
vn -0.9744 0.1983 0.1059
vn -0.9789 -0.0002 0.2044
vn -0.9803 0.0041 0.1975
vn -0.5641 0.8250 -0.0339
vn -0.8857 0.4580 0.0759
vn -0.7539 0.6371 0.1604
vn -0.1758 0.8753 0.4504
vn -0.1062 0.9858 0.1303
vn -0.1683 0.9731 0.1572
vn -0.6754 0.1630 0.7192
vn -0.8527 0.1578 0.4980
vn -0.1486 0.9778 0.1480
vn -0.6329 0.7643 0.1235
vn -0.9084 0.0445 0.4158
vn -0.8359 0.0374 0.5476
vn -0.8183 0.0008 0.5748
vn -0.8175 -0.0000 0.5759
vn -0.1184 0.9916 0.0523
vn -0.2771 0.9587 0.0633
vn -0.5426 0.8395 0.0288
vn -0.8713 0.1883 0.4532
vn -0.9548 0.1288 0.2680
vn -0.9354 0.0022 0.3536
vn -0.9337 -0.0000 0.3582
vn -0.9336 -0.0000 0.3582
vn -0.9285 0.0221 0.3708
vn -0.0680 0.9954 0.0680
vn -0.3226 0.8028 0.5015
vn -0.5015 0.8028 0.3226
vn -0.0523 -0.9916 0.1184
vn -0.0633 -0.9587 0.2771
vn -0.0288 -0.8395 0.5426
vn -0.3536 -0.0022 0.9354
vn -0.2680 -0.1288 0.9548
vn -0.4532 -0.1883 0.8713
vn -0.1480 -0.9778 0.1486
vn -0.3708 -0.0221 0.9285
vn -0.1235 -0.7643 0.6329
vn 0.4980 0.1578 -0.8527
vn 0.1303 0.9858 -0.1062
vn 0.0680 0.9954 -0.0680
vn 0.3226 0.8028 -0.5015
vn 0.8527 0.1578 -0.4980
vn 0.1062 0.9858 -0.1303
vn 0.5015 0.8028 -0.3226
vn -0.1572 -0.9731 0.1683
vn -0.5748 -0.0008 0.8183
vn -0.5476 -0.0374 0.8359
vn -0.4158 -0.0445 0.9084
vn -0.1303 -0.9858 0.1062
vn -0.4980 -0.1578 0.8527
vn -0.7192 -0.1630 0.6754
vn -0.1062 -0.9858 0.1303
vn -0.1683 -0.9731 0.1572
vn -0.6754 -0.1630 0.7192
vn -0.8527 -0.1578 0.4980
vn -0.1486 -0.9778 0.1480
vn -0.6329 -0.7643 0.1235
vn -0.8183 -0.0008 0.5748
vn -0.9084 -0.0445 0.4158
vn -0.8359 -0.0374 0.5476
vn -0.1184 -0.9916 0.0523
vn -0.2771 -0.9587 0.0633
vn -0.5426 -0.8395 0.0288
vn -0.9354 -0.0022 0.3536
vn -0.8713 -0.1883 0.4532
vn -0.9548 -0.1288 0.2680
vn -0.9285 -0.0221 0.3708
vn -0.0680 -0.9954 0.0680
vn -0.3226 -0.8028 0.5015
vn -0.5015 -0.8028 0.3226
vt 0.692495 0.780357
vt 0.682538 0.780357
vt 0.682538 0.769643
vt 0.692495 0.769643
vt 0.692495 0.791071
vt 0.682538 0.791071
vt 0.692495 0.801786
vt 0.682538 0.801786
vt 0.702816 0.769643
vt 0.702816 0.780357
vt 0.702816 0.791071
vt 0.702816 0.801786
vt 0.722064 0.769643
vt 0.722064 0.780357
vt 0.722064 0.791071
vt 0.722064 0.801786
vt 0.740713 0.769643
vt 0.740713 0.780357
vt 0.740713 0.791071
vt 0.740713 0.801786
vt 0.692495 0.812500
vt 0.682538 0.812500
vt 0.692495 0.823214
vt 0.682538 0.823214
vt 0.692495 0.833929
vt 0.682538 0.833929
vt 0.692495 0.844643
vt 0.682538 0.844643
vt 0.692495 0.855357
vt 0.682538 0.855357
vt 0.692495 0.866072
vt 0.682538 0.866071
vt 0.692495 0.876786
vt 0.682538 0.876786
vt 0.692495 0.887500
vt 0.682538 0.887500
vt 0.702816 0.812500
vt 0.702816 0.823214
vt 0.702816 0.833929
vt 0.702816 0.844643
vt 0.702816 0.855357
vt 0.702816 0.866071
vt 0.702816 0.876786
vt 0.702816 0.887500
vt 0.722064 0.812500
vt 0.722064 0.823214
vt 0.722064 0.833929
vt 0.722064 0.844643
vt 0.722064 0.855357
vt 0.722064 0.866071
vt 0.722064 0.876786
vt 0.722064 0.887500
vt 0.740713 0.812500
vt 0.740713 0.823214
vt 0.740713 0.833929
vt 0.740713 0.844643
vt 0.740713 0.855357
vt 0.740713 0.866071
vt 0.740713 0.876786
vt 0.740713 0.887500
vt 0.692495 0.898214
vt 0.682538 0.898214
vt 0.692495 0.908929
vt 0.682538 0.908929
vt 0.692495 0.919643
vt 0.682538 0.919643
vt 0.192495 0.941071
vt 0.192495 0.930357
vt 0.202816 0.930357
vt 0.202816 0.941071
vt 0.192495 0.919643
vt 0.202816 0.919643
vt 0.192495 0.908929
vt 0.202816 0.908929
vt 0.192495 0.898214
vt 0.202816 0.898214
vt 0.192495 0.887500
vt 0.202816 0.887500
vt 0.222064 0.930357
vt 0.222064 0.941072
vt 0.222064 0.919643
vt 0.222064 0.908929
vt 0.222064 0.898214
vt 0.222064 0.887500
vt 0.240713 0.930357
vt 0.240713 0.941071
vt 0.240713 0.919643
vt 0.240713 0.908929
vt 0.240713 0.898214
vt 0.240713 0.887500
vt 0.259287 0.930357
vt 0.259287 0.941072
vt 0.259287 0.919643
vt 0.259287 0.908929
vt 0.259287 0.898214
vt 0.259287 0.887500
vt 0.192495 0.876786
vt 0.202816 0.876786
vt 0.192495 0.866072
vt 0.202816 0.866071
vt 0.192495 0.855357
vt 0.202816 0.855357
vt 0.192495 0.844643
vt 0.202816 0.844643
vt 0.192495 0.833929
vt 0.202816 0.833929
vt 0.192495 0.823214
vt 0.202816 0.823214
vt 0.192495 0.812500
vt 0.202816 0.812500
vt 0.192495 0.801786
vt 0.202816 0.801786
vt 0.222064 0.876786
vt 0.222064 0.866071
vt 0.222064 0.855357
vt 0.222064 0.844643
vt 0.222064 0.833929
vt 0.222064 0.823214
vt 0.222064 0.812500
vt 0.222064 0.801786
vt 0.240713 0.876786
vt 0.240713 0.866071
vt 0.240713 0.855357
vt 0.240713 0.844643
vt 0.240713 0.833929
vt 0.192495 0.780357
vt 0.182538 0.780357
vt 0.182538 0.769643
vt 0.192495 0.769643
vt 0.192495 0.791071
vt 0.182538 0.791071
vt 0.182538 0.801786
vt 0.240713 0.823214
vt 0.682538 0.930357
vt 0.682538 0.941071
vt 0.662489 0.941071
vt 0.662489 0.930357
vt 0.662489 0.919643
vt 0.662489 0.908929
vt 0.662489 0.898214
vt 0.162489 0.780357
vt 0.162489 0.769643
vt 0.162489 0.791071
vt 0.162489 0.801786
vt 0.662489 0.887500
vt 0.240713 0.812500
vt 0.240713 0.801786
vt 0.259287 0.876786
vt 0.651450 0.941071
vt 0.651450 0.930357
vt 0.151450 0.780357
vt 0.151450 0.769643
vt 0.151450 0.791071
vt 0.151450 0.801786
vt 0.651450 0.919643
vt 0.651450 0.908929
vt 0.651450 0.898214
vt 0.651450 0.887500
vt 0.259287 0.866072
vt 0.138946 0.780357
vt 0.138946 0.769643
vt 0.138946 0.791071
vt 0.138946 0.801786
vt 0.259287 0.855357
vt 0.259287 0.844643
vt 0.638946 0.941071
vt 0.638946 0.930357
vt 0.638946 0.919643
vt 0.638946 0.908929
vt 0.125000 0.780357
vt 0.125000 0.769643
vt 0.125000 0.791071
vt 0.125000 0.801786
vt 0.638946 0.898214
vt 0.638946 0.887500
vt 0.259287 0.833929
vt 0.259287 0.823214
vt 0.259287 0.812500
vt 0.111053 0.780357
vt 0.111053 0.769643
vt 0.111053 0.791071
vt 0.111053 0.801786
vt 0.625000 0.941071
vt 0.625000 0.930357
vt 0.625000 0.919643
vt 0.625000 0.908929
vt 0.625000 0.898214
vt 0.625000 0.887500
vt 0.098550 0.780357
vt 0.098550 0.769643
vt 0.098550 0.791071
vt 0.098550 0.801786
vt 0.259287 0.801786
vt 0.202816 0.791071
vt 0.202816 0.780357
vt 0.611053 0.941071
vt 0.611053 0.930357
vt 0.611053 0.919643
vt 0.087511 0.780357
vt 0.087511 0.769643
vt 0.087511 0.791071
vt 0.087511 0.801786
vt 0.611053 0.908929
vt 0.611053 0.898214
vt 0.611053 0.887500
vt 0.202816 0.769643
vt 0.692495 0.930357
vt 0.067461 0.780357
vt 0.067461 0.769643
vt 0.067461 0.791071
vt 0.067461 0.801786
vt 0.182538 0.812500
vt 0.182538 0.823214
vt 0.182538 0.833929
vt 0.182538 0.844643
vt 0.182538 0.855357
vt 0.182538 0.866071
vt 0.182538 0.876786
vt 0.182538 0.887500
vt 0.162489 0.812500
vt 0.162489 0.823214
vt 0.162489 0.833929
vt 0.162489 0.844643
vt 0.162489 0.855357
vt 0.162489 0.866071
vt 0.162489 0.876786
vt 0.162489 0.887500
vt 0.151450 0.812500
vt 0.151450 0.823214
vt 0.151450 0.833929
vt 0.151450 0.844643
vt 0.151450 0.855357
vt 0.151450 0.866071
vt 0.151450 0.876786
vt 0.151450 0.887500
vt 0.138946 0.812500
vt 0.138946 0.823214
vt 0.138946 0.833929
vt 0.138946 0.844643
vt 0.138946 0.855357
vt 0.138946 0.866071
vt 0.138946 0.876786
vt 0.138946 0.887500
vt 0.125000 0.812500
vt 0.125000 0.823214
vt 0.125000 0.833929
vt 0.125000 0.844643
vt 0.125000 0.855357
vt 0.125000 0.866071
vt 0.125000 0.876786
vt 0.125000 0.887500
vt 0.111053 0.812500
vt 0.111053 0.823214
vt 0.111053 0.833929
vt 0.111053 0.844643
vt 0.111053 0.855357
vt 0.111053 0.866071
vt 0.111053 0.876786
vt 0.111053 0.887500
vt 0.098550 0.812500
vt 0.098550 0.823214
vt 0.098550 0.833929
vt 0.098550 0.844643
vt 0.098550 0.855357
vt 0.098550 0.866071
vt 0.098550 0.876786
vt 0.098550 0.887500
vt 0.087511 0.812500
vt 0.087511 0.823214
vt 0.087511 0.833929
vt 0.087511 0.844643
vt 0.087511 0.855357
vt 0.087511 0.866071
vt 0.087511 0.876786
vt 0.087511 0.887500
vt 0.067461 0.812500
vt 0.067461 0.823214
vt 0.067461 0.833929
vt 0.067461 0.844643
vt 0.067461 0.855357
vt 0.067461 0.866071
vt 0.067461 0.876786
vt 0.067461 0.887500
vt 0.182538 0.898214
vt 0.182538 0.908929
vt 0.182538 0.919643
vt 0.182538 0.930357
vt 0.182538 0.941071
vt 0.692495 0.941071
vt 0.222064 0.791071
vt 0.222064 0.780357
vt 0.162489 0.898214
vt 0.162489 0.908929
vt 0.162489 0.919643
vt 0.162489 0.930357
vt 0.162489 0.941071
vt 0.222064 0.769643
vt 0.702816 0.898214
vt 0.702816 0.908929
vt 0.151450 0.898214
vt 0.151450 0.908929
vt 0.151450 0.919643
vt 0.151450 0.930357
vt 0.151450 0.941071
vt 0.702816 0.919643
vt 0.702816 0.930357
vt 0.702816 0.941071
vt 0.138946 0.898214
vt 0.138946 0.908929
vt 0.138946 0.919643
vt 0.138946 0.930357
vt 0.138946 0.941071
vt 0.240713 0.791071
vt 0.240713 0.780357
vt 0.240713 0.769643
vt 0.125000 0.898214
vt 0.125000 0.908929
vt 0.125000 0.919643
vt 0.125000 0.930357
vt 0.125000 0.941071
vt 0.722064 0.898214
vt 0.722064 0.908929
vt 0.259287 0.791071
vt 0.111053 0.898214
vt 0.111053 0.908929
vt 0.111053 0.919643
vt 0.111053 0.930357
vt 0.111053 0.941071
vt 0.259287 0.780357
vt 0.259287 0.769643
vt 0.722064 0.919643
vt 0.098550 0.898214
vt 0.098550 0.908929
vt 0.098550 0.919643
vt 0.098550 0.930357
vt 0.098550 0.941071
vt 0.722064 0.930357
vt 0.722064 0.941072
vt 0.740713 0.898214
vt 0.087511 0.898214
vt 0.087511 0.908929
vt 0.087511 0.919643
vt 0.087511 0.930357
vt 0.087511 0.941071
vt 0.740713 0.908929
vt 0.740713 0.919643
vt 0.740713 0.930357
vt 0.067461 0.898214
vt 0.067461 0.908929
vt 0.067461 0.919643
vt 0.067461 0.930357
vt 0.067461 0.941071
vt 0.740713 0.941071
vt 0.912489 0.769643
vt 0.912489 0.780357
vt 0.901450 0.780357
vt 0.901450 0.769643
vt 0.932538 0.780357
vt 0.932538 0.769643
vt 0.912489 0.791071
vt 0.901450 0.791071
vt 0.932538 0.791071
vt 0.912489 0.801786
vt 0.901450 0.801786
vt 0.932538 0.801786
vt 0.888946 0.780357
vt 0.888946 0.769643
vt 0.888946 0.791071
vt 0.888946 0.801786
vt 0.861053 0.769643
vt 0.861053 0.780357
vt 0.848550 0.780357
vt 0.848550 0.769643
vt 0.861053 0.791071
vt 0.848550 0.791071
vt 0.861053 0.801786
vt 0.848550 0.801786
vt 0.875000 0.769643
vt 0.875000 0.780357
vt 0.875000 0.791071
vt 0.875000 0.801786
vt 0.837511 0.769643
vt 0.837511 0.780357
vt 0.817461 0.780357
vt 0.817461 0.769643
vt 0.837511 0.791071
vt 0.817462 0.791071
vt 0.837511 0.801786
vt 0.817462 0.801786
vt 0.912489 0.812500
vt 0.901450 0.812500
vt 0.932539 0.812500
vt 0.912489 0.823214
vt 0.901450 0.823214
vt 0.932538 0.823214
vt 0.912489 0.833929
vt 0.901450 0.833929
vt 0.932538 0.833929
vt 0.912489 0.844643
vt 0.901450 0.844643
vt 0.932538 0.844643
vt 0.912489 0.855357
vt 0.901450 0.855357
vt 0.932538 0.855357
vt 0.912489 0.866071
vt 0.901450 0.866071
vt 0.932538 0.866071
vt 0.912489 0.876786
vt 0.901450 0.876786
vt 0.932538 0.876786
vt 0.912489 0.887500
vt 0.901450 0.887500
vt 0.932539 0.887500
vt 0.888946 0.812500
vt 0.888946 0.823214
vt 0.888947 0.833929
vt 0.888946 0.844643
vt 0.888946 0.855357
vt 0.888946 0.866071
vt 0.888947 0.876786
vt 0.888946 0.887500
vt 0.861053 0.812500
vt 0.848550 0.812500
vt 0.861053 0.823214
vt 0.848550 0.823214
vt 0.861053 0.833929
vt 0.848550 0.833929
vt 0.861053 0.844643
vt 0.848550 0.844643
vt 0.861053 0.855357
vt 0.848550 0.855357
vt 0.861053 0.866071
vt 0.848550 0.866071
vt 0.861053 0.876786
vt 0.848550 0.876786
vt 0.861053 0.887500
vt 0.848550 0.887500
vt 0.875000 0.812500
vt 0.875000 0.823214
vt 0.875000 0.833929
vt 0.875000 0.844643
vt 0.875000 0.855357
vt 0.875000 0.866071
vt 0.875000 0.876786
vt 0.875000 0.887500
vt 0.837511 0.812500
vt 0.817462 0.812500
vt 0.837511 0.823214
vt 0.817461 0.823214
vt 0.837511 0.833929
vt 0.817461 0.833929
vt 0.837511 0.844643
vt 0.817461 0.844643
vt 0.837511 0.855357
vt 0.817461 0.855357
vt 0.837511 0.866071
vt 0.817461 0.866071
vt 0.837511 0.876786
vt 0.817462 0.876786
vt 0.837511 0.887500
vt 0.817461 0.887500
vt 0.912489 0.898214
vt 0.901450 0.898214
vt 0.932538 0.898214
vt 0.912489 0.908929
vt 0.901450 0.908929
vt 0.932538 0.908929
vt 0.912489 0.919643
vt 0.901450 0.919643
vt 0.932538 0.919643
vt 0.598550 0.941071
vt 0.598550 0.930357
vt 0.598550 0.919643
vt 0.598550 0.908929
vt 0.598550 0.898214
vt 0.598550 0.887500
vt 0.912489 0.930357
vt 0.901450 0.930357
vt 0.932538 0.930357
vt 0.912489 0.941071
vt 0.901450 0.941071
vt 0.587511 0.941071
vt 0.587511 0.930357
vt 0.587511 0.919643
vt 0.587511 0.908929
vt 0.587511 0.898214
vt 0.587511 0.887500
vt 0.932538 0.941071
vt 0.888946 0.898214
vt 0.888946 0.908929
vt 0.567461 0.941071
vt 0.567461 0.930357
vt 0.567461 0.919643
vt 0.567461 0.908929
vt 0.567461 0.898214
vt 0.567461 0.887500
vt 0.888946 0.919643
vt 0.888946 0.930357
vt 0.888946 0.941071
vt 0.557505 0.941071
vt 0.557505 0.930357
vt 0.557505 0.919643
vt 0.557505 0.908929
vt 0.557505 0.898214
vt 0.557505 0.887500
vt 0.662489 0.876786
vt 0.662489 0.866071
vt 0.662489 0.855357
vt 0.662489 0.844643
vt 0.662489 0.833929
vt 0.662489 0.823214
vt 0.662489 0.812500
vt 0.662489 0.801786
vt 0.651450 0.876786
vt 0.651450 0.866071
vt 0.651450 0.855357
vt 0.651450 0.844643
vt 0.651450 0.833929
vt 0.651450 0.823214
vt 0.651450 0.812500
vt 0.651450 0.801786
vt 0.638946 0.876786
vt 0.638946 0.866071
vt 0.638946 0.855357
vt 0.638946 0.844643
vt 0.638946 0.833929
vt 0.638946 0.823214
vt 0.638946 0.812500
vt 0.638946 0.801786
vt 0.625000 0.876786
vt 0.625000 0.866071
vt 0.625000 0.855357
vt 0.625000 0.844643
vt 0.625000 0.833929
vt 0.625000 0.823214
vt 0.625000 0.812500
vt 0.625000 0.801786
vt 0.611053 0.876786
vt 0.611053 0.866071
vt 0.611053 0.855357
vt 0.611053 0.844643
vt 0.611053 0.833929
vt 0.611053 0.823214
vt 0.611053 0.812500
vt 0.611053 0.801786
vt 0.598550 0.876786
vt 0.598550 0.866071
vt 0.598550 0.855357
vt 0.598550 0.844643
vt 0.598550 0.833929
vt 0.598550 0.823214
vt 0.598550 0.812500
vt 0.598550 0.801786
vt 0.587511 0.876786
vt 0.587511 0.866071
vt 0.587511 0.855357
vt 0.587511 0.844643
vt 0.587511 0.833929
vt 0.587511 0.823214
vt 0.587511 0.812500
vt 0.587511 0.801786
vt 0.567461 0.876786
vt 0.567461 0.866071
vt 0.567461 0.855357
vt 0.567461 0.844643
vt 0.567461 0.833929
vt 0.567461 0.823214
vt 0.567461 0.812500
vt 0.567461 0.801786
vt 0.557505 0.876786
vt 0.557505 0.866071
vt 0.557505 0.855357
vt 0.557505 0.844643
vt 0.557505 0.833929
vt 0.557505 0.823214
vt 0.557505 0.812500
vt 0.557505 0.801786
vt 0.662489 0.791071
vt 0.662489 0.780357
vt 0.662489 0.769643
vt 0.651450 0.791071
vt 0.651450 0.780357
vt 0.651450 0.769643
vt 0.638946 0.791071
vt 0.638946 0.780357
vt 0.638946 0.769643
vt 0.625000 0.791071
vt 0.625000 0.780357
vt 0.625000 0.769643
vt 0.611053 0.791071
vt 0.611053 0.780357
vt 0.611053 0.769643
vt 0.598550 0.791071
vt 0.598550 0.780357
vt 0.598550 0.769643
vt 0.587511 0.791071
vt 0.587511 0.780357
vt 0.587511 0.769643
vt 0.567461 0.791071
vt 0.567461 0.780357
vt 0.567461 0.769643
vt 0.557505 0.791071
vt 0.557505 0.780357
vt 0.557505 0.769643
vt 0.861053 0.898214
vt 0.848550 0.898214
vt 0.861053 0.908929
vt 0.848550 0.908929
vt 0.861053 0.919643
vt 0.848550 0.919643
vt 0.861053 0.930357
vt 0.848550 0.930357
vt 0.861053 0.941071
vt 0.848550 0.941071
vt 0.875000 0.898214
vt 0.875000 0.908929
vt 0.875000 0.919643
vt 0.875000 0.930357
vt 0.875000 0.941071
vt 0.837511 0.898214
vt 0.817461 0.898214
vt 0.837511 0.908929
vt 0.817461 0.908929
vt 0.837511 0.919643
vt 0.817461 0.919643
vt 0.837511 0.930357
vt 0.817461 0.930357
vt 0.837511 0.941071
vt 0.817461 0.941071
vt 0.432538 0.941071
vt 0.412489 0.941071
vt 0.412489 0.930357
vt 0.432538 0.930357
vt 0.442495 0.930357
vt 0.442495 0.941071
vt 0.412489 0.919643
vt 0.432538 0.919643
vt 0.442495 0.919643
vt 0.412489 0.908929
vt 0.432538 0.908929
vt 0.442495 0.908929
vt 0.412489 0.898214
vt 0.432538 0.898214
vt 0.442495 0.898214
vt 0.412489 0.887500
vt 0.432538 0.887500
vt 0.442495 0.887500
vt 0.401450 0.941071
vt 0.388946 0.941071
vt 0.388946 0.930357
vt 0.401450 0.930357
vt 0.388946 0.919643
vt 0.401450 0.919643
vt 0.057505 0.780357
vt 0.057505 0.769643
vt 0.057505 0.791071
vt 0.057505 0.801786
vt 0.388946 0.908929
vt 0.401450 0.908929
vt 0.388946 0.898214
vt 0.401450 0.898214
vt 0.388946 0.887500
vt 0.401450 0.887500
vt 0.047183 0.780357
vt 0.047183 0.769643
vt 0.047183 0.791071
vt 0.047183 0.801786
vt 0.375000 0.941071
vt 0.375000 0.930357
vt 0.375000 0.919643
vt 0.375000 0.908929
vt 0.375000 0.898214
vt 0.027936 0.780357
vt 0.027936 0.769643
vt 0.027936 0.791072
vt 0.027936 0.801786
vt 0.375000 0.887500
vt 0.348550 0.941071
vt 0.337511 0.941071
vt 0.337511 0.930357
vt 0.348550 0.930357
vt 0.361053 0.930357
vt 0.361053 0.941071
vt 0.337511 0.919643
vt 0.348550 0.919643
vt 0.361053 0.919643
vt 0.009287 0.780357
vt 0.009287 0.769643
vt 0.009287 0.791071
vt 0.009287 0.801786
vt 0.057505 0.812500
vt 0.057505 0.823214
vt 0.057505 0.833929
vt 0.057505 0.844643
vt 0.057505 0.855357
vt 0.057505 0.866071
vt 0.057505 0.876786
vt 0.057505 0.887500
vt 0.047183 0.812500
vt 0.047183 0.823214
vt 0.047183 0.833929
vt 0.047183 0.844643
vt 0.047183 0.855357
vt 0.047183 0.866071
vt 0.047183 0.876786
vt 0.047183 0.887500
vt 0.027936 0.812500
vt 0.027936 0.823214
vt 0.027936 0.833929
vt 0.027936 0.844643
vt 0.027936 0.855357
vt 0.027936 0.866071
vt 0.027936 0.876786
vt 0.027936 0.887500
vt 0.009287 0.812500
vt 0.009287 0.823214
vt 0.009287 0.833929
vt 0.009287 0.844643
vt 0.009287 0.855357
vt 0.009287 0.866072
vt 0.009287 0.876786
vt 0.009287 0.887500
vt 0.057505 0.898214
vt 0.057505 0.908929
vt 0.057505 0.919643
vt 0.057505 0.930357
vt 0.057505 0.941071
vt 0.337511 0.908929
vt 0.348550 0.908929
vt 0.361053 0.908929
vt 0.337511 0.898214
vt 0.348550 0.898214
vt 0.047183 0.898214
vt 0.047183 0.908929
vt 0.047183 0.919643
vt 0.047183 0.930357
vt 0.047183 0.941071
vt 0.361053 0.898214
vt 0.337511 0.887500
vt 0.348550 0.887500
vt 0.361053 0.887500
vt 0.027936 0.898214
vt 0.027936 0.908929
vt 0.027936 0.919643
vt 0.027936 0.930357
vt 0.027936 0.941072
vt 0.009287 0.898214
vt 0.009287 0.908929
vt 0.009287 0.919643
vt 0.009287 0.930357
vt 0.009287 0.941072
vt 0.317461 0.941071
vt 0.307505 0.941071
vt 0.307505 0.930357
vt 0.317461 0.930357
vt 0.307505 0.919643
vt 0.317461 0.919643
vt 0.307505 0.908929
vt 0.317461 0.908929
vt 0.307505 0.898214
vt 0.317461 0.898214
vt 0.307505 0.887500
vt 0.317461 0.887500
vt 0.412489 0.876786
vt 0.432538 0.876786
vt 0.442495 0.876786
vt 0.412489 0.866071
vt 0.432538 0.866071
vt 0.442495 0.866071
vt 0.412489 0.855357
vt 0.432538 0.855357
vt 0.442495 0.855357
vt 0.412489 0.844643
vt 0.432538 0.844643
vt 0.442495 0.844643
vt 0.412489 0.833929
vt 0.432538 0.833929
vt 0.442495 0.833929
vt 0.412489 0.823214
vt 0.432538 0.823214
vt 0.442495 0.823214
vt 0.412489 0.812500
vt 0.432538 0.812500
vt 0.442495 0.812500
vt 0.412489 0.801786
vt 0.432538 0.801786
vt 0.442495 0.801786
vt 0.388946 0.876786
vt 0.401450 0.876786
vt 0.388946 0.866071
vt 0.401450 0.866071
vt 0.388946 0.855357
vt 0.401450 0.855357
vt 0.388946 0.844643
vt 0.401450 0.844643
vt 0.388946 0.833929
vt 0.401450 0.833929
vt 0.388946 0.823214
vt 0.401450 0.823214
vt 0.388946 0.812500
vt 0.401450 0.812500
vt 0.388946 0.801786
vt 0.401450 0.801786
vt 0.375000 0.876786
vt 0.375000 0.866071
vt 0.375000 0.855357
vt 0.375000 0.844643
vt 0.375000 0.833929
vt 0.375000 0.823214
vt 0.375000 0.812500
vt 0.375000 0.801786
vt 0.337511 0.876786
vt 0.348550 0.876786
vt 0.361053 0.876786
vt 0.337511 0.866071
vt 0.348550 0.866071
vt 0.361053 0.866071
vt 0.337511 0.855357
vt 0.348550 0.855357
vt 0.361053 0.855357
vt 0.337511 0.844643
vt 0.348550 0.844643
vt 0.361053 0.844643
vt 0.337511 0.833929
vt 0.348550 0.833929
vt 0.361053 0.833929
vt 0.337511 0.823214
vt 0.348550 0.823214
vt 0.361053 0.823214
vt 0.337511 0.812500
vt 0.348550 0.812500
vt 0.361053 0.812500
vt 0.337511 0.801786
vt 0.348550 0.801786
vt 0.361053 0.801786
vt 0.307505 0.876786
vt 0.317461 0.876786
vt 0.307505 0.866072
vt 0.317461 0.866071
vt 0.307505 0.855357
vt 0.317461 0.855357
vt 0.307505 0.844643
vt 0.317461 0.844643
vt 0.307505 0.833929
vt 0.317461 0.833929
vt 0.307505 0.823214
vt 0.317461 0.823214
vt 0.307505 0.812500
vt 0.317461 0.812500
vt 0.307505 0.801786
vt 0.317461 0.801786
vt 0.412489 0.791071
vt 0.432538 0.791071
vt 0.442495 0.791071
vt 0.412489 0.780357
vt 0.432538 0.780357
vt 0.442495 0.780357
vt 0.412489 0.769643
vt 0.432538 0.769643
vt 0.442495 0.769643
vt 0.388946 0.791071
vt 0.401450 0.791071
vt 0.388946 0.780357
vt 0.401450 0.780357
vt 0.388946 0.769643
vt 0.401450 0.769643
vt 0.375000 0.791071
vt 0.375000 0.780357
vt 0.375000 0.769643
vt 0.337511 0.791071
vt 0.348550 0.791071
vt 0.361053 0.791071
vt 0.337511 0.780357
vt 0.348550 0.780357
vt 0.361053 0.780357
vt 0.337511 0.769643
vt 0.348550 0.769643
vt 0.361053 0.769643
vt 0.307505 0.791071
vt 0.317461 0.791071
vt 0.307505 0.780357
vt 0.317461 0.780357
vt 0.307505 0.769643
vt 0.317461 0.769643
vt 0.990713 0.780357
vt 0.990713 0.769643
vt 0.990713 0.791071
vt 0.990713 0.801786
vt 0.972064 0.780357
vt 0.972064 0.769643
vt 0.972064 0.791071
vt 0.972064 0.801786
vt 0.952817 0.780357
vt 0.952817 0.769643
vt 0.952817 0.791071
vt 0.952817 0.801786
vt 0.942495 0.769643
vt 0.942495 0.780357
vt 0.942495 0.791071
vt 0.942495 0.801786
vt 0.990713 0.812500
vt 0.990713 0.823214
vt 0.990713 0.833929
vt 0.990713 0.844643
vt 0.990713 0.855357
vt 0.990713 0.866071
vt 0.990713 0.876786
vt 0.990713 0.887500
vt 0.972064 0.812500
vt 0.972064 0.823214
vt 0.972064 0.833929
vt 0.972064 0.844643
vt 0.972064 0.855357
vt 0.972064 0.866071
vt 0.972064 0.876786
vt 0.972064 0.887500
vt 0.952817 0.812500
vt 0.952817 0.823214
vt 0.952817 0.833929
vt 0.952817 0.844643
vt 0.952817 0.855357
vt 0.952817 0.866071
vt 0.952817 0.876786
vt 0.952817 0.887500
vt 0.942495 0.812500
vt 0.942495 0.823214
vt 0.942495 0.833929
vt 0.942495 0.844643
vt 0.942495 0.855357
vt 0.942495 0.866071
vt 0.942495 0.876786
vt 0.942495 0.887500
vt 0.990713 0.898214
vt 0.990713 0.908929
vt 0.990713 0.919643
vt 0.990713 0.930357
vt 0.990713 0.941071
vt 0.972064 0.898214
vt 0.972064 0.908929
vt 0.972064 0.919643
vt 0.972064 0.930357
vt 0.972064 0.941072
vt 0.952817 0.898214
vt 0.952817 0.908929
vt 0.952816 0.919643
vt 0.952817 0.930357
vt 0.952817 0.941072
vt 0.942495 0.898214
vt 0.942495 0.908929
vt 0.942495 0.919643
vt 0.942495 0.930357
vt 0.942495 0.941071
vt 0.490713 0.941071
vt 0.472064 0.941071
vt 0.472064 0.930357
vt 0.490713 0.930357
vt 0.472064 0.919643
vt 0.490713 0.919643
vt 0.472064 0.908929
vt 0.490713 0.908929
vt 0.472064 0.898214
vt 0.490713 0.898214
vt 0.472064 0.887500
vt 0.490713 0.887500
vt 0.452816 0.941072
vt 0.452816 0.930357
vt 0.452816 0.919643
vt 0.452816 0.908929
vt 0.452816 0.898214
vt 0.452816 0.887500
vt 0.472064 0.876786
vt 0.490713 0.876786
vt 0.472064 0.866071
vt 0.490713 0.866071
vt 0.472064 0.855357
vt 0.490713 0.855357
vt 0.472064 0.844643
vt 0.490713 0.844643
vt 0.472064 0.833929
vt 0.490713 0.833929
vt 0.472064 0.823214
vt 0.490713 0.823214
vt 0.472064 0.812500
vt 0.490713 0.812500
vt 0.472064 0.801786
vt 0.490713 0.801786
vt 0.452816 0.876786
vt 0.452816 0.866071
vt 0.452816 0.855357
vt 0.452816 0.844643
vt 0.452816 0.833929
vt 0.452816 0.823214
vt 0.452816 0.812500
vt 0.452816 0.801786
vt 0.472064 0.791071
vt 0.490713 0.791071
vt 0.472064 0.780357
vt 0.490713 0.780357
vt 0.472064 0.769643
vt 0.490713 0.769643
vt 0.452816 0.791071
vt 0.452816 0.780357
vt 0.452816 0.769643
vt 0.759287 0.769643
vt 0.759287 0.780357
vt 0.759287 0.791071
vt 0.759287 0.801786
vt 0.777936 0.769643
vt 0.777936 0.780357
vt 0.777936 0.791072
vt 0.777936 0.801786
vt 0.797183 0.769643
vt 0.797183 0.780357
vt 0.797183 0.791071
vt 0.797183 0.801786
vt 0.807505 0.769643
vt 0.807505 0.780357
vt 0.807505 0.791071
vt 0.807505 0.801786
vt 0.759287 0.812500
vt 0.759287 0.823214
vt 0.759287 0.833929
vt 0.759287 0.844643
vt 0.759287 0.855357
vt 0.759287 0.866072
vt 0.759287 0.876786
vt 0.759287 0.887500
vt 0.777936 0.812500
vt 0.777936 0.823214
vt 0.777936 0.833929
vt 0.777936 0.844643
vt 0.777936 0.855357
vt 0.777936 0.866071
vt 0.277936 0.930357
vt 0.277936 0.941071
vt 0.277936 0.919643
vt 0.277936 0.908929
vt 0.277936 0.898214
vt 0.277936 0.887500
vt 0.297183 0.930357
vt 0.297183 0.941071
vt 0.297183 0.919643
vt 0.297183 0.908929
vt 0.297183 0.898214
vt 0.297183 0.887500
vt 0.277936 0.876786
vt 0.277936 0.866071
vt 0.277936 0.855357
vt 0.277936 0.844643
vt 0.277936 0.833929
vt 0.277936 0.823214
vt 0.277936 0.812500
vt 0.277936 0.801786
vt 0.297183 0.876786
vt 0.297183 0.866071
vt 0.297183 0.855357
vt 0.297183 0.844643
vt 0.297183 0.833929
vt 0.297183 0.823214
vt 0.297183 0.812500
vt 0.297183 0.801786
vt 0.277936 0.791072
vt 0.277936 0.780357
vt 0.277936 0.769643
vt 0.777936 0.876786
vt 0.777936 0.887500
vt 0.797183 0.812500
vt 0.797183 0.823214
vt 0.797183 0.833929
vt 0.297183 0.791071
vt 0.297183 0.780357
vt 0.297183 0.769643
vt 0.797183 0.844643
vt 0.797183 0.855357
vt 0.797183 0.866071
vt 0.797183 0.876786
vt 0.797183 0.887500
vt 0.807505 0.812500
vt 0.807505 0.823214
vt 0.807505 0.833929
vt 0.807505 0.844643
vt 0.807505 0.855357
vt 0.807505 0.866072
vt 0.807505 0.876786
vt 0.807505 0.887500
vt 0.759287 0.898214
vt 0.759287 0.908929
vt 0.759287 0.919643
vt 0.759287 0.930357
vt 0.759287 0.941072
vt 0.777936 0.898214
vt 0.777936 0.908929
vt 0.777936 0.919643
vt 0.777936 0.930357
vt 0.777936 0.941071
vt 0.797183 0.898214
vt 0.797183 0.908929
vt 0.797183 0.919643
vt 0.797183 0.930357
vt 0.797183 0.941071
vt 0.807505 0.898214
vt 0.547183 0.941071
vt 0.547183 0.930357
vt 0.547183 0.919643
vt 0.547183 0.908929
vt 0.547183 0.898214
vt 0.547183 0.887500
vt 0.807505 0.908929
vt 0.527936 0.941072
vt 0.527936 0.930357
vt 0.527936 0.919643
vt 0.527936 0.908929
vt 0.527936 0.898214
vt 0.527936 0.887500
vt 0.807505 0.919643
vt 0.807505 0.930357
vt 0.509287 0.941072
vt 0.509287 0.930357
vt 0.509287 0.919643
vt 0.509287 0.908929
vt 0.509287 0.898214
vt 0.509287 0.887500
vt 0.807505 0.941071
vt 0.547183 0.876786
vt 0.547183 0.866071
vt 0.547183 0.855357
vt 0.547183 0.844643
vt 0.547183 0.833929
vt 0.547183 0.823214
vt 0.547183 0.812500
vt 0.547183 0.801786
vt 0.527936 0.876786
vt 0.527935 0.866071
vt 0.527936 0.855357
vt 0.527936 0.844643
vt 0.527936 0.833929
vt 0.527936 0.823214
vt 0.527936 0.812500
vt 0.527936 0.801786
vt 0.509287 0.876786
vt 0.509287 0.866072
vt 0.509287 0.855357
vt 0.509287 0.844643
vt 0.509287 0.833929
vt 0.509287 0.823214
vt 0.509287 0.812500
vt 0.509287 0.801786
vt 0.547183 0.791071
vt 0.547183 0.780357
vt 0.547183 0.769643
vt 0.527936 0.791072
vt 0.527936 0.780357
vt 0.527936 0.769643
vt 0.509287 0.791071
vt 0.509287 0.780357
vt 0.509287 0.769643
vt 0.440763 0.391433
vt 0.430210 0.396201
vt 0.429679 0.378271
vt 0.446019 0.377708
vt 0.852083 0.914226
vt 0.859162 0.912718
vt 0.842682 0.915633
vt 0.851978 0.774310
vt 0.859163 0.774608
vt 0.842661 0.774228
vt 0.851932 0.632582
vt 0.859128 0.632752
vt 0.842615 0.632178
vt 0.851356 0.519971
vt 0.928855 0.393325
vt 0.942790 0.375605
vt 0.924753 0.376413
vt 0.875000 0.980902
vt 0.411994 0.424766
vt 0.412387 0.412387
vt 0.424766 0.411994
vt 0.875000 0.919600
vt 0.883060 0.915591
vt 0.866940 0.915591
vt 0.875000 0.774917
vt 0.883395 0.774837
vt 0.866605 0.774837
vt 0.875000 0.629854
vt 0.883248 0.631524
vt 0.866752 0.631524
vt 0.875000 0.548335
vt 0.909199 0.422579
vt 0.922579 0.409199
vt 0.909386 0.409386
vt 0.412592 0.395538
vt 0.867561 0.994187
vt 0.875000 0.947976
vt 0.860477 0.941676
vt 0.412786 0.378500
vt 0.847575 0.925834
vt 0.396201 0.430210
vt 0.395538 0.412592
vt 0.890838 0.912718
vt 0.890836 0.774608
vt 0.890872 0.632752
vt 0.893325 0.428855
vt 0.882439 0.994186
vt 0.889523 0.941675
vt 0.395696 0.395696
vt 0.395714 0.378571
vt 0.391433 0.440763
vt 0.377708 0.446019
vt 0.378271 0.429679
vt 0.897917 0.914226
vt 0.907318 0.915634
vt 0.898022 0.774310
vt 0.907339 0.774228
vt 0.898068 0.632582
vt 0.907385 0.632178
vt 0.898644 0.519971
vt 0.875605 0.442790
vt 0.876413 0.424753
vt 0.378500 0.412786
vt 0.902425 0.925834
vt 0.378571 0.395714
vt 0.378571 0.378571
vt 0.866035 0.911675
vt 0.857597 0.840577
vt 0.865478 0.840646
vt 0.849089 0.840055
vt 0.857599 0.762500
vt 0.865489 0.762501
vt 0.848976 0.762500
vt 0.857599 0.687500
vt 0.865489 0.687500
vt 0.848976 0.687500
vt 0.857618 0.612579
vt 0.865489 0.612500
vt 0.849001 0.612761
vt 0.857639 0.539870
vt 0.865438 0.540040
vt 0.849524 0.541425
vt 0.857623 0.514073
vt 0.927735 0.408275
vt 0.851132 0.501103
vt 0.929372 0.391688
vt 0.883965 0.911675
vt 0.875000 0.840417
vt 0.884522 0.840646
vt 0.875000 0.762501
vt 0.884511 0.762501
vt 0.875000 0.687500
vt 0.884511 0.687500
vt 0.875000 0.612500
vt 0.884511 0.612500
vt 0.875000 0.540017
vt 0.884562 0.540040
vt 0.875000 0.506866
vt 0.908275 0.427735
vt 0.910554 0.410554
vt 0.910831 0.391948
vt 0.892403 0.840577
vt 0.900910 0.840055
vt 0.892401 0.762500
vt 0.901023 0.762500
vt 0.892401 0.687500
vt 0.901023 0.687500
vt 0.892381 0.612579
vt 0.900999 0.612761
vt 0.892360 0.539870
vt 0.900476 0.541425
vt 0.892377 0.514073
vt 0.898868 0.501102
vt 0.891688 0.429372
vt 0.891948 0.410831
vt 0.891877 0.391877
vt 0.773092 0.969385
vt 0.481066 0.291723
vt 0.480785 0.275519
vt 0.766833 0.976233
vt 0.773846 0.919433
vt 0.779622 0.914551
vt 0.766805 0.922303
vt 0.774162 0.774848
vt 0.779850 0.774314
vt 0.766752 0.775000
vt 0.774069 0.628017
vt 0.779737 0.630653
vt 0.766803 0.627508
vt 0.773501 0.557940
vt 0.982690 0.291538
vt 0.766919 0.548426
vt 0.978821 0.274961
vt 0.480760 0.258455
vt 0.755607 0.992130
vt 0.755552 0.920902
vt 0.755529 0.775000
vt 0.755551 0.628723
vt 0.755640 0.532203
vt 0.977127 0.258146
vt 0.480760 0.241545
vt 0.744393 0.992130
vt 0.108567 0.440763
vt 0.102083 0.914226
vt 0.109162 0.912718
vt 0.103799 0.430210
vt 0.101978 0.774310
vt 0.109163 0.774608
vt 0.101932 0.632582
vt 0.109128 0.632752
vt 0.101356 0.519971
vt 0.606675 0.428856
vt 0.088006 0.424766
vt 0.087613 0.412387
vt 0.104462 0.412592
vt 0.810176 0.984815
vt 0.463537 0.344038
vt 0.463696 0.326914
vt 0.474210 0.326641
vt 0.811156 0.916637
vt 0.817482 0.914697
vt 0.801589 0.917189
vt 0.811356 0.774602
vt 0.817486 0.774414
vt 0.801254 0.774141
vt 0.811270 0.630553
vt 0.817428 0.631875
vt 0.801309 0.631106
vt 0.810328 0.541941
vt 0.963282 0.342950
vt 0.802186 0.510213
vt 0.959052 0.323335
vt 0.463811 0.309957
vt 0.476564 0.309667
vt 0.789776 0.917205
vt 0.789527 0.773996
vt 0.789542 0.630993
vt 0.972364 0.308192
vt 0.795414 0.999269
vt 0.463905 0.292796
vt 0.786981 0.985703
vt 0.792677 0.933419
vt 0.779676 0.977756
vt 0.464051 0.275626
vt 0.768038 0.966431
vt 0.464179 0.258532
vt 0.755952 0.953358
vt 0.464179 0.241468
vt 0.977127 0.241854
vt 0.744048 0.953358
vt 0.835213 0.998152
vt 0.446629 0.361168
vt 0.458462 0.360743
vt 0.835828 0.917126
vt 0.826009 0.916338
vt 0.835976 0.774323
vt 0.825616 0.774210
vt 0.835920 0.631089
vt 0.825712 0.631672
vt 0.835302 0.531661
vt 0.955323 0.357903
vt 0.942492 0.358989
vt 0.446868 0.344170
vt 0.824474 0.992663
vt 0.831683 0.934686
vt 0.817911 0.972835
vt 0.447055 0.327065
vt 0.805980 0.927761
vt 0.447138 0.309995
vt 0.447143 0.292857
vt 0.447143 0.275714
vt 0.447143 0.258571
vt 0.447143 0.241429
vt 0.429924 0.361353
vt 0.840648 0.964799
vt 0.430000 0.344286
vt 0.430000 0.327143
vt 0.430000 0.310000
vt 0.430000 0.292857
vt 0.430000 0.275714
vt 0.430000 0.258571
vt 0.430000 0.241429
vt 0.412857 0.361429
vt 0.412857 0.344286
vt 0.412857 0.327143
vt 0.412857 0.310000
vt 0.412857 0.292857
vt 0.412857 0.275714
vt 0.412857 0.258571
vt 0.412857 0.241429
vt 0.395714 0.361429
vt 0.395714 0.344286
vt 0.395714 0.327143
vt 0.395714 0.310000
vt 0.395714 0.292857
vt 0.395714 0.275714
vt 0.395714 0.258571
vt 0.395714 0.241429
vt 0.378571 0.361429
vt 0.378571 0.344286
vt 0.378571 0.327143
vt 0.378571 0.310000
vt 0.378571 0.292857
vt 0.378571 0.275714
vt 0.378571 0.258571
vt 0.378571 0.241429
vt 0.780727 0.910943
vt 0.768504 0.900933
vt 0.756125 0.890706
vt 0.116940 0.915591
vt 0.819563 0.911159
vt 0.811596 0.889979
vt 0.804221 0.840089
vt 0.810999 0.839478
vt 0.793729 0.840007
vt 0.804340 0.762501
vt 0.811057 0.762500
vt 0.793732 0.762501
vt 0.804340 0.687500
vt 0.811058 0.687500
vt 0.793732 0.687500
vt 0.804327 0.612713
vt 0.811014 0.612866
vt 0.793769 0.612895
vt 0.804092 0.541455
vt 0.811011 0.542537
vt 0.794051 0.540379
vt 0.803040 0.507776
vt 0.966968 0.334845
vt 0.978197 0.315863
vt 0.967211 0.316067
vt 0.781152 0.840133
vt 0.781110 0.762500
vt 0.781110 0.687500
vt 0.116605 0.774837
vt 0.116752 0.631524
vt 0.590801 0.422579
vt 0.110476 0.941675
vt 0.117561 0.994187
vt 0.087408 0.395538
vt 0.104304 0.395696
vt 0.087214 0.378500
vt 0.104286 0.378571
vt 0.125000 0.980901
vt 0.075234 0.411994
vt 0.125000 0.919600
vt 0.125000 0.774917
vt 0.125000 0.629854
vt 0.125000 0.548335
vt 0.590614 0.409386
vt 0.577421 0.409199
vt 0.125000 0.947976
vt 0.069790 0.396201
vt 0.132439 0.994186
vt 0.070321 0.378271
vt 0.133060 0.915591
vt 0.133395 0.774837
vt 0.133247 0.631524
vt 0.140838 0.912718
vt 0.140836 0.774608
vt 0.140871 0.632752
vt 0.571145 0.393325
vt 0.139523 0.941676
vt 0.059237 0.391433
vt 0.053981 0.377708
vt 0.147917 0.914226
vt 0.148021 0.774310
vt 0.148068 0.632582
vt 0.148644 0.519971
vt 0.575247 0.376413
vt 0.557210 0.375605
vt 0.152425 0.925834
vt 0.157318 0.915633
vt 0.157339 0.774228
vt 0.157385 0.632178
vt 0.116035 0.911675
vt 0.107597 0.840577
vt 0.115478 0.840646
vt 0.107599 0.762500
vt 0.115489 0.762501
vt 0.107599 0.687500
vt 0.115489 0.687500
vt 0.107618 0.612579
vt 0.115489 0.612500
vt 0.107639 0.539870
vt 0.115437 0.540040
vt 0.107623 0.514073
vt 0.591725 0.427735
vt 0.125000 0.840417
vt 0.125000 0.762501
vt 0.125000 0.687500
vt 0.125000 0.612500
vt 0.125000 0.540017
vt 0.125000 0.506866
vt 0.589446 0.410554
vt 0.572265 0.408275
vt 0.589169 0.391948
vt 0.570628 0.391688
vt 0.133965 0.911675
vt 0.134522 0.840646
vt 0.134511 0.762501
vt 0.134511 0.687500
vt 0.134511 0.612500
vt 0.134562 0.540040
vt 0.142403 0.840577
vt 0.142401 0.762500
vt 0.781136 0.613375
vt 0.781413 0.541714
vt 0.979518 0.297153
vt 0.967308 0.297327
vt 0.768617 0.839372
vt 0.768569 0.762500
vt 0.768569 0.687500
vt 0.768557 0.613460
vt 0.768741 0.542416
vt 0.980884 0.278229
vt 0.967363 0.278400
vt 0.756133 0.838697
vt 0.756108 0.762500
vt 0.756108 0.687500
vt 0.756094 0.613298
vt 0.756148 0.543488
vt 0.982825 0.259360
vt 0.967402 0.259461
vt 0.142401 0.687500
vt 0.142381 0.612579
vt 0.743891 0.762500
vt 0.743891 0.687500
vt 0.743906 0.613298
vt 0.743852 0.543489
vt 0.982825 0.240640
vt 0.967402 0.240539
vt 0.839530 0.889114
vt 0.832268 0.839642
vt 0.839357 0.839608
vt 0.820387 0.839831
vt 0.832344 0.762500
vt 0.839407 0.762500
vt 0.820294 0.762500
vt 0.832344 0.687500
vt 0.839407 0.687500
vt 0.820294 0.687500
vt 0.832347 0.612809
vt 0.839401 0.612835
vt 0.820300 0.612972
vt 0.832176 0.541192
vt 0.839414 0.542322
vt 0.820731 0.541848
vt 0.959026 0.367066
vt 0.948132 0.372745
vt 0.961295 0.353487
vt 0.948377 0.353934
vt 0.948631 0.335133
vt 0.948823 0.316213
vt 0.948861 0.297316
vt 0.948717 0.278311
vt 0.948533 0.259396
vt 0.948533 0.240604
vt 0.929663 0.372893
vt 0.929836 0.354050
vt 0.929600 0.335015
vt 0.929152 0.316064
vt 0.928764 0.297159
vt 0.928226 0.277957
vt 0.927163 0.259050
vt 0.927163 0.240950
vt 0.910804 0.372925
vt 0.910340 0.353691
vt 0.909002 0.334071
vt 0.901263 0.312191
vt 0.901948 0.295348
vt 0.776979 0.998152
vt 0.758532 0.996370
vt 0.741468 0.996370
vt 0.891260 0.372369
vt 0.884982 0.348286
vt 0.834231 0.998414
vt 0.820194 0.994206
vt 0.808560 0.984965
vt 0.818159 0.984803
vt 0.797439 0.984663
vt 0.807558 0.973282
vt 0.817459 0.973284
vt 0.797321 0.973236
vt 0.777992 0.984524
vt 0.777931 0.973227
vt 0.759087 0.984605
vt 0.759227 0.973268
vt 0.740913 0.984605
vt 0.740773 0.973268
vt 0.807510 0.962494
vt 0.817454 0.962494
vt 0.797195 0.962489
vt 0.807505 0.951786
vt 0.817461 0.951786
vt 0.797183 0.951786
vt 0.142360 0.539870
vt 0.142377 0.514073
vt 0.148868 0.501103
vt 0.150910 0.840055
vt 0.151023 0.762500
vt 0.151023 0.687500
vt 0.150999 0.612761
vt 0.150476 0.541425
vt 0.087143 0.361429
vt 0.104286 0.361429
vt 0.777929 0.962488
vt 0.777936 0.951786
vt 0.087143 0.344286
vt 0.104286 0.344286
vt 0.087143 0.327143
vt 0.104286 0.327143
vt 0.087143 0.310000
vt 0.104286 0.310000
vt 0.087143 0.292857
vt 0.104286 0.292857
vt 0.087143 0.275714
vt 0.104286 0.275714
vt 0.759279 0.962496
vt 0.759287 0.951786
vt 0.087143 0.258571
vt 0.104286 0.258571
vt 0.087143 0.241429
vt 0.104286 0.241429
vt 0.070076 0.361353
vt 0.070000 0.344286
vt 0.070000 0.327143
vt 0.740720 0.962496
vt 0.740713 0.951786
vt 0.070000 0.310000
vt 0.070000 0.292857
vt 0.070000 0.275714
vt 0.070000 0.258571
vt 0.070000 0.241429
vt 0.053371 0.361168
vt 0.159351 0.964798
vt 0.053132 0.344170
vt 0.052945 0.327065
vt 0.052862 0.309995
vt 0.052857 0.292857
vt 0.052857 0.275714
vt 0.052857 0.258571
vt 0.052857 0.241429
vt 0.164787 0.998152
vt 0.041538 0.360743
vt 0.164172 0.917126
vt 0.164024 0.774323
vt 0.164079 0.631089
vt 0.164697 0.531661
vt 0.557508 0.358989
vt 0.544677 0.357903
vt 0.168316 0.934686
vt 0.036463 0.344038
vt 0.175525 0.992663
vt 0.036304 0.326914
vt 0.036189 0.309957
vt 0.036095 0.292796
vt 0.035949 0.275626
vt 0.035821 0.258532
vt 0.035821 0.241468
vt 0.173990 0.916338
vt 0.174384 0.774210
vt 0.174288 0.631672
vt 0.182518 0.914697
vt 0.182514 0.774414
vt 0.182571 0.631875
vt 0.536718 0.342950
vt 0.182089 0.972835
vt 0.189824 0.984814
vt 0.025790 0.326641
vt 0.188844 0.916637
vt 0.188644 0.774602
vt 0.188729 0.630553
vt 0.189672 0.541941
vt 0.540948 0.323335
vt 0.197814 0.510213
vt 0.194019 0.927761
vt 0.023436 0.309667
vt 0.204586 0.999269
vt 0.527636 0.308192
vt 0.207323 0.933419
vt 0.018934 0.291723
vt 0.213019 0.985703
vt 0.019215 0.275519
vt 0.019240 0.258455
vt 0.019240 0.241545
vt 0.198411 0.917189
vt 0.198746 0.774141
vt 0.198690 0.631106
vt 0.210224 0.917205
vt 0.210473 0.773996
vt 0.210457 0.630993
vt 0.220378 0.914551
vt 0.220150 0.774314
vt 0.220263 0.630653
vt 0.517310 0.291538
vt 0.220324 0.977756
vt 0.226907 0.969385
vt 0.233166 0.976233
vt 0.226154 0.919433
vt 0.225838 0.774848
vt 0.225931 0.628017
vt 0.226499 0.557940
vt 0.521179 0.274961
vt 0.233080 0.548426
vt 0.231962 0.966431
vt 0.244393 0.992130
vt 0.522873 0.258146
vt 0.244359 0.532203
vt 0.244048 0.953358
vt 0.255607 0.992130
vt 0.255952 0.953358
vt 0.522873 0.241854
vt 0.233194 0.922303
vt 0.233248 0.775000
vt 0.233197 0.627508
vt 0.244447 0.920902
vt 0.244470 0.775000
vt 0.244449 0.628723
vt 0.589196 0.372925
vt 0.570337 0.372893
vt 0.589660 0.353691
vt 0.570164 0.354050
vt 0.590998 0.334071
vt 0.570400 0.335015
vt 0.598737 0.312191
vt 0.570848 0.316064
vt 0.598052 0.295348
vt 0.571236 0.297159
vt 0.191440 0.984965
vt 0.202561 0.984663
vt 0.192442 0.973282
vt 0.202679 0.973236
vt 0.223021 0.998152
vt 0.571774 0.277957
vt 0.222007 0.984524
vt 0.222069 0.973227
vt 0.241468 0.996370
vt 0.572837 0.259050
vt 0.240913 0.984605
vt 0.240773 0.973268
vt 0.258532 0.996370
vt 0.572837 0.240950
vt 0.259087 0.984605
vt 0.259227 0.973268
vt 0.551868 0.372745
vt 0.551623 0.353934
vt 0.551369 0.335133
vt 0.551177 0.316213
vt 0.551139 0.297316
vt 0.551283 0.278311
vt 0.551467 0.259396
vt 0.551467 0.240604
vt 0.160469 0.889114
vt 0.160642 0.839607
vt 0.160593 0.762500
vt 0.160593 0.687500
vt 0.160599 0.612835
vt 0.160586 0.542322
vt 0.167732 0.839642
vt 0.167656 0.762500
vt 0.167656 0.687500
vt 0.167653 0.612809
vt 0.167824 0.541192
vt 0.540974 0.367066
vt 0.538705 0.353487
vt 0.533032 0.334845
vt 0.532788 0.316067
vt 0.532692 0.297327
vt 0.532636 0.278400
vt 0.532598 0.259461
vt 0.532598 0.240539
vt 0.180437 0.911159
vt 0.179612 0.839831
vt 0.179706 0.762500
vt 0.179706 0.687500
vt 0.179700 0.612972
vt 0.179269 0.541848
vt 0.188404 0.889979
vt 0.189001 0.839478
vt 0.188942 0.762500
vt 0.188942 0.687500
vt 0.188986 0.612866
vt 0.188989 0.542537
vt 0.195779 0.840089
vt 0.195660 0.762501
vt 0.195660 0.687500
vt 0.195672 0.612713
vt 0.195908 0.541455
vt 0.196960 0.507776
vt 0.521803 0.315863
vt 0.520482 0.297153
vt 0.519116 0.278229
vt 0.517175 0.259360
vt 0.517175 0.240640
vt 0.206271 0.840007
vt 0.206268 0.762501
vt 0.206268 0.687500
vt 0.206231 0.612895
vt 0.205948 0.540379
vt 0.219273 0.910943
vt 0.218847 0.840133
vt 0.218890 0.762500
vt 0.218890 0.687500
vt 0.218864 0.613375
vt 0.218587 0.541714
vt 0.231496 0.900933
vt 0.231383 0.839372
vt 0.231431 0.762500
vt 0.231431 0.687500
vt 0.231443 0.613460
vt 0.231259 0.542416
vt 0.243875 0.890706
vt 0.243866 0.838697
vt 0.243891 0.762500
vt 0.243891 0.687500
vt 0.243906 0.613298
vt 0.243852 0.543489
vt 0.256108 0.687500
vt 0.256108 0.762500
vt 0.256094 0.613298
vt 0.256148 0.543488
vt 0.192489 0.962494
vt 0.202805 0.962489
vt 0.192495 0.951786
vt 0.202816 0.951786
vt 0.222071 0.962488
vt 0.222064 0.951786
vt 0.240720 0.962496
vt 0.240713 0.951786
vt 0.259279 0.962496
vt 0.259287 0.951786
vt 0.182538 0.951786
vt 0.182545 0.962494
vt 0.182541 0.973284
vt 0.162489 0.951786
vt 0.162484 0.962494
vt 0.162472 0.973253
vt 0.151450 0.951786
vt 0.151443 0.962497
vt 0.151467 0.973244
vt 0.138946 0.951786
vt 0.138945 0.962500
vt 0.138955 0.973233
vt 0.125000 0.951786
vt 0.125000 0.962500
vt 0.125000 0.973227
vt 0.111053 0.951786
vt 0.111054 0.962500
vt 0.111045 0.973233
vt 0.098550 0.951786
vt 0.098556 0.962497
vt 0.098533 0.973244
vt 0.087511 0.951786
vt 0.087516 0.962494
vt 0.087528 0.973253
vt 0.067461 0.951786
vt 0.067454 0.962494
vt 0.067459 0.973284
vt 0.181841 0.984803
vt 0.179806 0.994206
vt 0.160309 0.985246
vt 0.165769 0.998414
vt 0.615018 0.348286
vt 0.151415 0.990204
vt 0.608740 0.372369
vt 0.608123 0.391877
vt 0.151433 0.981454
vt 0.141381 0.985280
vt 0.137928 0.996775
vt 0.125000 0.984574
vt 0.633784 0.366216
vt 0.627631 0.391260
vt 0.108619 0.985280
vt 0.112071 0.996775
vt 0.651714 0.384982
vt 0.098584 0.990204
vt 0.098567 0.981454
vt 0.089691 0.985246
vt 0.084231 0.998414
vt 0.068159 0.984803
vt 0.070193 0.994206
vt 0.121429 0.258571
vt 0.121429 0.241429
vt 0.121429 0.275714
vt 0.121429 0.292857
vt 0.121429 0.310000
vt 0.121429 0.327143
vt 0.121429 0.344286
vt 0.121429 0.361429
vt 0.121429 0.378571
vt 0.138571 0.258571
vt 0.138571 0.241429
vt 0.138571 0.275714
vt 0.138571 0.292857
vt 0.138571 0.310000
vt 0.138571 0.327143
vt 0.138571 0.344286
vt 0.138571 0.361429
vt 0.138571 0.378571
vt 0.155714 0.258571
vt 0.155714 0.241429
vt 0.155714 0.275714
vt 0.155714 0.292857
vt 0.155714 0.310000
vt 0.155714 0.327143
vt 0.155714 0.344286
vt 0.155714 0.361429
vt 0.155714 0.378571
vt 0.172857 0.258571
vt 0.172857 0.241429
vt 0.172857 0.275714
vt 0.172857 0.292857
vt 0.172857 0.310000
vt 0.172857 0.327143
vt 0.172857 0.344286
vt 0.172857 0.361429
vt 0.172857 0.378571
vt 0.190000 0.258571
vt 0.190000 0.241429
vt 0.190000 0.275714
vt 0.190000 0.292857
vt 0.190000 0.310000
vt 0.190000 0.327143
vt 0.190000 0.344286
vt 0.190000 0.361429
vt 0.190000 0.378571
vt 0.207143 0.258571
vt 0.207143 0.241429
vt 0.207143 0.275714
vt 0.207143 0.292857
vt 0.207143 0.310000
vt 0.207143 0.327143
vt 0.207143 0.344286
vt 0.207143 0.361429
vt 0.207143 0.378571
vt 0.224286 0.258571
vt 0.224286 0.241429
vt 0.224286 0.275714
vt 0.224286 0.292857
vt 0.224286 0.310000
vt 0.224286 0.327143
vt 0.224286 0.344286
vt 0.224286 0.361429
vt 0.224286 0.378571
vt 0.241429 0.258571
vt 0.241429 0.241429
vt 0.241429 0.275714
vt 0.241429 0.292857
vt 0.241429 0.310000
vt 0.241429 0.327143
vt 0.241429 0.344286
vt 0.914787 0.998152
vt 0.360743 0.458462
vt 0.361168 0.446629
vt 0.914172 0.917126
vt 0.923990 0.916338
vt 0.914024 0.774323
vt 0.924384 0.774210
vt 0.914079 0.631089
vt 0.924288 0.631672
vt 0.914697 0.531661
vt 0.857903 0.455323
vt 0.858989 0.442492
vt 0.361353 0.429924
vt 0.909351 0.964798
vt 0.918317 0.934686
vt 0.361429 0.412857
vt 0.361429 0.395714
vt 0.361429 0.378571
vt 0.344038 0.463537
vt 0.344170 0.446868
vt 0.932518 0.914697
vt 0.932514 0.774414
vt 0.932572 0.631875
vt 0.842950 0.463282
vt 0.925525 0.992663
vt 0.932089 0.972835
vt 0.344286 0.430000
vt 0.344286 0.412857
vt 0.344286 0.395714
vt 0.344286 0.378571
vt 0.939824 0.984815
vt 0.326641 0.474210
vt 0.326914 0.463696
vt 0.938844 0.916637
vt 0.948411 0.917189
vt 0.938644 0.774602
vt 0.948746 0.774141
vt 0.938730 0.630553
vt 0.948690 0.631106
vt 0.939672 0.541941
vt 0.947814 0.510213
vt 0.823335 0.459052
vt 0.327065 0.447055
vt 0.944020 0.927761
vt 0.327143 0.430000
vt 0.327143 0.412857
vt 0.327143 0.395714
vt 0.327143 0.378571
vt 0.309667 0.476564
vt 0.309957 0.463811
vt 0.960224 0.917205
vt 0.960473 0.773996
vt 0.960457 0.630993
vt 0.808192 0.472364
vt 0.954586 0.999269
vt 0.309995 0.447138
vt 0.957323 0.933419
vt 0.310000 0.430000
vt 0.310000 0.412857
vt 0.310000 0.395714
vt 0.310000 0.378571
vt 0.291723 0.481066
vt 0.292796 0.463905
vt 0.970378 0.914551
vt 0.970150 0.774314
vt 0.970263 0.630653
vt 0.791538 0.482690
vt 0.963019 0.985703
vt 0.970324 0.977756
vt 0.292857 0.447143
vt 0.292857 0.430000
vt 0.292857 0.412857
vt 0.292857 0.395714
vt 0.292857 0.378571
vt 0.976907 0.969385
vt 0.983166 0.976233
vt 0.275519 0.480785
vt 0.976154 0.919433
vt 0.983194 0.922303
vt 0.975838 0.774848
vt 0.983248 0.775000
vt 0.975931 0.628017
vt 0.983197 0.627508
vt 0.976499 0.557940
vt 0.983081 0.548426
vt 0.774961 0.478821
vt 0.275626 0.464051
vt 0.981962 0.966431
vt 0.275714 0.447143
vt 0.275714 0.430000
vt 0.275714 0.412857
vt 0.275714 0.395714
vt 0.275714 0.378571
vt 0.994393 0.992130
vt 0.258455 0.480760
vt 0.994448 0.920902
vt 0.994470 0.775000
vt 0.994449 0.628723
vt 0.994360 0.532203
vt 0.758146 0.477127
vt 0.258532 0.464179
vt 0.994048 0.953358
vt 0.258571 0.447143
vt 0.258571 0.430000
vt 0.258571 0.412857
vt 0.258571 0.395714
vt 0.258571 0.378571
vt 0.005607 0.992130
vt 0.241545 0.480760
vt 0.005552 0.920902
vt 0.005529 0.775000
vt 0.005551 0.628723
vt 0.005640 0.532203
vt 0.741854 0.477127
vt 0.241468 0.464179
vt 0.005952 0.953358
vt 0.241429 0.447143
vt 0.241429 0.430000
vt 0.241429 0.412857
vt 0.241429 0.395714
vt 0.241429 0.378571
vt 0.910470 0.889114
vt 0.910643 0.839607
vt 0.910593 0.762500
vt 0.910593 0.687500
vt 0.241429 0.361429
vt 0.912489 0.951786
vt 0.901450 0.951786
vt 0.910599 0.612835
vt 0.910586 0.542322
vt 0.872745 0.448132
vt 0.872893 0.429663
vt 0.872925 0.410804
vt 0.932538 0.951786
vt 0.912484 0.962494
vt 0.901443 0.962497
vt 0.932545 0.962494
vt 0.872369 0.391260
vt 0.930437 0.911159
vt 0.917732 0.839642
vt 0.929613 0.839831
vt 0.917656 0.762500
vt 0.929706 0.762500
vt 0.912472 0.973253
vt 0.901467 0.973244
vt 0.932541 0.973284
vt 0.888946 0.951786
vt 0.888946 0.962500
vt 0.888955 0.973233
vt 0.861053 0.951786
vt 0.848550 0.951786
vt 0.861054 0.962500
vt 0.848556 0.962497
vt 0.861045 0.973233
vt 0.848533 0.973244
vt 0.875000 0.951786
vt 0.875000 0.962500
vt 0.875000 0.973227
vt 0.837511 0.951786
vt 0.837516 0.962494
vt 0.837528 0.973253
vt 0.910309 0.985247
vt 0.901433 0.981454
vt 0.931841 0.984803
vt 0.929806 0.994206
vt 0.915769 0.998414
vt 0.891381 0.985280
vt 0.901416 0.990204
vt 0.848286 0.384982
vt 0.887928 0.996775
vt 0.858619 0.985280
vt 0.848567 0.981454
vt 0.875000 0.984574
vt 0.016833 0.976233
vt 0.224481 0.480785
vt 0.016805 0.922303
vt 0.016752 0.775000
vt 0.866216 0.366216
vt 0.862071 0.996775
vt 0.016803 0.627508
vt 0.016919 0.548426
vt 0.725039 0.478821
vt 0.224374 0.464051
vt 0.018038 0.966431
vt 0.057505 0.951786
vt 0.057510 0.962494
vt 0.224286 0.447143
vt 0.224286 0.430000
vt 0.224286 0.412857
vt 0.224286 0.395714
vt 0.057558 0.973282
vt 0.047183 0.951786
vt 0.047195 0.962489
vt 0.047321 0.973236
vt 0.027936 0.951786
vt 0.027928 0.962488
vt 0.027931 0.973227
vt 0.009287 0.951786
vt 0.009279 0.962496
vt 0.009227 0.973268
vt 0.608052 0.410831
vt 0.608312 0.429372
vt 0.101132 0.501102
vt 0.099524 0.541425
vt 0.099001 0.612761
vt 0.098976 0.687500
vt 0.098976 0.762500
vt 0.099089 0.840055
vt 0.097575 0.925834
vt 0.627075 0.410804
vt 0.627107 0.429663
vt 0.627255 0.448132
vt 0.089414 0.542322
vt 0.089400 0.612835
vt 0.089407 0.687500
vt 0.089407 0.762500
vt 0.089357 0.839608
vt 0.089530 0.889114
vt 0.082176 0.541192
vt 0.632934 0.459026
vt 0.082347 0.612809
vt 0.082344 0.687500
vt 0.082344 0.762500
vt 0.082268 0.839642
vt 0.081683 0.934686
vt 0.090648 0.964798
vt 0.646309 0.410340
vt 0.645950 0.429836
vt 0.646065 0.448377
vt 0.646513 0.461295
vt 0.070731 0.541848
vt 0.070300 0.612972
vt 0.070294 0.687500
vt 0.070294 0.762500
vt 0.070387 0.839831
vt 0.069563 0.911159
vt 0.074474 0.992663
vt 0.067911 0.972835
vt 0.665929 0.409003
vt 0.664985 0.429600
vt 0.664867 0.448631
vt 0.665155 0.466968
vt 0.061010 0.542537
vt 0.061014 0.612866
vt 0.061057 0.687500
vt 0.061057 0.762500
vt 0.060999 0.839478
vt 0.061596 0.889979
vt 0.054092 0.541455
vt 0.053039 0.507776
vt 0.054327 0.612713
vt 0.054340 0.687500
vt 0.054340 0.762501
vt 0.054220 0.840089
vt 0.055980 0.927761
vt 0.058560 0.984965
vt 0.687809 0.401263
vt 0.683936 0.429152
vt 0.683787 0.448823
vt 0.683933 0.467212
vt 0.684137 0.478197
vt 0.044051 0.540379
vt 0.043769 0.612895
vt 0.043731 0.687500
vt 0.043732 0.762501
vt 0.043729 0.840007
vt 0.042677 0.933419
vt 0.047438 0.984663
vt 0.704652 0.401948
vt 0.702841 0.428764
vt 0.702684 0.448861
vt 0.702672 0.467308
vt 0.702847 0.479518
vt 0.031413 0.541714
vt 0.031136 0.613375
vt 0.031109 0.687500
vt 0.031109 0.762500
vt 0.031152 0.840133
vt 0.030727 0.910943
vt 0.036981 0.985703
vt 0.029676 0.977756
vt 0.027992 0.984524
vt 0.026979 0.998152
vt 0.722043 0.428226
vt 0.721689 0.448717
vt 0.721600 0.467363
vt 0.721771 0.480884
vt 0.018741 0.542416
vt 0.018557 0.613460
vt 0.018569 0.687500
vt 0.018569 0.762500
vt 0.018617 0.839372
vt 0.018504 0.900933
vt 0.009087 0.984605
vt 0.008532 0.996370
vt 0.740950 0.427163
vt 0.839691 0.985246
vt 0.848584 0.990204
vt 0.258571 0.258571
vt 0.258571 0.241429
vt 0.258571 0.275714
vt 0.740604 0.448533
vt 0.740539 0.467402
vt 0.740640 0.482825
vt 0.006148 0.543488
vt 0.006094 0.613298
vt 0.006108 0.687500
vt 0.258571 0.292857
vt 0.258571 0.310000
vt 0.258571 0.327143
vt 0.258571 0.344286
vt 0.258571 0.361429
vt 0.275714 0.258571
vt 0.275714 0.241429
vt 0.275714 0.275714
vt 0.275714 0.292857
vt 0.275714 0.310000
vt 0.006108 0.762500
vt 0.006133 0.838697
vt 0.006125 0.890706
vt 0.275714 0.327143
vt 0.275714 0.344286
vt 0.275714 0.361429
vt 0.292857 0.258571
vt 0.292857 0.241429
vt 0.121429 0.395714
vt 0.121500 0.412786
vt 0.623587 0.424753
vt 0.121729 0.429679
vt 0.624395 0.442790
vt 0.292857 0.275714
vt 0.292857 0.292857
vt 0.292857 0.310000
vt 0.292857 0.327143
vt 0.292857 0.344286
vt 0.292857 0.361429
vt 0.310000 0.258571
vt 0.310000 0.241429
vt 0.310000 0.275714
vt 0.310000 0.292857
vt 0.092615 0.632178
vt 0.092661 0.774228
vt 0.310000 0.310000
vt 0.310000 0.327143
vt 0.310000 0.344286
vt 0.310000 0.361429
vt 0.092682 0.915634
vt 0.122292 0.446019
vt 0.085920 0.631089
vt 0.085302 0.531661
vt 0.085975 0.774323
vt 0.085828 0.917126
vt 0.327143 0.258571
vt 0.327143 0.241429
vt 0.327143 0.275714
vt 0.327143 0.292857
vt 0.327143 0.310000
vt 0.327143 0.327143
vt 0.327143 0.344286
vt 0.327143 0.361429
vt 0.344286 0.258571
vt 0.344286 0.241429
vt 0.344286 0.275714
vt 0.344286 0.292857
vt 0.344286 0.310000
vt 0.344286 0.327143
vt 0.344286 0.344286
vt 0.344286 0.361429
vt 0.361429 0.258571
vt 0.361429 0.241429
vt 0.361429 0.275714
vt 0.361429 0.292857
vt 0.361429 0.310000
vt 0.361429 0.327143
vt 0.361429 0.344286
vt 0.361429 0.361429
vt 0.917656 0.687500
vt 0.929706 0.687500
vt 0.917653 0.612809
vt 0.929700 0.612972
vt 0.917824 0.541192
vt 0.929269 0.541848
vt 0.867066 0.459026
vt 0.853487 0.461295
vt 0.853935 0.448377
vt 0.854050 0.429836
vt 0.853691 0.410340
vt 0.938404 0.889979
vt 0.939001 0.839478
vt 0.938942 0.762500
vt 0.938942 0.687500
vt 0.938986 0.612866
vt 0.938989 0.542537
vt 0.834845 0.466968
vt 0.835133 0.448631
vt 0.835015 0.429600
vt 0.834071 0.409003
vt 0.945779 0.840089
vt 0.956271 0.840007
vt 0.945660 0.762501
vt 0.956268 0.762501
vt 0.945660 0.687500
vt 0.956268 0.687500
vt 0.945673 0.612713
vt 0.956231 0.612895
vt 0.945908 0.541455
vt 0.955948 0.540379
vt 0.946960 0.507776
vt 0.815863 0.478197
vt 0.816067 0.467212
vt 0.816213 0.448823
vt 0.816064 0.429152
vt 0.812191 0.401263
vt 0.969273 0.910943
vt 0.968847 0.840133
vt 0.968890 0.762500
vt 0.968890 0.687500
vt 0.968864 0.613375
vt 0.968587 0.541714
vt 0.797153 0.479518
vt 0.797327 0.467308
vt 0.797316 0.448861
vt 0.797159 0.428764
vt 0.795348 0.401948
vt 0.941440 0.984965
vt 0.952561 0.984663
vt 0.942442 0.973282
vt 0.952679 0.973236
vt 0.981496 0.900933
vt 0.981383 0.839372
vt 0.981431 0.762500
vt 0.981431 0.687500
vt 0.981443 0.613460
vt 0.981259 0.542416
vt 0.778229 0.480884
vt 0.778400 0.467363
vt 0.778311 0.448717
vt 0.777957 0.428226
vt 0.973021 0.998152
vt 0.972008 0.984524
vt 0.972069 0.973227
vt 0.993875 0.890706
vt 0.993866 0.838697
vt 0.993891 0.762500
vt 0.993891 0.687500
vt 0.993906 0.613298
vt 0.993852 0.543489
vt 0.759360 0.482825
vt 0.759461 0.467402
vt 0.759396 0.448533
vt 0.759050 0.427163
vt 0.991468 0.996370
vt 0.990913 0.984605
vt 0.990773 0.973268
vt 0.942489 0.962494
vt 0.952805 0.962489
vt 0.942495 0.951786
vt 0.952816 0.951786
vt 0.023092 0.969385
vt 0.208277 0.481066
vt 0.023846 0.919433
vt 0.024161 0.774848
vt 0.024069 0.628017
vt 0.023501 0.557940
vt 0.708462 0.482690
vt 0.207204 0.463905
vt 0.207143 0.447143
vt 0.207143 0.430000
vt 0.972071 0.962488
vt 0.972064 0.951786
vt 0.207143 0.412857
vt 0.207143 0.395714
vt 0.029622 0.914551
vt 0.029849 0.774314
vt 0.990720 0.962496
vt 0.990713 0.951786
vt 0.029737 0.630653
vt 0.190333 0.476564
vt 0.190043 0.463811
vt 0.039776 0.917205
vt 0.039527 0.773996
vt 0.039542 0.630993
vt 0.691808 0.472364
vt 0.190005 0.447138
vt 0.190000 0.430000
vt 0.190000 0.412857
vt 0.190000 0.395714
vt 0.173359 0.474210
vt 0.173086 0.463696
vt 0.051589 0.917189
vt 0.051254 0.774141
vt 0.051309 0.631106
vt 0.052186 0.510213
vt 0.045414 0.999269
vt 0.676665 0.459052
vt 0.172935 0.447055
vt 0.172857 0.430000
vt 0.172857 0.412857
vt 0.172857 0.395714
vt 0.060176 0.984815
vt 0.155962 0.463537
vt 0.061156 0.916637
vt 0.061356 0.774602
vt 0.061270 0.630553
vt 0.060327 0.541941
vt 0.657050 0.463282
vt 0.155830 0.446868
vt 0.155714 0.430000
vt 0.155714 0.412857
vt 0.155714 0.395714
vt 0.067482 0.914697
vt 0.067486 0.774414
vt 0.067428 0.631875
vt 0.139257 0.458462
vt 0.138832 0.446629
vt 0.076009 0.916338
vt 0.075616 0.774210
vt 0.075712 0.631672
vt 0.642097 0.455323
vt 0.138647 0.429924
vt 0.138571 0.412857
vt 0.138571 0.395714
vt 0.085212 0.998152
vt 0.641011 0.442492
vt 0.241429 0.104286
vt 0.224286 0.104286
vt 0.224286 0.087143
vt 0.241429 0.087143
vt 0.224286 0.070000
vt 0.241429 0.070000
vt 0.224286 0.052857
vt 0.241429 0.052857
vt 0.224374 0.035949
vt 0.241468 0.035821
vt 0.224481 0.019215
vt 0.241545 0.019240
vt 0.483166 0.976233
vt 0.494393 0.992130
vt 0.725039 0.021179
vt 0.741854 0.022873
vt 0.494359 0.532203
vt 0.483080 0.548426
vt 0.481961 0.966431
vt 0.494048 0.953358
vt 0.483194 0.922303
vt 0.494447 0.920902
vt 0.483248 0.775000
vt 0.494470 0.775000
vt 0.483197 0.627508
vt 0.494449 0.628723
vt 0.207143 0.104286
vt 0.207143 0.087143
vt 0.207143 0.070000
vt 0.207143 0.052857
vt 0.207204 0.036095
vt 0.208277 0.018934
vt 0.476907 0.969385
vt 0.708462 0.017310
vt 0.476499 0.557940
vt 0.470324 0.977756
vt 0.476154 0.919433
vt 0.475838 0.774848
vt 0.475931 0.628017
vt 0.190000 0.104286
vt 0.190000 0.087143
vt 0.190000 0.070000
vt 0.190005 0.052862
vt 0.190043 0.036189
vt 0.190333 0.023436
vt 0.460224 0.917205
vt 0.470378 0.914551
vt 0.460473 0.773996
vt 0.470150 0.774314
vt 0.460457 0.630993
vt 0.470263 0.630653
vt 0.691808 0.027636
vt 0.463019 0.985703
vt 0.172857 0.104286
vt 0.172857 0.087143
vt 0.172857 0.070000
vt 0.172935 0.052945
vt 0.173086 0.036304
vt 0.173359 0.025790
vt 0.676665 0.040948
vt 0.454586 0.999269
vt 0.447814 0.510213
vt 0.444019 0.927761
vt 0.457323 0.933419
vt 0.448411 0.917189
vt 0.448746 0.774141
vt 0.448690 0.631106
vt 0.155714 0.104286
vt 0.155714 0.087143
vt 0.155714 0.070000
vt 0.155830 0.053132
vt 0.155962 0.036463
vt 0.439824 0.984815
vt 0.657050 0.036718
vt 0.439672 0.541941
vt 0.432089 0.972835
vt 0.438844 0.916637
vt 0.438644 0.774602
vt 0.438729 0.630553
vt 0.138571 0.104286
vt 0.138571 0.087143
vt 0.138647 0.070076
vt 0.138832 0.053371
vt 0.139257 0.041538
vt 0.423990 0.916338
vt 0.432518 0.914697
vt 0.424384 0.774210
vt 0.432514 0.774414
vt 0.424288 0.631672
vt 0.432571 0.631875
vt 0.642097 0.044677
vt 0.425525 0.992663
vt 0.121429 0.104286
vt 0.121500 0.087214
vt 0.121729 0.070321
vt 0.122292 0.053981
vt 0.414787 0.998152
vt 0.624395 0.057210
vt 0.641011 0.057508
vt 0.414697 0.531661
vt 0.409351 0.964798
vt 0.418316 0.934686
vt 0.414172 0.917126
vt 0.414024 0.774323
vt 0.414079 0.631089
vt 0.104304 0.104304
vt 0.104462 0.087408
vt 0.103799 0.069790
vt 0.108567 0.059237
vt 0.606675 0.071144
vt 0.623587 0.075247
vt 0.398644 0.519971
vt 0.389523 0.941675
vt 0.402425 0.925834
vt 0.397917 0.914226
vt 0.407318 0.915634
vt 0.398021 0.774310
vt 0.407339 0.774228
vt 0.398068 0.632582
vt 0.407385 0.632178
vt 0.473021 0.998152
vt 0.491468 0.996370
vt 0.740950 0.072837
vt 0.722043 0.071774
vt 0.472007 0.984524
vt 0.490913 0.984605
vt 0.472069 0.973227
vt 0.490773 0.973268
vt 0.740604 0.051467
vt 0.721689 0.051283
vt 0.740539 0.032598
vt 0.721600 0.032637
vt 0.740640 0.017175
vt 0.721771 0.019116
vt 0.481496 0.900933
vt 0.493875 0.890706
vt 0.481383 0.839372
vt 0.493866 0.838697
vt 0.481431 0.762500
vt 0.493891 0.762500
vt 0.481431 0.687500
vt 0.493891 0.687500
vt 0.481443 0.613460
vt 0.493906 0.613298
vt 0.481259 0.542416
vt 0.493852 0.543489
vt 0.704652 0.098052
vt 0.702841 0.071236
vt 0.452561 0.984663
vt 0.452679 0.973236
vt 0.702684 0.051139
vt 0.702673 0.032692
vt 0.702847 0.020482
vt 0.469273 0.910943
vt 0.468847 0.840133
vt 0.468890 0.762500
vt 0.468890 0.687500
vt 0.468864 0.613375
vt 0.468587 0.541714
vt 0.687809 0.098737
vt 0.683936 0.070848
vt 0.441440 0.984965
vt 0.442442 0.973282
vt 0.683787 0.051177
vt 0.683933 0.032788
vt 0.684137 0.021803
vt 0.456271 0.840007
vt 0.456268 0.762501
vt 0.456268 0.687500
vt 0.456231 0.612895
vt 0.455948 0.540379
vt 0.665929 0.090997
vt 0.664985 0.070400
vt 0.664867 0.051369
vt 0.665155 0.033032
vt 0.446960 0.507776
vt 0.445779 0.840089
vt 0.445660 0.762501
vt 0.445660 0.687500
vt 0.445672 0.612713
vt 0.445908 0.541455
vt 0.646309 0.089660
vt 0.645950 0.070164
vt 0.646065 0.051623
vt 0.646513 0.038705
vt 0.430437 0.911159
vt 0.438404 0.889979
vt 0.429612 0.839831
vt 0.439000 0.839478
vt 0.429706 0.762500
vt 0.438942 0.762500
vt 0.429706 0.687500
vt 0.438942 0.687500
vt 0.429700 0.612972
vt 0.438986 0.612866
vt 0.429269 0.541848
vt 0.438989 0.542537
vt 0.627075 0.089196
vt 0.627106 0.070337
vt 0.627255 0.051868
vt 0.632934 0.040974
vt 0.417732 0.839642
vt 0.417656 0.762500
vt 0.417656 0.687500
vt 0.417653 0.612809
vt 0.417824 0.541192
vt 0.608052 0.089169
vt 0.608312 0.070628
vt 0.398868 0.501102
vt 0.410469 0.889114
vt 0.400910 0.840055
vt 0.410642 0.839607
vt 0.401023 0.762500
vt 0.410593 0.762500
vt 0.401023 0.687500
vt 0.410593 0.687500
vt 0.400999 0.612761
vt 0.410599 0.612835
vt 0.400476 0.541425
vt 0.410586 0.542322
vt 0.589446 0.089446
vt 0.591725 0.072265
vt 0.392377 0.514073
vt 0.317461 0.951786
vt 0.337511 0.951786
vt 0.307505 0.951786
vt 0.317454 0.962494
vt 0.337516 0.962494
vt 0.307510 0.962494
vt 0.317459 0.973284
vt 0.337528 0.973253
vt 0.307558 0.973282
vt 0.392403 0.840577
vt 0.392400 0.762500
vt 0.392401 0.687500
vt 0.392381 0.612579
vt 0.392360 0.539870
vt 0.361053 0.951786
vt 0.375000 0.951786
vt 0.361054 0.962500
vt 0.375000 0.962500
vt 0.361045 0.973233
vt 0.375000 0.973227
vt 0.472071 0.962488
vt 0.490720 0.962496
vt 0.472064 0.951786
vt 0.490713 0.951786
vt 0.452805 0.962489
vt 0.452816 0.951786
vt 0.310000 0.070000
vt 0.292857 0.070000
vt 0.292857 0.052857
vt 0.309995 0.052862
vt 0.310000 0.087143
vt 0.292857 0.087143
vt 0.310000 0.104286
vt 0.292857 0.104286
vt 0.551309 0.631106
vt 0.539542 0.630993
vt 0.808192 0.027636
vt 0.552186 0.510213
vt 0.348550 0.951786
vt 0.348556 0.962497
vt 0.348533 0.973244
vt 0.551254 0.774141
vt 0.539527 0.773996
vt 0.551589 0.917189
vt 0.539776 0.917205
vt 0.326641 0.025790
vt 0.309667 0.023436
vt 0.823335 0.040948
vt 0.545414 0.999269
vt 0.542677 0.933419
vt 0.555980 0.927761
vt 0.388946 0.951786
vt 0.388945 0.962500
vt 0.388955 0.973233
vt 0.326914 0.036304
vt 0.309957 0.036189
vt 0.327065 0.052945
vt 0.327143 0.070000
vt 0.327143 0.087143
vt 0.327143 0.104286
vt 0.561270 0.630553
vt 0.560327 0.541941
vt 0.561356 0.774602
vt 0.561156 0.916637
vt 0.560176 0.984815
vt 0.842950 0.036718
vt 0.567911 0.972835
vt 0.401450 0.951786
vt 0.412489 0.951786
vt 0.401443 0.962497
vt 0.412484 0.962494
vt 0.401467 0.973244
vt 0.412472 0.973253
vt 0.567428 0.631875
vt 0.567486 0.774414
vt 0.567482 0.914697
vt 0.344038 0.036463
vt 0.344170 0.053132
vt 0.344286 0.070000
vt 0.344286 0.087143
vt 0.344286 0.104286
vt 0.432538 0.951786
vt 0.442495 0.951786
vt 0.432545 0.962494
vt 0.442489 0.962494
vt 0.432541 0.973284
vt 0.589169 0.108052
vt 0.608123 0.108123
vt 0.589196 0.127075
vt 0.608740 0.127631
vt 0.589660 0.146309
vt 0.615018 0.151714
vt 0.334231 0.998414
vt 0.339691 0.985246
vt 0.348584 0.990204
vt 0.590998 0.165929
vt 0.318159 0.984803
vt 0.308560 0.984965
vt 0.320193 0.994207
vt 0.598737 0.187809
vt 0.627631 0.108740
vt 0.633784 0.133784
vt 0.358619 0.985280
vt 0.375000 0.984574
vt 0.362071 0.996775
vt 0.348567 0.981454
vt 0.651714 0.115018
vt 0.391381 0.985280
vt 0.387928 0.996775
vt 0.401415 0.990204
vt 0.415769 0.998414
vt 0.410309 0.985247
vt 0.401433 0.981454
vt 0.431841 0.984803
vt 0.429806 0.994206
vt 0.121429 0.121429
vt 0.104286 0.121429
vt 0.121429 0.138571
vt 0.104286 0.138571
vt 0.121429 0.155714
vt 0.104286 0.155714
vt 0.121429 0.172857
vt 0.104286 0.172857
vt 0.121429 0.190000
vt 0.104286 0.190000
vt 0.121429 0.207143
vt 0.104286 0.207143
vt 0.121429 0.224286
vt 0.104286 0.224286
vt 0.138571 0.121429
vt 0.138571 0.138571
vt 0.138571 0.155714
vt 0.138571 0.172857
vt 0.138571 0.190000
vt 0.138571 0.207143
vt 0.138571 0.224286
vt 0.155714 0.121429
vt 0.155714 0.138571
vt 0.155714 0.155714
vt 0.155714 0.172857
vt 0.155714 0.190000
vt 0.155714 0.207143
vt 0.155714 0.224286
vt 0.172857 0.121429
vt 0.172857 0.138571
vt 0.172857 0.155714
vt 0.172857 0.172857
vt 0.172857 0.190000
vt 0.172857 0.207143
vt 0.172857 0.224286
vt 0.190000 0.121429
vt 0.190000 0.138571
vt 0.190000 0.155714
vt 0.190000 0.172857
vt 0.190000 0.190000
vt 0.190000 0.207143
vt 0.190000 0.224286
vt 0.207143 0.121429
vt 0.207143 0.138571
vt 0.207143 0.155714
vt 0.207143 0.172857
vt 0.207143 0.190000
vt 0.207143 0.207143
vt 0.207143 0.224286
vt 0.224286 0.121429
vt 0.224286 0.138571
vt 0.224286 0.155714
vt 0.224286 0.172857
vt 0.224286 0.190000
vt 0.224286 0.207143
vt 0.224286 0.224286
vt 0.241429 0.121429
vt 0.241429 0.138571
vt 0.241429 0.155714
vt 0.241429 0.172857
vt 0.241429 0.190000
vt 0.241429 0.207143
vt 0.241429 0.224286
vt 0.292796 0.036095
vt 0.291723 0.018934
vt 0.536981 0.985703
vt 0.529622 0.914551
vt 0.529849 0.774314
vt 0.529737 0.630653
vt 0.791538 0.017310
vt 0.529676 0.977756
vt 0.275714 0.104286
vt 0.275714 0.087143
vt 0.275714 0.070000
vt 0.275714 0.052857
vt 0.275626 0.035949
vt 0.275519 0.019215
vt 0.516833 0.976233
vt 0.523092 0.969385
vt 0.523846 0.919433
vt 0.857903 0.044677
vt 0.574474 0.992663
vt 0.575712 0.631672
vt 0.575616 0.774210
vt 0.576009 0.916338
vt 0.360743 0.041538
vt 0.581683 0.934686
vt 0.858989 0.057508
vt 0.361168 0.053371
vt 0.361353 0.070076
vt 0.361429 0.087143
vt 0.361429 0.104286
vt 0.524161 0.774848
vt 0.524069 0.628017
vt 0.523501 0.557940
vt 0.774961 0.021179
vt 0.516919 0.548426
vt 0.518038 0.966431
vt 0.516805 0.922303
vt 0.585920 0.631089
vt 0.585302 0.531661
vt 0.585975 0.774323
vt 0.585828 0.917126
vt 0.585212 0.998152
vt 0.875605 0.057210
vt 0.590648 0.964798
vt 0.592615 0.632178
vt 0.592661 0.774228
vt 0.592682 0.915634
vt 0.377708 0.053982
vt 0.516752 0.775000
vt 0.516802 0.627508
vt 0.597575 0.925834
vt 0.876413 0.075247
vt 0.378271 0.070321
vt 0.378500 0.087214
vt 0.378571 0.104286
vt 0.258571 0.104286
vt 0.258571 0.087143
vt 0.258571 0.070000
vt 0.258571 0.052857
vt 0.567461 0.951786
vt 0.557505 0.951786
vt 0.567454 0.962494
vt 0.557510 0.962494
vt 0.567459 0.973284
vt 0.557558 0.973282
vt 0.587511 0.951786
vt 0.587516 0.962494
vt 0.258532 0.035821
vt 0.258455 0.019240
vt 0.505607 0.992130
vt 0.758146 0.022873
vt 0.505640 0.532203
vt 0.505952 0.953358
vt 0.505552 0.920902
vt 0.587528 0.973253
vt 0.598550 0.951786
vt 0.598556 0.962497
vt 0.598533 0.973244
vt 0.611053 0.951786
vt 0.505529 0.775000
vt 0.505551 0.628723
vt 0.872925 0.089196
vt 0.891948 0.089169
vt 0.891688 0.070628
vt 0.872893 0.070337
vt 0.601132 0.501102
vt 0.872745 0.051868
vt 0.589530 0.889114
vt 0.589357 0.839608
vt 0.599089 0.840055
vt 0.589407 0.762500
vt 0.598976 0.762500
vt 0.589407 0.687500
vt 0.598976 0.687500
vt 0.589400 0.612835
vt 0.599001 0.612761
vt 0.589414 0.542322
vt 0.599524 0.541425
vt 0.853691 0.089660
vt 0.854050 0.070164
vt 0.853934 0.051623
vt 0.582268 0.839642
vt 0.582344 0.762500
vt 0.582344 0.687500
vt 0.582347 0.612809
vt 0.582176 0.541192
vt 0.087143 0.224286
vt 0.087143 0.207143
vt 0.087143 0.190000
vt 0.087143 0.172857
vt 0.087143 0.155714
vt 0.087143 0.138571
vt 0.087214 0.121500
vt 0.087408 0.104462
vt 0.070000 0.224286
vt 0.070000 0.207143
vt 0.070000 0.190000
vt 0.070000 0.172857
vt 0.070000 0.155714
vt 0.070076 0.138647
vt 0.070321 0.121729
vt 0.069790 0.103799
vt 0.052857 0.224286
vt 0.052857 0.207143
vt 0.052862 0.190005
vt 0.052945 0.172935
vt 0.053132 0.155830
vt 0.053371 0.138832
vt 0.053981 0.122292
vt 0.059237 0.108567
vt 0.557210 0.124395
vt 0.575247 0.123587
vt 0.571144 0.106675
vt 0.351356 0.519971
vt 0.340648 0.964799
vt 0.347575 0.925834
vt 0.360477 0.941675
vt 0.035949 0.224374
vt 0.036095 0.207204
vt 0.036189 0.190043
vt 0.036304 0.173086
vt 0.036463 0.155962
vt 0.041538 0.139257
vt 0.335212 0.998152
vt 0.544677 0.142097
vt 0.557508 0.141011
vt 0.335302 0.531661
vt 0.324474 0.992663
vt 0.331683 0.934686
vt 0.335828 0.917126
vt 0.342682 0.915633
vt 0.352083 0.914226
vt 0.335975 0.774323
vt 0.342661 0.774228
vt 0.351978 0.774310
vt 0.335920 0.631089
vt 0.342615 0.632178
vt 0.351932 0.632582
vt 0.019215 0.224481
vt 0.018934 0.208277
vt 0.023436 0.190333
vt 0.025790 0.173359
vt 0.527636 0.191808
vt 0.295414 0.999269
vt 0.540948 0.176665
vt 0.302186 0.510213
vt 0.286981 0.985703
vt 0.292677 0.933419
vt 0.305980 0.927761
vt 0.310176 0.984815
vt 0.536718 0.157050
vt 0.310327 0.541941
vt 0.317911 0.972835
vt 0.311156 0.916637
vt 0.317482 0.914697
vt 0.326009 0.916338
vt 0.311356 0.774602
vt 0.317486 0.774414
vt 0.325616 0.774210
vt 0.311270 0.630553
vt 0.317428 0.631875
vt 0.325712 0.631672
vt 0.480785 0.224481
vt 0.733166 0.976233
vt 0.744447 0.920902
vt 0.733194 0.922303
vt 0.744470 0.775000
vt 0.733248 0.775000
vt 0.744449 0.628723
vt 0.733197 0.627508
vt 0.744359 0.532203
vt 0.733081 0.548426
vt 0.978821 0.225039
vt 0.481066 0.208277
vt 0.726907 0.969385
vt 0.726154 0.919433
vt 0.725838 0.774848
vt 0.725931 0.628017
vt 0.726499 0.557940
vt 0.982690 0.208462
vt 0.720378 0.914551
vt 0.720150 0.774314
vt 0.720263 0.630653
vt 0.464051 0.224374
vt 0.731962 0.966431
vt 0.463905 0.207204
vt 0.720324 0.977756
vt 0.463811 0.190043
vt 0.476564 0.190333
vt 0.710224 0.917205
vt 0.710473 0.773996
vt 0.710457 0.630993
vt 0.972364 0.191808
vt 0.713019 0.985703
vt 0.463696 0.173086
vt 0.474210 0.173359
vt 0.698411 0.917189
vt 0.698746 0.774141
vt 0.698690 0.631106
vt 0.697814 0.510213
vt 0.704586 0.999269
vt 0.959052 0.176665
vt 0.707323 0.933419
vt 0.463537 0.155962
vt 0.689824 0.984814
vt 0.688844 0.916637
vt 0.688644 0.774602
vt 0.688730 0.630553
vt 0.689672 0.541941
vt 0.963282 0.157050
vt 0.682518 0.914697
vt 0.682514 0.774414
vt 0.682571 0.631875
vt 0.447143 0.224286
vt 0.447143 0.207143
vt 0.447138 0.190005
vt 0.447055 0.172935
vt 0.694019 0.927761
vt 0.446868 0.155830
vt 0.682089 0.972834
vt 0.446629 0.138832
vt 0.458462 0.139257
vt 0.673990 0.916338
vt 0.674384 0.774210
vt 0.674288 0.631672
vt 0.955323 0.142097
vt 0.675525 0.992663
vt 0.446019 0.122292
vt 0.664787 0.998152
vt 0.664172 0.917126
vt 0.664024 0.774323
vt 0.664079 0.631089
vt 0.664697 0.531661
vt 0.942492 0.141011
vt 0.942790 0.124395
vt 0.668316 0.934686
vt 0.657318 0.915633
vt 0.657339 0.774228
vt 0.657385 0.632178
vt 0.430000 0.224286
vt 0.430000 0.207143
vt 0.430000 0.190000
vt 0.430000 0.172857
vt 0.430000 0.155714
vt 0.429924 0.138647
vt 0.429679 0.121729
vt 0.659351 0.964798
vt 0.430210 0.103799
vt 0.440763 0.108567
vt 0.647917 0.914226
vt 0.648021 0.774310
vt 0.648068 0.632582
vt 0.648644 0.519971
vt 0.924753 0.123587
vt 0.928856 0.106675
vt 0.652425 0.925834
vt 0.412857 0.224286
vt 0.412857 0.207143
vt 0.412857 0.190000
vt 0.412857 0.172857
vt 0.412857 0.155714
vt 0.412857 0.138571
vt 0.412786 0.121500
vt 0.412592 0.104462
vt 0.639523 0.941676
vt 0.395714 0.224286
vt 0.395714 0.207143
vt 0.395714 0.190000
vt 0.395714 0.172857
vt 0.395714 0.155714
vt 0.395714 0.138571
vt 0.395714 0.121429
vt 0.395696 0.104304
vt 0.378571 0.224286
vt 0.378571 0.207143
vt 0.378571 0.190000
vt 0.378571 0.172857
vt 0.378571 0.155714
vt 0.378571 0.138571
vt 0.378571 0.121429
vt 0.743875 0.890706
vt 0.731496 0.900933
vt 0.719273 0.910943
vt 0.743866 0.838697
vt 0.731383 0.839372
vt 0.731431 0.762500
vt 0.731431 0.687500
vt 0.731443 0.613460
vt 0.731259 0.542416
vt 0.980884 0.221771
vt 0.967363 0.221600
vt 0.718847 0.840133
vt 0.718890 0.762500
vt 0.718890 0.687500
vt 0.718864 0.613375
vt 0.718587 0.541714
vt 0.979518 0.202847
vt 0.967308 0.202673
vt 0.706271 0.840007
vt 0.706268 0.762501
vt 0.706268 0.687500
vt 0.706231 0.612895
vt 0.705948 0.540379
vt 0.978197 0.184137
vt 0.967212 0.183933
vt 0.695779 0.840089
vt 0.695660 0.762501
vt 0.695660 0.687500
vt 0.695673 0.612713
vt 0.695908 0.541455
vt 0.696960 0.507776
vt 0.966968 0.165155
vt 0.688404 0.889979
vt 0.680437 0.911159
vt 0.689001 0.839478
vt 0.688942 0.762500
vt 0.688942 0.687500
vt 0.688986 0.612866
vt 0.688989 0.542537
vt 0.948717 0.221689
vt 0.948861 0.202684
vt 0.948823 0.183787
vt 0.948631 0.164867
vt 0.679612 0.839831
vt 0.679706 0.762500
vt 0.679706 0.687500
vt 0.679700 0.612972
vt 0.679269 0.541848
vt 0.961295 0.146513
vt 0.948377 0.146066
vt 0.667732 0.839642
vt 0.667656 0.762500
vt 0.667656 0.687500
vt 0.667653 0.612809
vt 0.667824 0.541192
vt 0.959026 0.132934
vt 0.948132 0.127255
vt 0.660469 0.889114
vt 0.660642 0.839607
vt 0.660593 0.762500
vt 0.660593 0.687500
vt 0.660599 0.612835
vt 0.660586 0.542322
vt 0.928226 0.222043
vt 0.928764 0.202841
vt 0.929152 0.183936
vt 0.929600 0.164985
vt 0.929836 0.145950
vt 0.929663 0.127107
vt 0.650910 0.840055
vt 0.651023 0.762500
vt 0.651023 0.687500
vt 0.650999 0.612761
vt 0.650476 0.541425
vt 0.648868 0.501103
vt 0.929372 0.108312
vt 0.642403 0.840577
vt 0.642401 0.762500
vt 0.642401 0.687500
vt 0.642381 0.612579
vt 0.642360 0.539870
vt 0.642377 0.514073
vt 0.927735 0.091725
vt 0.723021 0.998152
vt 0.901948 0.204652
vt 0.901263 0.187809
vt 0.909003 0.165929
vt 0.910340 0.146309
vt 0.910804 0.127075
vt 0.910831 0.108052
vt 0.910554 0.089446
vt 0.722008 0.984524
vt 0.722069 0.973227
vt 0.702561 0.984663
vt 0.702679 0.973236
vt 0.691440 0.984965
vt 0.692442 0.973282
vt 0.679806 0.994207
vt 0.665769 0.998414
vt 0.681841 0.984803
vt 0.682541 0.973284
vt 0.884982 0.151714
vt 0.891260 0.127631
vt 0.891877 0.108123
vt 0.722071 0.962488
vt 0.722064 0.951786
vt 0.702805 0.962489
vt 0.702817 0.951786
vt 0.266833 0.976233
vt 0.255640 0.532203
vt 0.521179 0.225039
vt 0.266919 0.548426
vt 0.268038 0.966431
vt 0.273092 0.969385
vt 0.517310 0.208462
vt 0.273501 0.557940
vt 0.279676 0.977756
vt 0.273846 0.919433
vt 0.279622 0.914551
vt 0.692489 0.962494
vt 0.692495 0.951786
vt 0.289776 0.917205
vt 0.274161 0.774848
vt 0.279849 0.774314
vt 0.289527 0.773996
vt 0.274069 0.628017
vt 0.279737 0.630653
vt 0.289542 0.630993
vt 0.301589 0.917189
vt 0.301254 0.774141
vt 0.301309 0.631106
vt 0.682545 0.962494
vt 0.682538 0.951786
vt 0.611054 0.962500
vt 0.611045 0.973233
vt 0.625000 0.951786
vt 0.625000 0.962500
vt 0.625000 0.973227
vt 0.638946 0.951786
vt 0.638945 0.962500
vt 0.638955 0.973233
vt 0.651450 0.951786
vt 0.651443 0.962497
vt 0.651467 0.973244
vt 0.662489 0.951786
vt 0.662484 0.962494
vt 0.662472 0.973253
vt 0.568159 0.984803
vt 0.558560 0.984965
vt 0.570193 0.994207
vt 0.812191 0.098737
vt 0.589691 0.985246
vt 0.584231 0.998414
vt 0.834071 0.090997
vt 0.598567 0.981454
vt 0.848286 0.115018
vt 0.598584 0.990204
vt 0.608619 0.985280
vt 0.612071 0.996775
vt 0.872369 0.108740
vt 0.625000 0.984574
vt 0.866216 0.133784
vt 0.641381 0.985280
vt 0.637928 0.996775
vt 0.651433 0.981454
vt 0.651415 0.990204
vt 0.660309 0.985246
vt 0.258571 0.121429
vt 0.258571 0.138571
vt 0.255552 0.920902
vt 0.266805 0.922303
vt 0.255529 0.775000
vt 0.266752 0.775000
vt 0.258571 0.155714
vt 0.258571 0.172857
vt 0.258571 0.190000
vt 0.258571 0.207143
vt 0.258571 0.224286
vt 0.255551 0.628723
vt 0.266802 0.627508
vt 0.275714 0.121429
vt 0.275714 0.138571
vt 0.275714 0.155714
vt 0.275714 0.172857
vt 0.276979 0.998152
vt 0.571774 0.222043
vt 0.277992 0.984524
vt 0.277931 0.973227
vt 0.598052 0.204652
vt 0.571236 0.202841
vt 0.256133 0.838697
vt 0.256125 0.890706
vt 0.297439 0.984663
vt 0.297321 0.973236
vt 0.570848 0.183936
vt 0.570400 0.164985
vt 0.570164 0.145950
vt 0.570337 0.127107
vt 0.570628 0.108312
vt 0.572265 0.091725
vt 0.551283 0.221689
vt 0.551139 0.202684
vt 0.551177 0.183787
vt 0.551369 0.164867
vt 0.551623 0.146065
vt 0.551868 0.127255
vt 0.351132 0.501103
vt 0.357623 0.514073
vt 0.532636 0.221600
vt 0.532692 0.202673
vt 0.532788 0.183933
vt 0.533032 0.165155
vt 0.538705 0.146513
vt 0.540974 0.132934
vt 0.339530 0.889114
vt 0.332268 0.839642
vt 0.339357 0.839608
vt 0.349089 0.840055
vt 0.332344 0.762500
vt 0.339407 0.762500
vt 0.348976 0.762500
vt 0.332344 0.687500
vt 0.339407 0.687500
vt 0.348976 0.687500
vt 0.332347 0.612809
vt 0.339400 0.612835
vt 0.349001 0.612761
vt 0.332176 0.541192
vt 0.339414 0.542322
vt 0.349524 0.541425
vt 0.357597 0.840577
vt 0.357599 0.762500
vt 0.357599 0.687500
vt 0.357618 0.612579
vt 0.357639 0.539870
vt 0.519116 0.221771
vt 0.520482 0.202847
vt 0.521803 0.184137
vt 0.303039 0.507776
vt 0.311596 0.889979
vt 0.319563 0.911159
vt 0.304220 0.840089
vt 0.310999 0.839478
vt 0.320387 0.839831
vt 0.304340 0.762501
vt 0.311057 0.762500
vt 0.320294 0.762500
vt 0.304340 0.687500
vt 0.311057 0.687500
vt 0.320294 0.687500
vt 0.304327 0.612713
vt 0.311014 0.612866
vt 0.320300 0.612972
vt 0.304092 0.541455
vt 0.311010 0.542537
vt 0.320731 0.541848
vt 0.268504 0.900933
vt 0.268617 0.839372
vt 0.268569 0.762500
vt 0.268569 0.687500
vt 0.268557 0.613460
vt 0.268741 0.542416
vt 0.280727 0.910943
vt 0.281152 0.840133
vt 0.281110 0.762500
vt 0.281109 0.687500
vt 0.281136 0.613375
vt 0.281413 0.541714
vt 0.293729 0.840007
vt 0.293732 0.762501
vt 0.293732 0.687500
vt 0.293769 0.612895
vt 0.294051 0.540379
vt 0.277929 0.962488
vt 0.277936 0.951786
vt 0.867066 0.040974
vt 0.853487 0.038705
vt 0.569563 0.911159
vt 0.570387 0.839831
vt 0.570294 0.762500
vt 0.297195 0.962489
vt 0.297183 0.951786
vt 0.570294 0.687500
vt 0.570300 0.612972
vt 0.570731 0.541848
vt 0.835015 0.070400
vt 0.835133 0.051369
vt 0.834845 0.033032
vt 0.561596 0.889979
vt 0.560999 0.839478
vt 0.561057 0.762500
vt 0.561057 0.687500
vt 0.561014 0.612866
vt 0.561010 0.542537
vt 0.816064 0.070848
vt 0.816213 0.051177
vt 0.816067 0.032788
vt 0.554220 0.840089
vt 0.554340 0.762501
vt 0.554340 0.687500
vt 0.554327 0.612713
vt 0.554092 0.541455
vt 0.553039 0.507776
vt 0.815863 0.021803
vt 0.543729 0.840007
vt 0.543732 0.762501
vt 0.543731 0.687500
vt 0.543769 0.612895
vt 0.544051 0.540379
vt 0.795348 0.098052
vt 0.797159 0.071236
vt 0.547438 0.984663
vt 0.547321 0.973236
vt 0.797316 0.051139
vt 0.797327 0.032692
vt 0.797153 0.020482
vt 0.530727 0.910943
vt 0.531152 0.840133
vt 0.531109 0.762500
vt 0.531109 0.687500
vt 0.531136 0.613375
vt 0.531413 0.541714
vt 0.526979 0.998152
vt 0.777957 0.071774
vt 0.527992 0.984524
vt 0.527931 0.973227
vt 0.778311 0.051283
vt 0.778400 0.032637
vt 0.778229 0.019116
vt 0.518504 0.900933
vt 0.518617 0.839372
vt 0.518569 0.762500
vt 0.518569 0.687500
vt 0.518557 0.613460
vt 0.518741 0.542416
vt 0.508532 0.996370
vt 0.759050 0.072837
vt 0.509087 0.984605
vt 0.509227 0.973268
vt 0.759396 0.051467
vt 0.759461 0.032598
vt 0.759360 0.017175
vt 0.506125 0.890706
vt 0.506133 0.838697
vt 0.506108 0.762500
vt 0.506108 0.687500
vt 0.506094 0.613298
vt 0.506148 0.543488
vt 0.547195 0.962489
vt 0.547183 0.951786
vt 0.275714 0.190000
vt 0.275714 0.207143
vt 0.275714 0.224286
vt 0.292857 0.121429
vt 0.292857 0.138571
vt 0.292857 0.155714
vt 0.292857 0.172857
vt 0.292857 0.190000
vt 0.292857 0.207143
vt 0.292857 0.224286
vt 0.310000 0.121429
vt 0.310000 0.138571
vt 0.310000 0.155714
vt 0.310000 0.172857
vt 0.310000 0.190000
vt 0.310000 0.207143
vt 0.310000 0.224286
vt 0.327143 0.121429
vt 0.327143 0.138571
vt 0.327143 0.155714
vt 0.327143 0.172857
vt 0.327143 0.190000
vt 0.527928 0.962488
vt 0.527936 0.951786
vt 0.509279 0.962496
vt 0.509287 0.951786
vt 0.087613 0.087613
vt 0.088006 0.075234
vt 0.383060 0.915591
vt 0.390838 0.912718
vt 0.383395 0.774837
vt 0.390836 0.774608
vt 0.383247 0.631524
vt 0.390871 0.632752
vt 0.590801 0.077421
vt 0.382439 0.994186
vt 0.075234 0.088006
vt 0.375000 0.980901
vt 0.577421 0.090801
vt 0.590614 0.090614
vt 0.375000 0.548335
vt 0.367561 0.994187
vt 0.375000 0.947976
vt 0.375000 0.919600
vt 0.375000 0.774917
vt 0.375000 0.629854
vt 0.359162 0.912718
vt 0.366940 0.915591
vt 0.359163 0.774608
vt 0.366605 0.774837
vt 0.359128 0.632752
vt 0.366752 0.631524
vt 0.375000 0.506866
vt 0.383965 0.911675
vt 0.375000 0.840417
vt 0.384522 0.840646
vt 0.375000 0.762501
vt 0.384511 0.762501
vt 0.375000 0.687500
vt 0.384511 0.687500
vt 0.375000 0.612500
vt 0.384511 0.612500
vt 0.375000 0.540017
vt 0.384562 0.540040
vt 0.366035 0.911675
vt 0.365478 0.840646
vt 0.365489 0.762501
vt 0.365489 0.687500
vt 0.365489 0.612500
vt 0.365437 0.540040
vt 0.327143 0.207143
vt 0.327143 0.224286
vt 0.344286 0.121429
vt 0.344286 0.138571
vt 0.344286 0.155714
vt 0.344286 0.172857
vt 0.344286 0.190000
vt 0.344286 0.207143
vt 0.344286 0.224286
vt 0.361429 0.121429
vt 0.361429 0.138571
vt 0.361429 0.155714
vt 0.361429 0.172857
vt 0.361429 0.190000
vt 0.361429 0.207143
vt 0.361429 0.224286
vt 0.640838 0.912718
vt 0.640836 0.774608
vt 0.640872 0.632752
vt 0.412387 0.087613
vt 0.424766 0.088006
vt 0.633060 0.915591
vt 0.633395 0.774837
vt 0.633247 0.631524
vt 0.922579 0.090801
vt 0.632439 0.994186
vt 0.411994 0.075234
vt 0.625000 0.980901
vt 0.625000 0.919600
vt 0.625000 0.774917
vt 0.625000 0.629854
vt 0.625000 0.548335
vt 0.909386 0.090614
vt 0.909199 0.077421
vt 0.625000 0.947976
vt 0.616940 0.915591
vt 0.616605 0.774837
vt 0.616752 0.631524
vt 0.395538 0.087408
vt 0.396201 0.069790
vt 0.617561 0.994186
vt 0.609162 0.912718
vt 0.609163 0.774608
vt 0.609128 0.632752
vt 0.893325 0.071144
vt 0.610477 0.941676
vt 0.391433 0.059237
vt 0.602083 0.914226
vt 0.601978 0.774310
vt 0.601932 0.632582
vt 0.601356 0.519971
vt 0.633965 0.911675
vt 0.634522 0.840646
vt 0.634511 0.762501
vt 0.634511 0.687500
vt 0.634511 0.612500
vt 0.634562 0.540040
vt 0.625000 0.840417
vt 0.625000 0.762501
vt 0.625000 0.687500
vt 0.625000 0.612500
vt 0.625000 0.540017
vt 0.625000 0.506866
vt 0.908275 0.072265
vt 0.616035 0.911675
vt 0.615478 0.840646
vt 0.615489 0.762501
vt 0.615489 0.687500
vt 0.615489 0.612500
vt 0.615437 0.540040
vt 0.607597 0.840577
vt 0.607599 0.762500
vt 0.607599 0.687500
vt 0.607618 0.612579
vt 0.607639 0.539870
vt 0.607623 0.514073
vt 0.297183 0.608929
vt 0.297183 0.598214
vt 0.307505 0.598214
vt 0.307505 0.608929
vt 0.297183 0.619643
vt 0.307505 0.619643
vt 0.297183 0.630357
vt 0.307505 0.630357
vt 0.277936 0.608929
vt 0.277936 0.598214
vt 0.277936 0.619643
vt 0.277936 0.630357
vt 0.259287 0.608929
vt 0.259287 0.598214
vt 0.259287 0.619643
vt 0.259287 0.630357
vt 0.297183 0.641071
vt 0.307505 0.641071
vt 0.297183 0.651786
vt 0.307505 0.651786
vt 0.297183 0.662500
vt 0.307505 0.662500
vt 0.297183 0.673214
vt 0.307505 0.673214
vt 0.297183 0.683929
vt 0.307505 0.683929
vt 0.297183 0.694643
vt 0.307505 0.694643
vt 0.297183 0.705357
vt 0.307505 0.705357
vt 0.297183 0.716071
vt 0.307505 0.716071
vt 0.277936 0.641071
vt 0.277936 0.651786
vt 0.277936 0.662500
vt 0.277936 0.673214
vt 0.277936 0.683929
vt 0.277936 0.694643
vt 0.277936 0.705357
vt 0.277936 0.716071
vt 0.259287 0.641071
vt 0.259287 0.651786
vt 0.259287 0.662500
vt 0.259287 0.673214
vt 0.259287 0.683929
vt 0.259287 0.694643
vt 0.259287 0.705357
vt 0.259287 0.716071
vt 0.297183 0.726786
vt 0.307505 0.726786
vt 0.297183 0.737500
vt 0.307505 0.737500
vt 0.297183 0.748214
vt 0.307505 0.748214
vt 0.297183 0.758929
vt 0.307505 0.758929
vt 0.277936 0.726786
vt 0.277936 0.737500
vt 0.277936 0.748214
vt 0.277936 0.758929
vt 0.259287 0.726786
vt 0.259287 0.737500
vt 0.259287 0.748214
vt 0.259287 0.758929
vt 0.807505 0.758929
vt 0.817461 0.758929
vt 0.797183 0.758929
vt 0.807505 0.748214
vt 0.817462 0.748214
vt 0.797183 0.748214
vt 0.807505 0.737500
vt 0.817462 0.737500
vt 0.797183 0.737500
vt 0.807505 0.726786
vt 0.817461 0.726786
vt 0.797183 0.726786
vt 0.807505 0.716071
vt 0.817461 0.716071
vt 0.797183 0.716071
vt 0.777936 0.758929
vt 0.777936 0.748214
vt 0.777936 0.737500
vt 0.777936 0.726786
vt 0.777936 0.716071
vt 0.759287 0.758929
vt 0.759287 0.748214
vt 0.759287 0.737500
vt 0.759287 0.726786
vt 0.759287 0.716071
vt 0.740713 0.758929
vt 0.740713 0.748214
vt 0.740713 0.737500
vt 0.740713 0.726786
vt 0.740713 0.716071
vt 0.807505 0.705357
vt 0.817461 0.705357
vt 0.797183 0.705357
vt 0.807505 0.694643
vt 0.817461 0.694643
vt 0.797183 0.694643
vt 0.807505 0.683929
vt 0.817462 0.683929
vt 0.797183 0.683929
vt 0.807505 0.673214
vt 0.817462 0.673214
vt 0.797183 0.673214
vt 0.807505 0.662500
vt 0.817462 0.662500
vt 0.797183 0.662500
vt 0.807505 0.651786
vt 0.817462 0.651786
vt 0.797183 0.651786
vt 0.807505 0.641071
vt 0.817462 0.641071
vt 0.797183 0.641071
vt 0.807505 0.630357
vt 0.817462 0.630357
vt 0.797183 0.630357
vt 0.777936 0.705357
vt 0.777936 0.694643
vt 0.777936 0.683929
vt 0.777936 0.673214
vt 0.777936 0.662500
vt 0.777936 0.651786
vt 0.777936 0.641071
vt 0.777936 0.630357
vt 0.759287 0.705357
vt 0.759287 0.694643
vt 0.759287 0.683929
vt 0.509287 0.608929
vt 0.490713 0.608929
vt 0.490713 0.598214
vt 0.509287 0.598214
vt 0.509287 0.619643
vt 0.490713 0.619643
vt 0.509287 0.630357
vt 0.490713 0.630357
vt 0.759287 0.673214
vt 0.759287 0.662500
vt 0.759287 0.651786
vt 0.759287 0.641071
vt 0.759287 0.630357
vt 0.527936 0.608929
vt 0.527936 0.598214
vt 0.527935 0.619643
vt 0.527936 0.630357
vt 0.740713 0.705357
vt 0.740713 0.694643
vt 0.740713 0.683929
vt 0.740713 0.673214
vt 0.740713 0.662500
vt 0.547183 0.608929
vt 0.547183 0.598214
vt 0.547183 0.619643
vt 0.547183 0.630357
vt 0.740713 0.651786
vt 0.740713 0.641071
vt 0.740713 0.630357
vt 0.807505 0.619643
vt 0.817462 0.619643
vt 0.797183 0.619643
vt 0.557505 0.608929
vt 0.557505 0.598214
vt 0.557505 0.619643
vt 0.557505 0.630357
vt 0.509287 0.641071
vt 0.490713 0.641071
vt 0.509287 0.651786
vt 0.490713 0.651786
vt 0.509287 0.662500
vt 0.490713 0.662500
vt 0.509287 0.673214
vt 0.490713 0.673214
vt 0.509287 0.683929
vt 0.490713 0.683929
vt 0.509287 0.694643
vt 0.490713 0.694643
vt 0.509287 0.705357
vt 0.490713 0.705357
vt 0.509287 0.716071
vt 0.490713 0.716071
vt 0.527936 0.641071
vt 0.527936 0.651786
vt 0.527935 0.662500
vt 0.527936 0.673214
vt 0.527936 0.683929
vt 0.527936 0.694643
vt 0.527936 0.705357
vt 0.527936 0.716071
vt 0.547183 0.641071
vt 0.547183 0.651786
vt 0.547183 0.662500
vt 0.547183 0.673214
vt 0.547183 0.683929
vt 0.547183 0.694643
vt 0.547183 0.705357
vt 0.547183 0.716071
vt 0.557505 0.641071
vt 0.557505 0.651786
vt 0.557505 0.662500
vt 0.557505 0.673214
vt 0.557505 0.683929
vt 0.557505 0.694643
vt 0.557505 0.705357
vt 0.557505 0.716071
vt 0.509287 0.726786
vt 0.490713 0.726786
vt 0.509287 0.737500
vt 0.490713 0.737500
vt 0.509287 0.748214
vt 0.490713 0.748214
vt 0.509287 0.758929
vt 0.490713 0.758929
vt 0.807505 0.608929
vt 0.817462 0.608929
vt 0.797183 0.608929
vt 0.807505 0.598214
vt 0.817461 0.598214
vt 0.527936 0.726786
vt 0.527936 0.737500
vt 0.527936 0.748214
vt 0.527936 0.758929
vt 0.797183 0.598214
vt 0.777936 0.619643
vt 0.777936 0.608929
vt 0.547183 0.726786
vt 0.547183 0.737500
vt 0.547183 0.748214
vt 0.547183 0.758929
vt 0.777936 0.598214
vt 0.759287 0.619643
vt 0.759287 0.608929
vt 0.557505 0.726786
vt 0.557505 0.737500
vt 0.557505 0.748214
vt 0.557505 0.758929
vt 0.759287 0.598214
vt 0.740713 0.619643
vt 0.740713 0.608929
vt 0.740713 0.598214
vt 0.452816 0.608929
vt 0.442495 0.608929
vt 0.442495 0.598214
vt 0.452816 0.598214
vt 0.452816 0.619643
vt 0.442495 0.619643
vt 0.452816 0.630357
vt 0.442495 0.630357
vt 0.472064 0.608929
vt 0.472064 0.598214
vt 0.472064 0.619643
vt 0.472064 0.630357
vt 0.452816 0.641071
vt 0.442495 0.641071
vt 0.452816 0.651786
vt 0.442495 0.651786
vt 0.452816 0.662500
vt 0.442495 0.662500
vt 0.452816 0.673214
vt 0.442495 0.673214
vt 0.452816 0.683929
vt 0.442495 0.683929
vt 0.452816 0.694643
vt 0.442495 0.694643
vt 0.452816 0.705357
vt 0.442495 0.705357
vt 0.452816 0.716071
vt 0.442495 0.716071
vt 0.472064 0.641071
vt 0.472064 0.651786
vt 0.472064 0.662500
vt 0.472064 0.673214
vt 0.472064 0.683929
vt 0.472064 0.694643
vt 0.472064 0.705357
vt 0.472064 0.716071
vt 0.452816 0.726786
vt 0.442495 0.726786
vt 0.452816 0.737500
vt 0.442495 0.737500
vt 0.452816 0.748214
vt 0.442495 0.748214
vt 0.452816 0.758929
vt 0.442495 0.758929
vt 0.472064 0.726786
vt 0.472064 0.737500
vt 0.472064 0.748214
vt 0.472064 0.758929
vt 0.317461 0.608929
vt 0.317461 0.598214
vt 0.337511 0.598214
vt 0.337511 0.608929
vt 0.317461 0.619643
vt 0.337511 0.619643
vt 0.317461 0.630357
vt 0.337511 0.630357
vt 0.361053 0.608929
vt 0.361053 0.598214
vt 0.375000 0.598214
vt 0.375000 0.608929
vt 0.361053 0.619643
vt 0.375000 0.619643
vt 0.361053 0.630357
vt 0.375000 0.630357
vt 0.348550 0.608929
vt 0.348550 0.598214
vt 0.348550 0.619643
vt 0.348550 0.630357
vt 0.388946 0.608929
vt 0.388946 0.598214
vt 0.388946 0.619643
vt 0.388946 0.630357
vt 0.401450 0.608929
vt 0.401450 0.598214
vt 0.412489 0.598214
vt 0.412489 0.608929
vt 0.401450 0.619643
vt 0.412489 0.619643
vt 0.401450 0.630357
vt 0.412489 0.630357
vt 0.432538 0.608929
vt 0.432538 0.598214
vt 0.432538 0.619643
vt 0.432538 0.630357
vt 0.317461 0.641071
vt 0.337511 0.641071
vt 0.317461 0.651786
vt 0.337511 0.651786
vt 0.317461 0.662500
vt 0.337511 0.662500
vt 0.317461 0.673214
vt 0.337511 0.673214
vt 0.317461 0.683929
vt 0.337511 0.683929
vt 0.317461 0.694643
vt 0.337511 0.694643
vt 0.317461 0.705357
vt 0.337511 0.705357
vt 0.317461 0.716071
vt 0.337511 0.716071
vt 0.361053 0.641071
vt 0.375000 0.641071
vt 0.361053 0.651786
vt 0.375000 0.651786
vt 0.361053 0.662500
vt 0.375000 0.662500
vt 0.361053 0.673214
vt 0.375000 0.673214
vt 0.361053 0.683929
vt 0.375000 0.683929
vt 0.361053 0.694643
vt 0.375000 0.694643
vt 0.361053 0.705357
vt 0.375000 0.705357
vt 0.361053 0.716071
vt 0.375000 0.716071
vt 0.348550 0.641071
vt 0.348550 0.651786
vt 0.348550 0.662500
vt 0.348550 0.673214
vt 0.348550 0.683929
vt 0.348550 0.694643
vt 0.348550 0.705357
vt 0.348550 0.716071
vt 0.388946 0.641071
vt 0.388946 0.651786
vt 0.388946 0.662500
vt 0.388946 0.673214
vt 0.388946 0.683929
vt 0.388946 0.694643
vt 0.388946 0.705357
vt 0.388946 0.716071
vt 0.401450 0.641071
vt 0.412489 0.641071
vt 0.942495 0.758929
vt 0.952817 0.758929
vt 0.932538 0.758929
vt 0.942495 0.748214
vt 0.952817 0.748214
vt 0.932538 0.748214
vt 0.942495 0.737500
vt 0.952817 0.737500
vt 0.932538 0.737500
vt 0.942495 0.726786
vt 0.952817 0.726786
vt 0.932538 0.726786
vt 0.942495 0.716071
vt 0.952817 0.716071
vt 0.932538 0.716071
vt 0.401450 0.651786
vt 0.412489 0.651786
vt 0.972064 0.758929
vt 0.972064 0.748214
vt 0.972064 0.737500
vt 0.972064 0.726786
vt 0.972064 0.716071
vt 0.401450 0.662500
vt 0.412489 0.662500
vt 0.401450 0.673214
vt 0.412489 0.673214
vt 0.990713 0.758929
vt 0.990713 0.748214
vt 0.990713 0.737500
vt 0.990713 0.726786
vt 0.990713 0.716071
vt 0.401450 0.683929
vt 0.412489 0.683929
vt 0.009287 0.758929
vt 0.009287 0.748214
vt 0.009287 0.737500
vt 0.009287 0.726786
vt 0.009287 0.716071
vt 0.942495 0.705357
vt 0.952817 0.705357
vt 0.932538 0.705357
vt 0.942495 0.694643
vt 0.952817 0.694643
vt 0.932538 0.694643
vt 0.942495 0.683929
vt 0.952817 0.683929
vt 0.932538 0.683929
vt 0.942495 0.673214
vt 0.952817 0.673214
vt 0.932538 0.673214
vt 0.942495 0.662500
vt 0.952817 0.662500
vt 0.932538 0.662500
vt 0.942495 0.651786
vt 0.952817 0.651786
vt 0.932538 0.651786
vt 0.942495 0.641071
vt 0.952817 0.641071
vt 0.932538 0.641071
vt 0.942495 0.630357
vt 0.952817 0.630357
vt 0.932538 0.630357
vt 0.972064 0.705357
vt 0.972064 0.694643
vt 0.972064 0.683929
vt 0.972064 0.673214
vt 0.972064 0.662500
vt 0.972064 0.651786
vt 0.972064 0.641071
vt 0.972064 0.630357
vt 0.990713 0.705357
vt 0.990713 0.694643
vt 0.990713 0.683929
vt 0.990713 0.673214
vt 0.990713 0.662500
vt 0.990713 0.651786
vt 0.990713 0.641071
vt 0.990713 0.630357
vt 0.009287 0.705357
vt 0.009287 0.694643
vt 0.009287 0.683929
vt 0.009287 0.673214
vt 0.009287 0.662500
vt 0.009287 0.651786
vt 0.009287 0.641071
vt 0.009287 0.630357
vt 0.942495 0.619643
vt 0.952817 0.619643
vt 0.932538 0.619643
vt 0.942495 0.608929
vt 0.952817 0.608929
vt 0.932538 0.608929
vt 0.942495 0.598214
vt 0.952817 0.598214
vt 0.932538 0.598214
vt 0.972064 0.619643
vt 0.972064 0.608929
vt 0.972064 0.598214
vt 0.990713 0.619643
vt 0.990713 0.608929
vt 0.990713 0.598214
vt 0.009287 0.619643
vt 0.027936 0.758929
vt 0.027936 0.748214
vt 0.027936 0.737500
vt 0.027936 0.726786
vt 0.027936 0.716071
vt 0.047183 0.758929
vt 0.047183 0.748214
vt 0.047183 0.737500
vt 0.047183 0.726786
vt 0.047183 0.716071
vt 0.057505 0.758929
vt 0.057505 0.748214
vt 0.057505 0.737500
vt 0.057505 0.726786
vt 0.057505 0.716071
vt 0.067461 0.758929
vt 0.067461 0.748214
vt 0.067461 0.737500
vt 0.067461 0.726786
vt 0.067461 0.716071
vt 0.027936 0.705357
vt 0.027936 0.694643
vt 0.027936 0.683929
vt 0.027936 0.673214
vt 0.027936 0.662500
vt 0.027936 0.651786
vt 0.027936 0.641071
vt 0.027936 0.630357
vt 0.047183 0.705357
vt 0.047183 0.694643
vt 0.047183 0.683929
vt 0.047183 0.673214
vt 0.047183 0.662500
vt 0.047183 0.651786
vt 0.047183 0.641071
vt 0.047183 0.630357
vt 0.057505 0.705357
vt 0.057505 0.694643
vt 0.057505 0.683929
vt 0.057505 0.673214
vt 0.057505 0.662500
vt 0.057505 0.651786
vt 0.057505 0.641071
vt 0.057505 0.630357
vt 0.067461 0.705357
vt 0.067461 0.694643
vt 0.067461 0.683929
vt 0.067461 0.673214
vt 0.067461 0.662500
vt 0.067461 0.651786
vt 0.067461 0.641071
vt 0.067461 0.630357
vt 0.027936 0.619643
vt 0.009287 0.608929
vt 0.027936 0.608929
vt 0.009287 0.598214
vt 0.401450 0.694643
vt 0.412489 0.694643
vt 0.401450 0.705357
vt 0.412489 0.705357
vt 0.401450 0.716071
vt 0.412489 0.716071
vt 0.432538 0.641071
vt 0.432538 0.651786
vt 0.432538 0.662500
vt 0.432538 0.673214
vt 0.432538 0.683929
vt 0.432538 0.694643
vt 0.432538 0.705357
vt 0.432538 0.716071
vt 0.317461 0.726786
vt 0.337511 0.726786
vt 0.317461 0.737500
vt 0.337511 0.737500
vt 0.317461 0.748214
vt 0.337511 0.748214
vt 0.317461 0.758929
vt 0.337511 0.758929
vt 0.361053 0.726786
vt 0.375000 0.726786
vt 0.361053 0.737500
vt 0.375000 0.737500
vt 0.361053 0.748214
vt 0.375000 0.748214
vt 0.361053 0.758929
vt 0.375000 0.758929
vt 0.348550 0.726786
vt 0.348550 0.737500
vt 0.348550 0.748214
vt 0.348550 0.758929
vt 0.567461 0.598214
vt 0.567461 0.608929
vt 0.567461 0.619643
vt 0.567461 0.630357
vt 0.388946 0.726786
vt 0.388946 0.737500
vt 0.388946 0.748214
vt 0.388946 0.758929
vt 0.587511 0.608929
vt 0.587511 0.598214
vt 0.587511 0.619643
vt 0.587511 0.630357
vt 0.401450 0.726786
vt 0.412489 0.726786
vt 0.401450 0.737500
vt 0.412489 0.737500
vt 0.598550 0.598214
vt 0.598550 0.608929
vt 0.598550 0.619643
vt 0.598550 0.630357
vt 0.401450 0.748214
vt 0.412489 0.748214
vt 0.401450 0.758929
vt 0.412489 0.758929
vt 0.611053 0.608929
vt 0.611053 0.598214
vt 0.611053 0.619643
vt 0.611053 0.630357
vt 0.432538 0.726786
vt 0.432538 0.737500
vt 0.625000 0.608929
vt 0.625000 0.598214
vt 0.625000 0.619643
vt 0.625000 0.630357
vt 0.432538 0.748214
vt 0.432538 0.758929
vt 0.638946 0.598214
vt 0.638946 0.608929
vt 0.638946 0.619643
vt 0.638946 0.630357
vt 0.837511 0.758929
vt 0.848550 0.758929
vt 0.837511 0.748214
vt 0.848550 0.748214
vt 0.651450 0.598214
vt 0.651450 0.608929
vt 0.651450 0.619643
vt 0.651450 0.630357
vt 0.837511 0.737500
vt 0.848550 0.737500
vt 0.837511 0.726786
vt 0.848550 0.726786
vt 0.837511 0.716071
vt 0.848550 0.716071
vt 0.662489 0.608929
vt 0.662489 0.598214
vt 0.662489 0.619643
vt 0.662489 0.630357
vt 0.875000 0.758929
vt 0.888946 0.758929
vt 0.861053 0.758929
vt 0.875000 0.748214
vt 0.888946 0.748214
vt 0.861053 0.748214
vt 0.682538 0.598214
vt 0.682538 0.608929
vt 0.682538 0.619643
vt 0.682538 0.630357
vt 0.567461 0.641071
vt 0.567461 0.651786
vt 0.567461 0.662500
vt 0.567461 0.673214
vt 0.567461 0.683929
vt 0.567461 0.694643
vt 0.567461 0.705357
vt 0.567461 0.716071
vt 0.587511 0.641071
vt 0.587511 0.651786
vt 0.587511 0.662500
vt 0.587511 0.673214
vt 0.587511 0.683929
vt 0.587511 0.694643
vt 0.587511 0.705357
vt 0.587511 0.716071
vt 0.598550 0.641071
vt 0.598550 0.651786
vt 0.598550 0.662500
vt 0.598550 0.673214
vt 0.598550 0.683929
vt 0.598550 0.694643
vt 0.598550 0.705357
vt 0.598550 0.716071
vt 0.611053 0.641071
vt 0.611053 0.651786
vt 0.611053 0.662500
vt 0.611053 0.673214
vt 0.611053 0.683929
vt 0.611053 0.694643
vt 0.611053 0.705357
vt 0.611053 0.716071
vt 0.625000 0.641071
vt 0.625000 0.651786
vt 0.625000 0.662500
vt 0.625000 0.673214
vt 0.625000 0.683929
vt 0.625000 0.694643
vt 0.625000 0.705357
vt 0.625000 0.716071
vt 0.638946 0.641071
vt 0.638946 0.651786
vt 0.638946 0.662500
vt 0.638946 0.673214
vt 0.638946 0.683929
vt 0.638946 0.694643
vt 0.638946 0.705357
vt 0.638946 0.716071
vt 0.651450 0.641071
vt 0.651450 0.651786
vt 0.651450 0.662500
vt 0.651450 0.673214
vt 0.651450 0.683929
vt 0.651450 0.694643
vt 0.651450 0.705357
vt 0.651450 0.716071
vt 0.662489 0.641071
vt 0.662489 0.651786
vt 0.662489 0.662500
vt 0.662489 0.673214
vt 0.662489 0.683929
vt 0.662489 0.694643
vt 0.662489 0.705357
vt 0.662489 0.716071
vt 0.682538 0.641071
vt 0.682538 0.651786
vt 0.682538 0.662500
vt 0.682538 0.673214
vt 0.682538 0.683929
vt 0.682538 0.694643
vt 0.682538 0.705357
vt 0.682538 0.716071
vt 0.567461 0.726786
vt 0.567461 0.737500
vt 0.567461 0.748214
vt 0.567461 0.758929
vt 0.027936 0.598214
vt 0.875000 0.737500
vt 0.888946 0.737500
vt 0.861053 0.737500
vt 0.587511 0.726786
vt 0.587511 0.737500
vt 0.587511 0.748214
vt 0.587511 0.758929
vt 0.875000 0.726786
vt 0.888946 0.726786
vt 0.861053 0.726786
vt 0.875000 0.716071
vt 0.888947 0.716071
vt 0.598550 0.726786
vt 0.598550 0.737500
vt 0.598550 0.748214
vt 0.598550 0.758929
vt 0.047183 0.619643
vt 0.047183 0.608929
vt 0.047183 0.598214
vt 0.611053 0.726786
vt 0.611053 0.737500
vt 0.611053 0.748214
vt 0.611053 0.758929
vt 0.861053 0.716071
vt 0.625000 0.726786
vt 0.625000 0.737500
vt 0.625000 0.748214
vt 0.625000 0.758929
vt 0.057505 0.619643
vt 0.638946 0.726786
vt 0.638946 0.737500
vt 0.638946 0.748214
vt 0.638946 0.758929
vt 0.057505 0.608929
vt 0.057505 0.598214
vt 0.651450 0.726786
vt 0.651450 0.737500
vt 0.651450 0.748214
vt 0.651450 0.758929
vt 0.901450 0.758929
vt 0.901450 0.748214
vt 0.901450 0.737500
vt 0.662489 0.726786
vt 0.662489 0.737500
vt 0.662489 0.748214
vt 0.662489 0.758929
vt 0.901450 0.726786
vt 0.067461 0.619643
vt 0.067461 0.608929
vt 0.682538 0.726786
vt 0.682538 0.737500
vt 0.682538 0.748214
vt 0.682538 0.758929
vt 0.067461 0.598214
vt 0.901450 0.716071
vt 0.912489 0.758929
vt 0.912489 0.748214
vt 0.912489 0.737500
vt 0.912489 0.726786
vt 0.912489 0.716071
vt 0.837511 0.705357
vt 0.848550 0.705357
vt 0.837511 0.694643
vt 0.848550 0.694643
vt 0.837511 0.683929
vt 0.848550 0.683929
vt 0.837511 0.673214
vt 0.848550 0.673214
vt 0.837511 0.662500
vt 0.848550 0.662500
vt 0.837511 0.651786
vt 0.848550 0.651786
vt 0.837511 0.641071
vt 0.848550 0.641071
vt 0.837511 0.630357
vt 0.848550 0.630357
vt 0.875000 0.705357
vt 0.888946 0.705357
vt 0.861053 0.705357
vt 0.875000 0.694643
vt 0.888946 0.694643
vt 0.861053 0.694643
vt 0.875000 0.683929
vt 0.888946 0.683929
vt 0.861053 0.683929
vt 0.875000 0.673214
vt 0.888946 0.673214
vt 0.861053 0.673214
vt 0.875000 0.662500
vt 0.888946 0.662500
vt 0.861053 0.662500
vt 0.875000 0.651786
vt 0.888946 0.651786
vt 0.861053 0.651786
vt 0.875000 0.641071
vt 0.888946 0.641071
vt 0.861053 0.641071
vt 0.875000 0.630357
vt 0.888946 0.630357
vt 0.861053 0.630357
vt 0.901450 0.705357
vt 0.901450 0.694643
vt 0.901450 0.683929
vt 0.901450 0.673214
vt 0.901450 0.662500
vt 0.901450 0.651786
vt 0.901450 0.641071
vt 0.901450 0.630357
vt 0.912489 0.705357
vt 0.912489 0.694643
vt 0.912489 0.683929
vt 0.912489 0.673214
vt 0.912489 0.662500
vt 0.912489 0.651786
vt 0.912489 0.641071
vt 0.912489 0.630357
vt 0.837511 0.619643
vt 0.848550 0.619643
vt 0.837511 0.608929
vt 0.848550 0.608929
vt 0.837511 0.598214
vt 0.848550 0.598214
vt 0.875000 0.619643
vt 0.888946 0.619643
vt 0.861053 0.619643
vt 0.875000 0.608929
vt 0.888946 0.608929
vt 0.861053 0.608929
vt 0.875000 0.598214
vt 0.888946 0.598214
vt 0.861053 0.598214
vt 0.901450 0.619643
vt 0.901450 0.608929
vt 0.901450 0.598214
vt 0.912489 0.619643
vt 0.912489 0.608929
vt 0.912489 0.598214
vt 0.240713 0.608929
vt 0.240713 0.598214
vt 0.240713 0.619643
vt 0.240713 0.630357
vt 0.222064 0.608929
vt 0.222064 0.598214
vt 0.222064 0.619643
vt 0.087511 0.758929
vt 0.087511 0.748214
vt 0.087511 0.737500
vt 0.087511 0.726786
vt 0.087511 0.716071
vt 0.098550 0.758929
vt 0.098550 0.748214
vt 0.098550 0.737500
vt 0.098550 0.726786
vt 0.098550 0.716071
vt 0.111053 0.758929
vt 0.111053 0.748214
vt 0.111053 0.737500
vt 0.111053 0.726786
vt 0.111053 0.716071
vt 0.125000 0.758929
vt 0.125000 0.748214
vt 0.125000 0.737500
vt 0.125000 0.726786
vt 0.125000 0.716071
vt 0.138946 0.758929
vt 0.138946 0.748214
vt 0.138946 0.737500
vt 0.138946 0.726786
vt 0.138946 0.716071
vt 0.151450 0.758929
vt 0.151450 0.748214
vt 0.151450 0.737500
vt 0.151450 0.726786
vt 0.151450 0.716071
vt 0.162489 0.758929
vt 0.162489 0.748214
vt 0.162489 0.737500
vt 0.162489 0.726786
vt 0.162489 0.716071
vt 0.182538 0.758929
vt 0.182538 0.748214
vt 0.182538 0.737500
vt 0.182538 0.726786
vt 0.182538 0.716071
vt 0.192495 0.758929
vt 0.192495 0.748214
vt 0.192495 0.737500
vt 0.192495 0.726786
vt 0.192495 0.716071
vt 0.087511 0.705357
vt 0.087511 0.694643
vt 0.087511 0.683929
vt 0.087511 0.673214
vt 0.087511 0.662500
vt 0.087511 0.651786
vt 0.087511 0.641071
vt 0.087511 0.630357
vt 0.098550 0.705357
vt 0.098550 0.694643
vt 0.098550 0.683929
vt 0.098550 0.673214
vt 0.098550 0.662500
vt 0.098550 0.651786
vt 0.098550 0.641071
vt 0.098550 0.630357
vt 0.111053 0.705357
vt 0.111053 0.694643
vt 0.111053 0.683929
vt 0.111053 0.673214
vt 0.111053 0.662500
vt 0.111053 0.651786
vt 0.111053 0.641071
vt 0.111053 0.630357
vt 0.125000 0.705357
vt 0.125000 0.694643
vt 0.125000 0.683929
vt 0.125000 0.673214
vt 0.125000 0.662500
vt 0.125000 0.651786
vt 0.125000 0.641071
vt 0.125000 0.630357
vt 0.138946 0.705357
vt 0.138946 0.694643
vt 0.138946 0.683929
vt 0.138946 0.673214
vt 0.138946 0.662500
vt 0.138946 0.651786
vt 0.138946 0.641071
vt 0.138946 0.630357
vt 0.151450 0.705357
vt 0.151450 0.694643
vt 0.151450 0.683929
vt 0.151450 0.673214
vt 0.151450 0.662500
vt 0.151450 0.651786
vt 0.151450 0.641071
vt 0.151450 0.630357
vt 0.162489 0.705357
vt 0.162489 0.694643
vt 0.162489 0.683929
vt 0.162489 0.673214
vt 0.162489 0.662500
vt 0.162489 0.651786
vt 0.162489 0.641071
vt 0.162489 0.630357
vt 0.182538 0.705357
vt 0.182538 0.694643
vt 0.182538 0.683929
vt 0.182538 0.673214
vt 0.182538 0.662500
vt 0.182538 0.651786
vt 0.182538 0.641071
vt 0.182538 0.630357
vt 0.192495 0.705357
vt 0.192495 0.694643
vt 0.192495 0.683929
vt 0.192495 0.673214
vt 0.192495 0.662500
vt 0.192495 0.651786
vt 0.192495 0.641071
vt 0.192495 0.630357
vt 0.087511 0.619643
vt 0.087511 0.608929
vt 0.087511 0.598214
vt 0.222064 0.630357
vt 0.202816 0.608929
vt 0.202816 0.598214
vt 0.202816 0.619643
vt 0.202816 0.630357
vt 0.192495 0.608929
vt 0.192495 0.598214
vt 0.098550 0.619643
vt 0.098550 0.608929
vt 0.098550 0.598214
vt 0.192495 0.619643
vt 0.240713 0.641071
vt 0.240713 0.651786
vt 0.240713 0.662500
vt 0.240713 0.673214
vt 0.240713 0.683929
vt 0.240713 0.694643
vt 0.240713 0.705357
vt 0.240713 0.716071
vt 0.222064 0.641071
vt 0.222064 0.651786
vt 0.222064 0.662500
vt 0.222064 0.673214
vt 0.222064 0.683929
vt 0.222064 0.694643
vt 0.222064 0.705357
vt 0.222064 0.716071
vt 0.202816 0.641071
vt 0.202816 0.651786
vt 0.202816 0.662500
vt 0.202816 0.673214
vt 0.202816 0.683929
vt 0.202816 0.694643
vt 0.202816 0.705357
vt 0.202816 0.716071
vt 0.111053 0.619643
vt 0.111053 0.608929
vt 0.111053 0.598214
vt 0.240713 0.726786
vt 0.125000 0.619643
vt 0.125000 0.608929
vt 0.125000 0.598214
vt 0.240713 0.737500
vt 0.240713 0.748214
vt 0.240713 0.758929
vt 0.222064 0.726786
vt 0.138946 0.619643
vt 0.138946 0.608929
vt 0.138946 0.598214
vt 0.222064 0.737500
vt 0.222064 0.748214
vt 0.222064 0.758929
vt 0.202816 0.726786
vt 0.151450 0.619643
vt 0.151450 0.608929
vt 0.151450 0.598214
vt 0.202816 0.737500
vt 0.202816 0.748214
vt 0.202816 0.758929
vt 0.162489 0.619643
vt 0.162489 0.608929
vt 0.162489 0.598214
vt 0.722064 0.758929
vt 0.182538 0.619643
vt 0.182538 0.608929
vt 0.182538 0.598214
vt 0.722064 0.748214
vt 0.722064 0.737500
vt 0.722064 0.726786
vt 0.722064 0.716071
vt 0.702816 0.758929
vt 0.702817 0.748214
vt 0.702816 0.737500
vt 0.702816 0.726786
vt 0.702816 0.716071
vt 0.692495 0.758929
vt 0.692495 0.748214
vt 0.692495 0.737500
vt 0.692495 0.726786
vt 0.692495 0.716071
vt 0.722064 0.705357
vt 0.722064 0.694643
vt 0.722064 0.683929
vt 0.722064 0.673214
vt 0.722064 0.662500
vt 0.722064 0.651786
vt 0.722064 0.641071
vt 0.722064 0.630357
vt 0.702816 0.705357
vt 0.702816 0.694643
vt 0.702816 0.683929
vt 0.702816 0.673214
vt 0.702816 0.662500
vt 0.702816 0.651786
vt 0.702816 0.641071
vt 0.702816 0.630357
vt 0.692495 0.705357
vt 0.692495 0.694643
vt 0.692495 0.683929
vt 0.692495 0.673214
vt 0.692495 0.662500
vt 0.692495 0.651786
vt 0.692495 0.641071
vt 0.692495 0.630357
vt 0.722064 0.619643
vt 0.722064 0.608929
vt 0.722064 0.598214
vt 0.702816 0.619643
vt 0.702816 0.608929
vt 0.702816 0.598214
vt 0.692495 0.619643
vt 0.692495 0.608929
vt 0.692495 0.598214
vt 0.650267 0.787500
vt 0.650268 0.862481
vt 0.641759 0.862481
vt 0.641761 0.787500
vt 0.650292 0.932630
vt 0.641517 0.933771
vt 0.440031 0.113949
vt 0.639748 0.984559
vt 0.420372 0.115469
vt 0.420126 0.097723
vt 0.438142 0.133589
vt 0.420805 0.133181
vt 0.438630 0.151229
vt 0.420837 0.151129
vt 0.438896 0.169086
vt 0.420556 0.169191
vt 0.438891 0.187076
vt 0.420193 0.187284
vt 0.438702 0.205130
vt 0.419494 0.205597
vt 0.438479 0.223094
vt 0.416815 0.222812
vt 0.438365 0.241022
vt 0.421659 0.241403
vt 0.657675 0.787500
vt 0.650267 0.712500
vt 0.657675 0.712500
vt 0.657677 0.862494
vt 0.657789 0.933130
vt 0.658384 0.982202
vt 0.668340 0.712500
vt 0.668340 0.787500
vt 0.668340 0.862500
vt 0.668442 0.934269
vt 0.458083 0.133274
vt 0.456000 0.151466
vt 0.456023 0.169303
vt 0.456345 0.187205
vt 0.456659 0.205153
vt 0.456864 0.223053
vt 0.456939 0.241022
vt 0.674723 0.787500
vt 0.674723 0.712500
vt 0.674723 0.862500
vt 0.674861 0.934816
vt 0.675401 0.970012
vt 0.683301 0.712500
vt 0.683301 0.787500
vt 0.683300 0.862494
vt 0.683164 0.934503
vt 0.682389 0.982103
vt 0.696200 0.712500
vt 0.696200 0.787500
vt 0.696199 0.862481
vt 0.696047 0.932740
vt 0.473333 0.168866
vt 0.702995 0.712500
vt 0.702995 0.787500
vt 0.702997 0.862481
vt 0.703146 0.932409
vt 0.476697 0.185495
vt 0.473933 0.205295
vt 0.473922 0.223163
vt 0.473923 0.241078
vt 0.708936 0.787500
vt 0.708936 0.712500
vt 0.708937 0.862494
vt 0.709175 0.934533
vt 0.710873 0.975466
vt 0.720398 0.712500
vt 0.720398 0.787500
vt 0.720398 0.862500
vt 0.720340 0.935148
vt 0.720097 0.982823
vt 0.732346 0.712500
vt 0.732346 0.787500
vt 0.732346 0.862500
vt 0.732301 0.934356
vt 0.731995 0.989820
vt 0.744196 0.712500
vt 0.744196 0.787500
vt 0.744196 0.862500
vt 0.744172 0.933848
vt 0.743973 0.996518
vt 0.692495 0.555357
vt 0.682538 0.555357
vt 0.682538 0.544643
vt 0.692495 0.544643
vt 0.692495 0.566071
vt 0.682538 0.566071
vt 0.692495 0.576786
vt 0.682538 0.576786
vt 0.692495 0.587500
vt 0.682538 0.587500
vt 0.641761 0.712500
vt 0.401454 0.243069
vt 0.741194 0.512112
vt 0.722532 0.508177
vt 0.401853 0.230691
vt 0.702816 0.544643
vt 0.702816 0.555357
vt 0.702816 0.566071
vt 0.702816 0.576786
vt 0.702816 0.587500
vt 0.402628 0.217789
vt 0.402251 0.207096
vt 0.403040 0.188451
vt 0.722064 0.544643
vt 0.722064 0.555357
vt 0.722064 0.566072
vt 0.722064 0.576786
vt 0.722064 0.587500
vt 0.400089 0.170234
vt 0.402272 0.151535
vt 0.402740 0.133194
vt 0.740713 0.544643
vt 0.740713 0.555357
vt 0.740713 0.566071
vt 0.740713 0.576786
vt 0.740713 0.587500
vt 0.402876 0.115121
vt 0.402563 0.097437
vt 0.740713 0.533928
vt 0.722064 0.533928
vt 0.740689 0.522743
vt 0.722078 0.522729
vt 0.702817 0.533928
vt 0.702781 0.522776
vt 0.703984 0.509683
vt 0.692495 0.533929
vt 0.692538 0.522711
vt 0.687059 0.508420
vt 0.682538 0.533929
vt 0.682689 0.522740
vt 0.680768 0.514509
vt 0.663288 0.510386
vt 0.675162 0.500540
vt 0.385658 0.166726
vt 0.381102 0.153093
vt 0.384007 0.133824
vt 0.384708 0.115292
vt 0.384879 0.097124
vt 0.125000 0.522848
vt 0.125000 0.509967
vt 0.140469 0.510819
vt 0.138797 0.522885
vt 0.125000 0.533928
vt 0.138946 0.533928
vt 0.125000 0.544643
vt 0.138946 0.544643
vt 0.133824 0.384007
vt 0.115292 0.384708
vt 0.115993 0.366176
vt 0.136328 0.363672
vt 0.109531 0.510819
vt 0.148965 0.367727
vt 0.111202 0.522885
vt 0.111054 0.533928
vt 0.111053 0.544643
vt 0.153093 0.381102
vt 0.100270 0.505448
vt 0.098500 0.522924
vt 0.098483 0.516570
vt 0.098550 0.533929
vt 0.098550 0.544643
vt 0.086712 0.510386
vt 0.166726 0.385658
vt 0.087362 0.522904
vt 0.087511 0.533929
vt 0.132273 0.351035
vt 0.118898 0.346907
vt 0.151449 0.533929
vt 0.151450 0.544643
vt 0.087511 0.544643
vt 0.067311 0.522740
vt 0.069232 0.514509
vt 0.067461 0.533929
vt 0.067461 0.544643
vt 0.192495 0.555357
vt 0.182538 0.555357
vt 0.182538 0.544643
vt 0.192495 0.544643
vt 0.151499 0.522924
vt 0.151517 0.516570
vt 0.149730 0.505448
vt 0.163288 0.510386
vt 0.192495 0.566071
vt 0.182538 0.566071
vt 0.192495 0.576786
vt 0.182538 0.576786
vt 0.192495 0.587500
vt 0.182538 0.587500
vt 0.162489 0.555357
vt 0.162489 0.544643
vt 0.162489 0.533929
vt 0.162637 0.522904
vt 0.162489 0.566071
vt 0.162489 0.576786
vt 0.162489 0.587500
vt 0.151450 0.555357
vt 0.097124 0.384879
vt 0.097260 0.366806
vt 0.097728 0.348465
vt 0.114342 0.333274
vt 0.099911 0.329766
vt 0.182538 0.533929
vt 0.182689 0.522740
vt 0.180768 0.514509
vt 0.175162 0.500540
vt 0.187059 0.508420
vt 0.192495 0.533929
vt 0.192538 0.522711
vt 0.110251 0.984559
vt 0.116814 0.968757
vt 0.125000 0.990244
vt 0.097723 0.420126
vt 0.108482 0.933771
vt 0.116901 0.935280
vt 0.108240 0.862481
vt 0.116901 0.862494
vt 0.108239 0.787500
vt 0.116899 0.787500
vt 0.108239 0.712500
vt 0.116899 0.712500
vt 0.079874 0.402277
vt 0.097437 0.402563
vt 0.079628 0.384531
vt 0.125000 0.935870
vt 0.125000 0.862500
vt 0.125000 0.787500
vt 0.125000 0.712500
vt 0.133186 0.968758
vt 0.139748 0.984559
vt 0.133099 0.935280
vt 0.133099 0.862494
vt 0.133100 0.787500
vt 0.133100 0.712500
vt 0.059969 0.386051
vt 0.141517 0.933771
vt 0.141759 0.862481
vt 0.141761 0.787500
vt 0.141761 0.712500
vt 0.150292 0.932630
vt 0.150268 0.862481
vt 0.150267 0.787500
vt 0.150267 0.712500
vt 0.151450 0.566071
vt 0.151450 0.576786
vt 0.151450 0.587500
vt 0.138946 0.555357
vt 0.138946 0.566071
vt 0.138946 0.576786
vt 0.138946 0.587500
vt 0.125000 0.555357
vt 0.125000 0.566071
vt 0.125000 0.576786
vt 0.125000 0.587500
vt 0.111053 0.555357
vt 0.111053 0.566071
vt 0.111053 0.576786
vt 0.111053 0.587500
vt 0.098550 0.555357
vt 0.098550 0.566071
vt 0.098550 0.576786
vt 0.098550 0.587500
vt 0.625000 0.990245
vt 0.633186 0.968758
vt 0.633099 0.935280
vt 0.633099 0.862494
vt 0.633100 0.787500
vt 0.633100 0.712500
vt 0.625000 0.935870
vt 0.625000 0.862500
vt 0.625000 0.787500
vt 0.625000 0.712500
vt 0.402277 0.079874
vt 0.610251 0.984559
vt 0.616814 0.968758
vt 0.616901 0.935280
vt 0.616901 0.862494
vt 0.616899 0.787500
vt 0.616899 0.712500
vt 0.608482 0.933771
vt 0.608240 0.862481
vt 0.608239 0.787500
vt 0.608239 0.712500
vt 0.384531 0.079628
vt 0.386051 0.059969
vt 0.599708 0.932630
vt 0.599731 0.862481
vt 0.599733 0.787500
vt 0.599733 0.712500
vt 0.087511 0.555357
vt 0.087511 0.566071
vt 0.087511 0.576786
vt 0.087511 0.587500
vt 0.067461 0.555357
vt 0.202816 0.587500
vt 0.202816 0.576786
vt 0.202816 0.566071
vt 0.202816 0.555357
vt 0.202816 0.544643
vt 0.067461 0.566072
vt 0.067461 0.576786
vt 0.067461 0.587500
vt 0.222064 0.587500
vt 0.222064 0.576786
vt 0.222064 0.566072
vt 0.222064 0.555357
vt 0.222064 0.544643
vt 0.115121 0.402876
vt 0.115469 0.420372
vt 0.240713 0.587500
vt 0.240713 0.576786
vt 0.240713 0.566071
vt 0.240713 0.555357
vt 0.240713 0.544643
vt 0.099733 0.787500
vt 0.099733 0.712500
vt 0.099731 0.862481
vt 0.099708 0.932630
vt 0.259287 0.587500
vt 0.259287 0.576786
vt 0.259287 0.566072
vt 0.259287 0.555357
vt 0.259287 0.544643
vt 0.079195 0.366819
vt 0.079163 0.348871
vt 0.079444 0.330809
vt 0.096960 0.311549
vt 0.079807 0.312716
vt 0.202817 0.533928
vt 0.202781 0.522776
vt 0.203984 0.509683
vt 0.097749 0.292904
vt 0.080506 0.294403
vt 0.222064 0.533928
vt 0.222078 0.522729
vt 0.222532 0.508177
vt 0.097372 0.282211
vt 0.083185 0.277188
vt 0.240713 0.533928
vt 0.240689 0.522743
vt 0.241194 0.512112
vt 0.098147 0.269309
vt 0.098546 0.256931
vt 0.259287 0.533928
vt 0.259311 0.522743
vt 0.258806 0.512112
vt 0.098546 0.243069
vt 0.061858 0.366411
vt 0.061370 0.348771
vt 0.061104 0.330914
vt 0.061109 0.312924
vt 0.061298 0.294870
vt 0.061521 0.276906
vt 0.078341 0.258597
vt 0.061635 0.258978
vt 0.078341 0.241403
vt 0.061635 0.241022
vt 0.158384 0.982202
vt 0.041917 0.366725
vt 0.157789 0.933130
vt 0.157677 0.862494
vt 0.157675 0.787500
vt 0.157675 0.712500
vt 0.044000 0.348534
vt 0.043977 0.330697
vt 0.043655 0.312795
vt 0.043341 0.294847
vt 0.043136 0.276947
vt 0.043061 0.258978
vt 0.043061 0.241022
vt 0.168442 0.934269
vt 0.168340 0.862500
vt 0.168340 0.787500
vt 0.168340 0.712500
vt 0.175401 0.970012
vt 0.182389 0.982103
vt 0.174861 0.934816
vt 0.174723 0.862500
vt 0.174723 0.787500
vt 0.174723 0.712500
vt 0.026667 0.331134
vt 0.023303 0.314505
vt 0.026067 0.294705
vt 0.026078 0.276837
vt 0.026077 0.258922
vt 0.026077 0.241078
vt 0.183164 0.934503
vt 0.183300 0.862494
vt 0.183301 0.787500
vt 0.183301 0.712500
vt 0.196047 0.932740
vt 0.196199 0.862481
vt 0.196200 0.787500
vt 0.196200 0.712500
vt 0.203146 0.932409
vt 0.202997 0.862481
vt 0.202995 0.787500
vt 0.202995 0.712500
vt 0.210873 0.975466
vt 0.220097 0.982823
vt 0.209174 0.934533
vt 0.208937 0.862494
vt 0.208936 0.787500
vt 0.208936 0.712500
vt 0.231995 0.989820
vt 0.243973 0.996518
vt 0.256026 0.996518
vt 0.220340 0.935148
vt 0.220398 0.862500
vt 0.220398 0.787500
vt 0.220398 0.712500
vt 0.232301 0.934356
vt 0.232346 0.862500
vt 0.232346 0.787500
vt 0.232346 0.712500
vt 0.244172 0.933848
vt 0.244196 0.862500
vt 0.244196 0.787500
vt 0.244196 0.712500
vt 0.255828 0.933848
vt 0.255804 0.862500
vt 0.255804 0.787500
vt 0.255804 0.712500
vt 0.017653 0.712500
vt 0.005804 0.712500
vt 0.005804 0.637500
vt 0.017653 0.637500
vt 0.005828 0.566152
vt 0.017699 0.565644
vt 0.006026 0.503482
vt 0.018005 0.510180
vt 0.741078 0.473923
vt 0.723162 0.473922
vt 0.741022 0.456939
vt 0.723053 0.456864
vt 0.741000 0.439000
vt 0.723000 0.439000
vt 0.741000 0.421000
vt 0.723000 0.421000
vt 0.741000 0.403000
vt 0.723000 0.403000
vt 0.741000 0.385000
vt 0.723000 0.385000
vt 0.029602 0.712500
vt 0.029602 0.637500
vt 0.029659 0.564852
vt 0.029903 0.517177
vt 0.705295 0.473933
vt 0.705153 0.456659
vt 0.705000 0.439000
vt 0.705000 0.421000
vt 0.705000 0.403000
vt 0.705000 0.385000
vt 0.041064 0.712500
vt 0.041062 0.637505
vt 0.040825 0.565467
vt 0.039127 0.524534
vt 0.685495 0.476697
vt 0.687205 0.456345
vt 0.687008 0.438992
vt 0.687000 0.421000
vt 0.687000 0.403000
vt 0.687000 0.385000
vt 0.047003 0.637519
vt 0.047005 0.712500
vt 0.046854 0.567591
vt 0.053799 0.712500
vt 0.053800 0.637519
vt 0.053952 0.567260
vt 0.668866 0.473333
vt 0.669303 0.456023
vt 0.669071 0.438913
vt 0.669000 0.421000
vt 0.669000 0.403000
vt 0.669000 0.385000
vt 0.066699 0.712500
vt 0.066700 0.637506
vt 0.066836 0.565496
vt 0.067611 0.517897
vt 0.651466 0.456000
vt 0.651228 0.438632
vt 0.651007 0.420993
vt 0.651000 0.403000
vt 0.651000 0.385000
vt 0.075277 0.712500
vt 0.075277 0.637500
vt 0.075139 0.565184
vt 0.074599 0.529988
vt 0.633274 0.458083
vt 0.633589 0.438142
vt 0.633162 0.420824
vt 0.633000 0.403000
vt 0.633000 0.385000
vt 0.081659 0.637500
vt 0.081659 0.712500
vt 0.081558 0.565731
vt 0.092325 0.712500
vt 0.092323 0.637506
vt 0.092211 0.566870
vt 0.091616 0.517798
vt 0.741000 0.259000
vt 0.759000 0.259000
vt 0.759000 0.241000
vt 0.741000 0.241000
vt 0.741000 0.277000
vt 0.759000 0.277000
vt 0.741000 0.295000
vt 0.759000 0.295000
vt 0.741000 0.313000
vt 0.759000 0.313000
vt 0.741000 0.331000
vt 0.759000 0.331000
vt 0.741000 0.349000
vt 0.759000 0.349000
vt 0.741000 0.367000
vt 0.759000 0.367000
vt 0.759000 0.385000
vt 0.777000 0.259000
vt 0.777000 0.241000
vt 0.777000 0.277000
vt 0.777000 0.295000
vt 0.777000 0.313000
vt 0.777000 0.331000
vt 0.777000 0.349000
vt 0.777000 0.367000
vt 0.777000 0.385000
vt 0.795000 0.259000
vt 0.795000 0.241000
vt 0.795000 0.277000
vt 0.795000 0.295000
vt 0.795000 0.313000
vt 0.795000 0.331000
vt 0.795000 0.349000
vt 0.795000 0.367000
vt 0.795000 0.385000
vt 0.813000 0.259000
vt 0.813000 0.241000
vt 0.813000 0.277000
vt 0.813000 0.295000
vt 0.813000 0.313000
vt 0.813000 0.331000
vt 0.813000 0.349000
vt 0.813000 0.367000
vt 0.813000 0.385000
vt 0.831000 0.259000
vt 0.831000 0.241000
vt 0.831000 0.277000
vt 0.831000 0.295000
vt 0.831000 0.313000
vt 0.831000 0.331000
vt 0.831000 0.349000
vt 0.831000 0.367000
vt 0.831000 0.385000
vt 0.849000 0.259000
vt 0.849000 0.241000
vt 0.849000 0.277000
vt 0.849000 0.295000
vt 0.849000 0.313000
vt 0.849000 0.331000
vt 0.849000 0.349000
vt 0.849000 0.367000
vt 0.849000 0.385000
vt 0.867000 0.259000
vt 0.867000 0.241000
vt 0.867000 0.277000
vt 0.867000 0.295000
vt 0.867000 0.313000
vt 0.867000 0.331000
vt 0.867000 0.349000
vt 0.867000 0.367000
vt 0.867000 0.385000
vt 0.885000 0.259000
vt 0.885000 0.241000
vt 0.885000 0.277000
vt 0.885000 0.295000
vt 0.885000 0.313000
vt 0.885000 0.331000
vt 0.885000 0.349000
vt 0.885000 0.367000
vt 0.885000 0.385000
vt 0.759000 0.403000
vt 0.759000 0.421000
vt 0.759000 0.439000
vt 0.758978 0.456939
vt 0.758922 0.473923
vt 0.993973 0.503482
vt 0.994172 0.566152
vt 0.994196 0.637500
vt 0.994196 0.712500
vt 0.777000 0.403000
vt 0.777000 0.421000
vt 0.777000 0.439000
vt 0.776947 0.456864
vt 0.776837 0.473922
vt 0.981995 0.510180
vt 0.982301 0.565644
vt 0.982346 0.637500
vt 0.982347 0.712500
vt 0.795000 0.403000
vt 0.795000 0.421000
vt 0.795000 0.439000
vt 0.794847 0.456659
vt 0.794705 0.473933
vt 0.970097 0.517177
vt 0.970340 0.564852
vt 0.970398 0.637500
vt 0.970398 0.712500
vt 0.813000 0.403000
vt 0.813000 0.421000
vt 0.812992 0.438992
vt 0.812795 0.456345
vt 0.814505 0.476697
vt 0.960873 0.524534
vt 0.959175 0.565467
vt 0.953146 0.567590
vt 0.958938 0.637505
vt 0.952997 0.637519
vt 0.958936 0.712500
vt 0.952995 0.712500
vt 0.831000 0.403000
vt 0.831000 0.421000
vt 0.830929 0.438914
vt 0.830697 0.456023
vt 0.831134 0.473333
vt 0.946048 0.567260
vt 0.946199 0.637519
vt 0.946200 0.712500
vt 0.849000 0.403000
vt 0.848993 0.420993
vt 0.848772 0.438632
vt 0.848534 0.456000
vt 0.932389 0.517897
vt 0.933164 0.565496
vt 0.933300 0.637506
vt 0.933301 0.712500
vt 0.867000 0.403000
vt 0.866838 0.420824
vt 0.866411 0.438142
vt 0.866725 0.458083
vt 0.925401 0.529988
vt 0.924861 0.565184
vt 0.918442 0.565731
vt 0.924723 0.637500
vt 0.918341 0.637500
vt 0.924723 0.712500
vt 0.918340 0.712500
vt 0.884929 0.402929
vt 0.884531 0.420372
vt 0.886051 0.440031
vt 0.908384 0.517798
vt 0.907789 0.566870
vt 0.900292 0.567370
vt 0.907677 0.637506
vt 0.900268 0.637519
vt 0.907675 0.712500
vt 0.900267 0.712500
vt 0.903000 0.259000
vt 0.903000 0.241000
vt 0.903000 0.277000
vt 0.903000 0.295000
vt 0.903000 0.313000
vt 0.903000 0.331000
vt 0.903000 0.349000
vt 0.903000 0.367000
vt 0.902929 0.384929
vt 0.921000 0.259000
vt 0.921000 0.241000
vt 0.921000 0.277000
vt 0.921000 0.295000
vt 0.921000 0.313000
vt 0.921000 0.331000
vt 0.920993 0.348993
vt 0.920824 0.366838
vt 0.920372 0.384531
vt 0.939000 0.259000
vt 0.939000 0.241000
vt 0.939000 0.277000
vt 0.939000 0.295000
vt 0.938992 0.312992
vt 0.938913 0.330929
vt 0.938632 0.348772
vt 0.938142 0.366411
vt 0.940031 0.386051
vt 0.956939 0.258978
vt 0.956939 0.241022
vt 0.956864 0.276947
vt 0.956659 0.294847
vt 0.956345 0.312795
vt 0.956023 0.330697
vt 0.956000 0.348534
vt 0.958083 0.366725
vt 0.841616 0.517798
vt 0.842211 0.566870
vt 0.831558 0.565731
vt 0.849708 0.567370
vt 0.842323 0.637506
vt 0.831659 0.637500
vt 0.849731 0.637519
vt 0.842325 0.712500
vt 0.831659 0.712500
vt 0.849733 0.712500
vt 0.973923 0.258922
vt 0.973923 0.241078
vt 0.973922 0.276837
vt 0.973933 0.294705
vt 0.976697 0.314505
vt 0.973333 0.331134
vt 0.803952 0.567260
vt 0.796854 0.567591
vt 0.803801 0.637519
vt 0.797003 0.637519
vt 0.803800 0.712500
vt 0.797005 0.712500
vt 0.817611 0.517897
vt 0.816836 0.565496
vt 0.816700 0.637506
vt 0.816699 0.712500
vt 0.824599 0.529988
vt 0.825139 0.565184
vt 0.825277 0.637500
vt 0.825277 0.712500
vt 0.756027 0.503482
vt 0.743973 0.503482
vt 0.755828 0.566152
vt 0.744172 0.566152
vt 0.755804 0.637500
vt 0.744196 0.637500
vt 0.755804 0.712500
vt 0.768005 0.510180
vt 0.767699 0.565644
vt 0.767653 0.637500
vt 0.767653 0.712500
vt 0.779903 0.517177
vt 0.779660 0.564852
vt 0.779602 0.637500
vt 0.779602 0.712500
vt 0.789127 0.524534
vt 0.790825 0.565467
vt 0.791062 0.637505
vt 0.791064 0.712500
vt 0.902564 0.402564
vt 0.902277 0.420126
vt 0.889748 0.515441
vt 0.891517 0.566229
vt 0.891760 0.637519
vt 0.891761 0.712500
vt 0.920126 0.402277
vt 0.875000 0.509755
vt 0.883186 0.531242
vt 0.883099 0.564720
vt 0.875000 0.564130
vt 0.883099 0.637506
vt 0.875000 0.637500
vt 0.883100 0.712500
vt 0.875000 0.712500
vt 0.860252 0.515441
vt 0.858482 0.566229
vt 0.858240 0.637519
vt 0.858239 0.712500
vt 0.866814 0.531242
vt 0.866901 0.564720
vt 0.866901 0.637506
vt 0.866899 0.712500
vt 0.913288 0.510386
vt 0.912637 0.522904
vt 0.901499 0.522924
vt 0.901517 0.516570
vt 0.932689 0.522740
vt 0.930768 0.514509
vt 0.912489 0.533929
vt 0.901450 0.533929
vt 0.932538 0.533929
vt 0.912489 0.544643
vt 0.901450 0.544643
vt 0.932538 0.544643
vt 0.888797 0.522885
vt 0.890469 0.510819
vt 0.888946 0.533928
vt 0.888946 0.544643
vt 0.346907 0.381102
vt 0.899730 0.505448
vt 0.351035 0.367727
vt 0.333274 0.385658
vt 0.859531 0.510819
vt 0.861202 0.522885
vt 0.848500 0.522924
vt 0.848483 0.516570
vt 0.861054 0.533928
vt 0.848550 0.533929
vt 0.861053 0.544643
vt 0.848550 0.544643
vt 0.363672 0.363672
vt 0.875000 0.509967
vt 0.367727 0.351035
vt 0.875000 0.522848
vt 0.875000 0.533928
vt 0.875000 0.544643
vt 0.366176 0.384007
vt 0.836712 0.510386
vt 0.837363 0.522904
vt 0.817311 0.522740
vt 0.819232 0.514509
vt 0.837511 0.533929
vt 0.817461 0.533929
vt 0.837511 0.544643
vt 0.817462 0.544643
vt 0.381102 0.346907
vt 0.850270 0.505448
vt 0.385658 0.333274
vt 0.384007 0.366176
vt 0.384708 0.384708
vt 0.912489 0.555357
vt 0.901450 0.555357
vt 0.932538 0.555357
vt 0.912489 0.566071
vt 0.901450 0.566071
vt 0.932538 0.566071
vt 0.912489 0.576786
vt 0.901450 0.576786
vt 0.932538 0.576786
vt 0.912489 0.587500
vt 0.901450 0.587500
vt 0.932538 0.587500
vt 0.113949 0.440031
vt 0.092325 0.787500
vt 0.092323 0.862494
vt 0.092210 0.933130
vt 0.091616 0.982202
vt 0.888946 0.555357
vt 0.888946 0.566071
vt 0.888946 0.576786
vt 0.888946 0.587500
vt 0.133194 0.402740
vt 0.133181 0.420805
vt 0.133589 0.438142
vt 0.861053 0.555357
vt 0.848550 0.555357
vt 0.861053 0.566071
vt 0.848550 0.566071
vt 0.861053 0.576786
vt 0.848550 0.576786
vt 0.861053 0.587500
vt 0.848550 0.587500
vt 0.081659 0.787500
vt 0.081659 0.862500
vt 0.081558 0.934269
vt 0.875000 0.555357
vt 0.875000 0.566071
vt 0.875000 0.576786
vt 0.875000 0.587500
vt 0.133275 0.458083
vt 0.075277 0.787500
vt 0.075277 0.862500
vt 0.075139 0.934816
vt 0.074599 0.970012
vt 0.837511 0.555357
vt 0.817461 0.555357
vt 0.837511 0.566071
vt 0.817462 0.566071
vt 0.837511 0.576786
vt 0.817461 0.576786
vt 0.837511 0.587500
vt 0.817462 0.587500
vt 0.151535 0.402272
vt 0.151129 0.420837
vt 0.151229 0.438630
vt 0.151466 0.456000
vt 0.066699 0.787500
vt 0.066700 0.862494
vt 0.066836 0.934504
vt 0.067611 0.982103
vt 0.170234 0.400088
vt 0.074838 0.500540
vt 0.169191 0.420556
vt 0.169086 0.438896
vt 0.169303 0.456023
vt 0.053799 0.787500
vt 0.053800 0.862481
vt 0.053952 0.932740
vt 0.168866 0.473333
vt 0.062941 0.508420
vt 0.188451 0.403040
vt 0.057461 0.522711
vt 0.057504 0.533929
vt 0.057505 0.544643
vt 0.187284 0.420193
vt 0.187076 0.438891
vt 0.187205 0.456345
vt 0.047005 0.787500
vt 0.047003 0.862481
vt 0.046854 0.932409
vt 0.185495 0.476697
vt 0.041064 0.787500
vt 0.041062 0.862495
vt 0.040825 0.934533
vt 0.039127 0.975466
vt 0.046016 0.509683
vt 0.207096 0.402251
vt 0.047219 0.522776
vt 0.047183 0.533928
vt 0.047183 0.544643
vt 0.205597 0.419494
vt 0.205130 0.438702
vt 0.205153 0.456659
vt 0.205295 0.473933
vt 0.029602 0.787500
vt 0.029602 0.862500
vt 0.029659 0.935148
vt 0.029903 0.982823
vt 0.027468 0.508177
vt 0.217789 0.402628
vt 0.027922 0.522729
vt 0.027936 0.533928
vt 0.027936 0.544643
vt 0.222812 0.416815
vt 0.230691 0.401853
vt 0.223094 0.438479
vt 0.223053 0.456864
vt 0.223163 0.473922
vt 0.017653 0.787500
vt 0.017653 0.862500
vt 0.017699 0.934356
vt 0.018005 0.989820
vt 0.009311 0.522743
vt 0.008806 0.512112
vt 0.009287 0.533928
vt 0.009287 0.544643
vt 0.243069 0.401454
vt 0.241403 0.421659
vt 0.241022 0.438365
vt 0.241022 0.456939
vt 0.241078 0.473923
vt 0.005804 0.787500
vt 0.005804 0.862500
vt 0.005828 0.933848
vt 0.006026 0.996518
vt 0.057505 0.555357
vt 0.057505 0.566071
vt 0.057505 0.576786
vt 0.057505 0.587500
vt 0.613949 0.440031
vt 0.615469 0.420372
vt 0.615071 0.402929
vt 0.615000 0.385000
vt 0.099731 0.637519
vt 0.099708 0.567370
vt 0.047183 0.555357
vt 0.047183 0.566071
vt 0.047183 0.576786
vt 0.047183 0.587500
vt 0.108240 0.637519
vt 0.108482 0.566229
vt 0.027936 0.555357
vt 0.027936 0.566071
vt 0.027936 0.576786
vt 0.027936 0.587500
vt 0.110251 0.515441
vt 0.597723 0.420126
vt 0.597436 0.402564
vt 0.009287 0.555357
vt 0.009287 0.566071
vt 0.009287 0.576786
vt 0.009287 0.587500
vt 0.662489 0.587500
vt 0.662489 0.576786
vt 0.662489 0.566071
vt 0.662489 0.555357
vt 0.597071 0.384929
vt 0.723000 0.367000
vt 0.723000 0.349000
vt 0.723000 0.331000
vt 0.723000 0.313000
vt 0.723000 0.295000
vt 0.662489 0.544643
vt 0.651450 0.587500
vt 0.651450 0.576786
vt 0.651450 0.566071
vt 0.651450 0.555357
vt 0.651450 0.544643
vt 0.638946 0.587500
vt 0.638946 0.576786
vt 0.638946 0.566071
vt 0.638946 0.555357
vt 0.723000 0.277000
vt 0.723000 0.259000
vt 0.723000 0.241000
vt 0.705000 0.367000
vt 0.705000 0.349000
vt 0.705000 0.331000
vt 0.705000 0.313000
vt 0.705000 0.295000
vt 0.705000 0.277000
vt 0.705000 0.259000
vt 0.705000 0.241000
vt 0.687000 0.367000
vt 0.687000 0.349000
vt 0.687000 0.331000
vt 0.687000 0.313000
vt 0.687000 0.295000
vt 0.687000 0.277000
vt 0.687000 0.259000
vt 0.687000 0.241000
vt 0.669000 0.367000
vt 0.669000 0.349000
vt 0.669000 0.331000
vt 0.669000 0.313000
vt 0.669000 0.295000
vt 0.669000 0.277000
vt 0.669000 0.259000
vt 0.669000 0.241000
vt 0.651000 0.367000
vt 0.651000 0.349000
vt 0.651000 0.331000
vt 0.651000 0.313000
vt 0.651000 0.295000
vt 0.651000 0.277000
vt 0.651000 0.259000
vt 0.651000 0.241000
vt 0.633000 0.367000
vt 0.633000 0.349000
vt 0.633000 0.331000
vt 0.633000 0.313000
vt 0.633000 0.295000
vt 0.633000 0.277000
vt 0.633000 0.259000
vt 0.633000 0.241000
vt 0.615000 0.367000
vt 0.615000 0.349000
vt 0.615000 0.331000
vt 0.615000 0.313000
vt 0.615000 0.295000
vt 0.615000 0.277000
vt 0.615000 0.259000
vt 0.615000 0.241000
vt 0.597000 0.367000
vt 0.597000 0.349000
vt 0.597000 0.331000
vt 0.597000 0.313000
vt 0.597000 0.295000
vt 0.597000 0.277000
vt 0.597000 0.259000
vt 0.597000 0.241000
vt 0.116901 0.637506
vt 0.116901 0.564720
vt 0.116814 0.531242
vt 0.125000 0.509755
vt 0.579874 0.402277
vt 0.579628 0.384531
vt 0.125000 0.637500
vt 0.125000 0.564130
vt 0.133099 0.637506
vt 0.133099 0.564720
vt 0.133186 0.531242
vt 0.139748 0.515441
vt 0.559969 0.386051
vt 0.141759 0.637519
vt 0.141517 0.566229
vt 0.150268 0.637519
vt 0.150292 0.567370
vt 0.579176 0.366838
vt 0.579007 0.348993
vt 0.579000 0.331000
vt 0.579000 0.313000
vt 0.579000 0.295000
vt 0.579000 0.277000
vt 0.579000 0.259000
vt 0.579000 0.241000
vt 0.561858 0.366411
vt 0.561368 0.348772
vt 0.561087 0.330929
vt 0.561008 0.312992
vt 0.561000 0.295000
vt 0.561000 0.277000
vt 0.561000 0.259000
vt 0.561000 0.241000
vt 0.157677 0.637506
vt 0.157789 0.566870
vt 0.158384 0.517798
vt 0.541917 0.366725
vt 0.544000 0.348534
vt 0.543977 0.330697
vt 0.543655 0.312795
vt 0.543341 0.294847
vt 0.543136 0.276947
vt 0.543061 0.258978
vt 0.543061 0.241022
vt 0.168340 0.637500
vt 0.168442 0.565731
vt 0.174723 0.637500
vt 0.174861 0.565184
vt 0.175401 0.529988
vt 0.182389 0.517897
vt 0.526667 0.331134
vt 0.523303 0.314505
vt 0.526067 0.294705
vt 0.526078 0.276837
vt 0.526077 0.258922
vt 0.526077 0.241078
vt 0.183300 0.637506
vt 0.183164 0.565496
vt 0.196199 0.637519
vt 0.196047 0.567260
vt 0.202997 0.637519
vt 0.203146 0.567590
vt 0.208938 0.637505
vt 0.209174 0.565467
vt 0.210873 0.524534
vt 0.220097 0.517177
vt 0.231995 0.510180
vt 0.243973 0.503482
vt 0.256026 0.503482
vt 0.220398 0.637500
vt 0.220340 0.564852
vt 0.232346 0.637500
vt 0.232301 0.565644
vt 0.244196 0.637500
vt 0.244172 0.566152
vt 0.255804 0.637500
vt 0.255828 0.566152
vt 0.638946 0.544643
vt 0.625000 0.587500
vt 0.625000 0.576786
vt 0.625000 0.566071
vt 0.625000 0.555357
vt 0.625000 0.544643
vt 0.611053 0.587500
vt 0.611053 0.576786
vt 0.611053 0.566071
vt 0.611053 0.555357
vt 0.611053 0.544643
vt 0.598550 0.587500
vt 0.598550 0.576786
vt 0.598550 0.566071
vt 0.598550 0.555357
vt 0.598550 0.544643
vt 0.587511 0.587500
vt 0.587511 0.576786
vt 0.587511 0.566071
vt 0.587511 0.555357
vt 0.587511 0.544643
vt 0.567461 0.587500
vt 0.567461 0.576786
vt 0.567461 0.566072
vt 0.567461 0.555357
vt 0.567461 0.544643
vt 0.557505 0.587500
vt 0.557505 0.576786
vt 0.557505 0.566071
vt 0.557505 0.555357
vt 0.557505 0.544643
vt 0.662489 0.533929
vt 0.662637 0.522904
vt 0.651449 0.533929
vt 0.651499 0.522924
vt 0.651517 0.516570
vt 0.640469 0.510819
vt 0.649730 0.505448
vt 0.367727 0.148965
vt 0.363672 0.136328
vt 0.366176 0.115993
vt 0.366806 0.097260
vt 0.638946 0.533928
vt 0.638797 0.522885
vt 0.625000 0.533928
vt 0.625000 0.522848
vt 0.625000 0.509967
vt 0.611054 0.533928
vt 0.611202 0.522885
vt 0.609531 0.510819
vt 0.351035 0.132273
vt 0.346907 0.118898
vt 0.348465 0.097728
vt 0.598550 0.533929
vt 0.598500 0.522924
vt 0.598482 0.516570
vt 0.586712 0.510386
vt 0.600270 0.505448
vt 0.333274 0.114342
vt 0.329766 0.099912
vt 0.587511 0.533929
vt 0.587362 0.522904
vt 0.567461 0.533929
vt 0.567311 0.522740
vt 0.569232 0.514509
vt 0.562941 0.508420
vt 0.574838 0.500540
vt 0.557504 0.533929
vt 0.990689 0.522743
vt 0.991194 0.512112
vt 0.990713 0.533928
vt 0.990713 0.544643
vt 0.256931 0.401454
vt 0.258597 0.421659
vt 0.258978 0.438365
vt 0.258978 0.456939
vt 0.258922 0.473923
vt 0.994196 0.787500
vt 0.994196 0.862500
vt 0.994172 0.933848
vt 0.993973 0.996518
vt 0.972078 0.522729
vt 0.972532 0.508177
vt 0.972064 0.533928
vt 0.972064 0.544643
vt 0.277188 0.416815
vt 0.269309 0.401853
vt 0.282211 0.402628
vt 0.276906 0.438479
vt 0.276947 0.456864
vt 0.276837 0.473922
vt 0.982347 0.787500
vt 0.982347 0.862500
vt 0.982301 0.934356
vt 0.981995 0.989820
vt 0.953984 0.509683
vt 0.292904 0.402251
vt 0.952781 0.522776
vt 0.952817 0.533928
vt 0.952817 0.544643
vt 0.294403 0.419494
vt 0.294870 0.438702
vt 0.294847 0.456659
vt 0.294705 0.473933
vt 0.970398 0.787500
vt 0.970398 0.862500
vt 0.970340 0.935148
vt 0.970097 0.982823
vt 0.937059 0.508420
vt 0.311549 0.403040
vt 0.942539 0.522711
vt 0.942496 0.533929
vt 0.942495 0.544643
vt 0.312716 0.420193
vt 0.312924 0.438891
vt 0.312795 0.456345
vt 0.314505 0.476697
vt 0.958936 0.787500
vt 0.952995 0.787500
vt 0.958938 0.862495
vt 0.952997 0.862481
vt 0.959175 0.934533
vt 0.953146 0.932409
vt 0.960873 0.975466
vt 0.329766 0.400089
vt 0.925162 0.500540
vt 0.330809 0.420556
vt 0.330914 0.438896
vt 0.330697 0.456023
vt 0.946200 0.787500
vt 0.946199 0.862481
vt 0.946048 0.932740
vt 0.331134 0.473333
vt 0.348465 0.402272
vt 0.348872 0.420837
vt 0.348771 0.438630
vt 0.348534 0.456000
vt 0.933301 0.787500
vt 0.933300 0.862494
vt 0.933164 0.934503
vt 0.932389 0.982103
vt 0.366806 0.402740
vt 0.366819 0.420805
vt 0.366411 0.438142
vt 0.366725 0.458083
vt 0.924723 0.787500
vt 0.918340 0.787500
vt 0.924723 0.862500
vt 0.918340 0.862500
vt 0.924861 0.934816
vt 0.918442 0.934269
vt 0.925401 0.970012
vt 0.384879 0.402876
vt 0.384531 0.420372
vt 0.386051 0.440031
vt 0.907675 0.787500
vt 0.900267 0.787500
vt 0.907677 0.862494
vt 0.900268 0.862481
vt 0.907789 0.933130
vt 0.900292 0.932630
vt 0.908384 0.982202
vt 0.990713 0.555357
vt 0.990713 0.566071
vt 0.990713 0.576786
vt 0.990713 0.587500
vt 0.557461 0.522711
vt 0.505828 0.566152
vt 0.494171 0.566152
vt 0.493973 0.503482
vt 0.506026 0.503482
vt 0.972064 0.555357
vt 0.972064 0.566072
vt 0.972064 0.576786
vt 0.972064 0.587500
vt 0.505804 0.637500
vt 0.494196 0.637500
vt 0.505804 0.712500
vt 0.494196 0.712500
vt 0.741078 0.026077
vt 0.758922 0.026077
vt 0.952817 0.555357
vt 0.952817 0.566071
vt 0.952817 0.576786
vt 0.952817 0.587500
vt 0.741022 0.043061
vt 0.758978 0.043061
vt 0.741000 0.061000
vt 0.759000 0.061000
vt 0.741000 0.079000
vt 0.759000 0.079000
vt 0.942495 0.555357
vt 0.942495 0.566071
vt 0.942495 0.576786
vt 0.942495 0.587500
vt 0.741000 0.097000
vt 0.759000 0.097000
vt 0.517699 0.565644
vt 0.518005 0.510180
vt 0.517653 0.637500
vt 0.517653 0.712500
vt 0.776837 0.026078
vt 0.776947 0.043136
vt 0.777000 0.061000
vt 0.777000 0.079000
vt 0.777000 0.097000
vt 0.529659 0.564852
vt 0.529903 0.517177
vt 0.529601 0.637500
vt 0.529601 0.712500
vt 0.794705 0.026067
vt 0.794847 0.043341
vt 0.795000 0.061000
vt 0.795000 0.079000
vt 0.795000 0.097000
vt 0.540825 0.565467
vt 0.539127 0.524534
vt 0.541062 0.637505
vt 0.541064 0.712500
vt 0.814505 0.023303
vt 0.546854 0.567591
vt 0.547003 0.637519
vt 0.547005 0.712500
vt 0.812795 0.043655
vt 0.812992 0.061008
vt 0.813000 0.079000
vt 0.813000 0.097000
vt 0.553952 0.567260
vt 0.831134 0.026667
vt 0.553800 0.637519
vt 0.553800 0.712500
vt 0.830697 0.043977
vt 0.830929 0.061087
vt 0.831000 0.079000
vt 0.831000 0.097000
vt 0.566836 0.565496
vt 0.567611 0.517897
vt 0.566700 0.637506
vt 0.566699 0.712500
vt 0.848534 0.044000
vt 0.848772 0.061368
vt 0.848993 0.079007
vt 0.849000 0.097000
vt 0.575139 0.565184
vt 0.574599 0.529988
vt 0.575276 0.637500
vt 0.575277 0.712500
vt 0.866725 0.041917
vt 0.581558 0.565731
vt 0.581659 0.637500
vt 0.581659 0.712500
vt 0.866411 0.061858
vt 0.866837 0.079176
vt 0.867000 0.097000
vt 0.592211 0.566870
vt 0.591615 0.517798
vt 0.592323 0.637506
vt 0.592325 0.712500
vt 0.886051 0.059969
vt 0.599708 0.567370
vt 0.599731 0.637519
vt 0.884531 0.079628
vt 0.884929 0.097071
vt 0.741000 0.115000
vt 0.759000 0.115000
vt 0.741000 0.133000
vt 0.759000 0.133000
vt 0.741000 0.151000
vt 0.759000 0.151000
vt 0.741000 0.169000
vt 0.759000 0.169000
vt 0.741000 0.187000
vt 0.759000 0.187000
vt 0.741000 0.205000
vt 0.759000 0.205000
vt 0.741000 0.223000
vt 0.759000 0.223000
vt 0.777000 0.115000
vt 0.777000 0.133000
vt 0.777000 0.151000
vt 0.777000 0.169000
vt 0.777000 0.187000
vt 0.777000 0.205000
vt 0.777000 0.223000
vt 0.795000 0.115000
vt 0.795000 0.133000
vt 0.795000 0.151000
vt 0.795000 0.169000
vt 0.795000 0.187000
vt 0.795000 0.205000
vt 0.795000 0.223000
vt 0.813000 0.115000
vt 0.813000 0.133000
vt 0.813000 0.151000
vt 0.813000 0.169000
vt 0.813000 0.187000
vt 0.813000 0.205000
vt 0.813000 0.223000
vt 0.831000 0.115000
vt 0.831000 0.133000
vt 0.831000 0.151000
vt 0.831000 0.169000
vt 0.831000 0.187000
vt 0.831000 0.205000
vt 0.831000 0.223000
vt 0.849000 0.115000
vt 0.849000 0.133000
vt 0.849000 0.151000
vt 0.849000 0.169000
vt 0.849000 0.187000
vt 0.849000 0.205000
vt 0.849000 0.223000
vt 0.867000 0.115000
vt 0.867000 0.133000
vt 0.867000 0.151000
vt 0.867000 0.169000
vt 0.867000 0.187000
vt 0.867000 0.205000
vt 0.867000 0.223000
vt 0.885000 0.115000
vt 0.885000 0.133000
vt 0.885000 0.151000
vt 0.885000 0.169000
vt 0.885000 0.187000
vt 0.885000 0.205000
vt 0.885000 0.223000
vt 0.608482 0.566229
vt 0.610251 0.515441
vt 0.608240 0.637519
vt 0.902277 0.079874
vt 0.902564 0.097436
vt 0.616901 0.564720
vt 0.616814 0.531242
vt 0.616901 0.637506
vt 0.625000 0.509756
vt 0.625000 0.564130
vt 0.412489 0.587500
vt 0.432538 0.587500
vt 0.442495 0.587500
vt 0.412489 0.576786
vt 0.432538 0.576786
vt 0.442495 0.576786
vt 0.412489 0.566071
vt 0.432538 0.566071
vt 0.442495 0.566071
vt 0.412489 0.555357
vt 0.432538 0.555357
vt 0.442495 0.555357
vt 0.412489 0.544643
vt 0.432538 0.544643
vt 0.442495 0.544643
vt 0.625000 0.637500
vt 0.920126 0.097723
vt 0.633099 0.564720
vt 0.633186 0.531242
vt 0.633099 0.637506
vt 0.388946 0.587500
vt 0.401450 0.587500
vt 0.388946 0.576786
vt 0.401450 0.576786
vt 0.388946 0.566071
vt 0.401450 0.566071
vt 0.388946 0.555357
vt 0.401450 0.555357
vt 0.388946 0.544643
vt 0.401450 0.544643
vt 0.639748 0.515441
vt 0.641517 0.566229
vt 0.641759 0.637519
vt 0.375000 0.587500
vt 0.375000 0.576786
vt 0.375000 0.566071
vt 0.375000 0.555357
vt 0.375000 0.544643
vt 0.902929 0.115071
vt 0.903000 0.133000
vt 0.903000 0.151000
vt 0.903000 0.169000
vt 0.903000 0.187000
vt 0.337511 0.587500
vt 0.348550 0.587500
vt 0.361053 0.587500
vt 0.337511 0.576786
vt 0.348550 0.576786
vt 0.361053 0.576786
vt 0.337511 0.566071
vt 0.348550 0.566071
vt 0.361053 0.566071
vt 0.337511 0.555357
vt 0.348550 0.555357
vt 0.361053 0.555357
vt 0.337511 0.544643
vt 0.348550 0.544643
vt 0.361053 0.544643
vt 0.903000 0.205000
vt 0.903000 0.223000
vt 0.920371 0.115469
vt 0.920824 0.133162
vt 0.920993 0.151007
vt 0.921000 0.169000
vt 0.921000 0.187000
vt 0.921000 0.205000
vt 0.307505 0.587500
vt 0.317461 0.587500
vt 0.307505 0.576786
vt 0.317461 0.576786
vt 0.307505 0.566071
vt 0.317461 0.566071
vt 0.307505 0.555357
vt 0.317461 0.555357
vt 0.307505 0.544643
vt 0.317461 0.544643
vt 0.412489 0.533929
vt 0.432538 0.533929
vt 0.442495 0.533929
vt 0.412637 0.522904
vt 0.432689 0.522740
vt 0.442538 0.522711
vt 0.413288 0.510386
vt 0.430768 0.514509
vt 0.437059 0.508420
vt 0.425162 0.500540
vt 0.388946 0.533928
vt 0.401449 0.533929
vt 0.388797 0.522885
vt 0.401499 0.522924
vt 0.390469 0.510819
vt 0.401517 0.516570
vt 0.399730 0.505448
vt 0.153093 0.118898
vt 0.166726 0.114342
vt 0.170234 0.099911
vt 0.151535 0.097728
vt 0.375000 0.533928
vt 0.375000 0.522848
vt 0.375000 0.509967
vt 0.136328 0.136328
vt 0.148965 0.132273
vt 0.133824 0.115993
vt 0.133194 0.097260
vt 0.337511 0.533929
vt 0.348550 0.533929
vt 0.361054 0.533928
vt 0.337362 0.522904
vt 0.348500 0.522924
vt 0.361202 0.522885
vt 0.336712 0.510386
vt 0.348483 0.516570
vt 0.359531 0.510819
vt 0.350270 0.505448
vt 0.118898 0.153093
vt 0.132273 0.148965
vt 0.115993 0.133824
vt 0.115292 0.115292
vt 0.115121 0.097124
vt 0.307504 0.533929
vt 0.317461 0.533929
vt 0.307461 0.522711
vt 0.317311 0.522740
vt 0.312941 0.508420
vt 0.319232 0.514509
vt 0.324838 0.500540
vt 0.099911 0.170234
vt 0.114342 0.166726
vt 0.097728 0.151535
vt 0.097260 0.133194
vt 0.097124 0.115121
vt 0.097437 0.097437
vt 0.921000 0.223000
vt 0.940031 0.113949
vt 0.650292 0.567370
vt 0.650268 0.637519
vt 0.938142 0.133589
vt 0.938632 0.151228
vt 0.938913 0.169071
vt 0.938992 0.187008
vt 0.939000 0.205000
vt 0.939000 0.223000
vt 0.657789 0.566870
vt 0.658384 0.517798
vt 0.657677 0.637506
vt 0.958083 0.133275
vt 0.668442 0.565731
vt 0.668340 0.637500
vt 0.956000 0.151466
vt 0.956023 0.169303
vt 0.956345 0.187205
vt 0.956659 0.205153
vt 0.956864 0.223053
vt 0.674861 0.565184
vt 0.675401 0.529988
vt 0.674723 0.637500
vt 0.682389 0.517897
vt 0.683164 0.565496
vt 0.683300 0.637506
vt 0.973333 0.168866
vt 0.696047 0.567260
vt 0.696199 0.637519
vt 0.976697 0.185495
vt 0.703146 0.567590
vt 0.702997 0.637519
vt 0.973933 0.205295
vt 0.472064 0.587500
vt 0.490713 0.587500
vt 0.472064 0.576786
vt 0.490713 0.576786
vt 0.472064 0.566072
vt 0.490713 0.566071
vt 0.472064 0.555357
vt 0.490713 0.555357
vt 0.472064 0.544643
vt 0.490713 0.544643
vt 0.973922 0.223163
vt 0.709175 0.565467
vt 0.710873 0.524534
vt 0.452816 0.587500
vt 0.452816 0.576786
vt 0.452816 0.566071
vt 0.452816 0.555357
vt 0.452816 0.544643
vt 0.708938 0.637505
vt 0.720097 0.517177
vt 0.472064 0.533928
vt 0.490713 0.533928
vt 0.472078 0.522729
vt 0.490689 0.522743
vt 0.472532 0.508177
vt 0.491194 0.512112
vt 0.230691 0.098147
vt 0.243069 0.098546
vt 0.222812 0.083185
vt 0.241403 0.078341
vt 0.223094 0.061521
vt 0.241022 0.061635
vt 0.223053 0.043136
vt 0.241022 0.043061
vt 0.223163 0.026078
vt 0.241078 0.026077
vt 0.481995 0.989820
vt 0.493973 0.996518
vt 0.482301 0.934356
vt 0.494172 0.933848
vt 0.482346 0.862500
vt 0.494196 0.862500
vt 0.482346 0.787500
vt 0.494195 0.787500
vt 0.482346 0.712500
vt 0.452817 0.533928
vt 0.452781 0.522776
vt 0.453984 0.509683
vt 0.207096 0.097749
vt 0.217789 0.097372
vt 0.205597 0.080506
vt 0.205130 0.061298
vt 0.205153 0.043341
vt 0.205295 0.026067
vt 0.470097 0.982823
vt 0.470340 0.935148
vt 0.470398 0.862500
vt 0.470398 0.787500
vt 0.470398 0.712500
vt 0.188451 0.096960
vt 0.187284 0.079807
vt 0.187076 0.061109
vt 0.187205 0.043655
vt 0.185495 0.023303
vt 0.460873 0.975466
vt 0.459174 0.934533
vt 0.458937 0.862495
vt 0.458936 0.787500
vt 0.458936 0.712500
vt 0.169191 0.079444
vt 0.169086 0.061104
vt 0.169303 0.043977
vt 0.168866 0.026667
vt 0.446047 0.932740
vt 0.453146 0.932409
vt 0.446199 0.862481
vt 0.452997 0.862481
vt 0.446200 0.787500
vt 0.452995 0.787500
vt 0.446200 0.712500
vt 0.452995 0.712500
vt 0.151129 0.079163
vt 0.151229 0.061370
vt 0.151466 0.044000
vt 0.432389 0.982103
vt 0.433164 0.934503
vt 0.433300 0.862494
vt 0.433301 0.787500
vt 0.433301 0.712500
vt 0.758806 0.512112
vt 0.759311 0.522743
vt 0.759287 0.533928
vt 0.759287 0.544643
vt 0.777468 0.508177
vt 0.777922 0.522729
vt 0.777936 0.533928
vt 0.777936 0.544643
vt 0.402251 0.292904
vt 0.796016 0.509683
vt 0.402628 0.282211
vt 0.797219 0.522776
vt 0.797183 0.533928
vt 0.797183 0.544643
vt 0.403040 0.311549
vt 0.812941 0.508420
vt 0.807462 0.522711
vt 0.807504 0.533929
vt 0.807505 0.544643
vt 0.400089 0.329766
vt 0.824838 0.500540
vt 0.402272 0.348465
vt 0.402740 0.366806
vt 0.402876 0.384879
vt 0.421659 0.258597
vt 0.401454 0.256931
vt 0.416815 0.277188
vt 0.401853 0.269309
vt 0.419494 0.294403
vt 0.420193 0.312716
vt 0.420556 0.330809
vt 0.420837 0.348871
vt 0.420805 0.366819
vt 0.420372 0.384531
vt 0.438365 0.258978
vt 0.438479 0.276906
vt 0.438702 0.294870
vt 0.438891 0.312924
vt 0.438896 0.330914
vt 0.438630 0.348771
vt 0.438142 0.366411
vt 0.440031 0.386051
vt 0.456939 0.258978
vt 0.456864 0.276947
vt 0.456659 0.294847
vt 0.456345 0.312795
vt 0.456023 0.330697
vt 0.456000 0.348534
vt 0.458083 0.366725
vt 0.842325 0.787500
vt 0.831659 0.787500
vt 0.849733 0.787500
vt 0.842323 0.862494
vt 0.831659 0.862500
vt 0.849731 0.862481
vt 0.842211 0.933130
vt 0.831558 0.934269
vt 0.849708 0.932630
vt 0.841616 0.982202
vt 0.473923 0.258922
vt 0.473922 0.276837
vt 0.473933 0.294705
vt 0.476697 0.314505
vt 0.803800 0.787500
vt 0.797005 0.787500
vt 0.803801 0.862481
vt 0.797003 0.862481
vt 0.803952 0.932740
vt 0.796854 0.932409
vt 0.473333 0.331134
vt 0.816699 0.787500
vt 0.816700 0.862494
vt 0.816836 0.934504
vt 0.817611 0.982103
vt 0.825277 0.787500
vt 0.825277 0.862500
vt 0.825139 0.934816
vt 0.824599 0.970012
vt 0.755804 0.787500
vt 0.755804 0.862500
vt 0.755828 0.933848
vt 0.756026 0.996518
vt 0.767653 0.787500
vt 0.767653 0.862500
vt 0.767699 0.934356
vt 0.768005 0.989820
vt 0.779602 0.787500
vt 0.779602 0.862500
vt 0.779660 0.935148
vt 0.779903 0.982823
vt 0.791064 0.787500
vt 0.791062 0.862495
vt 0.790825 0.934533
vt 0.789127 0.975466
vt 0.759287 0.555357
vt 0.759287 0.566072
vt 0.759287 0.576786
vt 0.759287 0.587500
vt 0.720340 0.564852
vt 0.720398 0.637500
vt 0.777936 0.555357
vt 0.777936 0.566071
vt 0.777936 0.576786
vt 0.777936 0.587500
vt 0.731995 0.510180
vt 0.732301 0.565644
vt 0.732346 0.637500
vt 0.797183 0.555357
vt 0.797183 0.566071
vt 0.797183 0.576786
vt 0.797183 0.587500
vt 0.807505 0.555357
vt 0.807505 0.566071
vt 0.807505 0.576786
vt 0.807505 0.587500
vt 0.505804 0.787500
vt 0.505804 0.862500
vt 0.547183 0.587500
vt 0.547183 0.576786
vt 0.547183 0.566071
vt 0.547183 0.555357
vt 0.547183 0.544643
vt 0.527936 0.587500
vt 0.527936 0.576786
vt 0.527936 0.566071
vt 0.527936 0.555357
vt 0.527936 0.544643
vt 0.509287 0.587500
vt 0.509287 0.576786
vt 0.509287 0.566071
vt 0.509287 0.555357
vt 0.509287 0.544643
vt 0.366819 0.079195
vt 0.366411 0.061858
vt 0.366725 0.041917
vt 0.591615 0.982202
vt 0.592210 0.933130
vt 0.592323 0.862494
vt 0.592325 0.787500
vt 0.581558 0.934269
vt 0.581659 0.862500
vt 0.581659 0.787500
vt 0.348871 0.079163
vt 0.348771 0.061370
vt 0.348534 0.044000
vt 0.567611 0.982103
vt 0.574599 0.970012
vt 0.575139 0.934816
vt 0.575277 0.862500
vt 0.575276 0.787500
vt 0.566836 0.934504
vt 0.566700 0.862494
vt 0.566699 0.787500
vt 0.330809 0.079444
vt 0.330914 0.061104
vt 0.330697 0.043977
vt 0.331134 0.026667
vt 0.133181 0.079195
vt 0.133589 0.061858
vt 0.133275 0.041917
vt 0.553952 0.932740
vt 0.553800 0.862481
vt 0.553799 0.787500
vt 0.311549 0.096960
vt 0.425400 0.970012
vt 0.424861 0.934816
vt 0.424723 0.862500
vt 0.312716 0.079807
vt 0.312924 0.061109
vt 0.312795 0.043655
vt 0.314505 0.023303
vt 0.546854 0.932409
vt 0.424723 0.787500
vt 0.424723 0.712500
vt 0.115469 0.079628
vt 0.547003 0.862481
vt 0.547005 0.787500
vt 0.547183 0.533928
vt 0.547219 0.522776
vt 0.546016 0.509683
vt 0.292904 0.097749
vt 0.294403 0.080506
vt 0.294870 0.061298
vt 0.294847 0.043341
vt 0.113949 0.059969
vt 0.408384 0.982202
vt 0.407789 0.933130
vt 0.418442 0.934269
vt 0.407677 0.862494
vt 0.418340 0.862500
vt 0.407675 0.787500
vt 0.418340 0.787500
vt 0.407675 0.712500
vt 0.418340 0.712500
vt 0.097723 0.079874
vt 0.389748 0.984559
vt 0.391517 0.933771
vt 0.400292 0.932630
vt 0.391759 0.862481
vt 0.400268 0.862481
vt 0.391761 0.787500
vt 0.400267 0.787500
vt 0.391761 0.712500
vt 0.400267 0.712500
vt 0.294705 0.026067
vt 0.529903 0.982823
vt 0.539127 0.975466
vt 0.540825 0.934533
vt 0.541062 0.862495
vt 0.541064 0.787500
vt 0.529659 0.935148
vt 0.529601 0.862500
vt 0.529601 0.787500
vt 0.527936 0.533928
vt 0.527922 0.522729
vt 0.527468 0.508177
vt 0.282211 0.097372
vt 0.277188 0.083185
vt 0.276906 0.061521
vt 0.276947 0.043136
vt 0.276837 0.026078
vt 0.518005 0.989820
vt 0.517699 0.934356
vt 0.517653 0.862500
vt 0.517653 0.787500
vt 0.509287 0.533928
vt 0.509311 0.522743
vt 0.508806 0.512112
vt 0.256931 0.098546
vt 0.269309 0.098147
vt 0.258597 0.078341
vt 0.258978 0.061635
vt 0.258978 0.043061
vt 0.258922 0.026077
vt 0.506026 0.996518
vt 0.505828 0.933848
vt 0.277936 0.587500
vt 0.277936 0.576786
vt 0.277936 0.566071
vt 0.277936 0.555357
vt 0.277936 0.544643
vt 0.297183 0.587500
vt 0.297183 0.576786
vt 0.297183 0.566071
vt 0.297183 0.555357
vt 0.297183 0.544643
vt 0.277936 0.533928
vt 0.277922 0.522729
vt 0.277468 0.508177
vt 0.098147 0.230692
vt 0.297183 0.533928
vt 0.297219 0.522776
vt 0.296016 0.509683
vt 0.083185 0.222812
vt 0.097372 0.217789
vt 0.097749 0.207096
vt 0.080506 0.205597
vt 0.096960 0.188451
vt 0.079807 0.187284
vt 0.079444 0.169191
vt 0.079163 0.151129
vt 0.079195 0.133181
vt 0.079628 0.115469
vt 0.079874 0.097723
vt 0.061521 0.223094
vt 0.061298 0.205130
vt 0.061109 0.187076
vt 0.061104 0.169086
vt 0.061370 0.151229
vt 0.061858 0.133589
vt 0.059969 0.113949
vt 0.360251 0.984559
vt 0.043136 0.223053
vt 0.043341 0.205153
vt 0.043655 0.187205
vt 0.043977 0.169303
vt 0.044000 0.151466
vt 0.041917 0.133274
vt 0.341615 0.982202
vt 0.342210 0.933130
vt 0.349708 0.932630
vt 0.358482 0.933771
vt 0.342323 0.862494
vt 0.349731 0.862481
vt 0.358240 0.862481
vt 0.342325 0.787500
vt 0.349733 0.787500
vt 0.358239 0.787500
vt 0.342325 0.712500
vt 0.349733 0.712500
vt 0.358239 0.712500
vt 0.026078 0.223163
vt 0.026067 0.205295
vt 0.023303 0.185495
vt 0.026667 0.168866
vt 0.317611 0.982103
vt 0.324599 0.970012
vt 0.325139 0.934816
vt 0.331558 0.934269
vt 0.325277 0.862500
vt 0.331659 0.862500
vt 0.325277 0.787500
vt 0.331659 0.787500
vt 0.325277 0.712500
vt 0.331659 0.712500
vt 0.268005 0.989820
vt 0.279903 0.982823
vt 0.289127 0.975466
vt 0.290825 0.934533
vt 0.296854 0.932409
vt 0.303952 0.932740
vt 0.291062 0.862495
vt 0.297003 0.862481
vt 0.303800 0.862481
vt 0.291064 0.787500
vt 0.297005 0.787500
vt 0.303800 0.787500
vt 0.291064 0.712500
vt 0.297005 0.712500
vt 0.303800 0.712500
vt 0.316836 0.934504
vt 0.316700 0.862494
vt 0.316699 0.787500
vt 0.316699 0.712500
vt 0.267699 0.934356
vt 0.267653 0.862500
vt 0.267653 0.787500
vt 0.267653 0.712500
vt 0.279660 0.935148
vt 0.279602 0.862500
vt 0.279602 0.787500
vt 0.279602 0.712500
vt 0.375000 0.990245
vt 0.383186 0.968757
vt 0.383099 0.935280
vt 0.383099 0.862494
vt 0.383100 0.787500
vt 0.383100 0.712500
vt 0.366814 0.968758
vt 0.366901 0.935280
vt 0.375000 0.935870
vt 0.366901 0.862494
vt 0.375000 0.862500
vt 0.366899 0.787500
vt 0.375000 0.787500
vt 0.366899 0.712500
vt 0.375000 0.712500
vt 0.723000 0.223000
vt 0.723000 0.205000
vt 0.723000 0.187000
vt 0.723000 0.169000
vt 0.723000 0.151000
vt 0.723000 0.133000
vt 0.723000 0.115000
vt 0.723000 0.097000
vt 0.705000 0.223000
vt 0.705000 0.205000
vt 0.705000 0.187000
vt 0.705000 0.169000
vt 0.705000 0.151000
vt 0.705000 0.133000
vt 0.705000 0.115000
vt 0.705000 0.097000
vt 0.687000 0.223000
vt 0.687000 0.205000
vt 0.687000 0.187000
vt 0.687000 0.169000
vt 0.687000 0.151000
vt 0.687000 0.133000
vt 0.687000 0.115000
vt 0.687000 0.097000
vt 0.669000 0.223000
vt 0.669000 0.205000
vt 0.669000 0.187000
vt 0.669000 0.169000
vt 0.669000 0.151000
vt 0.669000 0.133000
vt 0.669000 0.115000
vt 0.669000 0.097000
vt 0.651000 0.223000
vt 0.651000 0.205000
vt 0.651000 0.187000
vt 0.651000 0.169000
vt 0.651000 0.151000
vt 0.651000 0.133000
vt 0.651000 0.115000
vt 0.651000 0.097000
vt 0.633000 0.223000
vt 0.633000 0.205000
vt 0.633000 0.187000
vt 0.633000 0.169000
vt 0.633000 0.151000
vt 0.633000 0.133000
vt 0.633000 0.115000
vt 0.633000 0.097000
vt 0.615000 0.223000
vt 0.615000 0.205000
vt 0.615000 0.187000
vt 0.615000 0.169000
vt 0.615000 0.151000
vt 0.615000 0.133000
vt 0.615000 0.115000
vt 0.615071 0.097071
vt 0.597000 0.223000
vt 0.597000 0.205000
vt 0.597000 0.187000
vt 0.597000 0.169000
vt 0.597000 0.151000
vt 0.597000 0.133000
vt 0.597071 0.115071
vt 0.597436 0.097436
vt 0.723000 0.079000
vt 0.723000 0.061000
vt 0.723053 0.043136
vt 0.723163 0.026078
vt 0.481995 0.510180
vt 0.482346 0.637500
vt 0.482301 0.565644
vt 0.705000 0.079000
vt 0.705000 0.061000
vt 0.705153 0.043341
vt 0.705295 0.026067
vt 0.470097 0.517177
vt 0.470398 0.637500
vt 0.470340 0.564852
vt 0.687000 0.079000
vt 0.687008 0.061008
vt 0.687205 0.043655
vt 0.685495 0.023303
vt 0.460873 0.524534
vt 0.458937 0.637505
vt 0.459174 0.565467
vt 0.669000 0.079000
vt 0.669071 0.061087
vt 0.669303 0.043977
vt 0.668866 0.026667
vt 0.446199 0.637519
vt 0.452997 0.637519
vt 0.446047 0.567260
vt 0.453146 0.567590
vt 0.651007 0.079007
vt 0.651228 0.061368
vt 0.651466 0.044000
vt 0.432388 0.517897
vt 0.433300 0.637506
vt 0.433164 0.565496
vt 0.633162 0.079176
vt 0.633589 0.061858
vt 0.633274 0.041917
vt 0.425400 0.529988
vt 0.424723 0.637500
vt 0.424861 0.565184
vt 0.615469 0.079628
vt 0.402563 0.402563
vt 0.402277 0.420126
vt 0.891761 0.787500
vt 0.891760 0.862481
vt 0.891517 0.933771
vt 0.889748 0.984559
vt 0.420126 0.402277
vt 0.875000 0.990245
vt 0.883100 0.787500
vt 0.875000 0.787500
vt 0.883099 0.862494
vt 0.875000 0.862500
vt 0.883099 0.935280
vt 0.875000 0.935870
vt 0.883186 0.968757
vt 0.858239 0.787500
vt 0.858240 0.862481
vt 0.858482 0.933771
vt 0.860252 0.984559
vt 0.866899 0.787500
vt 0.866901 0.862494
vt 0.866901 0.935280
vt 0.866814 0.968758
vt 0.613949 0.059969
vt 0.408384 0.517798
vt 0.407677 0.637506
vt 0.418340 0.637500
vt 0.407789 0.566870
vt 0.418442 0.565731
vt 0.597723 0.079874
vt 0.389748 0.515441
vt 0.391759 0.637519
vt 0.400268 0.637519
vt 0.391517 0.566229
vt 0.400292 0.567370
vt 0.579000 0.223000
vt 0.579000 0.205000
vt 0.579000 0.187000
vt 0.579000 0.169000
vt 0.579007 0.151007
vt 0.579176 0.133162
vt 0.579628 0.115469
vt 0.579874 0.097723
vt 0.561000 0.223000
vt 0.561000 0.205000
vt 0.561008 0.187008
vt 0.561086 0.169071
vt 0.561368 0.151228
vt 0.561858 0.133589
vt 0.559969 0.113949
vt 0.360251 0.515441
vt 0.543136 0.223053
vt 0.543341 0.205153
vt 0.543655 0.187205
vt 0.543977 0.169303
vt 0.544000 0.151466
vt 0.541917 0.133274
vt 0.341616 0.517798
vt 0.342323 0.637506
vt 0.349731 0.637519
vt 0.358240 0.637519
vt 0.342210 0.566870
vt 0.349708 0.567370
vt 0.358482 0.566229
vt 0.526078 0.223163
vt 0.526067 0.205295
vt 0.523303 0.185495
vt 0.526667 0.168866
vt 0.317611 0.517897
vt 0.324599 0.529988
vt 0.325277 0.637500
vt 0.331659 0.637500
vt 0.325139 0.565184
vt 0.331558 0.565731
vt 0.268005 0.510180
vt 0.279903 0.517177
vt 0.289127 0.524534
vt 0.291062 0.637505
vt 0.297003 0.637519
vt 0.303800 0.637519
vt 0.290825 0.565467
vt 0.296854 0.567591
vt 0.303952 0.567260
vt 0.316700 0.637506
vt 0.316836 0.565496
vt 0.267653 0.637500
vt 0.267699 0.565644
vt 0.279602 0.637500
vt 0.279660 0.564852
vt 0.375000 0.509756
vt 0.383186 0.531242
vt 0.383099 0.637506
vt 0.383099 0.564720
vt 0.366814 0.531242
vt 0.366901 0.637506
vt 0.375000 0.637500
vt 0.366901 0.564720
vt 0.375000 0.564130
s 0
f 801/1/1 680/2/1 679/3/1 800/4/1
f 802/5/1 681/6/1 680/2/1 801/1/1
f 803/7/1 682/8/1 681/6/1 802/5/1
f 804/9/1 805/10/1 801/1/1 800/4/1
f 805/10/1 806/11/1 802/5/1 801/1/1
f 806/11/1 807/12/1 803/7/1 802/5/1
f 808/13/2 809/14/2 805/10/2 804/9/2
f 809/14/2 810/15/2 806/11/2 805/10/2
f 810/15/2 811/16/2 807/12/2 806/11/2
f 812/17/3 813/18/3 809/14/3 808/13/3
f 813/18/3 814/19/3 810/15/3 809/14/3
f 814/19/3 815/20/3 811/16/3 810/15/3
f 816/21/1 747/22/1 682/8/1 803/7/1
f 817/23/1 748/24/1 747/22/1 816/21/1
f 818/25/1 749/26/1 748/24/1 817/23/1
f 819/27/1 750/28/1 749/26/1 818/25/1
f 820/29/1 751/30/1 750/28/1 819/27/1
f 821/31/1 752/32/1 751/30/1 820/29/1
f 822/33/1 753/34/1 752/32/1 821/31/1
f 823/35/1 754/36/1 753/34/1 822/33/1
f 807/12/1 824/37/1 816/21/1 803/7/1
f 824/37/1 825/38/1 817/23/1 816/21/1
f 825/38/1 826/39/1 818/25/1 817/23/1
f 826/39/1 827/40/1 819/27/1 818/25/1
f 827/40/1 828/41/1 820/29/1 819/27/1
f 828/41/1 829/42/1 821/31/1 820/29/1
f 829/42/1 830/43/1 822/33/1 821/31/1
f 830/43/1 831/44/1 823/35/1 822/33/1
f 811/16/2 832/45/2 824/37/2 807/12/2
f 832/45/2 833/46/2 825/38/2 824/37/2
f 833/46/2 834/47/2 826/39/2 825/38/2
f 834/47/2 835/48/2 827/40/2 826/39/2
f 835/48/2 836/49/2 828/41/2 827/40/2
f 836/49/2 837/50/2 829/42/2 828/41/2
f 837/50/2 838/51/2 830/43/2 829/42/2
f 838/51/2 839/52/2 831/44/2 830/43/2
f 815/20/3 840/53/3 832/45/3 811/16/3
f 840/53/3 841/54/3 833/46/3 832/45/3
f 841/54/3 842/55/3 834/47/3 833/46/3
f 842/55/3 843/56/3 835/48/3 834/47/3
f 843/56/3 844/57/3 836/49/3 835/48/3
f 844/57/3 845/58/3 837/50/3 836/49/3
f 845/58/3 846/59/3 838/51/3 837/50/3
f 846/59/3 847/60/3 839/52/3 838/51/3
f 848/61/1 795/62/1 754/36/1 823/35/1
f 849/63/1 796/64/1 795/62/1 848/61/1
f 850/65/1 797/66/1 796/64/1 849/63/1
f 357/67/4 356/68/4 351/69/4 352/70/4
f 356/68/4 355/71/4 350/72/4 351/69/4
f 355/71/4 354/73/4 349/74/4 350/72/4
f 354/73/4 353/75/4 348/76/4 349/74/4
f 353/75/4 337/77/4 329/78/4 348/76/4
f 352/70/5 351/69/5 346/79/5 347/80/5
f 351/69/5 350/72/5 345/81/5 346/79/5
f 350/72/5 349/74/5 344/82/5 345/81/5
f 349/74/5 348/76/5 343/83/5 344/82/5
f 348/76/5 329/78/5 321/84/5 343/83/5
f 347/80/6 346/79/6 341/85/6 342/86/6
f 346/79/6 345/81/6 340/87/6 341/85/6
f 345/81/6 344/82/6 339/88/6 340/87/6
f 344/82/6 343/83/6 338/89/6 339/88/6
f 343/83/6 321/84/6 313/90/6 338/89/6
f 342/86/7 341/85/7 67/91/7 68/92/7
f 341/85/7 340/87/7 66/93/7 67/91/7
f 340/87/7 339/88/7 65/94/7 66/93/7
f 339/88/7 338/89/7 64/95/7 65/94/7
f 338/89/7 313/90/7 48/96/7 64/95/7
f 337/77/4 336/97/4 328/98/4 329/78/4
f 336/97/4 335/99/4 327/100/4 328/98/4
f 335/99/4 334/101/4 326/102/4 327/100/4
f 334/101/4 333/103/4 325/104/4 326/102/4
f 333/103/4 332/105/4 324/106/4 325/104/4
f 332/105/4 331/107/4 323/108/4 324/106/4
f 331/107/4 330/109/4 322/110/4 323/108/4
f 330/109/4 305/111/4 301/112/4 322/110/4
f 329/78/5 328/98/5 320/113/5 321/84/5
f 328/98/5 327/100/5 319/114/5 320/113/5
f 327/100/5 326/102/5 318/115/5 319/114/5
f 326/102/5 325/104/5 317/116/5 318/115/5
f 325/104/5 324/106/5 316/117/5 317/116/5
f 324/106/5 323/108/5 315/118/5 316/117/5
f 323/108/5 322/110/5 314/119/5 315/118/5
f 322/110/5 301/112/5 297/120/5 314/119/5
f 321/84/6 320/113/6 312/121/6 313/90/6
f 320/113/6 319/114/6 311/122/6 312/121/6
f 319/114/6 318/115/6 310/123/6 311/122/6
f 318/115/6 317/116/6 309/124/6 310/123/6
f 317/116/6 316/117/6 308/125/6 309/124/6
f 303/126/4 359/127/4 358/128/4 302/129/4
f 304/130/4 360/131/4 359/127/4 303/126/4
f 305/111/4 361/132/4 360/131/4 304/130/4
f 316/117/6 315/118/6 307/133/6 308/125/6
f 798/134/8 799/135/8 794/136/8 793/137/8
f 797/66/8 798/134/8 793/137/8 792/138/8
f 796/64/8 797/66/8 792/138/8 791/139/8
f 795/62/8 796/64/8 791/139/8 790/140/8
f 363/141/9 362/142/9 358/128/9 359/127/9
f 364/143/9 363/141/9 359/127/9 360/131/9
f 365/144/9 364/143/9 360/131/9 361/132/9
f 754/36/8 795/62/8 790/140/8 746/145/8
f 315/118/6 314/119/6 306/146/6 307/133/6
f 314/119/6 297/120/6 293/147/6 306/146/6
f 313/90/7 312/121/7 47/148/7 48/96/7
f 794/136/10 789/149/10 788/150/10 793/137/10
f 363/141/11 367/151/11 366/152/11 362/142/11
f 364/143/11 368/153/11 367/151/11 363/141/11
f 365/144/11 369/154/11 368/153/11 364/143/11
f 793/137/10 788/150/10 787/155/10 792/138/10
f 792/138/10 787/155/10 786/156/10 791/139/10
f 791/139/10 786/156/10 785/157/10 790/140/10
f 790/140/10 785/157/10 738/158/10 746/145/10
f 312/121/7 311/122/7 46/159/7 47/148/7
f 371/160/11 370/161/11 366/152/11 367/151/11
f 372/162/11 371/160/11 367/151/11 368/153/11
f 373/163/11 372/162/11 368/153/11 369/154/11
f 311/122/7 310/123/7 45/164/7 46/159/7
f 310/123/7 309/124/7 44/165/7 45/164/7
f 788/150/10 789/149/10 784/166/10 783/167/10
f 787/155/10 788/150/10 783/167/10 782/168/10
f 786/156/10 787/155/10 782/168/10 781/169/10
f 375/170/11 374/171/11 370/161/11 371/160/11
f 376/172/11 375/170/11 371/160/11 372/162/11
f 377/173/11 376/172/11 372/162/11 373/163/11
f 785/157/10 786/156/10 781/169/10 780/174/10
f 738/158/10 785/157/10 780/174/10 730/175/10
f 309/124/7 308/125/7 43/176/7 44/165/7
f 308/125/7 307/133/7 42/177/7 43/176/7
f 307/133/7 306/146/7 41/178/7 42/177/7
f 375/170/12 379/179/12 378/180/12 374/171/12
f 376/172/12 380/181/12 379/179/12 375/170/12
f 377/173/12 381/182/12 380/181/12 376/172/12
f 783/167/10 784/166/10 779/183/10 778/184/10
f 782/168/10 783/167/10 778/184/10 777/185/10
f 781/169/10 782/168/10 777/185/10 776/186/10
f 780/174/10 781/169/10 776/186/10 775/187/10
f 730/175/10 780/174/10 775/187/10 722/188/10
f 379/179/12 383/189/12 382/190/12 378/180/12
f 380/181/12 384/191/12 383/189/12 379/179/12
f 381/182/12 385/192/12 384/191/12 380/181/12
f 306/146/7 293/147/7 16/193/7 41/178/7
f 305/111/4 304/130/4 300/194/4 301/112/4
f 304/130/4 303/126/4 299/195/4 300/194/4
f 779/183/13 774/196/13 773/197/13 778/184/13
f 778/184/13 773/197/13 772/198/13 777/185/13
f 387/199/12 386/200/12 382/190/12 383/189/12
f 388/201/12 387/199/12 383/189/12 384/191/12
f 389/202/12 388/201/12 384/191/12 385/192/12
f 777/185/13 772/198/13 771/203/13 776/186/13
f 776/186/13 771/203/13 770/204/13 775/187/13
f 775/187/13 770/204/13 714/205/13 722/188/13
f 303/126/4 302/129/4 298/206/4 299/195/4
f 851/207/1 798/134/1 797/66/1 850/65/1
f 387/199/14 391/208/14 390/209/14 386/200/14
f 388/201/14 392/210/14 391/208/14 387/199/14
f 389/202/14 393/211/14 392/210/14 388/201/14
f 330/109/4 394/212/4 361/132/4 305/111/4
f 331/107/4 395/213/4 394/212/4 330/109/4
f 332/105/4 396/214/4 395/213/4 331/107/4
f 333/103/4 397/215/4 396/214/4 332/105/4
f 334/101/4 398/216/4 397/215/4 333/103/4
f 335/99/4 399/217/4 398/216/4 334/101/4
f 336/97/4 400/218/4 399/217/4 335/99/4
f 337/77/4 401/219/4 400/218/4 336/97/4
f 402/220/9 365/144/9 361/132/9 394/212/9
f 403/221/9 402/220/9 394/212/9 395/213/9
f 404/222/9 403/221/9 395/213/9 396/214/9
f 405/223/9 404/222/9 396/214/9 397/215/9
f 406/224/9 405/223/9 397/215/9 398/216/9
f 407/225/9 406/224/9 398/216/9 399/217/9
f 408/226/9 407/225/9 399/217/9 400/218/9
f 409/227/9 408/226/9 400/218/9 401/219/9
f 402/220/11 410/228/11 369/154/11 365/144/11
f 403/221/11 411/229/11 410/228/11 402/220/11
f 404/222/11 412/230/11 411/229/11 403/221/11
f 405/223/11 413/231/11 412/230/11 404/222/11
f 406/224/11 414/232/11 413/231/11 405/223/11
f 407/225/11 415/233/11 414/232/11 406/224/11
f 408/226/11 416/234/11 415/233/11 407/225/11
f 409/227/11 417/235/11 416/234/11 408/226/11
f 418/236/11 373/163/11 369/154/11 410/228/11
f 419/237/11 418/236/11 410/228/11 411/229/11
f 420/238/11 419/237/11 411/229/11 412/230/11
f 421/239/11 420/238/11 412/230/11 413/231/11
f 422/240/11 421/239/11 413/231/11 414/232/11
f 423/241/11 422/240/11 414/232/11 415/233/11
f 424/242/11 423/241/11 415/233/11 416/234/11
f 425/243/11 424/242/11 416/234/11 417/235/11
f 426/244/11 377/173/11 373/163/11 418/236/11
f 427/245/11 426/244/11 418/236/11 419/237/11
f 428/246/11 427/245/11 419/237/11 420/238/11
f 429/247/11 428/246/11 420/238/11 421/239/11
f 430/248/11 429/247/11 421/239/11 422/240/11
f 431/249/11 430/248/11 422/240/11 423/241/11
f 432/250/11 431/249/11 423/241/11 424/242/11
f 433/251/11 432/250/11 424/242/11 425/243/11
f 426/244/12 434/252/12 381/182/12 377/173/12
f 427/245/12 435/253/12 434/252/12 426/244/12
f 428/246/12 436/254/12 435/253/12 427/245/12
f 429/247/12 437/255/12 436/254/12 428/246/12
f 430/248/12 438/256/12 437/255/12 429/247/12
f 431/249/12 439/257/12 438/256/12 430/248/12
f 432/250/12 440/258/12 439/257/12 431/249/12
f 433/251/12 441/259/12 440/258/12 432/250/12
f 434/252/12 442/260/12 385/192/12 381/182/12
f 435/253/12 443/261/12 442/260/12 434/252/12
f 436/254/12 444/262/12 443/261/12 435/253/12
f 437/255/12 445/263/12 444/262/12 436/254/12
f 438/256/12 446/264/12 445/263/12 437/255/12
f 439/257/12 447/265/12 446/264/12 438/256/12
f 440/258/12 448/266/12 447/265/12 439/257/12
f 441/259/12 449/267/12 448/266/12 440/258/12
f 450/268/12 389/202/12 385/192/12 442/260/12
f 451/269/12 450/268/12 442/260/12 443/261/12
f 452/270/12 451/269/12 443/261/12 444/262/12
f 453/271/12 452/270/12 444/262/12 445/263/12
f 454/272/12 453/271/12 445/263/12 446/264/12
f 455/273/12 454/272/12 446/264/12 447/265/12
f 456/274/12 455/273/12 447/265/12 448/266/12
f 457/275/12 456/274/12 448/266/12 449/267/12
f 450/268/14 458/276/14 393/211/14 389/202/14
f 451/269/14 459/277/14 458/276/14 450/268/14
f 452/270/14 460/278/14 459/277/14 451/269/14
f 453/271/14 461/279/14 460/278/14 452/270/14
f 454/272/14 462/280/14 461/279/14 453/271/14
f 455/273/14 463/281/14 462/280/14 454/272/14
f 456/274/14 464/282/14 463/281/14 455/273/14
f 457/275/14 465/283/14 464/282/14 456/274/14
f 353/75/4 466/284/4 401/219/4 337/77/4
f 354/73/4 467/285/4 466/284/4 353/75/4
f 355/71/4 468/286/4 467/285/4 354/73/4
f 356/68/4 469/287/4 468/286/4 355/71/4
f 357/67/4 470/288/4 469/287/4 356/68/4
f 852/289/1 799/135/1 798/134/1 851/207/1
f 301/112/5 300/194/5 296/290/5 297/120/5
f 300/194/5 299/195/5 295/291/5 296/290/5
f 471/292/9 409/227/9 401/219/9 466/284/9
f 472/293/9 471/292/9 466/284/9 467/285/9
f 473/294/9 472/293/9 467/285/9 468/286/9
f 474/295/9 473/294/9 468/286/9 469/287/9
f 475/296/9 474/295/9 469/287/9 470/288/9
f 299/195/5 298/206/5 294/297/5 295/291/5
f 831/44/1 853/298/1 848/61/1 823/35/1
f 853/298/1 854/299/1 849/63/1 848/61/1
f 471/292/11 476/300/11 417/235/11 409/227/11
f 472/293/11 477/301/11 476/300/11 471/292/11
f 473/294/11 478/302/11 477/301/11 472/293/11
f 474/295/11 479/303/11 478/302/11 473/294/11
f 475/296/11 480/304/11 479/303/11 474/295/11
f 854/299/1 855/305/1 850/65/1 849/63/1
f 855/305/1 856/306/1 851/207/1 850/65/1
f 856/306/1 857/307/1 852/289/1 851/207/1
f 481/308/11 425/243/11 417/235/11 476/300/11
f 482/309/11 481/308/11 476/300/11 477/301/11
f 483/310/11 482/309/11 477/301/11 478/302/11
f 484/311/11 483/310/11 478/302/11 479/303/11
f 485/312/11 484/311/11 479/303/11 480/304/11
f 297/120/6 296/290/6 292/313/6 293/147/6
f 296/290/6 295/291/6 291/314/6 292/313/6
f 295/291/6 294/297/6 290/315/6 291/314/6
f 486/316/11 433/251/11 425/243/11 481/308/11
f 487/317/11 486/316/11 481/308/11 482/309/11
f 488/318/11 487/317/11 482/309/11 483/310/11
f 489/319/11 488/318/11 483/310/11 484/311/11
f 490/320/11 489/319/11 484/311/11 485/312/11
f 839/52/2 858/321/2 853/298/2 831/44/2
f 858/321/2 859/322/2 854/299/2 853/298/2
f 293/147/7 292/313/7 15/323/7 16/193/7
f 486/316/12 491/324/12 441/259/12 433/251/12
f 487/317/12 492/325/12 491/324/12 486/316/12
f 488/318/12 493/326/12 492/325/12 487/317/12
f 489/319/12 494/327/12 493/326/12 488/318/12
f 490/320/12 495/328/12 494/327/12 489/319/12
f 292/313/7 291/314/7 14/329/7 15/323/7
f 291/314/7 290/315/7 13/330/7 14/329/7
f 859/322/2 860/331/2 855/305/2 854/299/2
f 491/324/12 496/332/12 449/267/12 441/259/12
f 492/325/12 497/333/12 496/332/12 491/324/12
f 493/326/12 498/334/12 497/333/12 492/325/12
f 494/327/12 499/335/12 498/334/12 493/326/12
f 495/328/12 500/336/12 499/335/12 494/327/12
f 860/331/2 861/337/2 856/306/2 855/305/2
f 861/337/2 862/338/2 857/307/2 856/306/2
f 847/60/3 863/339/3 858/321/3 839/52/3
f 501/340/12 457/275/12 449/267/12 496/332/12
f 502/341/12 501/340/12 496/332/12 497/333/12
f 503/342/12 502/341/12 497/333/12 498/334/12
f 504/343/12 503/342/12 498/334/12 499/335/12
f 505/344/12 504/343/12 499/335/12 500/336/12
f 863/339/3 864/345/3 859/322/3 858/321/3
f 864/345/3 865/346/3 860/331/3 859/322/3
f 865/346/3 866/347/3 861/337/3 860/331/3
f 501/340/14 506/348/14 465/283/14 457/275/14
f 502/341/14 507/349/14 506/348/14 501/340/14
f 503/342/14 508/350/14 507/349/14 502/341/14
f 504/343/14 509/351/14 508/350/14 503/342/14
f 505/344/14 510/352/14 509/351/14 504/343/14
f 866/347/3 867/353/3 862/338/3 861/337/3
f 876/354/15 877/355/15 873/356/15 872/357/15
f 869/358/16 877/355/16 876/354/16 868/359/16
f 877/355/15 878/360/15 874/361/15 873/356/15
f 870/362/16 878/360/16 877/355/16 869/358/16
f 878/360/15 879/363/15 875/364/15 874/361/15
f 871/365/16 879/363/16 878/360/16 870/362/16
f 873/356/15 881/366/15 880/367/15 872/357/15
f 874/361/15 882/368/15 881/366/15 873/356/15
f 875/364/15 883/369/15 882/368/15 874/361/15
f 888/370/17 889/371/17 885/372/17 884/373/17
f 889/371/17 890/374/17 886/375/17 885/372/17
f 890/374/17 891/376/17 887/377/17 886/375/17
f 892/378/17 893/379/17 889/371/17 888/370/17
f 881/366/15 893/379/15 892/378/15 880/367/15
f 893/379/17 894/380/17 890/374/17 889/371/17
f 882/368/15 894/380/15 893/379/15 881/366/15
f 894/380/17 895/381/17 891/376/17 890/374/17
f 883/369/15 895/381/15 894/380/15 882/368/15
f 900/382/18 901/383/18 897/384/18 896/385/18
f 885/372/17 901/383/17 900/382/17 884/373/17
f 901/383/18 902/386/18 898/387/18 897/384/18
f 886/375/17 902/386/17 901/383/17 885/372/17
f 902/386/18 903/388/18 899/389/18 898/387/18
f 887/377/17 903/388/17 902/386/17 886/375/17
f 879/363/15 920/390/15 912/391/15 875/364/15
f 904/392/16 920/390/16 879/363/16 871/365/16
f 920/390/15 921/393/15 913/394/15 912/391/15
f 905/395/16 921/393/16 920/390/16 904/392/16
f 921/393/15 922/396/15 914/397/15 913/394/15
f 906/398/16 922/396/16 921/393/16 905/395/16
f 922/396/15 923/399/15 915/400/15 914/397/15
f 907/401/16 923/399/16 922/396/16 906/398/16
f 923/399/15 924/402/15 916/403/15 915/400/15
f 908/404/16 924/402/16 923/399/16 907/401/16
f 924/402/15 925/405/15 917/406/15 916/403/15
f 909/407/16 925/405/16 924/402/16 908/404/16
f 925/405/15 926/408/15 918/409/15 917/406/15
f 910/410/16 926/408/16 925/405/16 909/407/16
f 926/408/15 927/411/15 919/412/15 918/409/15
f 911/413/16 927/411/16 926/408/16 910/410/16
f 912/391/15 928/414/15 883/369/15 875/364/15
f 913/394/15 929/415/15 928/414/15 912/391/15
f 914/397/15 930/416/15 929/415/15 913/394/15
f 915/400/15 931/417/15 930/416/15 914/397/15
f 916/403/15 932/418/15 931/417/15 915/400/15
f 917/406/15 933/419/15 932/418/15 916/403/15
f 918/409/15 934/420/15 933/419/15 917/406/15
f 919/412/15 935/421/15 934/420/15 918/409/15
f 891/376/17 944/422/17 936/423/17 887/377/17
f 944/422/17 945/424/17 937/425/17 936/423/17
f 945/424/17 946/426/17 938/427/17 937/425/17
f 946/426/17 947/428/17 939/429/17 938/427/17
f 947/428/17 948/430/17 940/431/17 939/429/17
f 948/430/17 949/432/17 941/433/17 940/431/17
f 949/432/17 950/434/17 942/435/17 941/433/17
f 950/434/17 951/436/17 943/437/17 942/435/17
f 895/381/17 952/438/17 944/422/17 891/376/17
f 928/414/15 952/438/15 895/381/15 883/369/15
f 952/438/17 953/439/17 945/424/17 944/422/17
f 929/415/15 953/439/15 952/438/15 928/414/15
f 953/439/17 954/440/17 946/426/17 945/424/17
f 930/416/15 954/440/15 953/439/15 929/415/15
f 954/440/17 955/441/17 947/428/17 946/426/17
f 931/417/15 955/441/15 954/440/15 930/416/15
f 955/441/17 956/442/17 948/430/17 947/428/17
f 932/418/15 956/442/15 955/441/15 931/417/15
f 956/442/17 957/443/17 949/432/17 948/430/17
f 933/419/15 957/443/15 956/442/15 932/418/15
f 957/443/17 958/444/17 950/434/17 949/432/17
f 934/420/15 958/444/15 957/443/15 933/419/15
f 958/444/17 959/445/17 951/436/17 950/434/17
f 935/421/15 959/445/15 958/444/15 934/420/15
f 903/388/18 968/446/18 960/447/18 899/389/18
f 936/423/17 968/446/17 903/388/17 887/377/17
f 968/446/18 969/448/18 961/449/18 960/447/18
f 937/425/17 969/448/17 968/446/17 936/423/17
f 969/448/18 970/450/18 962/451/18 961/449/18
f 938/427/17 970/450/17 969/448/17 937/425/17
f 970/450/18 971/452/18 963/453/18 962/451/18
f 939/429/17 971/452/17 970/450/17 938/427/17
f 971/452/18 972/454/18 964/455/18 963/453/18
f 940/431/17 972/454/17 971/452/17 939/429/17
f 972/454/18 973/456/18 965/457/18 964/455/18
f 941/433/17 973/456/17 972/454/17 940/431/17
f 973/456/18 974/458/18 966/459/18 965/457/18
f 942/435/17 974/458/17 973/456/17 941/433/17
f 974/458/18 975/460/18 967/461/18 966/459/18
f 943/437/17 975/460/17 974/458/17 942/435/17
f 927/411/15 986/462/15 981/463/15 919/412/15
f 976/464/16 986/462/16 927/411/16 911/413/16
f 986/462/15 987/465/15 982/466/15 981/463/15
f 977/467/16 987/465/16 986/462/16 976/464/16
f 987/465/15 988/468/15 983/469/15 982/466/15
f 978/470/16 988/468/16 987/465/16 977/467/16
f 774/196/13 769/471/13 768/472/13 773/197/13
f 773/197/13 768/472/13 767/473/13 772/198/13
f 772/198/13 767/473/13 766/474/13 771/203/13
f 771/203/13 766/474/13 765/475/13 770/204/13
f 770/204/13 765/475/13 706/476/13 714/205/13
f 988/468/15 989/477/15 984/478/15 983/469/15
f 979/479/16 989/477/16 988/468/16 978/470/16
f 989/477/15 990/480/15 985/481/15 984/478/15
f 768/472/13 769/471/13 764/482/13 763/483/13
f 767/473/13 768/472/13 763/483/13 762/484/13
f 766/474/13 767/473/13 762/484/13 761/485/13
f 765/475/13 766/474/13 761/485/13 760/486/13
f 706/476/13 765/475/13 760/486/13 698/487/13
f 980/488/16 990/480/16 989/477/16 979/479/16
f 981/463/15 991/489/15 935/421/15 919/412/15
f 982/466/15 992/490/15 991/489/15 981/463/15
f 764/482/19 759/491/19 758/492/19 763/483/19
f 763/483/19 758/492/19 757/493/19 762/484/19
f 762/484/19 757/493/19 756/494/19 761/485/19
f 761/485/19 756/494/19 755/495/19 760/486/19
f 760/486/19 755/495/19 690/496/19 698/487/19
f 983/469/15 993/497/15 992/490/15 982/466/15
f 984/478/15 994/498/15 993/497/15 983/469/15
f 985/481/15 995/499/15 994/498/15 984/478/15
f 758/492/20 759/491/20 646/500/20 645/501/20
f 757/493/20 758/492/20 645/501/20 644/502/20
f 756/494/20 757/493/20 644/502/20 643/503/20
f 755/495/20 756/494/20 643/503/20 642/504/20
f 690/496/20 755/495/20 642/504/20 626/505/20
f 753/34/8 754/36/8 746/145/8 745/506/8
f 752/32/8 753/34/8 745/506/8 744/507/8
f 751/30/8 752/32/8 744/507/8 743/508/8
f 750/28/8 751/30/8 743/508/8 742/509/8
f 749/26/8 750/28/8 742/509/8 741/510/8
f 748/24/8 749/26/8 741/510/8 740/511/8
f 747/22/8 748/24/8 740/511/8 739/512/8
f 682/8/8 747/22/8 739/512/8 678/513/8
f 746/145/10 738/158/10 737/514/10 745/506/10
f 745/506/10 737/514/10 736/515/10 744/507/10
f 744/507/10 736/515/10 735/516/10 743/508/10
f 743/508/10 735/516/10 734/517/10 742/509/10
f 742/509/10 734/517/10 733/518/10 741/510/10
f 741/510/10 733/518/10 732/519/10 740/511/10
f 740/511/10 732/519/10 731/520/10 739/512/10
f 739/512/10 731/520/10 674/521/10 678/513/10
f 737/514/10 738/158/10 730/175/10 729/522/10
f 736/515/10 737/514/10 729/522/10 728/523/10
f 735/516/10 736/515/10 728/523/10 727/524/10
f 734/517/10 735/516/10 727/524/10 726/525/10
f 733/518/10 734/517/10 726/525/10 725/526/10
f 732/519/10 733/518/10 725/526/10 724/527/10
f 731/520/10 732/519/10 724/527/10 723/528/10
f 674/521/10 731/520/10 723/528/10 670/529/10
f 729/522/10 730/175/10 722/188/10 721/530/10
f 728/523/10 729/522/10 721/530/10 720/531/10
f 727/524/10 728/523/10 720/531/10 719/532/10
f 726/525/10 727/524/10 719/532/10 718/533/10
f 725/526/10 726/525/10 718/533/10 717/534/10
f 724/527/10 725/526/10 717/534/10 716/535/10
f 723/528/10 724/527/10 716/535/10 715/536/10
f 670/529/10 723/528/10 715/536/10 666/537/10
f 722/188/13 714/205/13 713/538/13 721/530/13
f 721/530/13 713/538/13 712/539/13 720/531/13
f 720/531/13 712/539/13 711/540/13 719/532/13
f 719/532/13 711/540/13 710/541/13 718/533/13
f 718/533/13 710/541/13 709/542/13 717/534/13
f 717/534/13 709/542/13 708/543/13 716/535/13
f 716/535/13 708/543/13 707/544/13 715/536/13
f 715/536/13 707/544/13 662/545/13 666/537/13
f 714/205/13 706/476/13 705/546/13 713/538/13
f 713/538/13 705/546/13 704/547/13 712/539/13
f 712/539/13 704/547/13 703/548/13 711/540/13
f 711/540/13 703/548/13 702/549/13 710/541/13
f 710/541/13 702/549/13 701/550/13 709/542/13
f 709/542/13 701/550/13 700/551/13 708/543/13
f 708/543/13 700/551/13 699/552/13 707/544/13
f 707/544/13 699/552/13 658/553/13 662/545/13
f 705/546/13 706/476/13 698/487/13 697/554/13
f 704/547/13 705/546/13 697/554/13 696/555/13
f 703/548/13 704/547/13 696/555/13 695/556/13
f 702/549/13 703/548/13 695/556/13 694/557/13
f 701/550/13 702/549/13 694/557/13 693/558/13
f 700/551/13 701/550/13 693/558/13 692/559/13
f 699/552/13 700/551/13 692/559/13 691/560/13
f 658/553/13 699/552/13 691/560/13 654/561/13
f 698/487/19 690/496/19 689/562/19 697/554/19
f 697/554/19 689/562/19 688/563/19 696/555/19
f 696/555/19 688/563/19 687/564/19 695/556/19
f 695/556/19 687/564/19 686/565/19 694/557/19
f 694/557/19 686/565/19 685/566/19 693/558/19
f 693/558/19 685/566/19 684/567/19 692/559/19
f 692/559/19 684/567/19 683/568/19 691/560/19
f 691/560/19 683/568/19 650/569/19 654/561/19
f 689/562/20 690/496/20 626/505/20 625/570/20
f 688/563/20 689/562/20 625/570/20 624/571/20
f 687/564/20 688/563/20 624/571/20 623/572/20
f 686/565/20 687/564/20 623/572/20 622/573/20
f 685/566/20 686/565/20 622/573/20 621/574/20
f 684/567/20 685/566/20 621/574/20 620/575/20
f 683/568/20 684/567/20 620/575/20 619/576/20
f 650/569/20 683/568/20 619/576/20 594/577/20
f 681/6/8 682/8/8 678/513/8 677/578/8
f 680/2/8 681/6/8 677/578/8 676/579/8
f 679/3/8 680/2/8 676/579/8 675/580/8
f 678/513/10 674/521/10 673/581/10 677/578/10
f 677/578/10 673/581/10 672/582/10 676/579/10
f 676/579/10 672/582/10 671/583/10 675/580/10
f 673/581/10 674/521/10 670/529/10 669/584/10
f 672/582/10 673/581/10 669/584/10 668/585/10
f 671/583/10 672/582/10 668/585/10 667/586/10
f 669/584/10 670/529/10 666/537/10 665/587/10
f 668/585/10 669/584/10 665/587/10 664/588/10
f 667/586/10 668/585/10 664/588/10 663/589/10
f 666/537/13 662/545/13 661/590/13 665/587/13
f 665/587/13 661/590/13 660/591/13 664/588/13
f 664/588/13 660/591/13 659/592/13 663/589/13
f 662/545/13 658/553/13 657/593/13 661/590/13
f 661/590/13 657/593/13 656/594/13 660/591/13
f 660/591/13 656/594/13 655/595/13 659/592/13
f 657/593/13 658/553/13 654/561/13 653/596/13
f 656/594/13 657/593/13 653/596/13 652/597/13
f 655/595/13 656/594/13 652/597/13 651/598/13
f 654/561/19 650/569/19 649/599/19 653/596/19
f 653/596/19 649/599/19 648/600/19 652/597/19
f 652/597/19 648/600/19 647/601/19 651/598/19
f 649/599/20 650/569/20 594/577/20 593/602/20
f 648/600/20 649/599/20 593/602/20 592/603/20
f 647/601/20 648/600/20 592/603/20 591/604/20
f 951/436/17 1001/605/17 996/606/17 943/437/17
f 1001/605/17 1002/607/17 997/608/17 996/606/17
f 1002/607/17 1003/609/17 998/610/17 997/608/17
f 1003/609/17 1004/611/17 999/612/17 998/610/17
f 1004/611/17 1005/613/17 1000/614/17 999/612/17
f 959/445/17 1006/615/17 1001/605/17 951/436/17
f 991/489/15 1006/615/15 959/445/15 935/421/15
f 1006/615/17 1007/616/17 1002/607/17 1001/605/17
f 992/490/15 1007/616/15 1006/615/15 991/489/15
f 1007/616/17 1008/617/17 1003/609/17 1002/607/17
f 993/497/15 1008/617/15 1007/616/15 992/490/15
f 1008/617/17 1009/618/17 1004/611/17 1003/609/17
f 994/498/15 1009/618/15 1008/617/15 993/497/15
f 1009/618/17 1010/619/17 1005/613/17 1004/611/17
f 995/499/15 1010/619/15 1009/618/15 994/498/15
f 975/460/18 1016/620/18 1011/621/18 967/461/18
f 996/606/17 1016/620/17 975/460/17 943/437/17
f 1016/620/18 1017/622/18 1012/623/18 1011/621/18
f 997/608/17 1017/622/17 1016/620/17 996/606/17
f 1017/622/18 1018/624/18 1013/625/18 1012/623/18
f 998/610/17 1018/624/17 1017/622/17 997/608/17
f 1018/624/18 1019/626/18 1014/627/18 1013/625/18
f 999/612/17 1019/626/17 1018/624/17 998/610/17
f 1019/626/18 1020/628/18 1015/629/18 1014/627/18
f 1000/614/17 1020/628/17 1019/626/17 999/612/17
f 289/630/21 279/631/21 278/632/21 288/633/21
f 289/630/22 288/633/22 120/634/22 121/635/22
f 288/633/21 278/632/21 277/636/21 287/637/21
f 288/633/22 287/637/22 119/638/22 120/634/22
f 287/637/21 277/636/21 276/639/21 286/640/21
f 287/637/22 286/640/22 118/641/22 119/638/22
f 286/640/21 276/639/21 275/642/21 285/643/21
f 286/640/22 285/643/22 117/644/22 118/641/22
f 285/643/21 275/642/21 228/645/21 244/646/21
f 285/643/22 244/646/22 92/647/22 117/644/22
f 284/648/23 274/649/23 273/650/23 283/651/23
f 284/648/23 283/651/23 278/632/23 279/631/23
f 283/651/23 273/650/23 272/652/23 282/653/23
f 283/651/23 282/653/23 277/636/23 278/632/23
f 512/654/24 511/655/24 390/209/24 391/208/24
f 513/656/24 512/654/24 391/208/24 392/210/24
f 514/657/24 513/656/24 392/210/24 393/211/24
f 282/653/23 272/652/23 271/658/23 281/659/23
f 282/653/23 281/659/23 276/639/23 277/636/23
f 281/659/23 271/658/23 270/660/23 280/661/23
f 281/659/23 280/661/23 275/642/23 276/639/23
f 280/661/23 270/660/23 220/662/23 236/663/23
f 512/654/24 516/664/24 515/665/24 511/655/24
f 513/656/24 517/666/24 516/664/24 512/654/24
f 514/657/24 518/667/24 517/666/24 513/656/24
f 280/661/23 236/663/23 228/645/23 275/642/23
f 274/649/23 259/668/23 258/669/23 273/650/23
f 273/650/23 258/669/23 257/670/23 272/652/23
f 272/652/23 257/670/23 256/671/23 271/658/23
f 271/658/23 256/671/23 255/672/23 270/660/23
f 516/664/25 520/673/25 519/674/25 515/665/25
f 517/666/25 521/675/25 520/673/25 516/664/25
f 518/667/25 522/676/25 521/675/25 517/666/25
f 270/660/23 255/672/23 196/677/23 220/662/23
f 269/678/26 249/679/26 248/680/26 268/681/26
f 269/678/26 268/681/26 263/682/26 264/683/26
f 268/681/26 248/680/26 247/684/26 267/685/26
f 268/681/26 267/685/26 262/686/26 263/682/26
f 520/673/27 524/687/27 523/688/27 519/674/27
f 521/675/27 525/689/27 524/687/27 520/673/27
f 522/676/27 526/690/27 525/689/27 521/675/27
f 527/691/24 514/657/24 393/211/24 458/276/24
f 528/692/24 527/691/24 458/276/24 459/277/24
f 529/693/24 528/692/24 459/277/24 460/278/24
f 530/694/24 529/693/24 460/278/24 461/279/24
f 531/695/24 530/694/24 461/279/24 462/280/24
f 532/696/24 531/695/24 462/280/24 463/281/24
f 533/697/24 532/696/24 463/281/24 464/282/24
f 534/698/24 533/697/24 464/282/24 465/283/24
f 527/691/24 535/699/24 518/667/24 514/657/24
f 528/692/24 536/700/24 535/699/24 527/691/24
f 529/693/24 537/701/24 536/700/24 528/692/24
f 530/694/24 538/702/24 537/701/24 529/693/24
f 531/695/24 539/703/24 538/702/24 530/694/24
f 532/696/24 540/704/24 539/703/24 531/695/24
f 533/697/24 541/705/24 540/704/24 532/696/24
f 534/698/24 542/706/24 541/705/24 533/697/24
f 535/699/25 543/707/25 522/676/25 518/667/25
f 536/700/25 544/708/25 543/707/25 535/699/25
f 537/701/25 545/709/25 544/708/25 536/700/25
f 538/702/25 546/710/25 545/709/25 537/701/25
f 539/703/25 547/711/25 546/710/25 538/702/25
f 540/704/25 548/712/25 547/711/25 539/703/25
f 541/705/25 549/713/25 548/712/25 540/704/25
f 542/706/25 550/714/25 549/713/25 541/705/25
f 543/707/27 551/715/27 526/690/27 522/676/27
f 544/708/27 552/716/27 551/715/27 543/707/27
f 545/709/27 553/717/27 552/716/27 544/708/27
f 546/710/27 554/718/27 553/717/27 545/709/27
f 547/711/27 555/719/27 554/718/27 546/710/27
f 548/712/27 556/720/27 555/719/27 547/711/27
f 549/713/27 557/721/27 556/720/27 548/712/27
f 550/714/27 558/722/27 557/721/27 549/713/27
f 559/723/24 534/698/24 465/283/24 506/348/24
f 560/724/24 559/723/24 506/348/24 507/349/24
f 561/725/24 560/724/24 507/349/24 508/350/24
f 562/726/24 561/725/24 508/350/24 509/351/24
f 563/727/24 562/726/24 509/351/24 510/352/24
f 267/685/26 247/684/26 246/728/26 266/729/26
f 267/685/26 266/729/26 261/730/26 262/686/26
f 266/729/26 246/728/26 245/731/26 265/732/26
f 559/723/24 564/733/24 542/706/24 534/698/24
f 560/724/24 565/734/24 564/733/24 559/723/24
f 561/725/24 566/735/24 565/734/24 560/724/24
f 562/726/24 567/736/24 566/735/24 561/725/24
f 563/727/24 568/737/24 567/736/24 562/726/24
f 266/729/26 265/732/26 260/738/26 261/730/26
f 265/732/26 245/731/26 180/739/26 212/740/26
f 265/732/26 212/740/26 204/741/26 260/738/26
f 564/733/25 569/742/25 550/714/25 542/706/25
f 565/734/25 570/743/25 569/742/25 564/733/25
f 566/735/25 571/744/25 570/743/25 565/734/25
f 567/736/25 572/745/25 571/744/25 566/735/25
f 568/737/25 573/746/25 572/745/25 567/736/25
f 264/683/26 263/682/26 258/669/26 259/668/26
f 263/682/26 262/686/26 257/670/26 258/669/26
f 262/686/26 261/730/26 256/671/26 257/670/26
f 569/742/27 574/747/27 558/722/27 550/714/27
f 570/743/27 575/748/27 574/747/27 569/742/27
f 571/744/27 576/749/27 575/748/27 570/743/27
f 572/745/27 577/750/27 576/749/27 571/744/27
f 573/746/27 578/751/27 577/750/27 572/745/27
f 261/730/26 260/738/26 255/672/26 256/671/26
f 260/738/26 204/741/26 196/677/26 255/672/26
f 254/752/28 53/753/28 52/754/28 253/755/28
f 254/752/29 253/755/29 248/680/29 249/679/29
f 253/755/28 52/754/28 51/756/28 252/757/28
f 253/755/29 252/757/29 247/684/29 248/680/29
f 252/757/28 51/756/28 50/758/28 251/759/28
f 252/757/29 251/759/29 246/728/29 247/684/29
f 251/759/28 50/758/28 49/760/28 250/761/28
f 251/759/29 250/761/29 245/731/29 246/728/29
f 250/761/28 49/760/28 24/762/28 188/763/28
f 250/761/29 188/763/29 180/739/29 245/731/29
f 244/646/21 228/645/21 227/764/21 243/765/21
f 244/646/22 243/765/22 91/766/22 92/647/22
f 243/765/21 227/764/21 226/767/21 242/768/21
f 243/765/22 242/768/22 90/769/22 91/766/22
f 242/768/21 226/767/21 225/770/21 241/771/21
f 242/768/22 241/771/22 89/772/22 90/769/22
f 241/771/21 225/770/21 224/773/21 240/774/21
f 241/771/22 240/774/22 88/775/22 89/772/22
f 240/774/21 224/773/21 223/776/21 239/777/21
f 240/774/22 239/777/22 87/778/22 88/775/22
f 239/777/21 223/776/21 222/779/21 238/780/21
f 239/777/22 238/780/22 86/781/22 87/778/22
f 238/780/21 222/779/21 221/782/21 237/783/21
f 238/780/22 237/783/22 85/784/22 86/781/22
f 237/783/21 221/782/21 164/785/21 172/786/21
f 237/783/22 172/786/22 72/787/22 85/784/22
f 236/663/23 220/662/23 219/788/23 235/789/23
f 236/663/23 235/789/23 227/764/23 228/645/23
f 235/789/23 219/788/23 218/790/23 234/791/23
f 235/789/23 234/791/23 226/767/23 227/764/23
f 234/791/23 218/790/23 217/792/23 233/793/23
f 234/791/23 233/793/23 225/770/23 226/767/23
f 233/793/23 217/792/23 216/794/23 232/795/23
f 233/793/23 232/795/23 224/773/23 225/770/23
f 232/795/23 216/794/23 215/796/23 231/797/23
f 232/795/23 231/797/23 223/776/23 224/773/23
f 231/797/23 215/796/23 214/798/23 230/799/23
f 231/797/23 230/799/23 222/779/23 223/776/23
f 230/799/23 214/798/23 213/800/23 229/801/23
f 230/799/23 229/801/23 221/782/23 222/779/23
f 229/801/23 213/800/23 160/802/23 168/803/23
f 229/801/23 168/803/23 164/785/23 221/782/23
f 220/662/23 196/677/23 195/804/23 219/788/23
f 219/788/23 195/804/23 194/805/23 218/790/23
f 218/790/23 194/805/23 193/806/23 217/792/23
f 217/792/23 193/806/23 192/807/23 216/794/23
f 216/794/23 192/807/23 191/808/23 215/796/23
f 215/796/23 191/808/23 190/809/23 214/798/23
f 214/798/23 190/809/23 189/810/23 213/800/23
f 213/800/23 189/810/23 148/811/23 160/802/23
f 212/740/26 180/739/26 179/812/26 211/813/26
f 212/740/26 211/813/26 203/814/26 204/741/26
f 211/813/26 179/812/26 178/815/26 210/816/26
f 211/813/26 210/816/26 202/817/26 203/814/26
f 210/816/26 178/815/26 177/818/26 209/819/26
f 210/816/26 209/819/26 201/820/26 202/817/26
f 209/819/26 177/818/26 176/821/26 208/822/26
f 209/819/26 208/822/26 200/823/26 201/820/26
f 208/822/26 176/821/26 175/824/26 207/825/26
f 208/822/26 207/825/26 199/826/26 200/823/26
f 207/825/26 175/824/26 174/827/26 206/828/26
f 207/825/26 206/828/26 198/829/26 199/826/26
f 206/828/26 174/827/26 173/830/26 205/831/26
f 206/828/26 205/831/26 197/832/26 198/829/26
f 205/831/26 173/830/26 140/833/26 156/834/26
f 205/831/26 156/834/26 152/835/26 197/832/26
f 204/741/26 203/814/26 195/804/26 196/677/26
f 203/814/26 202/817/26 194/805/26 195/804/26
f 202/817/26 201/820/26 193/806/26 194/805/26
f 201/820/26 200/823/26 192/807/26 193/806/26
f 200/823/26 199/826/26 191/808/26 192/807/26
f 199/826/26 198/829/26 190/809/26 191/808/26
f 198/829/26 197/832/26 189/810/26 190/809/26
f 197/832/26 152/835/26 148/811/26 189/810/26
f 188/763/28 24/762/28 23/836/28 187/837/28
f 188/763/29 187/837/29 179/812/29 180/739/29
f 187/837/28 23/836/28 22/838/28 186/839/28
f 187/837/29 186/839/29 178/815/29 179/812/29
f 186/839/28 22/838/28 21/840/28 185/841/28
f 186/839/29 185/841/29 177/818/29 178/815/29
f 185/841/28 21/840/28 20/842/28 184/843/28
f 185/841/29 184/843/29 176/821/29 177/818/29
f 184/843/28 20/842/28 19/844/28 183/845/28
f 184/843/29 183/845/29 175/824/29 176/821/29
f 183/845/28 19/844/28 18/846/28 182/847/28
f 183/845/29 182/847/29 174/827/29 175/824/29
f 182/847/28 18/846/28 17/848/28 181/849/28
f 182/847/29 181/849/29 173/830/29 174/827/29
f 181/849/28 17/848/28 4/850/28 144/851/28
f 181/849/29 144/851/29 140/833/29 173/830/29
f 172/786/21 164/785/21 163/852/21 171/853/21
f 172/786/22 171/853/22 71/854/22 72/787/22
f 171/853/21 163/852/21 162/855/21 170/856/21
f 171/853/22 170/856/22 70/857/22 71/854/22
f 170/856/21 162/855/21 161/858/21 169/859/21
f 170/856/22 169/859/22 69/860/22 70/857/22
f 168/803/23 160/802/23 159/861/23 167/862/23
f 168/803/23 167/862/23 163/852/23 164/785/23
f 167/862/23 159/861/23 158/863/23 166/864/23
f 167/862/23 166/864/23 162/855/23 163/852/23
f 166/864/23 158/863/23 157/865/23 165/866/23
f 166/864/23 165/866/23 161/858/23 162/855/23
f 160/802/23 148/811/23 147/867/23 159/861/23
f 159/861/23 147/867/23 146/868/23 158/863/23
f 158/863/23 146/868/23 145/869/23 157/865/23
f 156/834/26 140/833/26 139/870/26 155/871/26
f 156/834/26 155/871/26 151/872/26 152/835/26
f 155/871/26 139/870/26 138/873/26 154/874/26
f 155/871/26 154/874/26 150/875/26 151/872/26
f 154/874/26 138/873/26 137/876/26 153/877/26
f 154/874/26 153/877/26 149/878/26 150/875/26
f 152/835/26 151/872/26 147/867/26 148/811/26
f 151/872/26 150/875/26 146/868/26 147/867/26
f 150/875/26 149/878/26 145/869/26 146/868/26
f 144/851/28 4/850/28 3/879/28 143/880/28
f 144/851/29 143/880/29 139/870/29 140/833/29
f 143/880/28 3/879/28 2/881/28 142/882/28
f 143/880/29 142/882/29 138/873/29 139/870/29
f 142/882/28 2/881/28 1/883/28 141/884/28
f 142/882/29 141/884/29 137/876/29 138/873/29
f 524/687/30 1022/885/30 1021/886/30 523/688/30
f 525/689/30 1023/887/30 1022/885/30 524/687/30
f 526/690/30 1024/888/30 1023/887/30 525/689/30
f 1022/885/31 1026/889/31 1025/890/31 1021/886/31
f 1023/887/31 1027/891/31 1026/889/31 1022/885/31
f 1024/888/31 1028/892/31 1027/891/31 1023/887/31
f 1026/889/32 1030/893/32 1029/894/32 1025/890/32
f 1027/891/32 1031/895/32 1030/893/32 1026/889/32
f 1028/892/32 1032/896/32 1031/895/32 1027/891/32
f 1033/897/33 1034/898/33 869/358/33 868/359/33
f 1030/893/33 1034/898/33 1033/897/33 1029/894/33
f 1034/898/33 1035/899/33 870/362/33 869/358/33
f 1031/895/33 1035/899/33 1034/898/33 1030/893/33
f 1035/899/33 1036/900/33 871/365/33 870/362/33
f 1032/896/33 1036/900/33 1035/899/33 1031/895/33
f 551/715/30 1037/901/30 1024/888/30 526/690/30
f 552/716/30 1038/902/30 1037/901/30 551/715/30
f 553/717/30 1039/903/30 1038/902/30 552/716/30
f 554/718/30 1040/904/30 1039/903/30 553/717/30
f 555/719/30 1041/905/30 1040/904/30 554/718/30
f 556/720/30 1042/906/30 1041/905/30 555/719/30
f 557/721/30 1043/907/30 1042/906/30 556/720/30
f 558/722/30 1044/908/30 1043/907/30 557/721/30
f 1037/901/31 1045/909/31 1028/892/31 1024/888/31
f 1038/902/31 1046/910/31 1045/909/31 1037/901/31
f 1039/903/31 1047/911/31 1046/910/31 1038/902/31
f 1040/904/31 1048/912/31 1047/911/31 1039/903/31
f 1041/905/31 1049/913/31 1048/912/31 1040/904/31
f 1042/906/31 1050/914/31 1049/913/31 1041/905/31
f 1043/907/31 1051/915/31 1050/914/31 1042/906/31
f 1044/908/31 1052/916/31 1051/915/31 1043/907/31
f 1045/909/32 1053/917/32 1032/896/32 1028/892/32
f 1046/910/32 1054/918/32 1053/917/32 1045/909/32
f 1047/911/32 1055/919/32 1054/918/32 1046/910/32
f 1048/912/32 1056/920/32 1055/919/32 1047/911/32
f 1049/913/32 1057/921/32 1056/920/32 1048/912/32
f 1050/914/32 1058/922/32 1057/921/32 1049/913/32
f 1051/915/32 1059/923/32 1058/922/32 1050/914/32
f 1052/916/32 1060/924/32 1059/923/32 1051/915/32
f 1036/900/33 1061/925/33 904/392/33 871/365/33
f 1053/917/33 1061/925/33 1036/900/33 1032/896/33
f 1061/925/33 1062/926/33 905/395/33 904/392/33
f 1054/918/33 1062/926/33 1061/925/33 1053/917/33
f 1062/926/33 1063/927/33 906/398/33 905/395/33
f 1055/919/33 1063/927/33 1062/926/33 1054/918/33
f 1063/927/33 1064/928/33 907/401/33 906/398/33
f 1056/920/33 1064/928/33 1063/927/33 1055/919/33
f 1064/928/33 1065/929/33 908/404/33 907/401/33
f 1057/921/33 1065/929/33 1064/928/33 1056/920/33
f 1065/929/33 1066/930/33 909/407/33 908/404/33
f 1058/922/33 1066/930/33 1065/929/33 1057/921/33
f 1066/930/33 1067/931/33 910/410/33 909/407/33
f 1059/923/33 1067/931/33 1066/930/33 1058/922/33
f 1067/931/33 1068/932/33 911/413/33 910/410/33
f 1060/924/33 1068/932/33 1067/931/33 1059/923/33
f 574/747/30 1069/933/30 1044/908/30 558/722/30
f 575/748/30 1070/934/30 1069/933/30 574/747/30
f 576/749/30 1071/935/30 1070/934/30 575/748/30
f 577/750/30 1072/936/30 1071/935/30 576/749/30
f 578/751/30 1073/937/30 1072/936/30 577/750/30
f 1069/933/31 1074/938/31 1052/916/31 1044/908/31
f 1070/934/31 1075/939/31 1074/938/31 1069/933/31
f 1071/935/31 1076/940/31 1075/939/31 1070/934/31
f 1072/936/31 1077/941/31 1076/940/31 1071/935/31
f 1073/937/31 1078/942/31 1077/941/31 1072/936/31
f 1074/938/32 1079/943/32 1060/924/32 1052/916/32
f 1075/939/32 1080/944/32 1079/943/32 1074/938/32
f 1076/940/32 1081/945/32 1080/944/32 1075/939/32
f 1077/941/32 1082/946/32 1081/945/32 1076/940/32
f 1078/942/32 1083/947/32 1082/946/32 1077/941/32
f 1068/932/33 1084/948/33 976/464/33 911/413/33
f 1079/943/33 1084/948/33 1068/932/33 1060/924/33
f 1084/948/33 1085/949/33 977/467/33 976/464/33
f 1080/944/33 1085/949/33 1084/948/33 1079/943/33
f 1085/949/33 1086/950/33 978/470/33 977/467/33
f 1081/945/33 1086/950/33 1085/949/33 1080/944/33
f 1086/950/33 1087/951/33 979/479/33 978/470/33
f 1082/946/33 1087/951/33 1086/950/33 1081/945/33
f 1087/951/33 1088/952/33 980/488/33 979/479/33
f 1083/947/33 1088/952/33 1087/951/33 1082/946/33
f 136/953/34 131/954/34 130/955/34 135/956/34
f 135/956/34 130/955/34 129/957/34 134/958/34
f 134/958/34 129/957/34 128/959/34 133/960/34
f 133/960/34 128/959/34 127/961/34 132/962/34
f 132/962/34 127/961/34 108/963/34 116/964/34
f 131/954/35 126/965/35 125/966/35 130/955/35
f 130/955/35 125/966/35 124/967/35 129/957/35
f 129/957/35 124/967/35 123/968/35 128/959/35
f 128/959/35 123/968/35 122/969/35 127/961/35
f 127/961/35 122/969/35 100/970/35 108/963/35
f 126/965/22 121/635/22 120/634/22 125/966/22
f 125/966/22 120/634/22 119/638/22 124/967/22
f 124/967/22 119/638/22 118/641/22 123/968/22
f 123/968/22 118/641/22 117/644/22 122/969/22
f 122/969/22 117/644/22 92/647/22 100/970/22
f 116/964/34 108/963/34 107/971/34 115/972/34
f 115/972/34 107/971/34 106/973/34 114/974/34
f 114/974/34 106/973/34 105/975/34 113/976/34
f 113/976/34 105/975/34 104/977/34 112/978/34
f 112/978/34 104/977/34 103/979/34 111/980/34
f 111/980/34 103/979/34 102/981/34 110/982/34
f 110/982/34 102/981/34 101/983/34 109/984/34
f 109/984/34 101/983/34 80/985/34 84/986/34
f 108/963/35 100/970/35 99/987/35 107/971/35
f 107/971/35 99/987/35 98/988/35 106/973/35
f 106/973/35 98/988/35 97/989/35 105/975/35
f 105/975/35 97/989/35 96/990/35 104/977/35
f 104/977/35 96/990/35 95/991/35 103/979/35
f 103/979/35 95/991/35 94/992/35 102/981/35
f 102/981/35 94/992/35 93/993/35 101/983/35
f 101/983/35 93/993/35 76/994/35 80/985/35
f 100/970/22 92/647/22 91/766/22 99/987/22
f 99/987/22 91/766/22 90/769/22 98/988/22
f 98/988/22 90/769/22 89/772/22 97/989/22
f 97/989/22 89/772/22 88/775/22 96/990/22
f 96/990/22 88/775/22 87/778/22 95/991/22
f 95/991/22 87/778/22 86/781/22 94/992/22
f 94/992/22 86/781/22 85/784/22 93/993/22
f 93/993/22 85/784/22 72/787/22 76/994/22
f 84/986/34 80/985/34 79/995/34 83/996/34
f 83/996/34 79/995/34 78/997/34 82/998/34
f 82/998/34 78/997/34 77/999/34 81/1000/34
f 80/985/35 76/994/35 75/1001/35 79/995/35
f 79/995/35 75/1001/35 74/1002/35 78/997/35
f 78/997/35 74/1002/35 73/1003/35 77/999/35
f 76/994/22 72/787/22 71/854/22 75/1001/22
f 75/1001/22 71/854/22 70/857/22 74/1002/22
f 74/1002/22 70/857/22 69/860/22 73/1003/22
f 1089/1004/36 1090/1005/36 813/18/36 812/17/36
f 1090/1005/36 1091/1006/36 814/19/36 813/18/36
f 1091/1006/36 1092/1007/36 815/20/36 814/19/36
f 1093/1008/37 1094/1009/37 1090/1005/37 1089/1004/37
f 1094/1009/37 1095/1010/37 1091/1006/37 1090/1005/37
f 1095/1010/37 1096/1011/37 1092/1007/37 1091/1006/37
f 1097/1012/38 1098/1013/38 1094/1009/38 1093/1008/38
f 1098/1013/38 1099/1014/38 1095/1010/38 1094/1009/38
f 1099/1014/38 1100/1015/38 1096/1011/38 1095/1010/38
f 1101/1016/39 1102/1017/39 1098/1013/39 1097/1012/39
f 897/384/39 1102/1017/39 1101/1016/39 896/385/39
f 1102/1017/39 1103/1018/39 1099/1014/39 1098/1013/39
f 898/387/39 1103/1018/39 1102/1017/39 897/384/39
f 1103/1018/39 1104/1019/39 1100/1015/39 1099/1014/39
f 899/389/39 1104/1019/39 1103/1018/39 898/387/39
f 1092/1007/36 1105/1020/36 840/53/36 815/20/36
f 1105/1020/36 1106/1021/36 841/54/36 840/53/36
f 1106/1021/36 1107/1022/36 842/55/36 841/54/36
f 1107/1022/36 1108/1023/36 843/56/36 842/55/36
f 1108/1023/36 1109/1024/36 844/57/36 843/56/36
f 1109/1024/36 1110/1025/36 845/58/36 844/57/36
f 1110/1025/36 1111/1026/36 846/59/36 845/58/36
f 1111/1026/36 1112/1027/36 847/60/36 846/59/36
f 1096/1011/37 1113/1028/37 1105/1020/37 1092/1007/37
f 1113/1028/37 1114/1029/37 1106/1021/37 1105/1020/37
f 1114/1029/37 1115/1030/37 1107/1022/37 1106/1021/37
f 1115/1030/37 1116/1031/37 1108/1023/37 1107/1022/37
f 1116/1031/37 1117/1032/37 1109/1024/37 1108/1023/37
f 1117/1032/37 1118/1033/37 1110/1025/37 1109/1024/37
f 68/92/40 67/91/40 62/1034/40 63/1035/40
f 67/91/40 66/93/40 61/1036/40 62/1034/40
f 66/93/40 65/94/40 60/1037/40 61/1036/40
f 65/94/40 64/95/40 59/1038/40 60/1037/40
f 64/95/40 48/96/40 40/1039/40 59/1038/40
f 63/1035/41 62/1034/41 57/1040/41 58/1041/41
f 62/1034/41 61/1036/41 56/1042/41 57/1040/41
f 61/1036/41 60/1037/41 55/1043/41 56/1042/41
f 60/1037/41 59/1038/41 54/1044/41 55/1043/41
f 59/1038/41 40/1039/41 32/1045/41 54/1044/41
f 58/1041/28 57/1040/28 52/754/28 53/753/28
f 57/1040/28 56/1042/28 51/756/28 52/754/28
f 56/1042/28 55/1043/28 50/758/28 51/756/28
f 55/1043/28 54/1044/28 49/760/28 50/758/28
f 54/1044/28 32/1045/28 24/762/28 49/760/28
f 48/96/40 47/148/40 39/1046/40 40/1039/40
f 47/148/40 46/159/40 38/1047/40 39/1046/40
f 46/159/40 45/164/40 37/1048/40 38/1047/40
f 45/164/40 44/165/40 36/1049/40 37/1048/40
f 44/165/40 43/176/40 35/1050/40 36/1049/40
f 43/176/40 42/177/40 34/1051/40 35/1050/40
f 42/177/40 41/178/40 33/1052/40 34/1051/40
f 41/178/40 16/193/40 12/1053/40 33/1052/40
f 40/1039/41 39/1046/41 31/1054/41 32/1045/41
f 39/1046/41 38/1047/41 30/1055/41 31/1054/41
f 38/1047/41 37/1048/41 29/1056/41 30/1055/41
f 37/1048/41 36/1049/41 28/1057/41 29/1056/41
f 36/1049/41 35/1050/41 27/1058/41 28/1057/41
f 35/1050/41 34/1051/41 26/1059/41 27/1058/41
f 34/1051/41 33/1052/41 25/1060/41 26/1059/41
f 33/1052/41 12/1053/41 8/1061/41 25/1060/41
f 32/1045/28 31/1054/28 23/836/28 24/762/28
f 31/1054/28 30/1055/28 22/838/28 23/836/28
f 30/1055/28 29/1056/28 21/840/28 22/838/28
f 29/1056/28 28/1057/28 20/842/28 21/840/28
f 28/1057/28 27/1058/28 19/844/28 20/842/28
f 27/1058/28 26/1059/28 18/846/28 19/844/28
f 26/1059/28 25/1060/28 17/848/28 18/846/28
f 25/1060/28 8/1061/28 4/850/28 17/848/28
f 16/193/40 15/323/40 11/1062/40 12/1053/40
f 15/323/40 14/329/40 10/1063/40 11/1062/40
f 14/329/40 13/330/40 9/1064/40 10/1063/40
f 1118/1033/37 1119/1065/37 1111/1026/37 1110/1025/37
f 1119/1065/37 1120/1066/37 1112/1027/37 1111/1026/37
f 1100/1015/38 1121/1067/38 1113/1028/38 1096/1011/38
f 1121/1067/38 1122/1068/38 1114/1029/38 1113/1028/38
f 1122/1068/38 1123/1069/38 1115/1030/38 1114/1029/38
f 12/1053/41 11/1062/41 7/1070/41 8/1061/41
f 11/1062/41 10/1063/41 6/1071/41 7/1070/41
f 10/1063/41 9/1064/41 5/1072/41 6/1071/41
f 1123/1069/38 1124/1073/38 1116/1031/38 1115/1030/38
f 1124/1073/38 1125/1074/38 1117/1032/38 1116/1031/38
f 1125/1074/38 1126/1075/38 1118/1033/38 1117/1032/38
f 1126/1075/38 1127/1076/38 1119/1065/38 1118/1033/38
f 1127/1076/38 1128/1077/38 1120/1066/38 1119/1065/38
f 8/1061/28 7/1070/28 3/879/28 4/850/28
f 7/1070/28 6/1071/28 2/881/28 3/879/28
f 6/1071/28 5/1072/28 1/883/28 2/881/28
f 1104/1019/39 1129/1078/39 1121/1067/39 1100/1015/39
f 960/447/39 1129/1078/39 1104/1019/39 899/389/39
f 1129/1078/39 1130/1079/39 1122/1068/39 1121/1067/39
f 961/449/39 1130/1079/39 1129/1078/39 960/447/39
f 1130/1079/39 1131/1080/39 1123/1069/39 1122/1068/39
f 962/451/39 1131/1080/39 1130/1079/39 961/449/39
f 1131/1080/39 1132/1081/39 1124/1073/39 1123/1069/39
f 963/453/39 1132/1081/39 1131/1080/39 962/451/39
f 1132/1081/39 1133/1082/39 1125/1074/39 1124/1073/39
f 964/455/39 1133/1082/39 1132/1081/39 963/453/39
f 1133/1082/39 1134/1083/39 1126/1075/39 1125/1074/39
f 965/457/39 1134/1083/39 1133/1082/39 964/455/39
f 1134/1083/39 1135/1084/39 1127/1076/39 1126/1075/39
f 966/459/39 1135/1084/39 1134/1083/39 965/457/39
f 1135/1084/39 1136/1085/39 1128/1077/39 1127/1076/39
f 967/461/39 1136/1085/39 1135/1084/39 966/459/39
f 1112/1027/36 1137/1086/36 863/339/36 847/60/36
f 1137/1086/36 1138/1087/36 864/345/36 863/339/36
f 1138/1087/36 1139/1088/36 865/346/36 864/345/36
f 1139/1088/36 1140/1089/36 866/347/36 865/346/36
f 1140/1089/36 1141/1090/36 867/353/36 866/347/36
f 1120/1066/37 1142/1091/37 1137/1086/37 1112/1027/37
f 1142/1091/37 1143/1092/37 1138/1087/37 1137/1086/37
f 1143/1092/37 1144/1093/37 1139/1088/37 1138/1087/37
f 1144/1093/37 1145/1094/37 1140/1089/37 1139/1088/37
f 1145/1094/37 1146/1095/37 1141/1090/37 1140/1089/37
f 1128/1077/38 1147/1096/38 1142/1091/38 1120/1066/38
f 1147/1096/38 1148/1097/38 1143/1092/38 1142/1091/38
f 1148/1097/38 1149/1098/38 1144/1093/38 1143/1092/38
f 1149/1098/38 1150/1099/38 1145/1094/38 1144/1093/38
f 1150/1099/38 1151/1100/38 1146/1095/38 1145/1094/38
f 1136/1085/39 1152/1101/39 1147/1096/39 1128/1077/39
f 646/500/20 641/1102/20 640/1103/20 645/501/20
f 645/501/20 640/1103/20 639/1104/20 644/502/20
f 644/502/20 639/1104/20 638/1105/20 643/503/20
f 643/503/20 638/1105/20 637/1106/20 642/504/20
f 642/504/20 637/1106/20 618/1107/20 626/505/20
f 1011/621/39 1152/1101/39 1136/1085/39 967/461/39
f 1152/1101/39 1153/1108/39 1148/1097/39 1147/1096/39
f 1012/623/39 1153/1108/39 1152/1101/39 1011/621/39
f 641/1102/42 636/1109/42 635/1110/42 640/1103/42
f 640/1103/42 635/1110/42 634/1111/42 639/1104/42
f 639/1104/42 634/1111/42 633/1112/42 638/1105/42
f 638/1105/42 633/1112/42 632/1113/42 637/1106/42
f 637/1106/42 632/1113/42 610/1114/42 618/1107/42
f 1153/1108/39 1154/1115/39 1149/1098/39 1148/1097/39
f 1013/625/39 1154/1115/39 1153/1108/39 1012/623/39
f 1154/1115/39 1155/1116/39 1150/1099/39 1149/1098/39
f 636/1109/43 631/1117/43 630/1118/43 635/1110/43
f 635/1110/43 630/1118/43 629/1119/43 634/1111/43
f 634/1111/43 629/1119/43 628/1120/43 633/1112/43
f 633/1112/43 628/1120/43 627/1121/43 632/1113/43
f 632/1113/43 627/1121/43 602/1122/43 610/1114/43
f 1014/627/39 1155/1116/39 1154/1115/39 1013/625/39
f 1155/1116/39 1156/1123/39 1151/1100/39 1150/1099/39
f 1015/629/39 1156/1123/39 1155/1116/39 1014/627/39
f 631/1117/44 136/953/44 135/956/44 630/1118/44
f 630/1118/44 135/956/44 134/958/44 629/1119/44
f 629/1119/44 134/958/44 133/960/44 628/1120/44
f 628/1120/44 133/960/44 132/962/44 627/1121/44
f 627/1121/44 132/962/44 116/964/44 602/1122/44
f 626/505/20 618/1107/20 617/1124/20 625/570/20
f 625/570/20 617/1124/20 616/1125/20 624/571/20
f 624/571/20 616/1125/20 615/1126/20 623/572/20
f 623/572/20 615/1126/20 614/1127/20 622/573/20
f 622/573/20 614/1127/20 613/1128/20 621/574/20
f 621/574/20 613/1128/20 612/1129/20 620/575/20
f 620/575/20 612/1129/20 611/1130/20 619/576/20
f 619/576/20 611/1130/20 590/1131/20 594/577/20
f 618/1107/42 610/1114/42 609/1132/42 617/1124/42
f 617/1124/42 609/1132/42 608/1133/42 616/1125/42
f 616/1125/42 608/1133/42 607/1134/42 615/1126/42
f 615/1126/42 607/1134/42 606/1135/42 614/1127/42
f 614/1127/42 606/1135/42 605/1136/42 613/1128/42
f 613/1128/42 605/1136/42 604/1137/42 612/1129/42
f 612/1129/42 604/1137/42 603/1138/42 611/1130/42
f 611/1130/42 603/1138/42 586/1139/42 590/1131/42
f 610/1114/43 602/1122/43 601/1140/43 609/1132/43
f 609/1132/43 601/1140/43 600/1141/43 608/1133/43
f 608/1133/43 600/1141/43 599/1142/43 607/1134/43
f 607/1134/43 599/1142/43 598/1143/43 606/1135/43
f 606/1135/43 598/1143/43 597/1144/43 605/1136/43
f 605/1136/43 597/1144/43 596/1145/43 604/1137/43
f 604/1137/43 596/1145/43 595/1146/43 603/1138/43
f 603/1138/43 595/1146/43 582/1147/43 586/1139/43
f 602/1122/44 116/964/44 115/972/44 601/1140/44
f 601/1140/44 115/972/44 114/974/44 600/1141/44
f 600/1141/44 114/974/44 113/976/44 599/1142/44
f 599/1142/44 113/976/44 112/978/44 598/1143/44
f 598/1143/44 112/978/44 111/980/44 597/1144/44
f 597/1144/44 111/980/44 110/982/44 596/1145/44
f 596/1145/44 110/982/44 109/984/44 595/1146/44
f 595/1146/44 109/984/44 84/986/44 582/1147/44
f 594/577/20 590/1131/20 589/1148/20 593/602/20
f 593/602/20 589/1148/20 588/1149/20 592/603/20
f 592/603/20 588/1149/20 587/1150/20 591/604/20
f 590/1131/42 586/1139/42 585/1151/42 589/1148/42
f 589/1148/42 585/1151/42 584/1152/42 588/1149/42
f 588/1149/42 584/1152/42 583/1153/42 587/1150/42
f 586/1139/43 582/1147/43 581/1154/43 585/1151/43
f 585/1151/43 581/1154/43 580/1155/43 584/1152/43
f 584/1152/43 580/1155/43 579/1156/43 583/1153/43
f 582/1147/44 84/986/44 83/996/44 581/1154/44
f 581/1154/44 83/996/44 82/998/44 580/1155/44
f 580/1155/44 82/998/44 81/1000/44 579/1156/44
f 2472/1157/45 2457/1158/45 2320/1159/45 2333/1160/45
f 2457/1158/46 2472/1157/46 2471/1161/46 2456/1162/46
f 2471/1161/47 2472/1157/47 2333/1160/47 2332/1163/47
f 2456/1162/17 2471/1161/17 2470/1164/17 2455/1165/17
f 2470/1164/17 2471/1161/17 2332/1163/17 2331/1166/17
f 2455/1165/17 2470/1164/17 2469/1167/17 2454/1168/17
f 2469/1167/17 2470/1164/17 2331/1166/17 2330/1169/17
f 2454/1168/48 2469/1167/48 2468/1170/48 2453/1171/48
f 2468/1170/49 2469/1167/49 2330/1169/49 2329/1172/49
f 2453/1171/50 2468/1170/50 2329/1172/50 2319/1173/50
f 2467/1174/51 2452/1175/51 2447/1176/51 2462/1177/51
f 2452/1175/52 2467/1174/52 2466/1178/52 2451/1179/52
f 2466/1178/53 2467/1174/53 2462/1177/53 2461/1180/53
f 2451/1179/15 2466/1178/15 2465/1181/15 2450/1182/15
f 2465/1181/17 2466/1178/17 2461/1180/17 2460/1183/17
f 2450/1182/15 2465/1181/15 2464/1184/15 2449/1185/15
f 2464/1184/17 2465/1181/17 2460/1183/17 2459/1186/17
f 2449/1185/54 2464/1184/54 2463/1187/54 2448/1188/54
f 2463/1187/55 2464/1184/55 2459/1186/55 2458/1189/55
f 2448/1188/56 2463/1187/56 2458/1189/56 2446/1190/56
f 2462/1177/45 2447/1176/45 2445/1191/45 2457/1158/45
f 2461/1180/57 2462/1177/57 2457/1158/57 2456/1162/57
f 2460/1183/17 2461/1180/17 2456/1162/17 2455/1165/17
f 2459/1186/17 2460/1183/17 2455/1165/17 2454/1168/17
f 2458/1189/58 2459/1186/58 2454/1168/58 2453/1171/58
f 2446/1190/59 2458/1189/59 2432/1192/59 2423/1193/59
f 2432/1192/60 2458/1189/60 2453/1171/60 2431/1194/60
f 2457/1158/45 2445/1191/45 2311/1195/45 2320/1159/45
f 2431/1194/61 2453/1171/61 2319/1173/61 2228/1196/61
f 2452/1175/45 2439/1197/45 2434/1198/45 2447/1176/45
f 2439/1197/62 2452/1175/62 2451/1179/62 2438/1199/62
f 2438/1199/15 2451/1179/15 2450/1182/15 2437/1200/15
f 2437/1200/15 2450/1182/15 2449/1185/15 2436/1201/15
f 2436/1201/63 2449/1185/63 2448/1188/63 2435/1202/63
f 2435/1202/64 2448/1188/64 2424/1203/64 2409/1204/64
f 2424/1203/65 2448/1188/65 2446/1190/65 2423/1193/65
f 2447/1176/45 2434/1198/45 2433/1205/45 2445/1191/45
f 2445/1191/45 2433/1205/45 2303/1206/45 2311/1195/45
f 2444/1207/45 2171/1208/45 2166/1209/45 2439/1197/45
f 2171/1208/66 2444/1207/66 2443/1210/66 2170/1211/66
f 2443/1210/67 2444/1207/67 2439/1197/67 2438/1199/67
f 2170/1211/15 2443/1210/15 2442/1212/15 2169/1213/15
f 2442/1212/15 2443/1210/15 2438/1199/15 2437/1200/15
f 2169/1213/15 2442/1212/15 2441/1214/15 2168/1215/15
f 2441/1214/15 2442/1212/15 2437/1200/15 2436/1201/15
f 2168/1215/68 2441/1214/68 2440/1216/68 2167/1217/68
f 2440/1216/69 2441/1214/69 2436/1201/69 2435/1202/69
f 2167/1217/70 2440/1216/70 2435/1202/70 2165/1218/70
f 2439/1197/45 2166/1209/45 2164/1219/45 2434/1198/45
f 2165/1218/71 2435/1202/71 2409/1204/71 2076/1220/71
f 2434/1198/45 2164/1219/45 2163/1221/45 2433/1205/45
f 2433/1205/45 2163/1221/45 1958/1222/45 2303/1206/45
f 2423/1193/72 2432/1192/72 2431/1194/72 2416/1223/72
f 2416/1223/17 2431/1194/17 2430/1224/17 2415/1225/17
f 2430/1224/17 2431/1194/17 2228/1196/17 2227/1226/17
f 2415/1225/17 2430/1224/17 2429/1227/17 2414/1228/17
f 2429/1227/17 2430/1224/17 2227/1226/17 2226/1229/17
f 2414/1228/17 2429/1227/17 2428/1230/17 2413/1231/17
f 2428/1230/17 2429/1227/17 2226/1229/17 2225/1232/17
f 2413/1231/17 2428/1230/17 2427/1233/17 2412/1234/17
f 2427/1233/17 2428/1230/17 2225/1232/17 2224/1235/17
f 2412/1234/17 2427/1233/17 2426/1236/17 2411/1237/17
f 2426/1236/17 2427/1233/17 2224/1235/17 2223/1238/17
f 2411/1237/73 2426/1236/73 2425/1239/73 2410/1240/73
f 2425/1239/17 2426/1236/17 2223/1238/17 2222/1241/17
f 2410/1240/74 2425/1239/74 2222/1241/74 2208/1242/74
f 2409/1204/15 2424/1203/15 2423/1193/15 2402/1243/15
f 2402/1243/15 2423/1193/15 2422/1244/15 2401/1245/15
f 2422/1244/17 2423/1193/17 2416/1223/17 2415/1225/17
f 2401/1245/15 2422/1244/15 2421/1246/15 2400/1247/15
f 2421/1246/17 2422/1244/17 2415/1225/17 2414/1228/17
f 2400/1247/15 2421/1246/15 2420/1248/15 2399/1249/15
f 2420/1248/17 2421/1246/17 2414/1228/17 2413/1231/17
f 2399/1249/15 2420/1248/15 2419/1250/15 2398/1251/15
f 2419/1250/17 2420/1248/17 2413/1231/17 2412/1234/17
f 2398/1251/15 2419/1250/15 2418/1252/15 2397/1253/15
f 2418/1252/17 2419/1250/17 2412/1234/17 2411/1237/17
f 2397/1253/75 2418/1252/75 2417/1254/75 2396/1255/75
f 2417/1254/76 2418/1252/76 2411/1237/76 2410/1240/76
f 2396/1255/77 2417/1254/77 2410/1240/77 2395/1256/77
f 2395/1256/78 2410/1240/78 2208/1242/78 2200/1257/78
f 2076/1220/15 2409/1204/15 2408/1258/15 2075/1259/15
f 2408/1258/15 2409/1204/15 2402/1243/15 2401/1245/15
f 2075/1259/15 2408/1258/15 2407/1260/15 2074/1261/15
f 2407/1260/15 2408/1258/15 2401/1245/15 2400/1247/15
f 2074/1261/15 2407/1260/15 2406/1262/15 2073/1263/15
f 2406/1262/15 2407/1260/15 2400/1247/15 2399/1249/15
f 2073/1263/15 2406/1262/15 2405/1264/15 2072/1265/15
f 2405/1264/15 2406/1262/15 2399/1249/15 2398/1251/15
f 2072/1265/15 2405/1264/15 2404/1266/15 2071/1267/15
f 2404/1266/15 2405/1264/15 2398/1251/15 2397/1253/15
f 2071/1267/15 2404/1266/15 2403/1268/15 2070/1269/15
f 2403/1268/79 2404/1266/79 2397/1253/79 2396/1255/79
f 2070/1269/80 2403/1268/80 2396/1255/80 2069/1270/80
f 2069/1270/78 2396/1255/78 2395/1256/78 2068/1271/78
f 2068/1271/78 2395/1256/78 2200/1257/78 1894/1272/78
f 2394/1273/81 2364/1274/81 2359/1275/81 2389/1276/81
f 2364/1274/82 2394/1273/82 2393/1277/82 2363/1278/82
f 2393/1277/37 2394/1273/37 2389/1276/37 2388/1279/37
f 2363/1278/37 2393/1277/37 2392/1280/37 2362/1281/37
f 2392/1280/37 2393/1277/37 2388/1279/37 2387/1282/37
f 2362/1281/37 2392/1280/37 2391/1283/37 2361/1284/37
f 2391/1283/37 2392/1280/37 2387/1282/37 2386/1285/37
f 2361/1284/83 2391/1283/83 2390/1286/83 2360/1287/83
f 2390/1286/37 2391/1283/37 2386/1285/37 2385/1288/37
f 2360/1287/84 2390/1286/84 2385/1288/84 2358/1289/84
f 2389/1276/85 2359/1275/85 2357/1290/85 2384/1291/85
f 2388/1279/37 2389/1276/37 2384/1291/37 2383/1292/37
f 2387/1282/37 2388/1279/37 2383/1292/37 2382/1293/37
f 2386/1285/37 2387/1282/37 2382/1293/37 2381/1294/37
f 2385/1288/37 2386/1285/37 2381/1294/37 2380/1295/37
f 2358/1289/86 2385/1288/86 2380/1295/86 2356/1296/86
f 2384/1291/87 2357/1290/87 1843/1297/87 1844/1298/87
f 1482/1299/88 1481/1300/88 1476/1301/88 1477/1302/88
f 1481/1300/12 1480/1303/12 1475/1304/12 1476/1301/12
f 1480/1303/12 1479/1305/12 1474/1306/12 1475/1304/12
f 1479/1305/89 1478/1307/89 1473/1308/89 1474/1306/89
f 1477/1302/45 1470/1309/45 1465/1310/45 1472/1311/45
f 2379/1312/90 2345/1313/90 2340/1314/90 2374/1315/90
f 2345/1313/91 2379/1312/91 2378/1316/91 2344/1317/91
f 2378/1316/92 2379/1312/92 2374/1315/92 2373/1318/92
f 2344/1317/39 2378/1316/39 2377/1319/39 2343/1320/39
f 2377/1319/39 2378/1316/39 2373/1318/39 2372/1321/39
f 2343/1320/39 2377/1319/39 2376/1322/39 2342/1323/39
f 2376/1322/39 2377/1319/39 2372/1321/39 2371/1324/39
f 2342/1323/93 2376/1322/93 2375/1325/93 2341/1326/93
f 2375/1325/39 2376/1322/39 2371/1324/39 2370/1327/39
f 2341/1326/94 2375/1325/94 2370/1327/94 2339/1328/94
f 2374/1315/45 2340/1314/45 2338/1329/45 2369/1330/45
f 2373/1318/95 2374/1315/95 2369/1330/95 2368/1331/95
f 2372/1321/96 2373/1318/96 2368/1331/96 2367/1332/96
f 2371/1324/97 2372/1321/97 2367/1332/97 2366/1333/97
f 2370/1327/98 2371/1324/98 2366/1333/98 2365/1334/98
f 2339/1328/99 2370/1327/99 2365/1334/99 2337/1335/99
f 2369/1330/45 2338/1329/45 2336/1336/45 2364/1274/45
f 2368/1331/100 2369/1330/100 2364/1274/100 2363/1278/100
f 2367/1332/37 2368/1331/37 2363/1278/37 2362/1281/37
f 2366/1333/37 2367/1332/37 2362/1281/37 2361/1284/37
f 2365/1334/101 2366/1333/101 2361/1284/101 2360/1287/101
f 2337/1335/102 2365/1334/102 2295/1337/102 2282/1338/102
f 2295/1337/103 2365/1334/103 2360/1287/103 2294/1339/103
f 2364/1274/45 2336/1336/45 2335/1340/45 2359/1275/45
f 2294/1339/104 2360/1287/104 2358/1289/104 2293/1341/104
f 2359/1275/45 2335/1340/45 2334/1342/45 2357/1290/45
f 2293/1341/105 2358/1289/105 2356/1296/105 2292/1343/105
f 2357/1290/45 2334/1342/45 1841/1344/45 1843/1297/45
f 2292/1343/106 2356/1296/106 1842/1345/106 1836/1346/106
f 2355/1347/107 2333/1160/107 2328/1348/107 2350/1349/107
f 2333/1160/108 2355/1347/108 2354/1350/108 2332/1163/108
f 2354/1350/109 2355/1347/109 2350/1349/109 2349/1351/109
f 2332/1163/17 2354/1350/17 2353/1352/17 2331/1166/17
f 2353/1352/110 2354/1350/110 2349/1351/110 2348/1353/110
f 2331/1166/17 2353/1352/17 2352/1354/17 2330/1169/17
f 2352/1354/111 2353/1352/111 2348/1353/111 2347/1355/111
f 2330/1169/112 2352/1354/112 2351/1356/112 2329/1172/112
f 2351/1356/113 2352/1354/113 2347/1355/113 2346/1357/113
f 2329/1172/114 2351/1356/114 2346/1357/114 2327/1358/114
f 2350/1349/45 2328/1348/45 2326/1359/45 2345/1313/45
f 2349/1351/115 2350/1349/115 2345/1313/115 2344/1317/115
f 2348/1353/39 2349/1351/39 2344/1317/39 2343/1320/39
f 2347/1355/39 2348/1353/39 2343/1320/39 2342/1323/39
f 2346/1357/116 2347/1355/116 2342/1323/116 2341/1326/116
f 2327/1358/117 2346/1357/117 2291/1360/117 2253/1361/117
f 2291/1360/118 2346/1357/118 2341/1326/118 2290/1362/118
f 2345/1313/45 2326/1359/45 2325/1363/45 2340/1314/45
f 2290/1362/119 2341/1326/119 2339/1328/119 2289/1364/119
f 2340/1314/45 2325/1363/45 2324/1365/45 2338/1329/45
f 2289/1364/120 2339/1328/120 2337/1335/120 2282/1338/120
f 2338/1329/45 2324/1365/45 2323/1366/45 2336/1336/45
f 2336/1336/45 2323/1366/45 2322/1367/45 2335/1340/45
f 2335/1340/45 2322/1367/45 2321/1368/45 2334/1342/45
f 2334/1342/45 2321/1368/45 1840/1369/45 1841/1344/45
f 2333/1160/45 2320/1159/45 2318/1370/45 2328/1348/45
f 2319/1173/121 2329/1172/121 2254/1371/121 2228/1196/121
f 2254/1371/122 2329/1172/122 2327/1358/122 2253/1361/122
f 2328/1348/45 2318/1370/45 2317/1372/45 2326/1359/45
f 2326/1359/45 2317/1372/45 2316/1373/45 2325/1363/45
f 2325/1363/45 2316/1373/45 2315/1374/45 2324/1365/45
f 2324/1365/45 2315/1374/45 2314/1375/45 2323/1366/45
f 2323/1366/45 2314/1375/45 2313/1376/45 2322/1367/45
f 2322/1367/45 2313/1376/45 2312/1377/45 2321/1368/45
f 2321/1368/45 2312/1377/45 1839/1378/45 1840/1369/45
f 2320/1159/45 2311/1195/45 2310/1379/45 2318/1370/45
f 2318/1370/45 2310/1379/45 2309/1380/45 2317/1372/45
f 2317/1372/45 2309/1380/45 2308/1381/45 2316/1373/45
f 2316/1373/45 2308/1381/45 2307/1382/45 2315/1374/45
f 2315/1374/45 2307/1382/45 2306/1383/45 2314/1375/45
f 2314/1375/45 2306/1383/45 2305/1384/45 2313/1376/45
f 2313/1376/45 2305/1384/45 2304/1385/45 2312/1377/45
f 2312/1377/45 2304/1385/45 1838/1386/45 1839/1378/45
f 2311/1195/45 2303/1206/45 2302/1387/45 2310/1379/45
f 2310/1379/45 2302/1387/45 2301/1388/45 2309/1380/45
f 2309/1380/45 2301/1388/45 2300/1389/45 2308/1381/45
f 2308/1381/45 2300/1389/45 2299/1390/45 2307/1382/45
f 2307/1382/45 2299/1390/45 2298/1391/45 2306/1383/45
f 2306/1383/45 2298/1391/45 2297/1392/45 2305/1384/45
f 2305/1384/45 2297/1392/45 2296/1393/45 2304/1385/45
f 2304/1385/45 2296/1393/45 1837/1394/45 1838/1386/45
f 2303/1206/45 1958/1222/45 1957/1395/45 2302/1387/45
f 2302/1387/45 1957/1395/45 1956/1396/45 2301/1388/45
f 2301/1388/45 1956/1396/45 1955/1397/45 2300/1389/45
f 2300/1389/45 1955/1397/45 1954/1398/45 2299/1390/45
f 2299/1390/45 1954/1398/45 1953/1399/45 2298/1391/45
f 2298/1391/45 1953/1399/45 1952/1400/45 2297/1392/45
f 2297/1392/45 1952/1400/45 1951/1401/45 2296/1393/45
f 2296/1393/45 1951/1401/45 1822/1402/45 1837/1394/45
f 2282/1338/123 2295/1337/123 2294/1339/123 2275/1403/123
f 2275/1403/37 2294/1339/37 2293/1341/37 2268/1404/37
f 2268/1404/37 2293/1341/37 2292/1343/37 2261/1405/37
f 1470/1309/124 1477/1302/124 1476/1301/124 1469/1406/124
f 2253/1361/39 2291/1360/39 2290/1362/39 2246/1407/39
f 2246/1407/39 2290/1362/39 2289/1364/39 2239/1408/39
f 2239/1408/39 2289/1364/39 2288/1409/39 2238/1410/39
f 2288/1409/39 2289/1364/39 2282/1338/39 2281/1411/39
f 2238/1410/39 2288/1409/39 2287/1412/39 2237/1413/39
f 2287/1412/39 2288/1409/39 2281/1411/39 2280/1414/39
f 2237/1413/39 2287/1412/39 2286/1415/39 2236/1416/39
f 2286/1415/39 2287/1412/39 2280/1414/39 2279/1417/39
f 2236/1416/39 2286/1415/39 2285/1418/39 2235/1419/39
f 2285/1418/39 2286/1415/39 2279/1417/39 2278/1420/39
f 2235/1419/39 2285/1418/39 2284/1421/39 2234/1422/39
f 2284/1421/39 2285/1418/39 2278/1420/39 2277/1423/39
f 2234/1422/125 2284/1421/125 2283/1424/125 2233/1425/125
f 2283/1424/126 2284/1421/126 2277/1423/126 2276/1426/126
f 2233/1425/127 2283/1424/127 2276/1426/127 2232/1427/127
f 2281/1411/128 2282/1338/128 2275/1403/128 2274/1428/128
f 2280/1414/129 2281/1411/129 2274/1428/129 2273/1429/129
f 2279/1417/130 2280/1414/130 2273/1429/130 2272/1430/130
f 1469/1406/12 1476/1301/12 1475/1304/12 1468/1431/12
f 1468/1431/12 1475/1304/12 1474/1306/12 1467/1432/12
f 1467/1432/131 1474/1306/131 1473/1308/131 1466/1433/131
f 1466/1433/132 1473/1308/132 1442/1434/132 1427/1435/132
f 1472/1311/45 1465/1310/45 1463/1436/45 1471/1437/45
f 1471/1437/45 1463/1436/45 1396/1438/45 1404/1439/45
f 1470/1309/133 1462/1440/133 1457/1441/133 1465/1310/133
f 1462/1440/134 1470/1309/134 1469/1406/134 1461/1442/134
f 1461/1442/12 1469/1406/12 1468/1431/12 1460/1443/12
f 1460/1443/12 1468/1431/12 1467/1432/12 1459/1444/12
f 1459/1444/135 1467/1432/135 1466/1433/135 1458/1445/135
f 1458/1445/136 1466/1433/136 1464/1446/136 1453/1447/136
f 1466/1433/137 1427/1435/137 1426/1448/137 1464/1446/137
f 1465/1310/45 1457/1441/45 1452/1449/45 1463/1436/45
f 1453/1447/138 1464/1446/138 1426/1448/138 1412/1450/138
f 1463/1436/45 1452/1449/45 1388/1451/45 1396/1438/45
f 1462/1440/139 1461/1442/139 1456/1452/139 1457/1441/139
f 1461/1442/11 1460/1443/11 1455/1453/11 1456/1452/11
f 1460/1443/11 1459/1444/11 1454/1454/11 1455/1453/11
f 1459/1444/140 1458/1445/140 1453/1447/140 1454/1454/140
f 1457/1441/141 1456/1452/141 1451/1455/141 1452/1449/141
f 1456/1452/11 1455/1453/11 1450/1456/11 1451/1455/11
f 1455/1453/11 1454/1454/11 1449/1457/11 1450/1456/11
f 1454/1454/142 1453/1447/142 1448/1458/142 1449/1457/142
f 1453/1447/143 1412/1450/143 1411/1459/143 1448/1458/143
f 1452/1449/45 1447/1460/45 1379/1461/45 1388/1451/45
f 1447/1460/144 1452/1449/144 1451/1455/144 1446/1462/144
f 1446/1462/11 1451/1455/11 1450/1456/11 1445/1463/11
f 1445/1463/11 1450/1456/11 1449/1457/11 1444/1464/11
f 1444/1464/145 1449/1457/145 1448/1458/145 1443/1465/145
f 1443/1465/146 1448/1458/146 1387/1466/146 1375/1467/146
f 1448/1458/147 1411/1459/147 1285/1468/147 1387/1466/147
f 1447/1460/148 1446/1462/148 1378/1469/148 1379/1461/148
f 1446/1462/11 1445/1463/11 1377/1470/11 1378/1469/11
f 1445/1463/11 1444/1464/11 1376/1471/11 1377/1470/11
f 1444/1464/149 1443/1465/149 1375/1467/149 1376/1471/149
f 1427/1435/12 1442/1434/12 1435/1472/12 1426/1448/12
f 1442/1434/12 1441/1473/12 1434/1474/12 1435/1472/12
f 1441/1473/12 1440/1475/12 1433/1476/12 1434/1474/12
f 1440/1475/12 1439/1477/12 1432/1478/12 1433/1476/12
f 1439/1477/12 1438/1479/12 1431/1480/12 1432/1478/12
f 1438/1479/12 1437/1481/12 1430/1482/12 1431/1480/12
f 1437/1481/150 1436/1483/150 1429/1484/150 1430/1482/150
f 1426/1448/12 1435/1472/12 1434/1474/12 1425/1485/12
f 1425/1485/12 1434/1474/12 1433/1476/12 1424/1486/12
f 1424/1486/12 1433/1476/12 1432/1478/12 1423/1487/12
f 1423/1487/12 1432/1478/12 1431/1480/12 1422/1488/12
f 1422/1488/12 1431/1480/12 1430/1482/12 1421/1489/12
f 1421/1489/151 1430/1482/151 1429/1484/151 1420/1490/151
f 1420/1490/152 1429/1484/152 1428/1491/152 1413/1492/152
f 1413/1492/78 1428/1491/78 1305/1493/78 1293/1494/78
f 1412/1450/11 1426/1448/11 1419/1495/11 1411/1459/11
f 1426/1448/11 1425/1485/11 1418/1496/11 1419/1495/11
f 1425/1485/11 1424/1486/11 1417/1497/11 1418/1496/11
f 1424/1486/11 1423/1487/11 1416/1498/11 1417/1497/11
f 1423/1487/11 1422/1488/11 1415/1499/11 1416/1498/11
f 1422/1488/11 1421/1489/11 1414/1500/11 1415/1499/11
f 1421/1489/153 1420/1490/153 1413/1492/153 1414/1500/153
f 1411/1459/11 1419/1495/11 1418/1496/11 1410/1501/11
f 1410/1501/11 1418/1496/11 1417/1497/11 1409/1502/11
f 2278/1420/154 2279/1417/154 2272/1430/154 2271/1503/154
f 2277/1423/155 2278/1420/155 2271/1503/155 2270/1504/155
f 2276/1426/156 2277/1423/156 2270/1504/156 2269/1505/156
f 2232/1427/78 2276/1426/78 2269/1505/78 2231/1506/78
f 2274/1428/37 2275/1403/37 2268/1404/37 2267/1507/37
f 2273/1429/37 2274/1428/37 2267/1507/37 2266/1508/37
f 2272/1430/37 2273/1429/37 2266/1508/37 2265/1509/37
f 2271/1503/37 2272/1430/37 2265/1509/37 2264/1510/37
f 2270/1504/37 2271/1503/37 2264/1510/37 2263/1511/37
f 2269/1505/157 2270/1504/157 2263/1511/157 2262/1512/157
f 2231/1506/78 2269/1505/78 2262/1512/78 2230/1513/78
f 2267/1507/37 2268/1404/37 2261/1405/37 2260/1514/37
f 2266/1508/37 2267/1507/37 2260/1514/37 2259/1515/37
f 2265/1509/37 2266/1508/37 2259/1515/37 2258/1516/37
f 2264/1510/37 2265/1509/37 2258/1516/37 2257/1517/37
f 2263/1511/37 2264/1510/37 2257/1517/37 2256/1518/37
f 2262/1512/158 2263/1511/158 2256/1518/158 2255/1519/158
f 2230/1513/78 2262/1512/78 2255/1519/78 2229/1520/78
f 1409/1502/11 1417/1497/11 1416/1498/11 1408/1521/11
f 1408/1521/11 1416/1498/11 1415/1499/11 1407/1522/11
f 2258/1516/36 2259/1515/36 1835/1523/36 1834/1524/36
f 2257/1517/159 2258/1516/159 1834/1524/159 1833/1525/159
f 2256/1518/160 2257/1517/160 1833/1525/160 1832/1526/160
f 2255/1519/161 2256/1518/161 1832/1526/161 1831/1527/161
f 2229/1520/78 2255/1519/78 1831/1527/78 1830/1528/78
f 2228/1196/162 2254/1371/162 2253/1361/162 2221/1529/162
f 2221/1529/163 2253/1361/163 2252/1530/163 2220/1531/163
f 2252/1530/39 2253/1361/39 2246/1407/39 2245/1532/39
f 2220/1531/164 2252/1530/164 2251/1533/164 2219/1534/164
f 2251/1533/39 2252/1530/39 2245/1532/39 2244/1535/39
f 2219/1534/165 2251/1533/165 2250/1536/165 2218/1537/165
f 2250/1536/39 2251/1533/39 2244/1535/39 2243/1538/39
f 2218/1537/165 2250/1536/165 2249/1539/165 2217/1540/165
f 2249/1539/39 2250/1536/39 2243/1538/39 2242/1541/39
f 2217/1540/166 2249/1539/166 2248/1542/166 2216/1543/166
f 2248/1542/39 2249/1539/39 2242/1541/39 2241/1544/39
f 2216/1543/167 2248/1542/167 2247/1545/167 2215/1546/167
f 2247/1545/168 2248/1542/168 2241/1544/168 2240/1547/168
f 2215/1546/78 2247/1545/78 2240/1547/78 2214/1548/78
f 2245/1532/39 2246/1407/39 2239/1408/39 2238/1410/39
f 2244/1535/39 2245/1532/39 2238/1410/39 2237/1413/39
f 2243/1538/39 2244/1535/39 2237/1413/39 2236/1416/39
f 2242/1541/39 2243/1538/39 2236/1416/39 2235/1419/39
f 2241/1544/39 2242/1541/39 2235/1419/39 2234/1422/39
f 2240/1547/169 2241/1544/169 2234/1422/169 2233/1425/169
f 2214/1548/78 2240/1547/78 2233/1425/78 2213/1549/78
f 2213/1549/78 2233/1425/78 2232/1427/78 2212/1550/78
f 2212/1550/78 2232/1427/78 2231/1506/78 2211/1551/78
f 2211/1551/78 2231/1506/78 2230/1513/78 2210/1552/78
f 2210/1552/78 2230/1513/78 2229/1520/78 2209/1553/78
f 2209/1553/78 2229/1520/78 1830/1528/78 1829/1554/78
f 2227/1226/17 2228/1196/17 2221/1529/17 2220/1531/17
f 2226/1229/17 2227/1226/17 2220/1531/17 2219/1534/17
f 2225/1232/17 2226/1229/17 2219/1534/17 2218/1537/17
f 2224/1235/17 2225/1232/17 2218/1537/17 2217/1540/17
f 2223/1238/17 2224/1235/17 2217/1540/17 2216/1543/17
f 2222/1241/170 2223/1238/170 2216/1543/170 2215/1546/170
f 2208/1242/171 2222/1241/171 2215/1546/171 2207/1555/171
f 2207/1555/78 2215/1546/78 2214/1548/78 2206/1556/78
f 2206/1556/78 2214/1548/78 2213/1549/78 2205/1557/78
f 2205/1557/78 2213/1549/78 2212/1550/78 2204/1558/78
f 2204/1558/78 2212/1550/78 2211/1551/78 2203/1559/78
f 2203/1559/78 2211/1551/78 2210/1552/78 2202/1560/78
f 2202/1560/78 2210/1552/78 2209/1553/78 2201/1561/78
f 2201/1561/78 2209/1553/78 1829/1554/78 1828/1562/78
f 2200/1257/78 2208/1242/78 2207/1555/78 2199/1563/78
f 2199/1563/78 2207/1555/78 2206/1556/78 2198/1564/78
f 2198/1564/78 2206/1556/78 2205/1557/78 2197/1565/78
f 2197/1565/78 2205/1557/78 2204/1558/78 2196/1566/78
f 2196/1566/78 2204/1558/78 2203/1559/78 2194/1567/78
f 2194/1567/172 2203/1559/172 2202/1560/172 2192/1568/172
f 2192/1568/173 2202/1560/173 2201/1561/173 2190/1569/173
f 2190/1569/174 2201/1561/174 1828/1562/174 1827/1570/174
f 1894/1272/78 2200/1257/78 2199/1563/78 1893/1571/78
f 1893/1571/78 2199/1563/78 2198/1564/78 1892/1572/78
f 1892/1572/175 2198/1564/175 2197/1565/175 1890/1573/175
f 1890/1573/176 2197/1565/176 2196/1566/176 1888/1574/176
f 1888/1574/177 2196/1566/177 2195/1575/177 1887/1576/177
f 2195/1575/178 2196/1566/178 2194/1567/178 2193/1577/178
f 1887/1576/39 2195/1575/39 2188/1578/39 1868/1579/39
f 2188/1578/39 2195/1575/39 2193/1577/39 2185/1580/39
f 2193/1577/179 2194/1567/179 2192/1568/179 2191/1581/179
f 2185/1580/180 2193/1577/180 2191/1581/180 2182/1582/180
f 2191/1581/37 2192/1568/37 2190/1569/37 2189/1583/37
f 2182/1582/37 2191/1581/37 2189/1583/37 2179/1584/37
f 2189/1583/181 2190/1569/181 1827/1570/181 1826/1585/181
f 2179/1584/182 2189/1583/182 1826/1585/182 1825/1586/182
f 1868/1579/39 2188/1578/39 2187/1587/39 1867/1588/39
f 2187/1587/39 2188/1578/39 2185/1580/39 2184/1589/39
f 1867/1588/39 2187/1587/39 2186/1590/39 1866/1591/39
f 2186/1590/39 2187/1587/39 2184/1589/39 2183/1592/39
f 1866/1591/39 2186/1590/39 1156/1123/39 1015/629/39
f 1156/1123/39 2186/1590/39 2183/1592/39 1151/1100/39
f 1407/1522/11 1415/1499/11 1414/1500/11 1406/1593/11
f 1406/1593/183 1414/1500/183 1413/1492/183 1405/1594/183
f 1405/1594/184 1413/1492/184 1293/1494/184 1279/1595/184
f 1411/1459/11 1410/1501/11 1284/1596/11 1285/1468/11
f 1410/1501/11 1409/1502/11 1283/1597/11 1284/1596/11
f 1409/1502/11 1408/1521/11 1282/1598/11 1283/1597/11
f 1408/1521/11 1407/1522/11 1281/1599/11 1282/1598/11
f 1407/1522/11 1406/1593/11 1280/1600/11 1281/1599/11
f 1406/1593/11 1405/1594/11 1279/1595/11 1280/1600/11
f 1404/1439/45 1396/1438/45 1395/1601/45 1403/1602/45
f 2184/1589/185 2185/1580/185 2182/1582/185 2181/1603/185
f 2183/1592/186 2184/1589/186 2181/1603/186 2180/1604/186
f 1151/1100/38 2183/1592/38 2180/1604/38 1146/1095/38
f 1403/1602/45 1395/1601/45 1394/1605/45 1402/1606/45
f 1402/1606/45 1394/1605/45 1393/1607/45 1401/1608/45
f 1401/1608/45 1393/1607/45 1392/1609/45 1400/1610/45
f 1400/1610/45 1392/1609/45 1391/1611/45 1399/1612/45
f 1399/1612/45 1391/1611/45 1390/1613/45 1398/1614/45
f 2181/1603/37 2182/1582/37 2179/1584/37 2178/1615/37
f 2180/1604/37 2181/1603/37 2178/1615/37 2177/1616/37
f 1146/1095/37 2180/1604/37 2177/1616/37 1141/1090/37
f 1398/1614/45 1390/1613/45 1389/1617/45 1397/1618/45
f 1397/1618/45 1389/1617/45 1177/1619/45 1178/1620/45
f 1396/1438/45 1388/1451/45 1386/1621/45 1395/1601/45
f 1395/1601/45 1386/1621/45 1385/1622/45 1394/1605/45
f 1394/1605/45 1385/1622/45 1384/1623/45 1393/1607/45
f 2178/1615/187 2179/1584/187 1825/1586/187 1824/1624/187
f 2177/1616/36 2178/1615/36 1824/1624/36 1823/1625/36
f 1141/1090/36 2177/1616/36 1823/1625/36 867/353/36
f 1393/1607/45 1384/1623/45 1383/1626/45 1392/1609/45
f 1392/1609/45 1383/1626/45 1382/1627/45 1391/1611/45
f 1391/1611/45 1382/1627/45 1381/1628/45 1390/1613/45
f 1390/1613/45 1381/1628/45 1380/1629/45 1389/1617/45
f 1389/1617/45 1380/1629/45 1176/1630/45 1177/1619/45
f 1388/1451/45 1379/1461/45 1374/1631/45 1386/1621/45
f 1375/1467/188 1387/1466/188 1285/1468/188 1265/1632/188
f 1386/1621/45 1374/1631/45 1372/1633/45 1385/1622/45
f 1385/1622/45 1372/1633/45 1371/1634/45 1384/1623/45
f 1384/1623/45 1371/1634/45 1370/1635/45 1383/1626/45
f 1383/1626/45 1370/1635/45 1369/1636/45 1382/1627/45
f 1382/1627/45 1369/1636/45 1368/1637/45 1381/1628/45
f 1381/1628/45 1368/1637/45 1367/1638/45 1380/1629/45
f 1380/1629/45 1367/1638/45 1175/1639/45 1176/1630/45
f 1379/1461/189 1366/1640/189 1361/1641/189 1374/1631/189
f 1366/1640/190 1379/1461/190 1378/1469/190 1365/1642/190
f 1365/1642/11 1378/1469/11 1377/1470/11 1364/1643/11
f 1364/1643/11 1377/1470/11 1376/1471/11 1363/1644/11
f 1363/1644/191 1376/1471/191 1375/1467/191 1362/1645/191
f 1362/1645/192 1375/1467/192 1373/1646/192 1357/1647/192
f 1375/1467/193 1265/1632/193 1264/1648/193 1373/1646/193
f 1374/1631/45 1361/1641/45 1356/1649/45 1372/1633/45
f 1357/1647/194 1373/1646/194 1264/1648/194 1239/1650/194
f 1372/1633/45 1356/1649/45 1351/1651/45 1371/1634/45
f 1371/1634/45 1351/1651/45 1349/1652/45 1370/1635/45
f 1370/1635/45 1349/1652/45 1347/1653/45 1369/1636/45
f 1369/1636/45 1347/1653/45 1346/1654/45 1368/1637/45
f 1368/1637/45 1346/1654/45 1345/1655/45 1367/1638/45
f 1367/1638/45 1345/1655/45 1174/1656/45 1175/1639/45
f 1366/1640/195 1365/1642/195 1360/1657/195 1361/1641/195
f 1365/1642/196 1364/1643/196 1359/1658/196 1360/1657/196
f 1364/1643/197 1363/1644/197 1358/1659/197 1359/1658/197
f 1363/1644/198 1362/1645/198 1357/1647/198 1358/1659/198
f 1361/1641/199 1360/1657/199 1355/1660/199 1356/1649/199
f 1360/1657/4 1359/1658/4 1354/1661/4 1355/1660/4
f 1359/1658/4 1358/1659/4 1353/1662/4 1354/1661/4
f 1358/1659/200 1357/1647/200 1352/1663/200 1353/1662/200
f 1357/1647/201 1239/1650/201 1238/1664/201 1352/1663/201
f 1356/1649/202 1344/1665/202 1339/1666/202 1351/1651/202
f 1344/1665/203 1356/1649/203 1355/1660/203 1343/1667/203
f 1343/1667/4 1355/1660/4 1354/1661/4 1342/1668/4
f 1342/1668/4 1354/1661/4 1353/1662/4 1341/1669/4
f 1341/1669/204 1353/1662/204 1352/1663/204 1340/1670/204
f 1340/1670/205 1352/1663/205 1350/1671/205 1335/1672/205
f 1352/1663/206 1238/1664/206 1237/1673/206 1350/1671/206
f 1351/1651/45 1339/1666/45 1334/1674/45 1349/1652/45
f 1335/1672/207 1350/1671/207 1348/1675/207 1330/1676/207
f 1350/1671/208 1237/1673/208 1230/1677/208 1348/1675/208
f 1349/1652/45 1334/1674/45 1329/1678/45 1347/1653/45
f 1330/1676/209 1348/1675/209 1230/1677/209 1202/1679/209
f 1347/1653/45 1329/1678/45 1324/1680/45 1346/1654/45
f 1346/1654/45 1324/1680/45 1322/1681/45 1345/1655/45
f 1345/1655/45 1322/1681/45 1173/1682/45 1174/1656/45
f 1344/1665/210 1343/1667/210 1338/1683/210 1339/1666/210
f 1343/1667/4 1342/1668/4 1337/1684/4 1338/1683/4
f 1342/1668/4 1341/1669/4 1336/1685/4 1337/1684/4
f 1341/1669/4 1340/1670/4 1335/1672/4 1336/1685/4
f 1339/1666/211 1338/1683/211 1333/1686/211 1334/1674/211
f 1338/1683/212 1337/1684/212 1332/1687/212 1333/1686/212
f 1337/1684/213 1336/1685/213 1331/1688/213 1332/1687/213
f 1336/1685/214 1335/1672/214 1330/1676/214 1331/1688/214
f 1334/1674/215 1333/1686/215 1328/1689/215 1329/1678/215
f 1333/1686/6 1332/1687/6 1327/1690/6 1328/1689/6
f 1332/1687/6 1331/1688/6 1326/1691/6 1327/1690/6
f 1331/1688/216 1330/1676/216 1325/1692/216 1326/1691/216
f 1330/1676/217 1202/1679/217 1201/1693/217 1325/1692/217
f 1329/1678/218 1320/1694/218 1315/1695/218 1324/1680/218
f 1320/1694/219 1329/1678/219 1328/1689/219 1319/1696/219
f 1319/1696/6 1328/1689/6 1327/1690/6 1318/1697/6
f 1318/1697/6 1327/1690/6 1326/1691/6 1317/1698/6
f 1317/1698/220 1326/1691/220 1325/1692/220 1316/1699/220
f 1316/1699/221 1325/1692/221 1323/1700/221 1311/1701/221
f 1325/1692/222 1201/1693/222 1200/1702/222 1323/1700/222
f 1324/1680/223 1315/1695/223 1310/1703/223 1322/1681/223
f 1311/1701/224 1323/1700/224 1321/1704/224 1306/1705/224
f 1323/1700/225 1200/1702/225 1199/1706/225 1321/1704/225
f 1322/1681/226 1310/1703/226 1171/1707/226 1173/1682/226
f 1321/1704/227 1199/1706/227 1160/1708/227 1172/1709/227
f 1320/1694/6 1319/1696/6 1314/1710/6 1315/1695/6
f 1319/1696/6 1318/1697/6 1313/1711/6 1314/1710/6
f 1318/1697/6 1317/1698/6 1312/1712/6 1313/1711/6
f 1317/1698/6 1316/1699/6 1311/1701/6 1312/1712/6
f 1315/1695/6 1314/1710/6 1309/1713/6 1310/1703/6
f 1314/1710/6 1313/1711/6 1308/1714/6 1309/1713/6
f 1313/1711/6 1312/1712/6 1307/1715/6 1308/1714/6
f 1312/1712/6 1311/1701/6 1306/1705/6 1307/1715/6
f 1293/1494/78 1305/1493/78 1304/1716/78 1292/1717/78
f 1292/1717/78 1304/1716/78 1303/1718/78 1291/1719/78
f 1291/1719/78 1303/1718/78 1302/1720/78 1290/1721/78
f 1290/1721/78 1302/1720/78 1301/1722/78 1289/1723/78
f 1289/1723/78 1301/1722/78 1299/1724/78 1288/1725/78
f 1301/1722/228 1300/1726/228 1298/1727/228 1299/1724/228
f 1300/1726/4 1198/1728/4 1195/1729/4 1298/1727/4
f 1288/1725/229 1299/1724/229 1297/1730/229 1287/1731/229
f 1299/1724/230 1298/1727/230 1296/1732/230 1297/1730/230
f 1298/1727/231 1195/1729/231 1192/1733/231 1296/1732/231
f 1287/1731/232 1297/1730/232 1295/1734/232 1286/1735/232
f 1297/1730/6 1296/1732/6 1294/1736/6 1295/1734/6
f 1296/1732/6 1192/1733/6 1189/1737/6 1294/1736/6
f 1286/1735/233 1295/1734/233 1170/1738/233 1168/1739/233
f 1295/1734/234 1294/1736/234 1169/1740/234 1170/1738/234
f 1294/1736/235 1189/1737/235 1159/1741/235 1169/1740/235
f 1279/1595/236 1293/1494/236 1292/1717/236 1272/1742/236
f 1272/1742/78 1292/1717/78 1291/1719/78 1271/1743/78
f 1271/1743/78 1291/1719/78 1290/1721/78 1270/1744/78
f 1270/1744/78 1290/1721/78 1289/1723/78 1269/1745/78
f 1269/1745/78 1289/1723/78 1288/1725/78 1268/1746/78
f 1268/1746/78 1288/1725/78 1287/1731/78 1267/1747/78
f 1267/1747/78 1287/1731/78 1286/1735/78 1266/1748/78
f 1266/1748/78 1286/1735/78 1168/1739/78 1167/1749/78
f 1265/1632/237 1285/1468/237 1278/1750/237 1264/1648/237
f 1285/1468/11 1284/1596/11 1277/1751/11 1278/1750/11
f 1284/1596/11 1283/1597/11 1276/1752/11 1277/1751/11
f 1283/1597/11 1282/1598/11 1275/1753/11 1276/1752/11
f 1282/1598/11 1281/1599/11 1274/1754/11 1275/1753/11
f 1281/1599/11 1280/1600/11 1273/1755/11 1274/1754/11
f 1280/1600/238 1279/1595/238 1272/1742/238 1273/1755/238
f 1264/1648/239 1278/1750/239 1277/1751/239 1263/1756/239
f 1263/1756/240 1277/1751/240 1276/1752/240 1262/1757/240
f 1262/1757/241 1276/1752/241 1275/1753/241 1261/1758/241
f 1261/1758/241 1275/1753/241 1274/1754/241 1260/1759/241
f 1260/1759/242 1274/1754/242 1273/1755/242 1259/1760/242
f 1259/1760/243 1273/1755/243 1272/1742/243 1258/1761/243
f 1258/1761/78 1272/1742/78 1271/1743/78 1251/1762/78
f 1251/1762/78 1271/1743/78 1270/1744/78 1244/1763/78
f 1244/1763/78 1270/1744/78 1269/1745/78 1243/1764/78
f 1243/1764/78 1269/1745/78 1268/1746/78 1242/1765/78
f 1242/1765/78 1268/1746/78 1267/1747/78 1241/1766/78
f 1241/1766/78 1267/1747/78 1266/1748/78 1240/1767/78
f 1240/1767/78 1266/1748/78 1167/1749/78 1166/1768/78
f 1239/1650/4 1264/1648/4 1257/1769/4 1238/1664/4
f 1264/1648/4 1263/1756/4 1256/1770/4 1257/1769/4
f 1263/1756/4 1262/1757/4 1255/1771/4 1256/1770/4
f 1262/1757/4 1261/1758/4 1254/1772/4 1255/1771/4
f 1261/1758/4 1260/1759/4 1253/1773/4 1254/1772/4
f 1260/1759/4 1259/1760/4 1252/1774/4 1253/1773/4
f 1259/1760/244 1258/1761/244 1251/1762/244 1252/1774/244
f 1238/1664/4 1257/1769/4 1250/1775/4 1237/1673/4
f 1257/1769/4 1256/1770/4 1249/1776/4 1250/1775/4
f 1256/1770/4 1255/1771/4 1248/1777/4 1249/1776/4
f 1255/1771/4 1254/1772/4 1247/1778/4 1248/1777/4
f 1254/1772/4 1253/1773/4 1246/1779/4 1247/1778/4
f 1253/1773/4 1252/1774/4 1245/1780/4 1246/1779/4
f 1252/1774/245 1251/1762/245 1244/1763/245 1245/1780/245
f 1237/1673/4 1250/1775/4 1249/1776/4 1236/1781/4
f 1236/1781/4 1249/1776/4 1248/1777/4 1235/1782/4
f 1235/1782/4 1248/1777/4 1247/1778/4 1234/1783/4
f 1234/1783/4 1247/1778/4 1246/1779/4 1233/1784/4
f 1233/1784/4 1246/1779/4 1245/1780/4 1232/1785/4
f 1232/1785/246 1245/1780/246 1244/1763/246 1231/1786/246
f 1231/1786/247 1244/1763/247 1243/1764/247 1224/1787/247
f 1224/1787/78 1243/1764/78 1242/1765/78 1217/1788/78
f 1217/1788/78 1242/1765/78 1241/1766/78 1210/1789/78
f 1210/1789/78 1241/1766/78 1240/1767/78 1203/1790/78
f 1203/1790/78 1240/1767/78 1166/1768/78 1161/1791/78
f 1237/1673/4 1236/1781/4 1229/1792/4 1230/1677/4
f 1236/1781/4 1235/1782/4 1228/1793/4 1229/1792/4
f 1235/1782/4 1234/1783/4 1227/1794/4 1228/1793/4
f 1234/1783/4 1233/1784/4 1226/1795/4 1227/1794/4
f 1233/1784/4 1232/1785/4 1225/1796/4 1226/1795/4
f 1232/1785/248 1231/1786/248 1224/1787/248 1225/1796/248
f 1202/1679/249 1230/1677/249 1223/1797/249 1201/1693/249
f 1230/1677/250 1229/1792/250 1222/1798/250 1223/1797/250
f 1229/1792/251 1228/1793/251 1221/1799/251 1222/1798/251
f 1228/1793/252 1227/1794/252 1220/1800/252 1221/1799/252
f 1227/1794/253 1226/1795/253 1219/1801/253 1220/1800/253
f 1226/1795/254 1225/1796/254 1218/1802/254 1219/1801/254
f 1225/1796/255 1224/1787/255 1217/1788/255 1218/1802/255
f 1201/1693/6 1223/1797/6 1216/1803/6 1200/1702/6
f 1223/1797/6 1222/1798/6 1215/1804/6 1216/1803/6
f 1222/1798/6 1221/1799/6 1214/1805/6 1215/1804/6
f 1221/1799/6 1220/1800/6 1213/1806/6 1214/1805/6
f 1220/1800/6 1219/1801/6 1212/1807/6 1213/1806/6
f 1219/1801/6 1218/1802/6 1211/1808/6 1212/1807/6
f 1218/1802/256 1217/1788/256 1210/1789/256 1211/1808/256
f 1200/1702/6 1216/1803/6 1209/1809/6 1199/1706/6
f 1216/1803/6 1215/1804/6 1208/1810/6 1209/1809/6
f 1215/1804/6 1214/1805/6 1207/1811/6 1208/1810/6
f 1214/1805/6 1213/1806/6 1206/1812/6 1207/1811/6
f 1213/1806/6 1212/1807/6 1205/1813/6 1206/1812/6
f 1212/1807/6 1211/1808/6 1204/1814/6 1205/1813/6
f 1211/1808/257 1210/1789/257 1203/1790/257 1204/1814/257
f 1207/1811/7 1206/1812/7 1164/1815/7 1165/1816/7
f 1206/1812/258 1205/1813/258 1163/1817/258 1164/1815/258
f 1205/1813/259 1204/1814/259 1162/1818/259 1163/1817/259
f 1204/1814/260 1203/1790/260 1161/1791/260 1162/1818/260
f 1198/1728/4 1197/1819/4 1194/1820/4 1195/1729/4
f 1197/1819/4 1196/1821/4 1193/1822/4 1194/1820/4
f 1196/1821/4 357/67/4 352/70/4 1193/1822/4
f 1195/1729/261 1194/1820/261 1191/1823/261 1192/1733/261
f 1194/1820/262 1193/1822/262 1190/1824/262 1191/1823/262
f 1193/1822/5 352/70/5 347/80/5 1190/1824/5
f 1192/1733/6 1191/1823/6 1188/1825/6 1189/1737/6
f 1191/1823/6 1190/1824/6 1187/1826/6 1188/1825/6
f 1190/1824/6 347/80/6 342/86/6 1187/1826/6
f 1189/1737/263 1188/1825/263 1158/1827/263 1159/1741/263
f 1188/1825/7 1187/1826/7 1157/1828/7 1158/1827/7
f 1187/1826/7 342/86/7 68/92/7 1157/1828/7
f 1196/1821/4 1483/1829/4 470/288/4 357/67/4
f 1197/1819/4 1484/1830/4 1483/1829/4 1196/1821/4
f 1198/1728/4 1485/1831/4 1484/1830/4 1197/1819/4
f 1486/1832/9 475/296/9 470/288/9 1483/1829/9
f 1487/1833/9 1486/1832/9 1483/1829/9 1484/1830/9
f 1488/1834/264 1487/1833/264 1484/1830/264 1485/1831/264
f 1486/1832/11 1489/1835/11 480/304/11 475/296/11
f 1487/1833/11 1490/1836/11 1489/1835/11 1486/1832/11
f 1488/1834/11 1491/1837/11 1490/1836/11 1487/1833/11
f 1492/1838/11 485/312/11 480/304/11 1489/1835/11
f 1493/1839/11 1492/1838/11 1489/1835/11 1490/1836/11
f 1494/1840/11 1493/1839/11 1490/1836/11 1491/1837/11
f 1495/1841/11 490/320/11 485/312/11 1492/1838/11
f 1496/1842/11 1495/1841/11 1492/1838/11 1493/1839/11
f 1497/1843/11 1496/1842/11 1493/1839/11 1494/1840/11
f 1495/1841/12 1498/1844/12 495/328/12 490/320/12
f 1496/1842/12 1499/1845/12 1498/1844/12 1495/1841/12
f 1497/1843/12 1500/1846/12 1499/1845/12 1496/1842/12
f 1498/1844/12 1501/1847/12 500/336/12 495/328/12
f 1499/1845/12 1502/1848/12 1501/1847/12 1498/1844/12
f 1500/1846/12 1503/1849/12 1502/1848/12 1499/1845/12
f 1504/1850/12 505/344/12 500/336/12 1501/1847/12
f 1505/1851/12 1504/1850/12 1501/1847/12 1502/1848/12
f 1506/1852/12 1505/1851/12 1502/1848/12 1503/1849/12
f 1504/1850/14 1507/1853/14 510/352/14 505/344/14
f 1505/1851/14 1508/1854/14 1507/1853/14 1504/1850/14
f 1506/1852/265 1509/1855/265 1508/1854/265 1505/1851/265
f 1300/1726/4 1510/1856/4 1485/1831/4 1198/1728/4
f 1301/1722/266 1511/1857/266 1510/1856/266 1300/1726/266
f 1512/1858/267 1488/1834/267 1485/1831/267 1510/1856/267
f 1513/1859/268 1512/1858/268 1510/1856/268 1511/1857/268
f 1302/1720/269 1513/1859/269 1511/1857/269 1301/1722/269
f 1515/1860/270 1514/1861/270 1512/1858/270 1513/1859/270
f 1303/1718/271 1515/1860/271 1513/1859/271 1302/1720/271
f 1304/1716/78 1516/1862/78 1515/1860/78 1303/1718/78
f 1305/1493/78 1517/1863/78 1516/1862/78 1304/1716/78
f 1512/1858/11 1518/1864/11 1491/1837/11 1488/1834/11
f 1519/1865/11 1494/1840/11 1491/1837/11 1518/1864/11
f 1514/1861/11 1519/1865/11 1518/1864/11 1512/1858/11
f 1515/1860/272 1520/1866/272 1519/1865/272 1514/1861/272
f 1521/1867/11 1497/1843/11 1494/1840/11 1519/1865/11
f 1522/1868/273 1521/1867/273 1519/1865/273 1520/1866/273
f 1516/1862/274 1522/1868/274 1520/1866/274 1515/1860/274
f 1517/1863/78 1523/1869/78 1522/1868/78 1516/1862/78
f 1521/1867/12 1524/1870/12 1500/1846/12 1497/1843/12
f 1522/1868/275 1525/1871/275 1524/1870/275 1521/1867/275
f 1527/1872/276 1526/1873/276 1524/1870/276 1525/1871/276
f 1523/1869/277 1527/1872/277 1525/1871/277 1522/1868/277
f 1524/1870/12 1528/1874/12 1503/1849/12 1500/1846/12
f 1529/1875/12 1506/1852/12 1503/1849/12 1528/1874/12
f 1526/1873/278 1529/1875/278 1528/1874/278 1524/1870/278
f 1527/1872/279 1530/1876/279 1529/1875/279 1526/1873/279
f 1529/1875/280 1531/1877/280 1509/1855/280 1506/1852/280
f 1530/1876/281 1532/1878/281 1531/1877/281 1529/1875/281
f 1533/1879/45 1397/1618/45 1178/1620/45 1179/1880/45
f 1534/1881/45 1398/1614/45 1397/1618/45 1533/1879/45
f 1535/1882/45 1399/1612/45 1398/1614/45 1534/1881/45
f 1536/1883/45 1400/1610/45 1399/1612/45 1535/1882/45
f 1537/1884/45 1401/1608/45 1400/1610/45 1536/1883/45
f 1538/1885/45 1402/1606/45 1401/1608/45 1537/1884/45
f 1539/1886/45 1403/1602/45 1402/1606/45 1538/1885/45
f 1540/1887/45 1404/1439/45 1403/1602/45 1539/1886/45
f 1541/1888/45 1533/1879/45 1179/1880/45 1180/1889/45
f 1542/1890/45 1534/1881/45 1533/1879/45 1541/1888/45
f 1543/1891/45 1535/1882/45 1534/1881/45 1542/1890/45
f 1544/1892/45 1536/1883/45 1535/1882/45 1543/1891/45
f 1545/1893/45 1537/1884/45 1536/1883/45 1544/1892/45
f 1546/1894/45 1538/1885/45 1537/1884/45 1545/1893/45
f 1547/1895/45 1539/1886/45 1538/1885/45 1546/1894/45
f 1548/1896/45 1540/1887/45 1539/1886/45 1547/1895/45
f 1549/1897/45 1541/1888/45 1180/1889/45 1181/1898/45
f 1550/1899/45 1542/1890/45 1541/1888/45 1549/1897/45
f 1551/1900/45 1543/1891/45 1542/1890/45 1550/1899/45
f 1552/1901/45 1544/1892/45 1543/1891/45 1551/1900/45
f 1553/1902/45 1545/1893/45 1544/1892/45 1552/1901/45
f 1554/1903/45 1546/1894/45 1545/1893/45 1553/1902/45
f 1555/1904/45 1547/1895/45 1546/1894/45 1554/1903/45
f 1556/1905/45 1548/1896/45 1547/1895/45 1555/1904/45
f 1557/1906/45 1549/1897/45 1181/1898/45 1182/1907/45
f 1558/1908/45 1550/1899/45 1549/1897/45 1557/1906/45
f 1559/1909/45 1551/1900/45 1550/1899/45 1558/1908/45
f 1560/1910/45 1552/1901/45 1551/1900/45 1559/1909/45
f 1561/1911/45 1553/1902/45 1552/1901/45 1560/1910/45
f 1562/1912/45 1554/1903/45 1553/1902/45 1561/1911/45
f 1563/1913/45 1555/1904/45 1554/1903/45 1562/1912/45
f 1564/1914/45 1556/1905/45 1555/1904/45 1563/1913/45
f 1565/1915/45 1557/1906/45 1182/1907/45 1183/1916/45
f 1566/1917/45 1558/1908/45 1557/1906/45 1565/1915/45
f 1567/1918/45 1559/1909/45 1558/1908/45 1566/1917/45
f 1568/1919/45 1560/1910/45 1559/1909/45 1567/1918/45
f 1569/1920/45 1561/1911/45 1560/1910/45 1568/1919/45
f 1570/1921/45 1562/1912/45 1561/1911/45 1569/1920/45
f 1571/1922/45 1563/1913/45 1562/1912/45 1570/1921/45
f 1572/1923/45 1564/1914/45 1563/1913/45 1571/1922/45
f 1573/1924/45 1565/1915/45 1183/1916/45 1184/1925/45
f 1574/1926/45 1566/1917/45 1565/1915/45 1573/1924/45
f 1575/1927/45 1567/1918/45 1566/1917/45 1574/1926/45
f 1576/1928/45 1568/1919/45 1567/1918/45 1575/1927/45
f 1577/1929/45 1569/1920/45 1568/1919/45 1576/1928/45
f 1578/1930/45 1570/1921/45 1569/1920/45 1577/1929/45
f 1579/1931/45 1571/1922/45 1570/1921/45 1578/1930/45
f 1580/1932/45 1572/1923/45 1571/1922/45 1579/1931/45
f 1581/1933/45 1573/1924/45 1184/1925/45 1185/1934/45
f 1582/1935/45 1574/1926/45 1573/1924/45 1581/1933/45
f 1583/1936/45 1575/1927/45 1574/1926/45 1582/1935/45
f 1584/1937/45 1576/1928/45 1575/1927/45 1583/1936/45
f 1585/1938/45 1577/1929/45 1576/1928/45 1584/1937/45
f 1586/1939/45 1578/1930/45 1577/1929/45 1585/1938/45
f 1587/1940/45 1579/1931/45 1578/1930/45 1586/1939/45
f 1588/1941/45 1580/1932/45 1579/1931/45 1587/1940/45
f 1589/1942/45 1581/1933/45 1185/1934/45 1186/1943/45
f 1590/1944/45 1582/1935/45 1581/1933/45 1589/1942/45
f 1591/1945/45 1583/1936/45 1582/1935/45 1590/1944/45
f 1592/1946/45 1584/1937/45 1583/1936/45 1591/1945/45
f 1593/1947/45 1585/1938/45 1584/1937/45 1592/1946/45
f 1594/1948/45 1586/1939/45 1585/1938/45 1593/1947/45
f 2176/1949/282 2162/1950/282 2157/1951/282 2171/1208/282
f 2162/1950/283 2176/1949/283 2175/1952/283 2161/1953/283
f 2175/1952/284 2176/1949/284 2171/1208/284 2170/1211/284
f 2161/1953/285 2175/1952/285 2174/1954/285 2160/1955/285
f 2174/1954/15 2175/1952/15 2170/1211/15 2169/1213/15
f 2160/1955/286 2174/1954/286 2173/1956/286 2159/1957/286
f 2173/1956/15 2174/1954/15 2169/1213/15 2168/1215/15
f 2159/1957/287 2173/1956/287 2172/1958/287 2158/1959/287
f 2172/1958/288 2173/1956/288 2168/1215/288 2167/1217/288
f 2158/1959/289 2172/1958/289 2167/1217/289 2156/1960/289
f 2171/1208/45 2157/1951/45 2155/1961/45 2166/1209/45
f 2156/1960/290 2167/1217/290 2077/1962/290 2066/1963/290
f 2077/1962/291 2167/1217/291 2165/1218/291 2076/1220/291
f 2166/1209/45 2155/1961/45 2154/1964/45 2164/1219/45
f 2164/1219/45 2154/1964/45 2153/1965/45 2163/1221/45
f 2163/1221/45 2153/1965/45 1950/1966/45 1958/1222/45
f 2162/1950/45 2147/1967/45 2142/1968/45 2157/1951/45
f 2147/1967/292 2162/1950/292 2161/1953/292 2146/1969/292
f 2146/1969/33 2161/1953/33 2160/1955/33 2145/1970/33
f 2145/1970/33 2160/1955/33 2159/1957/33 2144/1971/33
f 2144/1971/293 2159/1957/293 2158/1959/293 2143/1972/293
f 2143/1972/294 2158/1959/294 2067/1973/294 2050/1974/294
f 2067/1973/295 2158/1959/295 2156/1960/295 2066/1963/295
f 2157/1951/45 2142/1968/45 2141/1975/45 2155/1961/45
f 2155/1961/45 2141/1975/45 2140/1976/45 2154/1964/45
f 2154/1964/45 2140/1976/45 2139/1977/45 2153/1965/45
f 2153/1965/45 2139/1977/45 1942/1978/45 1950/1966/45
f 2152/1979/296 2138/1980/296 2133/1981/296 2147/1967/296
f 2138/1980/297 2152/1979/297 2151/1982/297 2137/1983/297
f 2151/1982/298 2152/1979/298 2147/1967/298 2146/1969/298
f 2137/1983/33 2151/1982/33 2150/1984/33 2136/1985/33
f 2150/1984/33 2151/1982/33 2146/1969/33 2145/1970/33
f 2136/1985/33 2150/1984/33 2149/1986/33 2135/1987/33
f 2149/1986/33 2150/1984/33 2145/1970/33 2144/1971/33
f 2135/1987/33 2149/1986/33 2148/1988/33 2134/1989/33
f 2148/1988/299 2149/1986/299 2144/1971/299 2143/1972/299
f 2134/1989/300 2148/1988/300 2143/1972/300 2132/1990/300
f 2147/1967/45 2133/1981/45 2131/1991/45 2142/1968/45
f 2132/1990/301 2143/1972/301 2050/1974/301 2039/1992/301
f 2142/1968/45 2131/1991/45 2130/1993/45 2141/1975/45
f 2141/1975/45 2130/1993/45 2129/1994/45 2140/1976/45
f 2140/1976/45 2129/1994/45 2128/1995/45 2139/1977/45
f 2139/1977/45 2128/1995/45 1934/1996/45 1942/1978/45
f 2138/1980/45 2127/1997/45 2122/1998/45 2133/1981/45
f 2127/1997/302 2138/1980/302 2137/1983/302 2126/1999/302
f 2126/1999/303 2137/1983/303 2136/1985/303 2125/2000/303
f 2125/2000/304 2136/1985/304 2135/1987/304 2124/2001/304
f 2124/2001/305 2135/1987/305 2134/1989/305 2123/2002/305
f 2123/2002/306 2134/1989/306 2132/1990/306 2121/2003/306
f 2133/1981/45 2122/1998/45 2120/2004/45 2131/1991/45
f 2121/2003/307 2132/1990/307 2039/1992/307 2021/2005/307
f 2131/1991/45 2120/2004/45 2119/2006/45 2130/1993/45
f 2130/1993/45 2119/2006/45 2118/2007/45 2129/1994/45
f 2129/1994/45 2118/2007/45 2117/2008/45 2128/1995/45
f 2128/1995/45 2117/2008/45 1926/2009/45 1934/1996/45
f 2127/1997/45 2111/2010/45 2106/2011/45 2122/1998/45
f 2111/2010/308 2127/1997/308 2126/1999/308 2110/2012/308
f 2110/2012/31 2126/1999/31 2125/2000/31 2109/2013/31
f 2109/2013/31 2125/2000/31 2124/2001/31 2108/2014/31
f 2108/2014/309 2124/2001/309 2123/2002/309 2107/2015/309
f 2107/2015/310 2123/2002/310 2022/2016/310 2009/2017/310
f 2022/2016/311 2123/2002/311 2121/2003/311 2021/2005/311
f 2122/1998/45 2106/2011/45 2105/2018/45 2120/2004/45
f 2120/2004/45 2105/2018/45 2104/2019/45 2119/2006/45
f 2119/2006/45 2104/2019/45 2103/2020/45 2118/2007/45
f 2118/2007/45 2103/2020/45 2102/2021/45 2117/2008/45
f 2117/2008/45 2102/2021/45 1918/2022/45 1926/2009/45
f 2116/2023/312 2101/2024/312 2096/2025/312 2111/2010/312
f 2101/2024/31 2116/2023/31 2115/2026/31 2100/2027/31
f 2115/2026/313 2116/2023/313 2111/2010/313 2110/2012/313
f 2100/2027/31 2115/2026/31 2114/2028/31 2099/2029/31
f 2114/2028/31 2115/2026/31 2110/2012/31 2109/2013/31
f 2099/2029/31 2114/2028/31 2113/2030/31 2098/2031/31
f 2113/2030/31 2114/2028/31 2109/2013/31 2108/2014/31
f 2098/2031/31 2113/2030/31 2112/2032/31 2097/2033/31
f 2112/2032/314 2113/2030/314 2108/2014/314 2107/2015/314
f 2097/2033/315 2112/2032/315 2107/2015/315 2095/2034/315
f 2111/2010/45 2096/2025/45 2094/2035/45 2106/2011/45
f 2095/2034/316 2107/2015/316 2009/2017/316 1996/2036/316
f 2106/2011/45 2094/2035/45 2093/2037/45 2105/2018/45
f 2105/2018/45 2093/2037/45 2092/2038/45 2104/2019/45
f 2104/2019/45 2092/2038/45 2091/2039/45 2103/2020/45
f 2103/2020/45 2091/2039/45 2090/2040/45 2102/2021/45
f 2102/2021/45 2090/2040/45 1910/2041/45 1918/2022/45
f 2101/2024/317 2089/2042/317 2084/2043/317 2096/2025/317
f 2089/2042/31 2101/2024/31 2100/2027/31 2088/2044/31
f 2088/2044/31 2100/2027/31 2099/2029/31 2087/2045/31
f 2087/2045/31 2099/2029/31 2098/2031/31 2086/2046/31
f 2086/2046/31 2098/2031/31 2097/2033/31 2085/2047/31
f 2085/2047/318 2097/2033/318 2095/2034/318 2083/2048/318
f 2096/2025/45 2084/2043/45 2082/2049/45 2094/2035/45
f 2083/2048/319 2095/2034/319 1996/2036/319 1983/2050/319
f 2094/2035/45 2082/2049/45 2081/2051/45 2093/2037/45
f 2093/2037/45 2081/2051/45 2080/2052/45 2092/2038/45
f 2092/2038/45 2080/2052/45 2079/2053/45 2091/2039/45
f 2091/2039/45 2079/2053/45 2078/2054/45 2090/2040/45
f 2090/2040/45 2078/2054/45 1902/2055/45 1910/2041/45
f 2089/2042/320 1814/2056/320 1809/2057/320 2084/2043/320
f 1814/2056/321 2089/2042/321 2088/2044/321 1813/2058/321
f 1813/2058/322 2088/2044/322 2087/2045/322 1812/2059/322
f 1812/2059/323 2087/2045/323 2086/2046/323 1811/2060/323
f 1811/2060/324 2086/2046/324 2085/2047/324 1810/2061/324
f 1810/2061/325 2085/2047/325 2083/2048/325 1808/2062/325
f 2084/2043/45 1809/2057/45 1807/2063/45 2082/2049/45
f 1808/2062/326 2083/2048/326 1983/2050/326 1715/2064/326
f 2082/2049/45 1807/2063/45 1806/2065/45 2081/2051/45
f 2081/2051/45 1806/2065/45 1805/2066/45 2080/2052/45
f 2080/2052/45 1805/2066/45 1804/2067/45 2079/2053/45
f 2079/2053/45 1804/2067/45 1803/2068/45 2078/2054/45
f 2078/2054/45 1803/2068/45 1596/2069/45 1902/2055/45
f 2066/1963/327 2077/1962/327 2076/1220/327 2059/2070/327
f 2059/2070/15 2076/1220/15 2075/1259/15 2058/2071/15
f 2058/2071/15 2075/1259/15 2074/1261/15 2057/2072/15
f 2057/2072/15 2074/1261/15 2073/1263/15 2056/2073/15
f 1595/2074/45 1587/1940/45 1586/1939/45 1594/1948/45
f 1596/2069/45 1588/1941/45 1587/1940/45 1595/2074/45
f 990/480/15 1851/2075/15 1848/2076/15 985/481/15
f 2056/2073/15 2073/1263/15 2072/1265/15 2055/2077/15
f 2055/2077/15 2072/1265/15 2071/1267/15 2054/2078/15
f 2054/2078/328 2071/1267/328 2070/1269/328 2053/2079/328
f 2053/2079/329 2070/1269/329 2069/1270/329 2052/2080/329
f 2052/2080/78 2069/1270/78 2068/1271/78 2051/2081/78
f 1845/2082/16 1851/2075/16 990/480/16 980/488/16
f 1851/2075/15 1852/2083/15 1849/2084/15 1848/2076/15
f 1846/2085/16 1852/2083/16 1851/2075/16 1845/2082/16
f 2051/2081/78 2068/1271/78 1894/1272/78 1886/2086/78
f 2050/1974/33 2067/1973/33 2066/1963/33 2049/2087/33
f 2049/2087/33 2066/1963/33 2065/2088/33 2048/2089/33
f 2065/2088/330 2066/1963/330 2059/2070/330 2058/2071/330
f 2048/2089/33 2065/2088/33 2064/2090/33 2047/2091/33
f 1852/2083/15 1853/2092/15 1850/2093/15 1849/2084/15
f 1847/2094/331 1853/2092/331 1852/2083/331 1846/2085/331
f 1848/2076/15 1854/2095/15 995/499/15 985/481/15
f 1849/2084/15 1855/2096/15 1854/2095/15 1848/2076/15
f 1850/2093/15 1856/2097/15 1855/2096/15 1849/2084/15
f 1005/613/17 1860/2098/17 1857/2099/17 1000/614/17
f 1860/2098/17 1861/2100/17 1858/2101/17 1857/2099/17
f 1861/2100/17 1862/2102/17 1859/2103/17 1858/2101/17
f 1010/619/17 1863/2104/17 1860/2098/17 1005/613/17
f 1854/2095/15 1863/2104/15 1010/619/15 995/499/15
f 1863/2104/17 1864/2105/17 1861/2100/17 1860/2098/17
f 1855/2096/15 1864/2105/15 1863/2104/15 1854/2095/15
f 1864/2105/17 1865/2106/17 1862/2102/17 1861/2100/17
f 1856/2097/15 1865/2106/15 1864/2105/15 1855/2096/15
f 1020/628/18 1869/2107/18 1866/1591/18 1015/629/18
f 1857/2099/17 1869/2107/17 1020/628/17 1000/614/17
f 1869/2107/18 1870/2108/18 1867/1588/18 1866/1591/18
f 1858/2101/17 1870/2108/17 1869/2107/17 1857/2099/17
f 1870/2108/332 1871/2109/332 1868/1579/332 1867/1588/332
f 1859/2103/17 1871/2109/17 1870/2108/17 1858/2101/17
f 1853/2092/15 1875/2110/15 1874/2111/15 1850/2093/15
f 1872/2112/333 1875/2110/333 1853/2092/333 1847/2094/333
f 1873/2113/334 1876/2114/334 1875/2110/334 1872/2112/334
f 1874/2111/15 1877/2115/15 1856/2097/15 1850/2093/15
f 1875/2110/15 1879/2116/15 1877/2115/15 1874/2111/15
f 1879/2116/335 1880/2117/335 1878/2118/335 1877/2115/335
f 1876/2114/336 1880/2117/336 1879/2116/336 1875/2110/336
f 1862/2102/17 1882/2119/17 1881/2120/17 1859/2103/17
f 1865/2106/17 1884/2121/17 1882/2119/17 1862/2102/17
f 1814/2056/337 1802/2122/337 1797/2123/337 1809/2057/337
f 1802/2122/27 1814/2056/27 1813/2058/27 1801/2124/27
f 1801/2124/27 1813/2058/27 1812/2059/27 1800/2125/27
f 1877/2115/15 1884/2121/15 1865/2106/15 1856/2097/15
f 1884/2121/338 1885/2126/338 1883/2127/338 1882/2119/338
f 1878/2118/339 1885/2126/339 1884/2121/339 1877/2115/339
f 1800/2125/27 1812/2059/27 1811/2060/27 1799/2128/27
f 1799/2128/27 1811/2060/27 1810/2061/27 1798/2129/27
f 1798/2129/340 1810/2061/340 1808/2062/340 1796/2130/340
f 1809/2057/45 1797/2123/45 1795/2131/45 1807/2063/45
f 1796/2130/341 1808/2062/341 1715/2064/341 1702/2132/341
f 1880/2117/342 1886/2086/342 1885/2126/342 1878/2118/342
f 1597/2133/24 563/727/24 510/352/24 1507/1853/24
f 1598/2134/24 1597/2133/24 1507/1853/24 1508/1854/24
f 1807/2063/45 1795/2131/45 1794/2135/45 1806/2065/45
f 1806/2065/45 1794/2135/45 1793/2136/45 1805/2066/45
f 1805/2066/45 1793/2136/45 1792/2137/45 1804/2067/45
f 1804/2067/45 1792/2137/45 1791/2138/45 1803/2068/45
f 1803/2068/45 1791/2138/45 1588/1941/45 1596/2069/45
f 1599/2139/24 1598/2134/24 1508/1854/24 1509/1855/24
f 1597/2133/24 1600/2140/24 568/737/24 563/727/24
f 1598/2134/24 1601/2141/24 1600/2140/24 1597/2133/24
f 1599/2139/24 1602/2142/24 1601/2141/24 1598/2134/24
f 1600/2140/25 1603/2143/25 573/746/25 568/737/25
f 1601/2141/343 1604/2144/343 1603/2143/343 1600/2140/343
f 1602/2142/344 1605/2145/344 1604/2144/344 1601/2141/344
f 1603/2143/27 1606/2146/27 578/751/27 573/746/27
f 1604/2144/27 1607/2147/27 1606/2146/27 1603/2143/27
f 1605/2145/27 1608/2148/27 1607/2147/27 1604/2144/27
f 1428/1491/78 1609/2149/78 1517/1863/78 1305/1493/78
f 1429/1484/78 1610/2150/78 1609/2149/78 1428/1491/78
f 1436/1483/345 1611/2151/345 1610/2150/345 1429/1484/345
f 1437/1481/12 1612/2152/12 1611/2151/12 1436/1483/12
f 1438/1479/12 1613/2153/12 1612/2152/12 1437/1481/12
f 1439/1477/12 1614/2154/12 1613/2153/12 1438/1479/12
f 1440/1475/12 1615/2155/12 1614/2154/12 1439/1477/12
f 1441/1473/12 1616/2156/12 1615/2155/12 1440/1475/12
f 1442/1434/12 1617/2157/12 1616/2156/12 1441/1473/12
f 1609/2149/78 1619/2158/78 1523/1869/78 1517/1863/78
f 1610/2150/78 1620/2159/78 1619/2158/78 1609/2149/78
f 1611/2151/346 1621/2160/346 1620/2159/346 1610/2150/346
f 1612/2152/347 1622/2161/347 1621/2160/347 1611/2151/347
f 1613/2153/12 1623/2162/12 1622/2161/12 1612/2152/12
f 1614/2154/12 1624/2163/12 1623/2162/12 1613/2153/12
f 1615/2155/12 1625/2164/12 1624/2163/12 1614/2154/12
f 1616/2156/12 1626/2165/12 1625/2164/12 1615/2155/12
f 1617/2157/12 1627/2166/12 1626/2165/12 1616/2156/12
f 1629/2167/348 1628/2168/348 1621/2160/348 1622/2161/348
f 1630/2169/349 1629/2167/349 1622/2161/349 1623/2162/349
f 1631/2170/350 1630/2169/350 1623/2162/350 1624/2163/350
f 1632/2171/350 1631/2170/350 1624/2163/350 1625/2164/350
f 1633/2172/351 1632/2171/351 1625/2164/351 1626/2165/351
f 1634/2173/352 1633/2172/352 1626/2165/352 1627/2166/352
f 1618/2174/353 1634/2173/353 1627/2166/353 1617/2157/353
f 1619/2158/78 1636/2175/78 1527/1872/78 1523/1869/78
f 1620/2159/78 1637/2176/78 1636/2175/78 1619/2158/78
f 1621/2160/78 1638/2177/78 1637/2176/78 1620/2159/78
f 1628/2168/78 1639/2178/78 1638/2177/78 1621/2160/78
f 1629/2167/354 1640/2179/354 1639/2178/354 1628/2168/354
f 1630/2169/24 1641/2180/24 1640/2179/24 1629/2167/24
f 1631/2170/24 1642/2181/24 1641/2180/24 1630/2169/24
f 1632/2171/24 1643/2182/24 1642/2181/24 1631/2170/24
f 1633/2172/24 1644/2183/24 1643/2182/24 1632/2171/24
f 1634/2173/24 1645/2184/24 1644/2183/24 1633/2172/24
f 1635/2185/24 1646/2186/24 1645/2184/24 1634/2173/24
f 1636/2175/355 1647/2187/355 1530/1876/355 1527/1872/355
f 1637/2176/78 1648/2188/78 1647/2187/78 1636/2175/78
f 1638/2177/78 1649/2189/78 1648/2188/78 1637/2176/78
f 1639/2178/78 1650/2190/78 1649/2189/78 1638/2177/78
f 1640/2179/356 1651/2191/356 1650/2190/356 1639/2178/356
f 1641/2180/24 1652/2192/24 1651/2191/24 1640/2179/24
f 1642/2181/24 1653/2193/24 1652/2192/24 1641/2180/24
f 1643/2182/24 1654/2194/24 1653/2193/24 1642/2181/24
f 1644/2183/24 1655/2195/24 1654/2194/24 1643/2182/24
f 1645/2184/24 1656/2196/24 1655/2195/24 1644/2183/24
f 1658/2197/357 1657/2198/357 1650/2190/357 1651/2191/357
f 1659/2199/24 1658/2197/24 1651/2191/24 1652/2192/24
f 1660/2200/24 1659/2199/24 1652/2192/24 1653/2193/24
f 1661/2201/24 1660/2200/24 1653/2193/24 1654/2194/24
f 1662/2202/24 1661/2201/24 1654/2194/24 1655/2195/24
f 1663/2203/24 1662/2202/24 1655/2195/24 1656/2196/24
f 1646/2186/24 1663/2203/24 1656/2196/24 1645/2184/24
f 1664/2204/24 1599/2139/24 1509/1855/24 1531/1877/24
f 1665/2205/358 1664/2204/358 1531/1877/358 1532/1878/358
f 1647/2187/359 1665/2205/359 1532/1878/359 1530/1876/359
f 1648/2188/78 1666/2206/78 1665/2205/78 1647/2187/78
f 1649/2189/78 1667/2207/78 1666/2206/78 1648/2188/78
f 1650/2190/78 1668/2208/78 1667/2207/78 1649/2189/78
f 1657/2198/360 1669/2209/360 1668/2208/360 1650/2190/360
f 1658/2197/361 1670/2210/361 1669/2209/361 1657/2198/361
f 1659/2199/24 1671/2211/24 1670/2210/24 1658/2197/24
f 1660/2200/24 1672/2212/24 1671/2211/24 1659/2199/24
f 1661/2201/24 1673/2213/24 1672/2212/24 1660/2200/24
f 1662/2202/24 1674/2214/24 1673/2213/24 1661/2201/24
f 1663/2203/24 1675/2215/24 1674/2214/24 1662/2202/24
f 1664/2204/24 1677/2216/24 1602/2142/24 1599/2139/24
f 1665/2205/362 1678/2217/362 1677/2216/362 1664/2204/362
f 1666/2206/78 1679/2218/78 1678/2217/78 1665/2205/78
f 1667/2207/78 1680/2219/78 1679/2218/78 1666/2206/78
f 1668/2208/78 1681/2220/78 1680/2219/78 1667/2207/78
f 1669/2209/78 1682/2221/78 1681/2220/78 1668/2208/78
f 1670/2210/363 1683/2222/363 1682/2221/363 1669/2209/363
f 1671/2211/364 1684/2223/364 1683/2222/364 1670/2210/364
f 1672/2212/365 1685/2224/365 1684/2223/365 1671/2211/365
f 1673/2213/366 1686/2225/366 1685/2224/366 1672/2212/366
f 1674/2214/367 1687/2226/367 1686/2225/367 1673/2213/367
f 1675/2215/368 1688/2227/368 1687/2226/368 1674/2214/368
f 1676/2228/369 1689/2229/369 1688/2227/369 1675/2215/369
f 1677/2216/370 1690/2230/370 1605/2145/370 1602/2142/370
f 1678/2217/371 1691/2231/371 1690/2230/371 1677/2216/371
f 1679/2218/372 1692/2232/372 1691/2231/372 1678/2217/372
f 1680/2219/78 1693/2233/78 1692/2232/78 1679/2218/78
f 1681/2220/78 1694/2234/78 1693/2233/78 1680/2219/78
f 1682/2221/78 1695/2235/78 1694/2234/78 1681/2220/78
f 1683/2222/373 1696/2236/373 1695/2235/373 1682/2221/373
f 1684/2223/27 1697/2237/27 1696/2236/27 1683/2222/27
f 1685/2224/27 1698/2238/27 1697/2237/27 1684/2223/27
f 1686/2225/27 1699/2239/27 1698/2238/27 1685/2224/27
f 1687/2226/27 1700/2240/27 1699/2239/27 1686/2225/27
f 1688/2227/27 1701/2241/27 1700/2240/27 1687/2226/27
f 1689/2229/27 1702/2132/27 1701/2241/27 1688/2227/27
f 1690/2230/27 1703/2242/27 1608/2148/27 1605/2145/27
f 1691/2231/27 1704/2243/27 1703/2242/27 1690/2230/27
f 1692/2232/374 1705/2244/374 1704/2243/374 1691/2231/374
f 1871/2109/375 1889/2245/375 1887/1576/375 1868/1579/375
f 1881/2120/17 1889/2245/17 1871/2109/17 1859/2103/17
f 1889/2245/376 1890/1573/376 1888/1574/376 1887/1576/376
f 1882/2119/17 1891/2246/17 1889/2245/17 1881/2120/17
f 1891/2246/377 1892/1572/377 1890/1573/377 1889/2245/377
f 1883/2127/378 1892/1572/378 1891/2246/378 1882/2119/378
f 1885/2126/379 1893/1571/379 1892/1572/379 1883/2127/379
f 1886/2086/78 1894/1272/78 1893/1571/78 1885/2126/78
f 1895/2247/45 1589/1942/45 1186/1943/45 1815/2248/45
f 1896/2249/45 1590/1944/45 1589/1942/45 1895/2247/45
f 1693/2233/78 1706/2250/78 1705/2244/78 1692/2232/78
f 1694/2234/78 1707/2251/78 1706/2250/78 1693/2233/78
f 1695/2235/78 1708/2252/78 1707/2251/78 1694/2234/78
f 1696/2236/380 1709/2253/380 1708/2252/380 1695/2235/380
f 1697/2237/27 1710/2254/27 1709/2253/27 1696/2236/27
f 1698/2238/27 1711/2255/27 1710/2254/27 1697/2237/27
f 1897/2256/45 1591/1945/45 1590/1944/45 1896/2249/45
f 1898/2257/45 1592/1946/45 1591/1945/45 1897/2256/45
f 1899/2258/45 1593/1947/45 1592/1946/45 1898/2257/45
f 1900/2259/45 1594/1948/45 1593/1947/45 1899/2258/45
f 1901/2260/45 1595/2074/45 1594/1948/45 1900/2259/45
f 1902/2055/45 1596/2069/45 1595/2074/45 1901/2260/45
f 1903/2261/45 1895/2247/45 1815/2248/45 1816/2262/45
f 1904/2263/45 1896/2249/45 1895/2247/45 1903/2261/45
f 1905/2264/45 1897/2256/45 1896/2249/45 1904/2263/45
f 1906/2265/45 1898/2257/45 1897/2256/45 1905/2264/45
f 1699/2239/27 1712/2266/27 1711/2255/27 1698/2238/27
f 1700/2240/27 1713/2267/27 1712/2266/27 1699/2239/27
f 1701/2241/27 1714/2268/27 1713/2267/27 1700/2240/27
f 1907/2269/45 1899/2258/45 1898/2257/45 1906/2265/45
f 1908/2270/45 1900/2259/45 1899/2258/45 1907/2269/45
f 1909/2271/45 1901/2260/45 1900/2259/45 1908/2270/45
f 1910/2041/45 1902/2055/45 1901/2260/45 1909/2271/45
f 1911/2272/45 1903/2261/45 1816/2262/45 1817/2273/45
f 1702/2132/27 1715/2064/27 1714/2268/27 1701/2241/27
f 1716/2274/45 1471/1437/45 1404/1439/45 1540/1887/45
f 1717/2275/45 1472/1311/45 1471/1437/45 1716/2274/45
f 1473/1308/381 1718/2276/381 1617/2157/381 1442/1434/381
f 1719/2277/45 1477/1302/45 1472/1311/45 1717/2275/45
f 1720/2278/382 1618/2174/382 1617/2157/382 1718/2276/382
f 1912/2279/45 1904/2263/45 1903/2261/45 1911/2272/45
f 1913/2280/45 1905/2264/45 1904/2263/45 1912/2279/45
f 1914/2281/45 1906/2265/45 1905/2264/45 1913/2280/45
f 1915/2282/45 1907/2269/45 1906/2265/45 1914/2281/45
f 1916/2283/45 1908/2270/45 1907/2269/45 1915/2282/45
f 1917/2284/45 1909/2271/45 1908/2270/45 1916/2283/45
f 1918/2022/45 1910/2041/45 1909/2271/45 1917/2284/45
f 1919/2285/45 1911/2272/45 1817/2273/45 1818/2286/45
f 1920/2287/45 1912/2279/45 1911/2272/45 1919/2285/45
f 1921/2288/45 1913/2280/45 1912/2279/45 1920/2287/45
f 1478/1307/383 1720/2278/383 1718/2276/383 1473/1308/383
f 1479/1305/384 1721/2289/384 1720/2278/384 1478/1307/384
f 1480/1303/12 1722/2290/12 1721/2289/12 1479/1305/12
f 1922/2291/45 1914/2281/45 1913/2280/45 1921/2288/45
f 1923/2292/45 1915/2282/45 1914/2281/45 1922/2291/45
f 1924/2293/45 1916/2283/45 1915/2282/45 1923/2292/45
f 1925/2294/45 1917/2284/45 1916/2283/45 1924/2293/45
f 1926/2009/45 1918/2022/45 1917/2284/45 1925/2294/45
f 1481/1300/12 1723/2295/12 1722/2290/12 1480/1303/12
f 1482/1299/385 1724/2296/385 1723/2295/385 1481/1300/385
f 1724/2296/45 1482/1299/45 1477/1302/45 1719/2277/45
f 1726/2297/386 1725/2298/386 1720/2278/386 1721/2289/386
f 1727/2299/12 1726/2297/12 1721/2289/12 1722/2290/12
f 1728/2300/12 1727/2299/12 1722/2290/12 1723/2295/12
f 1927/2301/45 1919/2285/45 1818/2286/45 1819/2302/45
f 1928/2303/45 1920/2287/45 1919/2285/45 1927/2301/45
f 1929/2304/45 1921/2288/45 1920/2287/45 1928/2303/45
f 1930/2305/45 1922/2291/45 1921/2288/45 1929/2304/45
f 1931/2306/45 1923/2292/45 1922/2291/45 1930/2305/45
f 1932/2307/45 1924/2293/45 1923/2292/45 1931/2306/45
f 1933/2308/45 1925/2294/45 1924/2293/45 1932/2307/45
f 1934/1996/45 1926/2009/45 1925/2294/45 1933/2308/45
f 1935/2309/45 1927/2301/45 1819/2302/45 1820/2310/45
f 1936/2311/45 1928/2303/45 1927/2301/45 1935/2309/45
f 1937/2312/45 1929/2304/45 1928/2303/45 1936/2311/45
f 1938/2313/45 1930/2305/45 1929/2304/45 1937/2312/45
f 1939/2314/45 1931/2306/45 1930/2305/45 1938/2313/45
f 1940/2315/45 1932/2307/45 1931/2306/45 1939/2314/45
f 1941/2316/45 1933/2308/45 1932/2307/45 1940/2315/45
f 1942/1978/45 1934/1996/45 1933/2308/45 1941/2316/45
f 1943/2317/45 1935/2309/45 1820/2310/45 1821/2318/45
f 1944/2319/45 1936/2311/45 1935/2309/45 1943/2317/45
f 1945/2320/45 1937/2312/45 1936/2311/45 1944/2319/45
f 1946/2321/45 1938/2313/45 1937/2312/45 1945/2320/45
f 1947/2322/45 1939/2314/45 1938/2313/45 1946/2321/45
f 1948/2323/45 1940/2315/45 1939/2314/45 1947/2322/45
f 1949/2324/45 1941/2316/45 1940/2315/45 1948/2323/45
f 1950/1966/45 1942/1978/45 1941/2316/45 1949/2324/45
f 1951/1401/45 1943/2317/45 1821/2318/45 1822/1402/45
f 1952/1400/45 1944/2319/45 1943/2317/45 1951/1401/45
f 1953/1399/45 1945/2320/45 1944/2319/45 1952/1400/45
f 1954/1398/45 1946/2321/45 1945/2320/45 1953/1399/45
f 1955/1397/45 1947/2322/45 1946/2321/45 1954/1398/45
f 1956/1396/45 1948/2323/45 1947/2322/45 1955/1397/45
f 1957/1395/45 1949/2324/45 1948/2323/45 1956/1396/45
f 2064/2090/387 2065/2088/387 2058/2071/387 2057/2072/387
f 2047/2091/33 2064/2090/33 2063/2325/33 2046/2326/33
f 2063/2325/388 2064/2090/388 2057/2072/388 2056/2073/388
f 2046/2326/33 2063/2325/33 2062/2327/33 2045/2328/33
f 2062/2327/388 2063/2325/388 2056/2073/388 2055/2077/388
f 2045/2328/33 2062/2327/33 2061/2329/33 2044/2330/33
f 2061/2329/389 2062/2327/389 2055/2077/389 2054/2078/389
f 2044/2330/390 2061/2329/390 2060/2331/390 2043/2332/390
f 2060/2331/391 2061/2329/391 2054/2078/391 2053/2079/391
f 2043/2332/78 2060/2331/78 2053/2079/78 2042/2333/78
f 2042/2333/78 2053/2079/78 2052/2080/78 2041/2334/78
f 2041/2334/78 2052/2080/78 2051/2081/78 2040/2335/78
f 2040/2335/78 2051/2081/78 1886/2086/78 1880/2117/78
f 2039/1992/33 2050/1974/33 2049/2087/33 2032/2336/33
f 2032/2336/33 2049/2087/33 2048/2089/33 2031/2337/33
f 2031/2337/33 2048/2089/33 2047/2091/33 2030/2338/33
f 2030/2338/33 2047/2091/33 2046/2326/33 2029/2339/33
f 2029/2339/33 2046/2326/33 2045/2328/33 2028/2340/33
f 2028/2340/33 2045/2328/33 2044/2330/33 2027/2341/33
f 2027/2341/392 2044/2330/392 2043/2332/392 2026/2342/392
f 2026/2342/78 2043/2332/78 2042/2333/78 2025/2343/78
f 2025/2343/78 2042/2333/78 2041/2334/78 2024/2344/78
f 2024/2344/78 2041/2334/78 2040/2335/78 2023/2345/78
f 2023/2345/393 2040/2335/393 1880/2117/393 1876/2114/393
f 2021/2005/33 2039/1992/33 2038/2346/33 2020/2347/33
f 2038/2346/33 2039/1992/33 2032/2336/33 2031/2337/33
f 2020/2347/33 2038/2346/33 2037/2348/33 2019/2349/33
f 2037/2348/33 2038/2346/33 2031/2337/33 2030/2338/33
f 2019/2349/33 2037/2348/33 2036/2350/33 2018/2351/33
f 2036/2350/33 2037/2348/33 2030/2338/33 2029/2339/33
f 2018/2351/33 2036/2350/33 2035/2352/33 2017/2353/33
f 2035/2352/33 2036/2350/33 2029/2339/33 2028/2340/33
f 2017/2353/33 2035/2352/33 2034/2354/33 2016/2355/33
f 2034/2354/33 2035/2352/33 2028/2340/33 2027/2341/33
f 2016/2355/394 2034/2354/394 2033/2356/394 2015/2357/394
f 2033/2356/395 2034/2354/395 2027/2341/395 2026/2342/395
f 2015/2357/396 2033/2356/396 2026/2342/396 2014/2358/396
f 2014/2358/78 2026/2342/78 2025/2343/78 2013/2359/78
f 2013/2359/78 2025/2343/78 2024/2344/78 2012/2360/78
f 2012/2360/78 2024/2344/78 2023/2345/78 2011/2361/78
f 2011/2361/397 2023/2345/397 1876/2114/397 1873/2113/397
f 2009/2017/398 2022/2016/398 2021/2005/398 2008/2362/398
f 2008/2362/399 2021/2005/399 2020/2347/399 2007/2363/399
f 2007/2363/400 2020/2347/400 2019/2349/400 2006/2364/400
f 2006/2364/401 2019/2349/401 2018/2351/401 2005/2365/401
f 2005/2365/402 2018/2351/402 2017/2353/402 2004/2366/402
f 2004/2366/403 2017/2353/403 2016/2355/403 2003/2367/403
f 2003/2367/404 2016/2355/404 2015/2357/404 2002/2368/404
f 2002/2368/78 2015/2357/78 2014/2358/78 2001/2369/78
f 2001/2369/78 2014/2358/78 2013/2359/78 2000/2370/78
f 2000/2370/78 2013/2359/78 2012/2360/78 1999/2371/78
f 1999/2371/78 2012/2360/78 2011/2361/78 1998/2372/78
f 1998/2372/405 2011/2361/405 2010/2373/405 1997/2374/405
f 2010/2373/406 2011/2361/406 1873/2113/406 1872/2112/406
f 1997/2374/33 2010/2373/33 1970/2375/33 1967/2376/33
f 1970/2375/33 2010/2373/33 1872/2112/33 1847/2094/33
f 1996/2036/31 2009/2017/31 2008/2362/31 1995/2377/31
f 1995/2377/31 2008/2362/31 2007/2363/31 1994/2378/31
f 1994/2378/31 2007/2363/31 2006/2364/31 1993/2379/31
f 1993/2379/31 2006/2364/31 2005/2365/31 1992/2380/31
f 1992/2380/31 2005/2365/31 2004/2366/31 1991/2381/31
f 1991/2381/31 2004/2366/31 2003/2367/31 1990/2382/31
f 1990/2382/407 2003/2367/407 2002/2368/407 1989/2383/407
f 1989/2383/78 2002/2368/78 2001/2369/78 1988/2384/78
f 1988/2384/78 2001/2369/78 2000/2370/78 1987/2385/78
f 1987/2385/78 2000/2370/78 1999/2371/78 1986/2386/78
f 1986/2386/408 1999/2371/408 1998/2372/408 1985/2387/408
f 1985/2387/409 1998/2372/409 1997/2374/409 1984/2388/409
f 1984/2388/410 1997/2374/410 1967/2376/410 1964/2389/410
f 1983/2050/31 1996/2036/31 1995/2377/31 1982/2390/31
f 1982/2390/31 1995/2377/31 1994/2378/31 1981/2391/31
f 1981/2391/31 1994/2378/31 1993/2379/31 1980/2392/31
f 1980/2392/31 1993/2379/31 1992/2380/31 1979/2393/31
f 1979/2393/31 1992/2380/31 1991/2381/31 1978/2394/31
f 1978/2394/31 1991/2381/31 1990/2382/31 1977/2395/31
f 1977/2395/411 1990/2382/411 1989/2383/411 1976/2396/411
f 1976/2396/78 1989/2383/78 1988/2384/78 1975/2397/78
f 1975/2397/78 1988/2384/78 1987/2385/78 1974/2398/78
f 1974/2398/78 1987/2385/78 1986/2386/78 1973/2399/78
f 1973/2399/412 1986/2386/412 1985/2387/412 1972/2400/412
f 1972/2400/31 1985/2387/31 1984/2388/31 1971/2401/31
f 1971/2401/31 1984/2388/31 1964/2389/31 1961/2402/31
f 1715/2064/413 1983/2050/413 1982/2390/413 1714/2268/413
f 1714/2268/414 1982/2390/414 1981/2391/414 1713/2267/414
f 1713/2267/322 1981/2391/322 1980/2392/322 1712/2266/322
f 1712/2266/30 1980/2392/30 1979/2393/30 1711/2255/30
f 1711/2255/415 1979/2393/415 1978/2394/415 1710/2254/415
f 1710/2254/416 1978/2394/416 1977/2395/416 1709/2253/416
f 1709/2253/417 1977/2395/417 1976/2396/417 1708/2252/417
f 1708/2252/78 1976/2396/78 1975/2397/78 1707/2251/78
f 1707/2251/78 1975/2397/78 1974/2398/78 1706/2250/78
f 1706/2250/78 1974/2398/78 1973/2399/78 1705/2244/78
f 1705/2244/418 1973/2399/418 1972/2400/418 1704/2243/418
f 1704/2243/419 1972/2400/419 1971/2401/419 1703/2242/419
f 1703/2242/420 1971/2401/420 1961/2402/420 1608/2148/420
f 1967/2376/33 1970/2375/33 1969/2403/33 1966/2404/33
f 1969/2403/33 1970/2375/33 1847/2094/33 1846/2085/33
f 1966/2404/33 1969/2403/33 1968/2405/33 1965/2406/33
f 1968/2405/33 1969/2403/33 1846/2085/33 1845/2082/33
f 1965/2406/33 1968/2405/33 1088/952/33 1083/947/33
f 1088/952/33 1968/2405/33 1845/2082/33 980/488/33
f 1802/2122/421 1790/2407/421 1785/2408/421 1797/2123/421
f 1790/2407/27 1802/2122/27 1801/2124/27 1789/2409/27
f 1789/2409/27 1801/2124/27 1800/2125/27 1788/2410/27
f 1788/2410/27 1800/2125/27 1799/2128/27 1787/2411/27
f 1787/2411/27 1799/2128/27 1798/2129/27 1786/2412/27
f 1786/2412/422 1798/2129/422 1796/2130/422 1781/2413/422
f 1797/2123/45 1785/2408/45 1780/2414/45 1795/2131/45
f 1781/2413/423 1796/2130/423 1702/2132/423 1689/2229/423
f 1795/2131/45 1780/2414/45 1779/2415/45 1794/2135/45
f 1794/2135/45 1779/2415/45 1778/2416/45 1793/2136/45
f 1964/2389/424 1967/2376/424 1966/2404/424 1963/2417/424
f 1963/2417/425 1966/2404/425 1965/2406/425 1962/2418/425
f 1962/2418/32 1965/2406/32 1083/947/32 1078/942/32
f 1793/2136/45 1778/2416/45 1777/2419/45 1792/2137/45
f 1792/2137/45 1777/2419/45 1776/2420/45 1791/2138/45
f 1791/2138/45 1776/2420/45 1580/1932/45 1588/1941/45
f 1790/2407/426 1789/2409/426 1784/2421/426 1785/2408/426
f 1789/2409/27 1788/2410/27 1783/2422/27 1784/2421/27
f 1961/2402/31 1964/2389/31 1963/2417/31 1960/2423/31
f 1960/2423/31 1963/2417/31 1962/2418/31 1959/2424/31
f 1959/2424/31 1962/2418/31 1078/942/31 1073/937/31
f 1788/2410/27 1787/2411/27 1782/2425/27 1783/2422/27
f 1787/2411/427 1786/2412/427 1781/2413/427 1782/2425/427
f 1785/2408/45 1775/2426/45 1770/2427/45 1780/2414/45
f 1775/2426/428 1785/2408/428 1784/2421/428 1774/2428/428
f 1774/2428/27 1784/2421/27 1783/2422/27 1773/2429/27
f 1608/2148/429 1961/2402/429 1960/2423/429 1607/2147/429
f 1607/2147/30 1960/2423/30 1959/2424/30 1606/2146/30
f 1606/2146/30 1959/2424/30 1073/937/30 578/751/30
f 1773/2429/27 1783/2422/27 1782/2425/27 1772/2430/27
f 1772/2430/430 1782/2425/430 1781/2413/430 1771/2431/430
f 1771/2431/431 1781/2413/431 1689/2229/431 1676/2228/431
f 1780/2414/45 1770/2427/45 1768/2432/45 1779/2415/45
f 1779/2415/45 1768/2432/45 1767/2433/45 1778/2416/45
f 1778/2416/45 1767/2433/45 1766/2434/45 1777/2419/45
f 1777/2419/45 1766/2434/45 1765/2435/45 1776/2420/45
f 1776/2420/45 1765/2435/45 1572/1923/45 1580/1932/45
f 1775/2426/45 1764/2436/45 1759/2437/45 1770/2427/45
f 1764/2436/432 1775/2426/432 1774/2428/432 1763/2438/432
f 1763/2438/433 1774/2428/433 1773/2429/433 1762/2439/433
f 1762/2439/434 1773/2429/434 1772/2430/434 1761/2440/434
f 1761/2440/435 1772/2430/435 1771/2431/435 1760/2441/435
f 1760/2441/436 1771/2431/436 1769/2442/436 1758/2443/436
f 1771/2431/437 1676/2228/437 1675/2215/437 1769/2442/437
f 1770/2427/45 1759/2437/45 1757/2444/45 1768/2432/45
f 1758/2443/438 1769/2442/438 1675/2215/438 1663/2203/438
f 1768/2432/45 1757/2444/45 1756/2445/45 1767/2433/45
f 1767/2433/45 1756/2445/45 1755/2446/45 1766/2434/45
f 1766/2434/45 1755/2446/45 1754/2447/45 1765/2435/45
f 1765/2435/45 1754/2447/45 1564/1914/45 1572/1923/45
f 1764/2436/439 1753/2448/439 1748/2449/439 1759/2437/439
f 1753/2448/440 1764/2436/440 1763/2438/440 1752/2450/440
f 1752/2450/24 1763/2438/24 1762/2439/24 1751/2451/24
f 1751/2451/24 1762/2439/24 1761/2440/24 1750/2452/24
f 1750/2452/24 1761/2440/24 1760/2441/24 1749/2453/24
f 1749/2453/441 1760/2441/441 1758/2443/441 1744/2454/441
f 1759/2437/45 1748/2449/45 1743/2455/45 1757/2444/45
f 1744/2454/442 1758/2443/442 1663/2203/442 1646/2186/442
f 1757/2444/45 1743/2455/45 1742/2456/45 1756/2445/45
f 1756/2445/45 1742/2456/45 1741/2457/45 1755/2446/45
f 1755/2446/45 1741/2457/45 1740/2458/45 1754/2447/45
f 1754/2447/45 1740/2458/45 1556/1905/45 1564/1914/45
f 1753/2448/443 1752/2450/443 1747/2459/443 1748/2449/443
f 1752/2450/24 1751/2451/24 1746/2460/24 1747/2459/24
f 1751/2451/24 1750/2452/24 1745/2461/24 1746/2460/24
f 1750/2452/444 1749/2453/444 1744/2454/444 1745/2461/444
f 1748/2449/45 1739/2462/45 1734/2463/45 1743/2455/45
f 1739/2462/445 1748/2449/445 1747/2459/445 1738/2464/445
f 1738/2464/24 1747/2459/24 1746/2460/24 1737/2465/24
f 1737/2465/24 1746/2460/24 1745/2461/24 1736/2466/24
f 1736/2466/446 1745/2461/446 1744/2454/446 1735/2467/446
f 1735/2467/447 1744/2454/447 1646/2186/447 1635/2185/447
f 1743/2455/45 1734/2463/45 1732/2468/45 1742/2456/45
f 1742/2456/45 1732/2468/45 1731/2469/45 1741/2457/45
f 1741/2457/45 1731/2469/45 1730/2470/45 1740/2458/45
f 1740/2458/45 1730/2470/45 1548/1896/45 1556/1905/45
f 1739/2462/448 1729/2471/448 1724/2296/448 1734/2463/448
f 1729/2471/449 1739/2462/449 1738/2464/449 1728/2300/449
f 1728/2300/450 1738/2464/450 1737/2465/450 1727/2299/450
f 1727/2299/451 1737/2465/451 1736/2466/451 1726/2297/451
f 1726/2297/452 1736/2466/452 1735/2467/452 1725/2298/452
f 1725/2298/453 1735/2467/453 1733/2472/453 1720/2278/453
f 1735/2467/454 1635/2185/454 1634/2173/454 1733/2472/454
f 1734/2463/45 1724/2296/45 1719/2277/45 1732/2468/45
f 1720/2278/455 1733/2472/455 1634/2173/455 1618/2174/455
f 1732/2468/45 1719/2277/45 1717/2275/45 1731/2469/45
f 1731/2469/45 1717/2275/45 1716/2274/45 1730/2470/45
f 1730/2470/45 1716/2274/45 1540/1887/45 1548/1896/45
f 1729/2471/456 1728/2300/456 1723/2295/456 1724/2296/456
f 1958/1222/45 1950/1966/45 1949/2324/45 1957/1395/45
f 2964/2473/45 2952/2474/45 2951/2475/45 2963/2476/45
f 2963/2476/45 2951/2475/45 2950/2477/45 2962/2478/45
f 2962/2478/45 2950/2477/45 2949/2479/45 2961/2480/45
f 2961/2480/45 2949/2479/45 2948/2481/45 2960/2482/45
f 2960/2482/45 2948/2481/45 2947/2483/45 2959/2484/45
f 2959/2484/457 2947/2483/457 2945/2485/457 2957/2486/457
f 2946/2487/458 2958/2488/458 2953/2489/458 2941/2490/458
f 2958/2488/459 2946/2487/459 2840/2491/459 2853/2492/459
f 2957/2486/34 2945/2485/34 2944/2493/34 2956/2494/34
f 2956/2494/34 2944/2493/34 2943/2495/34 2955/2496/34
f 2955/2496/34 2943/2495/34 2942/2497/34 2954/2498/34
f 2954/2498/34 2942/2497/34 2941/2490/34 2953/2489/34
f 2952/2474/45 2940/2499/45 2939/2500/45 2951/2475/45
f 2951/2475/45 2939/2500/45 2938/2501/45 2950/2477/45
f 2950/2477/45 2938/2501/45 2937/2502/45 2949/2479/45
f 2949/2479/45 2937/2502/45 2936/2503/45 2948/2481/45
f 2948/2481/45 2936/2503/45 2935/2504/45 2947/2483/45
f 2947/2483/460 2935/2504/460 2930/2505/460 2945/2485/460
f 2931/2506/461 2946/2487/461 2941/2490/461 2926/2507/461
f 2946/2487/462 2931/2506/462 2827/2508/462 2840/2491/462
f 2945/2485/34 2930/2505/34 2929/2509/34 2944/2493/34
f 2944/2493/34 2929/2509/34 2928/2510/34 2943/2495/34
f 2943/2495/34 2928/2510/34 2927/2511/34 2942/2497/34
f 2942/2497/34 2927/2511/34 2926/2507/34 2941/2490/34
f 2940/2499/45 2925/2512/45 2924/2513/45 2939/2500/45
f 2939/2500/45 2924/2513/45 2923/2514/45 2938/2501/45
f 2938/2501/45 2923/2514/45 2922/2515/45 2937/2502/45
f 2937/2502/45 2922/2515/45 2921/2516/45 2936/2503/45
f 2936/2503/45 2921/2516/45 2919/2517/45 2935/2504/45
f 2935/2504/463 2919/2517/463 2918/2518/463 2934/2519/463
f 2935/2504/464 2934/2519/464 2929/2509/464 2930/2505/464
f 2934/2519/34 2918/2518/34 2917/2520/34 2933/2521/34
f 2934/2519/34 2933/2521/34 2928/2510/34 2929/2509/34
f 2933/2521/34 2917/2520/34 2916/2522/34 2932/2523/34
f 2933/2521/34 2932/2523/34 2927/2511/34 2928/2510/34
f 2932/2523/465 2916/2522/465 2915/2524/465 2931/2506/465
f 2932/2523/466 2931/2506/466 2926/2507/466 2927/2511/466
f 2931/2506/467 2915/2524/467 2814/2525/467 2827/2508/467
f 2925/2512/45 2914/2526/45 2913/2527/45 2924/2513/45
f 2924/2513/45 2913/2527/45 2912/2528/45 2923/2514/45
f 2923/2514/45 2912/2528/45 2911/2529/45 2922/2515/45
f 2922/2515/45 2911/2529/45 2910/2530/45 2921/2516/45
f 2921/2516/45 2910/2530/45 2908/2531/45 2919/2517/45
f 2909/2532/468 2920/2533/468 2915/2524/468 2904/2534/468
f 2920/2533/469 2909/2532/469 2803/2535/469 2821/2536/469
f 2920/2533/470 2821/2536/470 2814/2525/470 2915/2524/470
f 2919/2517/471 2908/2531/471 2907/2537/471 2918/2518/471
f 2918/2518/472 2907/2537/472 2906/2538/472 2917/2520/472
f 2917/2520/473 2906/2538/473 2905/2539/473 2916/2522/473
f 2916/2522/474 2905/2539/474 2904/2534/474 2915/2524/474
f 2914/2526/45 2903/2540/45 2902/2541/45 2913/2527/45
f 2913/2527/45 2902/2541/45 2901/2542/45 2912/2528/45
f 2912/2528/45 2901/2542/45 2900/2543/45 2911/2529/45
f 2911/2529/45 2900/2543/45 2899/2544/45 2910/2530/45
f 2910/2530/475 2899/2544/475 2894/2545/475 2908/2531/475
f 2895/2546/476 2909/2532/476 2904/2534/476 2890/2547/476
f 2909/2532/477 2895/2546/477 2786/2548/477 2803/2535/477
f 2908/2531/478 2894/2545/478 2893/2549/478 2907/2537/478
f 2907/2537/22 2893/2549/22 2892/2550/22 2906/2538/22
f 2906/2538/22 2892/2550/22 2891/2551/22 2905/2539/22
f 2905/2539/22 2891/2551/22 2890/2547/22 2904/2534/22
f 2903/2540/45 2889/2552/45 2888/2553/45 2902/2541/45
f 2902/2541/45 2888/2553/45 2887/2554/45 2901/2542/45
f 2901/2542/45 2887/2554/45 2886/2555/45 2900/2543/45
f 2900/2543/45 2886/2555/45 2884/2556/45 2899/2544/45
f 2899/2544/479 2884/2556/479 2883/2557/479 2898/2558/479
f 2899/2544/480 2898/2558/480 2893/2549/480 2894/2545/480
f 2898/2558/22 2883/2557/22 2882/2559/22 2897/2560/22
f 2898/2558/22 2897/2560/22 2892/2550/22 2893/2549/22
f 2897/2560/22 2882/2559/22 2881/2561/22 2896/2562/22
f 2897/2560/22 2896/2562/22 2891/2551/22 2892/2550/22
f 2896/2562/481 2881/2561/481 2880/2563/481 2895/2546/481
f 2896/2562/482 2895/2546/482 2890/2547/482 2891/2551/482
f 2895/2546/483 2880/2563/483 2769/2564/483 2786/2548/483
f 2889/2552/45 2879/2565/45 2878/2566/45 2888/2553/45
f 2888/2553/45 2878/2566/45 2877/2567/45 2887/2554/45
f 2887/2554/45 2877/2567/45 2875/2568/45 2886/2555/45
f 2886/2555/484 2875/2568/484 2870/2569/484 2884/2556/484
f 2871/2570/485 2885/2571/485 2880/2563/485 2866/2572/485
f 2885/2571/486 2871/2570/486 2759/2573/486 2776/2574/486
f 2885/2571/487 2776/2574/487 2769/2564/487 2880/2563/487
f 2884/2556/488 2870/2569/488 2869/2575/488 2883/2557/488
f 2883/2557/489 2869/2575/489 2868/2576/489 2882/2559/489
f 2882/2559/490 2868/2576/490 2867/2577/490 2881/2561/490
f 2881/2561/491 2867/2577/491 2866/2572/491 2880/2563/491
f 2879/2565/45 2550/2578/45 2549/2579/45 2878/2566/45
f 2878/2566/45 2549/2579/45 2548/2580/45 2877/2567/45
f 2877/2567/45 2548/2580/45 2543/2581/45 2875/2568/45
f 2544/2582/492 2876/2583/492 2871/2570/492 2539/2584/492
f 2876/2583/493 2544/2582/493 2502/2585/493 2766/2586/493
f 2876/2583/494 2766/2586/494 2759/2573/494 2871/2570/494
f 2875/2568/495 2543/2581/495 2542/2587/495 2874/2588/495
f 2875/2568/496 2874/2588/496 2869/2575/496 2870/2569/496
f 2874/2588/23 2542/2587/23 2541/2589/23 2873/2590/23
f 2874/2588/23 2873/2590/23 2868/2576/23 2869/2575/23
f 2873/2590/23 2541/2589/23 2540/2591/23 2872/2592/23
f 2873/2590/23 2872/2592/23 2867/2577/23 2868/2576/23
f 2872/2592/497 2540/2591/497 2539/2584/497 2871/2570/497
f 2872/2592/498 2871/2570/498 2866/2572/498 2867/2577/498
f 2852/2593/499 2865/2594/499 2863/2595/499 2850/2596/499
f 2865/2594/34 2852/2593/34 2851/2597/34 2864/2598/34
f 2864/2598/34 2851/2597/34 2755/2599/34 2758/2600/34
f 2850/2596/78 2863/2595/78 2862/2601/78 2849/2602/78
f 2849/2602/78 2862/2601/78 2861/2603/78 2848/2604/78
f 2848/2604/78 2861/2603/78 2854/2605/78 2841/2606/78
f 2847/2607/34 2860/2608/34 2853/2492/34 2840/2491/34
f 2860/2608/34 2847/2607/34 2846/2609/34 2859/2610/34
f 2859/2610/34 2846/2609/34 2845/2611/34 2858/2612/34
f 2858/2612/34 2845/2611/34 2844/2613/34 2857/2614/34
f 2857/2614/34 2844/2613/34 2843/2615/34 2856/2616/34
f 2856/2616/34 2843/2615/34 2842/2617/34 2855/2618/34
f 2855/2618/500 2842/2617/500 2841/2606/500 2854/2605/500
f 2839/2619/501 2852/2593/501 2850/2596/501 2837/2620/501
f 2852/2593/502 2839/2619/502 2838/2621/502 2851/2597/502
f 2851/2597/503 2838/2621/503 2752/2622/503 2755/2599/503
f 2837/2620/78 2850/2596/78 2849/2602/78 2836/2623/78
f 2836/2623/78 2849/2602/78 2848/2604/78 2835/2624/78
f 2835/2624/78 2848/2604/78 2841/2606/78 2828/2625/78
f 2834/2626/34 2847/2607/34 2840/2491/34 2827/2508/34
f 2847/2607/34 2834/2626/34 2833/2627/34 2846/2609/34
f 2846/2609/34 2833/2627/34 2832/2628/34 2845/2611/34
f 2845/2611/34 2832/2628/34 2831/2629/34 2844/2613/34
f 2844/2613/34 2831/2629/34 2830/2630/34 2843/2615/34
f 2843/2615/34 2830/2630/34 2829/2631/34 2842/2617/34
f 2842/2617/504 2829/2631/504 2828/2625/504 2841/2606/504
f 2826/2632/78 2839/2619/78 2837/2620/78 2824/2633/78
f 2839/2619/505 2826/2632/505 2825/2634/505 2838/2621/505
f 2838/2621/22 2825/2634/22 2749/2635/22 2752/2622/22
f 2824/2633/78 2837/2620/78 2836/2623/78 2823/2636/78
f 2823/2636/78 2836/2623/78 2835/2624/78 2822/2637/78
f 2822/2637/78 2835/2624/78 2828/2625/78 2815/2638/78
f 2821/2536/506 2834/2626/506 2827/2508/506 2814/2525/506
f 2834/2626/507 2821/2536/507 2820/2639/507 2833/2627/507
f 2833/2627/508 2820/2639/508 2819/2640/508 2832/2628/508
f 2832/2628/509 2819/2640/509 2818/2641/509 2831/2629/509
f 2831/2629/510 2818/2641/510 2817/2642/510 2830/2630/510
f 2830/2630/511 2817/2642/511 2816/2643/511 2829/2631/511
f 2829/2631/512 2816/2643/512 2815/2638/512 2828/2625/512
f 2813/2644/78 2826/2632/78 2824/2633/78 2812/2645/78
f 2812/2645/78 2824/2633/78 2823/2636/78 2811/2646/78
f 2811/2646/78 2823/2636/78 2822/2637/78 2804/2647/78
f 2804/2647/513 2822/2637/513 2815/2638/513 2797/2648/513
f 2821/2536/22 2803/2535/22 2802/2649/22 2820/2639/22
f 2820/2639/22 2802/2649/22 2801/2650/22 2819/2640/22
f 2819/2640/22 2801/2650/22 2800/2651/22 2818/2641/22
f 2818/2641/22 2800/2651/22 2799/2652/22 2817/2642/22
f 2817/2642/22 2799/2652/22 2798/2653/22 2816/2643/22
f 2816/2643/514 2798/2653/514 2797/2648/514 2815/2638/514
f 2796/2654/78 2813/2644/78 2812/2645/78 2795/2655/78
f 2795/2655/78 2812/2645/78 2811/2646/78 2794/2656/78
f 2794/2656/78 2811/2646/78 2804/2647/78 2787/2657/78
f 2793/2658/22 2810/2659/22 2803/2535/22 2786/2548/22
f 2810/2659/22 2793/2658/22 2792/2660/22 2809/2661/22
f 2810/2659/22 2809/2661/22 2802/2649/22 2803/2535/22
f 2809/2661/22 2792/2660/22 2791/2662/22 2808/2663/22
f 2809/2661/22 2808/2663/22 2801/2650/22 2802/2649/22
f 2808/2663/22 2791/2662/22 2790/2664/22 2807/2665/22
f 2808/2663/22 2807/2665/22 2800/2651/22 2801/2650/22
f 2807/2665/22 2790/2664/22 2789/2666/22 2806/2667/22
f 2807/2665/22 2806/2667/22 2799/2652/22 2800/2651/22
f 2806/2667/22 2789/2666/22 2788/2668/22 2805/2669/22
f 2806/2667/22 2805/2669/22 2798/2653/22 2799/2652/22
f 2805/2669/515 2788/2668/515 2787/2657/515 2804/2647/515
f 2805/2669/516 2804/2647/516 2797/2648/516 2798/2653/516
f 2785/2670/78 2796/2654/78 2795/2655/78 2784/2671/78
f 2784/2671/78 2795/2655/78 2794/2656/78 2777/2672/78
f 2777/2672/78 2794/2656/78 2787/2657/78 2770/2673/78
f 2776/2574/22 2793/2658/22 2786/2548/22 2769/2564/22
f 2793/2658/22 2776/2574/22 2775/2674/22 2792/2660/22
f 2792/2660/22 2775/2674/22 2774/2675/22 2791/2662/22
f 2791/2662/22 2774/2675/22 2773/2676/22 2790/2664/22
f 2790/2664/22 2773/2676/22 2772/2677/22 2789/2666/22
f 2789/2666/22 2772/2677/22 2771/2678/22 2788/2668/22
f 2788/2668/517 2771/2678/517 2770/2673/517 2787/2657/517
f 2768/2679/78 2785/2670/78 2784/2671/78 2767/2680/78
f 2767/2680/518 2784/2671/518 2777/2672/518 2760/2681/518
f 2766/2586/519 2783/2682/519 2776/2574/519 2759/2573/519
f 2783/2682/23 2766/2586/23 2765/2683/23 2782/2684/23
f 2783/2682/520 2782/2684/520 2775/2674/520 2776/2574/520
f 2782/2684/23 2765/2683/23 2764/2685/23 2781/2686/23
f 2782/2684/521 2781/2686/521 2774/2675/521 2775/2674/521
f 2781/2686/23 2764/2685/23 2763/2687/23 2780/2688/23
f 2781/2686/522 2780/2688/522 2773/2676/522 2774/2675/522
f 2780/2688/23 2763/2687/23 2762/2689/23 2779/2690/23
f 2780/2688/522 2779/2690/522 2772/2677/522 2773/2676/522
f 2779/2690/23 2762/2689/23 2761/2691/23 2778/2692/23
f 2779/2690/523 2778/2692/523 2771/2678/523 2772/2677/523
f 2778/2692/524 2761/2691/524 2760/2681/524 2777/2672/524
f 2778/2692/525 2777/2672/525 2770/2673/525 2771/2678/525
f 2510/2693/78 2768/2679/78 2767/2680/78 2503/2694/78
f 2503/2694/526 2767/2680/526 2760/2681/526 2496/2695/526
f 2968/2696/29 254/752/29 249/679/29 2965/2697/29
f 2968/2696/28 2551/2698/28 53/753/28 254/752/28
f 2969/2699/29 2968/2696/29 2965/2697/29 2966/2700/29
f 2969/2699/28 2552/2701/28 2551/2698/28 2968/2696/28
f 2970/2702/527 2969/2699/527 2966/2700/527 2967/2703/527
f 2970/2702/28 2553/2704/28 2552/2701/28 2969/2699/28
f 2766/2586/23 2502/2585/23 2501/2705/23 2765/2683/23
f 2765/2683/23 2501/2705/23 2500/2706/23 2764/2685/23
f 2764/2685/23 2500/2706/23 2499/2707/23 2763/2687/23
f 2763/2687/23 2499/2707/23 2498/2708/23 2762/2689/23
f 2762/2689/23 2498/2708/23 2497/2709/23 2761/2691/23
f 2974/2710/26 264/683/26 259/668/26 2971/2711/26
f 2975/2712/26 2974/2710/26 2971/2711/26 2972/2713/26
f 2976/2714/26 2975/2712/26 2972/2713/26 2973/2715/26
f 2761/2691/23 2497/2709/23 2496/2695/23 2760/2681/23
f 2758/2600/34 2755/2599/34 2754/2716/34 2757/2717/34
f 2757/2717/34 2754/2716/34 2753/2718/34 2756/2719/34
f 2756/2719/34 2753/2718/34 131/954/34 136/953/34
f 2755/2599/528 2752/2622/528 2751/2720/528 2754/2716/528
f 2754/2716/529 2751/2720/529 2750/2721/529 2753/2718/529
f 3237/2722/45 3226/2723/45 3225/2724/45 3236/2725/45
f 3238/2726/45 3227/2727/45 3226/2723/45 3237/2722/45
f 3239/2728/45 3228/2729/45 3227/2727/45 3238/2726/45
f 3241/2730/530 3230/2731/530 3229/2732/530 3240/2733/530
f 2977/2734/26 269/678/26 264/683/26 2974/2710/26
f 2977/2734/26 2965/2697/26 249/679/26 269/678/26
f 2978/2735/26 2977/2734/26 2974/2710/26 2975/2712/26
f 2978/2735/26 2966/2700/26 2965/2697/26 2977/2734/26
f 2979/2736/26 2978/2735/26 2975/2712/26 2976/2714/26
f 2979/2736/26 2967/2703/26 2966/2700/26 2978/2735/26
f 3242/2737/531 3231/2738/531 3230/2731/531 3241/2730/531
f 3243/2739/532 3232/2740/532 3231/2738/532 3242/2737/532
f 3244/2741/533 3233/2742/533 3232/2740/533 3243/2739/533
f 3245/2743/534 3234/2744/534 3129/2745/534 3141/2746/534
f 3234/2744/535 3245/2743/535 3240/2733/535 3229/2732/535
f 2980/2747/23 2971/2711/23 259/668/23 274/649/23
f 2981/2748/23 2972/2713/23 2971/2711/23 2980/2747/23
f 2982/2749/23 2973/2715/23 2972/2713/23 2981/2748/23
f 3246/2750/45 3235/2751/45 3233/2742/45 3244/2741/45
f 3247/2752/45 3236/2725/45 3235/2751/45 3246/2750/45
f 3248/2753/45 3237/2722/45 3236/2725/45 3247/2752/45
f 3249/2754/45 3238/2726/45 3237/2722/45 3248/2753/45
f 3250/2755/45 3239/2728/45 3238/2726/45 3249/2754/45
f 3252/2756/20 3241/2730/20 3240/2733/20 3251/2757/20
f 3253/2758/20 3242/2737/20 3241/2730/20 3252/2756/20
f 3254/2759/20 3243/2739/20 3242/2737/20 3253/2758/20
f 3255/2760/536 3244/2741/536 3243/2739/536 3254/2759/536
f 3256/2761/537 3245/2743/537 3141/2746/537 3152/2762/537
f 2986/2763/23 284/648/23 279/631/23 2983/2764/23
f 2986/2763/23 2980/2747/23 274/649/23 284/648/23
f 2987/2765/23 2986/2763/23 2983/2764/23 2984/2766/23
f 2987/2765/23 2981/2748/23 2980/2747/23 2986/2763/23
f 2988/2767/23 2987/2765/23 2984/2766/23 2985/2768/23
f 2988/2767/23 2982/2749/23 2981/2748/23 2987/2765/23
f 3245/2743/538 3256/2761/538 3251/2757/538 3240/2733/538
f 3256/2761/539 3257/2769/539 3252/2756/539 3251/2757/539
f 3257/2769/20 3258/2770/20 3253/2758/20 3252/2756/20
f 3258/2770/20 3259/2771/20 3254/2759/20 3253/2758/20
f 3259/2771/540 3260/2772/540 3255/2760/540 3254/2759/540
f 3260/2772/541 3246/2750/541 3244/2741/541 3255/2760/541
f 3261/2773/45 3247/2752/45 3246/2750/45 3260/2772/45
f 3262/2774/45 3248/2753/45 3247/2752/45 3261/2773/45
f 3263/2775/45 3249/2754/45 3248/2753/45 3262/2774/45
f 3264/2776/45 3250/2755/45 3249/2754/45 3263/2775/45
f 2989/2777/22 289/630/22 121/635/22 2747/2778/22
f 2989/2777/21 2983/2764/21 279/631/21 289/630/21
f 2990/2779/22 2989/2777/22 2747/2778/22 2748/2780/22
f 2990/2779/21 2984/2766/21 2983/2764/21 2989/2777/21
f 2991/2781/22 2990/2779/22 2748/2780/22 2749/2635/22
f 2991/2781/542 2985/2768/542 2984/2766/542 2990/2779/542
f 2646/2782/78 2992/2783/78 2768/2679/78 2510/2693/78
f 2647/2784/78 2993/2785/78 2992/2783/78 2646/2782/78
f 2648/2786/78 2995/2787/78 2993/2785/78 2647/2784/78
f 2997/2788/543 2996/2789/543 2994/2790/543 2995/2787/543
f 2649/2791/544 2997/2788/544 2995/2787/544 2648/2786/544
f 2998/2792/545 2970/2702/545 2967/2703/545 2996/2789/545
f 2998/2792/28 2650/2793/28 2553/2704/28 2970/2702/28
f 2999/2794/546 2998/2792/546 2996/2789/546 2997/2788/546
f 2999/2794/547 2651/2795/547 2650/2793/547 2998/2792/547
f 2651/2795/548 2999/2794/548 2997/2788/548 2649/2791/548
f 2992/2783/78 3000/2796/78 2785/2670/78 2768/2679/78
f 2993/2785/78 3002/2797/78 3000/2796/78 2992/2783/78
f 3003/2798/26 2976/2714/26 2973/2715/26 3001/2799/26
f 3004/2800/549 3003/2798/549 3001/2799/549 3002/2797/549
f 3004/2800/550 2995/2787/550 2994/2790/550 3003/2798/550
f 2995/2787/551 3004/2800/551 3002/2797/551 2993/2785/551
f 3005/2801/26 2979/2736/26 2976/2714/26 3003/2798/26
f 3005/2801/26 2996/2789/26 2967/2703/26 2979/2736/26
f 2996/2789/26 3005/2801/26 3003/2798/26 2994/2790/26
f 3000/2796/78 3007/2802/78 2796/2654/78 2785/2670/78
f 3008/2803/23 3001/2799/23 2973/2715/23 2982/2749/23
f 3009/2804/552 3008/2803/552 3006/2805/552 3007/2802/552
f 3009/2804/553 3002/2797/553 3001/2799/553 3008/2803/553
f 3002/2797/554 3009/2804/554 3007/2802/554 3000/2796/554
f 3011/2806/555 3007/2802/555 3006/2805/555 3010/2807/555
f 3007/2802/556 3011/2806/556 2813/2644/556 2796/2654/556
f 3012/2808/23 2988/2767/23 2985/2768/23 3010/2807/23
f 3012/2808/23 3008/2803/23 2982/2749/23 2988/2767/23
f 3008/2803/23 3012/2808/23 3010/2807/23 3006/2805/23
f 3013/2809/22 2991/2781/22 2749/2635/22 2825/2634/22
f 3013/2809/557 3010/2807/557 2985/2768/557 2991/2781/557
f 3014/2810/558 3013/2809/558 2825/2634/558 2826/2632/558
f 3014/2810/559 3011/2806/559 3010/2807/559 3013/2809/559
f 3011/2806/560 3014/2810/560 2826/2632/560 2813/2644/560
f 3015/2811/45 2740/2812/45 2550/2578/45 2879/2565/45
f 3016/2813/45 2741/2814/45 2740/2812/45 3015/2811/45
f 3017/2815/45 2742/2816/45 2741/2814/45 3016/2813/45
f 3018/2817/45 2743/2818/45 2742/2816/45 3017/2815/45
f 3019/2819/45 2744/2820/45 2743/2818/45 3018/2817/45
f 3020/2821/45 2745/2822/45 2744/2820/45 3019/2819/45
f 3021/2823/45 2746/2824/45 2745/2822/45 3020/2821/45
f 1179/1880/45 1178/1620/45 2746/2824/45 3021/2823/45
f 3022/2825/45 3015/2811/45 2879/2565/45 2889/2552/45
f 3023/2826/45 3016/2813/45 3015/2811/45 3022/2825/45
f 3024/2827/45 3017/2815/45 3016/2813/45 3023/2826/45
f 3025/2828/45 3018/2817/45 3017/2815/45 3024/2827/45
f 3026/2829/45 3019/2819/45 3018/2817/45 3025/2828/45
f 3027/2830/45 3020/2821/45 3019/2819/45 3026/2829/45
f 3028/2831/45 3021/2823/45 3020/2821/45 3027/2830/45
f 1180/1889/45 1179/1880/45 3021/2823/45 3028/2831/45
f 3029/2832/45 3022/2825/45 2889/2552/45 2903/2540/45
f 3030/2833/45 3023/2826/45 3022/2825/45 3029/2832/45
f 3031/2834/45 3024/2827/45 3023/2826/45 3030/2833/45
f 3032/2835/45 3025/2828/45 3024/2827/45 3031/2834/45
f 3033/2836/45 3026/2829/45 3025/2828/45 3032/2835/45
f 3034/2837/45 3027/2830/45 3026/2829/45 3033/2836/45
f 3035/2838/45 3028/2831/45 3027/2830/45 3034/2837/45
f 1181/1898/45 1180/1889/45 3028/2831/45 3035/2838/45
f 3036/2839/45 3029/2832/45 2903/2540/45 2914/2526/45
f 3037/2840/45 3030/2833/45 3029/2832/45 3036/2839/45
f 3038/2841/45 3031/2834/45 3030/2833/45 3037/2840/45
f 3039/2842/45 3032/2835/45 3031/2834/45 3038/2841/45
f 3040/2843/45 3033/2836/45 3032/2835/45 3039/2842/45
f 3041/2844/45 3034/2837/45 3033/2836/45 3040/2843/45
f 3042/2845/45 3035/2838/45 3034/2837/45 3041/2844/45
f 1182/1907/45 1181/1898/45 3035/2838/45 3042/2845/45
f 3043/2846/45 3036/2839/45 2914/2526/45 2925/2512/45
f 3044/2847/45 3037/2840/45 3036/2839/45 3043/2846/45
f 3045/2848/45 3038/2841/45 3037/2840/45 3044/2847/45
f 3046/2849/45 3039/2842/45 3038/2841/45 3045/2848/45
f 3047/2850/45 3040/2843/45 3039/2842/45 3046/2849/45
f 3048/2851/45 3041/2844/45 3040/2843/45 3047/2850/45
f 3049/2852/45 3042/2845/45 3041/2844/45 3048/2851/45
f 1183/1916/45 1182/1907/45 3042/2845/45 3049/2852/45
f 3050/2853/45 3043/2846/45 2925/2512/45 2940/2499/45
f 3051/2854/45 3044/2847/45 3043/2846/45 3050/2853/45
f 3052/2855/45 3045/2848/45 3044/2847/45 3051/2854/45
f 3053/2856/45 3046/2849/45 3045/2848/45 3052/2855/45
f 3054/2857/45 3047/2850/45 3046/2849/45 3053/2856/45
f 3055/2858/45 3048/2851/45 3047/2850/45 3054/2857/45
f 3056/2859/45 3049/2852/45 3048/2851/45 3055/2858/45
f 1184/1925/45 1183/1916/45 3049/2852/45 3056/2859/45
f 3057/2860/45 3050/2853/45 2940/2499/45 2952/2474/45
f 3058/2861/45 3051/2854/45 3050/2853/45 3057/2860/45
f 3059/2862/45 3052/2855/45 3051/2854/45 3058/2861/45
f 3060/2863/45 3053/2856/45 3052/2855/45 3059/2862/45
f 3061/2864/45 3054/2857/45 3053/2856/45 3060/2863/45
f 3062/2865/45 3055/2858/45 3054/2857/45 3061/2864/45
f 3063/2866/45 3056/2859/45 3055/2858/45 3062/2865/45
f 1185/1934/45 1184/1925/45 3056/2859/45 3063/2866/45
f 3064/2867/45 3057/2860/45 2952/2474/45 2964/2473/45
f 3065/2868/45 3058/2861/45 3057/2860/45 3064/2867/45
f 3066/2869/45 3059/2862/45 3058/2861/45 3065/2868/45
f 3067/2870/45 3060/2863/45 3059/2862/45 3066/2869/45
f 3068/2871/45 3061/2864/45 3060/2863/45 3067/2870/45
f 3069/2872/45 3062/2865/45 3061/2864/45 3068/2871/45
f 3070/2873/45 3063/2866/45 3062/2865/45 3069/2872/45
f 1186/1943/45 1185/1934/45 3063/2866/45 3070/2873/45
f 2753/2718/35 2750/2721/35 126/965/35 131/954/35
f 2752/2622/22 2749/2635/22 2748/2780/22 2751/2720/22
f 2751/2720/22 2748/2780/22 2747/2778/22 2750/2721/22
f 2750/2721/22 2747/2778/22 121/635/22 126/965/22
f 3236/2725/45 3225/2724/45 3224/2874/45 3235/2751/45
f 3235/2751/45 3224/2874/45 3223/2875/45 3233/2742/45
f 3129/2745/561 3234/2744/561 3229/2732/561 3122/2876/561
f 3233/2742/562 3223/2875/562 3222/2877/562 3232/2740/562
f 3232/2740/43 3222/2877/43 3221/2878/43 3231/2738/43
f 3231/2738/43 3221/2878/43 3220/2879/43 3230/2731/43
f 3230/2731/563 3220/2879/563 3219/2880/563 3229/2732/563
f 3229/2732/564 3219/2880/564 3109/2881/564 3122/2876/564
f 3228/2729/45 3213/2882/45 3212/2883/45 3227/2727/45
f 3227/2727/45 3212/2883/45 3211/2884/45 3226/2723/45
f 3226/2723/45 3211/2884/45 3210/2885/45 3225/2724/45
f 3225/2724/45 3210/2885/45 3209/2886/45 3224/2874/45
f 3224/2874/45 3209/2886/45 3208/2887/45 3223/2875/45
f 3223/2875/565 3208/2887/565 3206/2888/565 3218/2889/565
f 3222/2877/566 3223/2875/566 3218/2889/566 3217/2890/566
f 3265/2891/567 3256/2761/567 3152/2762/567 3163/2892/567
f 3266/2893/568 3257/2769/568 3256/2761/568 3265/2891/568
f 3267/2894/20 3258/2770/20 3257/2769/20 3266/2893/20
f 3268/2895/20 3259/2771/20 3258/2770/20 3267/2894/20
f 3269/2896/569 3260/2772/569 3259/2771/569 3268/2895/569
f 3170/2897/570 3270/2898/570 3265/2891/570 3163/2892/570
f 3271/2899/45 3261/2773/45 3260/2772/45 3269/2896/45
f 3272/2900/45 3262/2774/45 3261/2773/45 3271/2899/45
f 3273/2901/45 3263/2775/45 3262/2774/45 3272/2900/45
f 3274/2902/45 3264/2776/45 3263/2775/45 3273/2901/45
f 3221/2878/43 3222/2877/43 3217/2890/43 3216/2903/43
f 3220/2879/43 3221/2878/43 3216/2903/43 3215/2904/43
f 3219/2880/571 3220/2879/571 3215/2904/571 3214/2905/571
f 3207/2906/572 3219/2880/572 3214/2905/572 3202/2907/572
f 3219/2880/573 3207/2906/573 3096/2908/573 3109/2881/573
f 3218/2889/43 3206/2888/43 3205/2909/43 3217/2890/43
f 3276/2910/574 3266/2893/574 3265/2891/574 3275/2911/574
f 3277/2912/575 3267/2894/575 3266/2893/575 3276/2910/575
f 3278/2913/576 3268/2895/576 3267/2894/576 3277/2912/576
f 3279/2914/577 3269/2896/577 3268/2895/577 3278/2913/577
f 3280/2915/578 3270/2898/578 3170/2897/578 3180/2916/578
f 3270/2898/579 3280/2915/579 3275/2911/579 3265/2891/579
f 3280/2915/580 3281/2917/580 3276/2910/580 3275/2911/580
f 3281/2917/13 3282/2918/13 3277/2912/13 3276/2910/13
f 3282/2918/13 3283/2919/13 3278/2913/13 3277/2912/13
f 3283/2919/581 3284/2920/581 3279/2914/581 3278/2913/581
f 3217/2890/43 3205/2909/43 3204/2921/43 3216/2903/43
f 3216/2903/43 3204/2921/43 3203/2922/43 3215/2904/43
f 3215/2904/43 3203/2922/43 3202/2907/43 3214/2905/43
f 3284/2920/582 3271/2899/582 3269/2896/582 3279/2914/582
f 3187/2923/583 3285/2924/583 3280/2915/583 3180/2916/583
f 3286/2925/45 3272/2900/45 3271/2899/45 3284/2920/45
f 3287/2926/45 3273/2901/45 3272/2900/45 3286/2925/45
f 3288/2927/45 3274/2902/45 3273/2901/45 3287/2926/45
f 3213/2882/45 3201/2928/45 3200/2929/45 3212/2883/45
f 3212/2883/45 3200/2929/45 3199/2930/45 3211/2884/45
f 3211/2884/45 3199/2930/45 3198/2931/45 3210/2885/45
f 759/491/20 3289/2932/20 3080/2933/20 646/500/20
f 3289/2932/20 3290/2934/20 3081/2935/20 3080/2933/20
f 3290/2934/20 3291/2936/20 3082/2937/20 3081/2935/20
f 3292/2938/19 3289/2932/19 759/491/19 764/482/19
f 3293/2939/19 3290/2934/19 3289/2932/19 3292/2938/19
f 3210/2885/45 3198/2931/45 3197/2940/45 3209/2886/45
f 3209/2886/45 3197/2940/45 3196/2941/45 3208/2887/45
f 3208/2887/584 3196/2941/584 3194/2942/584 3206/2888/584
f 3195/2943/585 3207/2906/585 3202/2907/585 3190/2944/585
f 3207/2906/586 3195/2943/586 3083/2945/586 3096/2908/586
f 3206/2888/43 3194/2942/43 3193/2946/43 3205/2909/43
f 3294/2947/587 3291/2936/587 3290/2934/587 3293/2939/587
f 769/471/13 3295/2948/13 3292/2938/13 764/482/13
f 3295/2948/13 3296/2949/13 3293/2939/13 3292/2938/13
f 3296/2949/13 3297/2950/13 3294/2947/13 3293/2939/13
f 3298/2951/13 3295/2948/13 769/471/13 774/196/13
f 3205/2909/43 3193/2946/43 3192/2952/43 3204/2921/43
f 3204/2921/43 3192/2952/43 3191/2953/43 3203/2922/43
f 3203/2922/43 3191/2953/43 3190/2944/43 3202/2907/43
f 3201/2928/45 2964/2473/45 2963/2476/45 3200/2929/45
f 3200/2929/45 2963/2476/45 2962/2478/45 3199/2930/45
f 3199/2930/45 2962/2478/45 2961/2480/45 3198/2931/45
f 3198/2931/45 2961/2480/45 2960/2482/45 3197/2940/45
f 3197/2940/45 2960/2482/45 2959/2484/45 3196/2941/45
f 3196/2941/588 2959/2484/588 2957/2486/588 3194/2942/588
f 2958/2488/589 3195/2943/589 3190/2944/589 2953/2489/589
f 3195/2943/590 2958/2488/590 2853/2492/590 3083/2945/590
f 3194/2942/591 2957/2486/591 2956/2494/591 3193/2946/591
f 3193/2946/592 2956/2494/592 2955/2496/592 3192/2952/592
f 3192/2952/593 2955/2496/593 2954/2498/593 3191/2953/593
f 3191/2953/594 2954/2498/594 2953/2489/594 3190/2944/594
f 3179/2954/78 3189/2955/78 3188/2956/78 3178/2957/78
f 3178/2957/595 3188/2956/595 3181/2958/595 3171/2959/595
f 3177/2960/596 3187/2923/596 3180/2916/596 3170/2897/596
f 3187/2923/13 3177/2960/13 3176/2961/13 3186/2962/13
f 3186/2962/13 3176/2961/13 3175/2963/13 3185/2964/13
f 3185/2964/13 3175/2963/13 3174/2965/13 3184/2966/13
f 3184/2966/13 3174/2965/13 3173/2967/13 3183/2968/13
f 3183/2968/13 3173/2967/13 3172/2969/13 3182/2970/13
f 3182/2970/597 3172/2969/597 3171/2959/597 3181/2958/597
f 3162/2971/78 3179/2954/78 3178/2957/78 3161/2972/78
f 3161/2972/78 3178/2957/78 3171/2959/78 3160/2973/78
f 3176/2961/598 3177/2960/598 3170/2897/598 3169/2974/598
f 3175/2963/599 3176/2961/599 3169/2974/599 3168/2975/599
f 3174/2965/600 3175/2963/600 3168/2975/600 3167/2976/600
f 3173/2967/600 3174/2965/600 3167/2976/600 3166/2977/600
f 3172/2969/601 3173/2967/601 3166/2977/601 3165/2978/601
f 1178/1620/45 1177/1619/45 2739/2979/45 2746/2824/45
f 2746/2824/45 2739/2979/45 2738/2980/45 2745/2822/45
f 2745/2822/45 2738/2980/45 2737/2981/45 2744/2820/45
f 2744/2820/45 2737/2981/45 2736/2982/45 2743/2818/45
f 2743/2818/45 2736/2982/45 2735/2983/45 2742/2816/45
f 2742/2816/45 2735/2983/45 2734/2984/45 2741/2814/45
f 2741/2814/45 2734/2984/45 2733/2985/45 2740/2812/45
f 2740/2812/45 2733/2985/45 2538/2986/45 2550/2578/45
f 1177/1619/45 1176/1630/45 2732/2987/45 2739/2979/45
f 2739/2979/45 2732/2987/45 2731/2988/45 2738/2980/45
f 2738/2980/45 2731/2988/45 2730/2989/45 2737/2981/45
f 2737/2981/45 2730/2989/45 2729/2990/45 2736/2982/45
f 2736/2982/45 2729/2990/45 2728/2991/45 2735/2983/45
f 2735/2983/45 2728/2991/45 2727/2992/45 2734/2984/45
f 2734/2984/45 2727/2992/45 2726/2993/45 2733/2985/45
f 2733/2985/45 2726/2993/45 2530/2994/45 2538/2986/45
f 1176/1630/45 1175/1639/45 2724/2995/45 2732/2987/45
f 2732/2987/45 2724/2995/45 2723/2996/45 2731/2988/45
f 2731/2988/45 2723/2996/45 2722/2997/45 2730/2989/45
f 2730/2989/45 2722/2997/45 2721/2998/45 2729/2990/45
f 2729/2990/45 2721/2998/45 2720/2999/45 2728/2991/45
f 2728/2991/45 2720/2999/45 2719/3000/45 2727/2992/45
f 2727/2992/45 2719/3000/45 2717/3001/45 2726/2993/45
f 2726/2993/45 2717/3001/45 2515/3002/45 2530/2994/45
f 2713/3003/602 2725/3004/602 2526/3005/602 2511/3006/602
f 2725/3004/603 2713/3003/603 2595/3007/603 2626/3008/603
f 2725/3004/604 2626/3008/604 2480/3009/604 2526/3005/604
f 1175/1639/45 1174/1656/45 2712/3010/45 2724/2995/45
f 2724/2995/45 2712/3010/45 2711/3011/45 2723/2996/45
f 2723/2996/45 2711/3011/45 2710/3012/45 2722/2997/45
f 2722/2997/45 2710/3012/45 2708/3013/45 2721/2998/45
f 2721/2998/45 2708/3013/45 2706/3014/45 2720/2999/45
f 2720/2999/45 2706/3014/45 2701/3015/45 2719/3000/45
f 2719/3000/605 2701/3015/605 2696/3016/605 2717/3001/605
f 2697/3017/606 2718/3018/606 2713/3003/606 2692/3019/606
f 2718/3018/607 2697/3017/607 2563/3020/607 2602/3021/607
f 2718/3018/608 2602/3021/608 2595/3007/608 2713/3003/608
f 2717/3001/609 2696/3016/609 2695/3022/609 2716/3023/609
f 2717/3001/610 2716/3023/610 2514/3024/610 2515/3002/610
f 2716/3023/26 2695/3022/26 2694/3025/26 2715/3026/26
f 2716/3023/26 2715/3026/26 2513/3027/26 2514/3024/26
f 2715/3026/26 2694/3025/26 2693/3028/26 2714/3029/26
f 2715/3026/26 2714/3029/26 2512/3030/26 2513/3027/26
f 2714/3029/611 2693/3028/611 2692/3019/611 2713/3003/611
f 2714/3029/612 2713/3003/612 2511/3006/612 2512/3030/612
f 1174/1656/45 1173/1682/45 2691/3031/45 2712/3010/45
f 2712/3010/45 2691/3031/45 2689/3032/45 2711/3011/45
f 2711/3011/45 2689/3032/45 2684/3033/45 2710/3012/45
f 2710/3012/45 2684/3033/45 2679/3034/45 2708/3013/45
f 2680/3035/613 2709/3036/613 2707/3037/613 2675/3038/613
f 2709/3036/614 2680/3035/614 2560/3039/614 2578/3040/614
f 2709/3036/615 2578/3040/615 2571/3041/615 2707/3037/615
f 2708/3013/616 2679/3034/616 2674/3042/616 2706/3014/616
f 2675/3038/617 2707/3037/617 2702/3043/617 2670/3044/617
f 2707/3037/618 2571/3041/618 2564/3045/618 2702/3043/618
f 2706/3014/619 2674/3042/619 2673/3046/619 2705/3047/619
f 2706/3014/620 2705/3047/620 2700/3048/620 2701/3015/620
f 2705/3047/28 2673/3046/28 2672/3049/28 2704/3050/28
f 2705/3047/28 2704/3050/28 2699/3051/28 2700/3048/28
f 2704/3050/28 2672/3049/28 2671/3052/28 2703/3053/28
f 2704/3050/28 2703/3053/28 2698/3054/28 2699/3051/28
f 2703/3053/621 2671/3052/621 2670/3044/621 2702/3043/621
f 1844/1298/622 1843/1297/622 3654/3055/622 3664/3056/622
f 3668/3057/3 1844/1298/3 3664/3056/3 3663/3058/3
f 3667/3059/3 3668/3057/3 3663/3058/3 3662/3060/3
f 3666/3061/3 3667/3059/3 3662/3060/3 3661/3062/3
f 3665/3063/3 3666/3061/3 3661/3062/3 3660/3064/3
f 1842/1345/623 3665/3063/623 3660/3064/623 3653/3065/623
f 3664/3056/624 3654/3055/624 3652/3066/624 3659/3067/624
f 3663/3058/3 3664/3056/3 3659/3067/3 3658/3068/3
f 3662/3060/3 3663/3058/3 3658/3068/3 3657/3069/3
f 3661/3062/3 3662/3060/3 3657/3069/3 3656/3070/3
f 3660/3064/3 3661/3062/3 3656/3070/3 3655/3071/3
f 3653/3065/625 3660/3064/625 3655/3071/625 3648/3072/625
f 3659/3067/626 3652/3066/626 3651/3073/626 3658/3068/626
f 3658/3068/3 3651/3073/3 3650/3074/3 3657/3069/3
f 3657/3069/3 3650/3074/3 3649/3075/3 3656/3070/3
f 3656/3070/627 3649/3075/627 3648/3072/627 3655/3071/627
f 1843/1297/45 1841/1344/45 3632/3076/45 3654/3055/45
f 1836/1346/628 1842/1345/628 3653/3065/628 3577/3077/628
f 3654/3055/45 3632/3076/45 3631/3078/45 3652/3066/45
f 3577/3077/629 3653/3065/629 3648/3072/629 3576/3079/629
f 3652/3066/45 3631/3078/45 3630/3080/45 3647/3081/45
f 3651/3073/630 3652/3066/630 3647/3081/630 3646/3082/630
f 3650/3074/3 3651/3073/3 3646/3082/3 3645/3083/3
f 3649/3075/3 3650/3074/3 3645/3083/3 3644/3084/3
f 3648/3072/631 3649/3075/631 3644/3084/631 3643/3085/631
f 3576/3079/632 3648/3072/632 3643/3085/632 3575/3086/632
f 3647/3081/45 3630/3080/45 3628/3087/45 3642/3088/45
f 3646/3082/633 3647/3081/633 3642/3088/633 3641/3089/633
f 3645/3083/634 3646/3082/634 3641/3089/634 3640/3090/634
f 3644/3084/635 3645/3083/635 3640/3090/635 3639/3091/635
f 3643/3085/636 3644/3084/636 3639/3091/636 3638/3092/636
f 3629/3093/637 3643/3085/637 3638/3092/637 3627/3094/637
f 3643/3085/638 3629/3093/638 3558/3095/638 3575/3086/638
f 3642/3088/639 3628/3087/639 3626/3096/639 3637/3097/639
f 3641/3089/640 3642/3088/640 3637/3097/640 3636/3098/640
f 3640/3090/1 3641/3089/1 3636/3098/1 3635/3099/1
f 3639/3091/1 3640/3090/1 3635/3099/1 3634/3100/1
f 3638/3092/1 3639/3091/1 3634/3100/1 3633/3101/1
f 3627/3094/641 3638/3092/641 3633/3101/641 3622/3102/641
f 3637/3097/642 3626/3096/642 3625/3103/642 3636/3098/642
f 3636/3098/1 3625/3103/1 3624/3104/1 3635/3099/1
f 3635/3099/1 3624/3104/1 3623/3105/1 3634/3100/1
f 3634/3100/643 3623/3105/643 3622/3102/643 3633/3101/643
f 1841/1344/45 1840/1369/45 3611/3106/45 3632/3076/45
f 3632/3076/45 3611/3106/45 3610/3107/45 3631/3078/45
f 3631/3078/45 3610/3107/45 3609/3108/45 3630/3080/45
f 3630/3080/45 3609/3108/45 3608/3109/45 3628/3087/45
f 3558/3095/644 3629/3093/644 3627/3094/644 3551/3110/644
f 3628/3087/45 3608/3109/45 3607/3111/45 3626/3096/45
f 3551/3110/645 3627/3094/645 3622/3102/645 3544/3112/645
f 3626/3096/45 3607/3111/45 3606/3113/45 3621/3114/45
f 3625/3103/646 3626/3096/646 3621/3114/646 3620/3115/646
f 3624/3104/1 3625/3103/1 3620/3115/1 3619/3116/1
f 3623/3105/1 3624/3104/1 3619/3116/1 3618/3117/1
f 3622/3102/647 3623/3105/647 3618/3117/647 3617/3118/647
f 3544/3112/648 3622/3102/648 3617/3118/648 3543/3119/648
f 3621/3114/649 3606/3113/649 3604/3120/649 3616/3121/649
f 3620/3115/650 3621/3114/650 3616/3121/650 3615/3122/650
f 3619/3116/651 3620/3115/651 3615/3122/651 3614/3123/651
f 3618/3117/652 3619/3116/652 3614/3123/652 3613/3124/652
f 3617/3118/653 3618/3117/653 3613/3124/653 3612/3125/653
f 3605/3126/654 3617/3118/654 3612/3125/654 3600/3127/654
f 3617/3118/655 3605/3126/655 3525/3128/655 3543/3119/655
f 3616/3121/656 3604/3120/656 3603/3129/656 3615/3122/656
f 3615/3122/10 3603/3129/10 3602/3130/10 3614/3123/10
f 3614/3123/10 3602/3130/10 3601/3131/10 3613/3124/10
f 3613/3124/657 3601/3131/657 3600/3127/657 3612/3125/657
f 1840/1369/45 1839/1378/45 3599/3132/45 3611/3106/45
f 3611/3106/45 3599/3132/45 3598/3133/45 3610/3107/45
f 3610/3107/45 3598/3133/45 3597/3134/45 3609/3108/45
f 3609/3108/45 3597/3134/45 3596/3135/45 3608/3109/45
f 3608/3109/45 3596/3135/45 3595/3136/45 3607/3111/45
f 3607/3111/45 3595/3136/45 3594/3137/45 3606/3113/45
f 3606/3113/45 3594/3137/45 3593/3138/45 3604/3120/45
f 3525/3128/658 3605/3126/658 3600/3127/658 3518/3139/658
f 3604/3120/45 3593/3138/45 3467/3140/45 3472/3141/45
f 3603/3129/659 3604/3120/659 3472/3141/659 3471/3142/659
f 3602/3130/10 3603/3129/10 3471/3142/10 3470/3143/10
f 3601/3131/10 3602/3130/10 3470/3143/10 3469/3144/10
f 3600/3127/660 3601/3131/660 3469/3144/660 3468/3145/660
f 3592/3146/661 3600/3127/661 3468/3145/661 3463/3147/661
f 3600/3127/662 3592/3146/662 3505/3148/662 3518/3139/662
f 1839/1378/45 1838/1386/45 3591/3149/45 3599/3132/45
f 3599/3132/45 3591/3149/45 3590/3150/45 3598/3133/45
f 3598/3133/45 3590/3150/45 3589/3151/45 3597/3134/45
f 3597/3134/45 3589/3151/45 3588/3152/45 3596/3135/45
f 3596/3135/45 3588/3152/45 3587/3153/45 3595/3136/45
f 3595/3136/45 3587/3153/45 3586/3154/45 3594/3137/45
f 3594/3137/45 3586/3154/45 3585/3155/45 3593/3138/45
f 3593/3138/45 3585/3155/45 3452/3156/45 3467/3140/45
f 3505/3148/663 3592/3146/663 3463/3147/663 3432/3157/663
f 1838/1386/45 1837/1394/45 3584/3158/45 3591/3149/45
f 3591/3149/45 3584/3158/45 3583/3159/45 3590/3150/45
f 3590/3150/45 3583/3159/45 3582/3160/45 3589/3151/45
f 3589/3151/45 3582/3160/45 3581/3161/45 3588/3152/45
f 3588/3152/45 3581/3161/45 3580/3162/45 3587/3153/45
f 3587/3153/45 3580/3162/45 3579/3163/45 3586/3154/45
f 3586/3154/45 3579/3163/45 3578/3164/45 3585/3155/45
f 3585/3155/45 3578/3164/45 3444/3165/45 3452/3156/45
f 1837/1394/45 1822/1402/45 3394/3166/45 3584/3158/45
f 3584/3158/45 3394/3166/45 3393/3167/45 3583/3159/45
f 3583/3159/45 3393/3167/45 3392/3168/45 3582/3160/45
f 3582/3160/45 3392/3168/45 3391/3169/45 3581/3161/45
f 3581/3161/45 3391/3169/45 3390/3170/45 3580/3162/45
f 3580/3162/45 3390/3170/45 3389/3171/45 3579/3163/45
f 3579/3163/45 3389/3171/45 3388/3172/45 3578/3164/45
f 3578/3164/45 3388/3172/45 3288/2927/45 3444/3165/45
f 3574/3173/3 1836/1346/3 3577/3077/3 3572/3174/3
f 3572/3174/3 3577/3077/3 3576/3079/3 3565/3175/3
f 3565/3175/664 3576/3079/664 3575/3086/664 3558/3095/664
f 3573/3176/3 3574/3173/3 3572/3174/3 3571/3177/3
f 1835/1523/3 3573/3176/3 3571/3177/3 3570/3178/3
f 1834/1524/3 1835/1523/3 3570/3178/3 3569/3179/3
f 1833/1525/3 1834/1524/3 3569/3179/3 3568/3180/3
f 1832/1526/3 1833/1525/3 3568/3180/3 3567/3181/3
f 1831/1527/665 1832/1526/665 3567/3181/665 3566/3182/665
f 1830/1528/78 1831/1527/78 3566/3182/78 3542/3183/78
f 3571/3177/3 3572/3174/3 3565/3175/3 3564/3184/3
f 3570/3178/3 3571/3177/3 3564/3184/3 3563/3185/3
f 3569/3179/3 3570/3178/3 3563/3185/3 3562/3186/3
f 3568/3180/3 3569/3179/3 3562/3186/3 3561/3187/3
f 3567/3181/3 3568/3180/3 3561/3187/3 3560/3188/3
f 3566/3182/666 3567/3181/666 3560/3188/666 3559/3189/666
f 3542/3183/78 3566/3182/78 3559/3189/78 3541/3190/78
f 3564/3184/667 3565/3175/667 3558/3095/667 3557/3191/667
f 3563/3185/668 3564/3184/668 3557/3191/668 3556/3192/668
f 3562/3186/669 3563/3185/669 3556/3192/669 3555/3193/669
f 3561/3187/670 3562/3186/670 3555/3193/670 3554/3194/670
f 3560/3188/671 3561/3187/671 3554/3194/671 3553/3195/671
f 3559/3189/672 3560/3188/672 3553/3195/672 3552/3196/672
f 3541/3190/78 3559/3189/78 3552/3196/78 3540/3197/78
f 3557/3191/1 3558/3095/1 3551/3110/1 3550/3198/1
f 3556/3192/1 3557/3191/1 3550/3198/1 3549/3199/1
f 3555/3193/1 3556/3192/1 3549/3199/1 3548/3200/1
f 3554/3194/1 3555/3193/1 3548/3200/1 3547/3201/1
f 3553/3195/1 3554/3194/1 3547/3201/1 3546/3202/1
f 3552/3196/673 3553/3195/673 3546/3202/673 3545/3203/673
f 3540/3197/674 3552/3196/674 3545/3203/674 3533/3204/674
f 3539/3205/1 3551/3110/1 3544/3112/1 3532/3206/1
f 3551/3110/1 3539/3205/1 3538/3207/1 3550/3198/1
f 3550/3198/1 3538/3207/1 3537/3208/1 3549/3199/1
f 3549/3199/1 3537/3208/1 3536/3209/1 3548/3200/1
f 3548/3200/1 3536/3209/1 3535/3210/1 3547/3201/1
f 3547/3201/1 3535/3210/1 3534/3211/1 3546/3202/1
f 3546/3202/675 3534/3211/675 3533/3204/675 3545/3203/675
f 3532/3206/1 3544/3112/1 3543/3119/1 3525/3128/1
f 1829/1554/78 1830/1528/78 3542/3183/78 3517/3212/78
f 3517/3212/78 3542/3183/78 3541/3190/78 3516/3213/78
f 3516/3213/78 3541/3190/78 3540/3197/78 3515/3214/78
f 3515/3214/78 3540/3197/78 3533/3204/78 3514/3215/78
f 3538/3207/1 3539/3205/1 3532/3206/1 3531/3216/1
f 3537/3208/1 3538/3207/1 3531/3216/1 3530/3217/1
f 3536/3209/1 3537/3208/1 3530/3217/1 3529/3218/1
f 3535/3210/1 3536/3209/1 3529/3218/1 3528/3219/1
f 3534/3211/1 3535/3210/1 3528/3219/1 3527/3220/1
f 3533/3204/676 3534/3211/676 3527/3220/676 3526/3221/676
f 3514/3215/78 3533/3204/78 3526/3221/78 3513/3222/78
f 3531/3216/1 3532/3206/1 3525/3128/1 3524/3223/1
f 3530/3217/1 3531/3216/1 3524/3223/1 3523/3224/1
f 3529/3218/1 3530/3217/1 3523/3224/1 3522/3225/1
f 3528/3219/1 3529/3218/1 3522/3225/1 3521/3226/1
f 3527/3220/1 3528/3219/1 3521/3226/1 3520/3227/1
f 3526/3221/677 3527/3220/677 3520/3227/677 3519/3228/677
f 3513/3222/78 3526/3221/78 3519/3228/78 3506/3229/78
f 3512/3230/678 3525/3128/678 3518/3139/678 3505/3148/678
f 3525/3128/679 3512/3230/679 3511/3231/679 3524/3223/679
f 3524/3223/680 3511/3231/680 3510/3232/680 3523/3224/680
f 3523/3224/681 3510/3232/681 3509/3233/681 3522/3225/681
f 3522/3225/681 3509/3233/681 3508/3234/681 3521/3226/681
f 3521/3226/682 3508/3234/682 3507/3235/682 3520/3227/682
f 3520/3227/683 3507/3235/683 3506/3229/683 3519/3228/683
f 1828/1562/78 1829/1554/78 3517/3212/78 3498/3236/78
f 3498/3236/78 3517/3212/78 3516/3213/78 3497/3237/78
f 3497/3237/78 3516/3213/78 3515/3214/78 3496/3238/78
f 3496/3238/78 3515/3214/78 3514/3215/78 3495/3239/78
f 3495/3239/78 3514/3215/78 3513/3222/78 3494/3240/78
f 3494/3240/78 3513/3222/78 3506/3229/78 3493/3241/78
f 3511/3231/10 3512/3230/10 3505/3148/10 3504/3242/10
f 3510/3232/10 3511/3231/10 3504/3242/10 3503/3243/10
f 3509/3233/10 3510/3232/10 3503/3243/10 3502/3244/10
f 3508/3234/10 3509/3233/10 3502/3244/10 3501/3245/10
f 3507/3235/10 3508/3234/10 3501/3245/10 3500/3246/10
f 3506/3229/684 3507/3235/684 3500/3246/684 3499/3247/684
f 3493/3241/685 3506/3229/685 3499/3247/685 3492/3248/685
f 3504/3242/10 3505/3148/10 3432/3157/10 3431/3249/10
f 3503/3243/10 3504/3242/10 3431/3249/10 3430/3250/10
f 3502/3244/10 3503/3243/10 3430/3250/10 3429/3251/10
f 3501/3245/10 3502/3244/10 3429/3251/10 3428/3252/10
f 3500/3246/10 3501/3245/10 3428/3252/10 3427/3253/10
f 3499/3247/10 3500/3246/10 3427/3253/10 3426/3254/10
f 3492/3248/686 3499/3247/686 3426/3254/686 3418/3255/686
f 1827/1570/687 1828/1562/687 3498/3236/687 3491/3256/687
f 3491/3256/688 3498/3236/688 3497/3237/688 3489/3257/688
f 3489/3257/78 3497/3237/78 3496/3238/78 3487/3258/78
f 3487/3258/78 3496/3238/78 3495/3239/78 3485/3259/78
f 3485/3259/78 3495/3239/78 3494/3240/78 3484/3260/78
f 3484/3260/78 3494/3240/78 3493/3241/78 3483/3261/78
f 3483/3261/78 3493/3241/78 3492/3248/78 3482/3262/78
f 3482/3262/78 3492/3248/78 3418/3255/78 3409/3263/78
f 1826/1585/3 1827/1570/3 3491/3256/3 3490/3264/3
f 1825/1586/3 1826/1585/3 3490/3264/3 3481/3265/3
f 3490/3264/689 3491/3256/689 3489/3257/689 3488/3266/689
f 3481/3265/690 3490/3264/690 3488/3266/690 3478/3267/690
f 3488/3266/691 3489/3257/691 3487/3258/691 3486/3268/691
f 3478/3267/1 3488/3266/1 3486/3268/1 3475/3269/1
f 3338/3270/692 3487/3258/692 3485/3259/692 3336/3271/692
f 3487/3258/693 3338/3270/693 3337/3272/693 3486/3268/693
f 3486/3268/1 3337/3272/1 3315/3273/1 3475/3269/1
f 3336/3271/694 3485/3259/694 3484/3260/694 3334/3274/694
f 3334/3274/78 3484/3260/78 3483/3261/78 3332/3275/78
f 3332/3275/78 3483/3261/78 3482/3262/78 3331/3276/78
f 3331/3276/78 3482/3262/78 3409/3263/78 3189/2955/78
f 1824/1624/3 1825/1586/3 3481/3265/3 3480/3277/3
f 1823/1625/3 1824/1624/3 3480/3277/3 3479/3278/3
f 867/353/3 1823/1625/3 3479/3278/3 862/338/3
f 2703/3053/695 2702/3043/695 2697/3017/695 2698/3054/695
f 2702/3043/696 2564/3045/696 2563/3020/696 2697/3017/696
f 2701/3015/697 2700/3048/697 2695/3022/697 2696/3016/697
f 2700/3048/698 2699/3051/698 2694/3025/698 2695/3022/698
f 2699/3051/699 2698/3054/699 2693/3028/699 2694/3025/699
f 3480/3277/700 3481/3265/700 3478/3267/700 3477/3279/700
f 3479/3278/701 3480/3277/701 3477/3279/701 3476/3280/701
f 862/338/2 3479/3278/2 3476/3280/2 857/307/2
f 2698/3054/702 2697/3017/702 2692/3019/702 2693/3028/702
f 1173/1682/703 1171/1707/703 2665/3281/703 2691/3031/703
f 2666/3282/704 1172/1709/704 2690/3283/704 2661/3284/704
f 1172/1709/705 1160/1708/705 2562/3285/705 2690/3283/705
f 2691/3031/706 2665/3281/706 2660/3286/706 2689/3032/706
f 2661/3284/707 2690/3283/707 2685/3287/707 2656/3288/707
f 2690/3283/708 2562/3285/708 2561/3289/708 2685/3287/708
f 2689/3032/709 2660/3286/709 2659/3290/709 2688/3291/709
f 3477/3279/1 3478/3267/1 3475/3269/1 3474/3292/1
f 3476/3280/1 3477/3279/1 3474/3292/1 3473/3293/1
f 857/307/1 3476/3280/1 3473/3293/1 852/289/1
f 2689/3032/710 2688/3291/710 2683/3294/710 2684/3033/710
f 2688/3291/40 2659/3290/40 2658/3295/40 2687/3296/40
f 2688/3291/40 2687/3296/40 2682/3297/40 2683/3294/40
f 2687/3296/40 2658/3295/40 2657/3298/40 2686/3299/40
f 2687/3296/40 2686/3299/40 2681/3300/40 2682/3297/40
f 2686/3299/711 2657/3298/711 2656/3288/711 2685/3287/711
f 2686/3299/712 2685/3287/712 2680/3035/712 2681/3300/712
f 2685/3287/713 2561/3289/713 2560/3039/713 2680/3035/713
f 2684/3033/714 2683/3294/714 2678/3301/714 2679/3034/714
f 2683/3294/715 2682/3297/715 2677/3302/715 2678/3301/715
f 2682/3297/716 2681/3300/716 2676/3303/716 2677/3302/716
f 3475/3269/1 3315/3273/1 3314/3304/1 3474/3292/1
f 3474/3292/1 3314/3304/1 3313/3305/1 3473/3293/1
f 3473/3293/1 3313/3305/1 799/135/1 852/289/1
f 2681/3300/717 2680/3035/717 2675/3038/717 2676/3303/717
f 3299/3306/13 3296/2949/13 3295/2948/13 3298/2951/13
f 3300/3307/13 3297/2950/13 3296/2949/13 3299/3306/13
f 3301/3308/13 3298/2951/13 774/196/13 779/183/13
f 3302/3309/13 3299/3306/13 3298/2951/13 3301/3308/13
f 3303/3310/13 3300/3307/13 3299/3306/13 3302/3309/13
f 784/166/10 3304/3311/10 3301/3308/10 779/183/10
f 3304/3311/10 3305/3312/10 3302/3309/10 3301/3308/10
f 3305/3312/10 3306/3313/10 3303/3310/10 3302/3309/10
f 789/149/10 3307/3314/10 3304/3311/10 784/166/10
f 3307/3314/10 3308/3315/10 3305/3312/10 3304/3311/10
f 3308/3315/10 3309/3316/10 3306/3313/10 3305/3312/10
f 3310/3317/10 3307/3314/10 789/149/10 794/136/10
f 3311/3318/10 3308/3315/10 3307/3314/10 3310/3317/10
f 3312/3319/10 3309/3316/10 3308/3315/10 3311/3318/10
f 799/135/8 3313/3305/8 3310/3317/8 794/136/8
f 3313/3305/8 3314/3304/8 3311/3318/8 3310/3317/8
f 3314/3304/718 3315/3273/718 3312/3319/718 3311/3318/718
f 3291/2936/20 3316/3320/20 3133/3321/20 3082/2937/20
f 3316/3320/719 3317/3322/719 3134/3323/719 3133/3321/719
f 3318/3324/720 3316/3320/720 3291/2936/720 3294/2947/720
f 3319/3325/721 3317/3322/721 3316/3320/721 3318/3324/721
f 3317/3322/722 3319/3325/722 3151/3326/722 3134/3323/722
f 3297/2950/13 3320/3327/13 3318/3324/13 3294/2947/13
f 3322/3328/723 3319/3325/723 3318/3324/723 3321/3329/723
f 3319/3325/724 3322/3328/724 3162/2971/724 3151/3326/724
f 3323/3330/13 3320/3327/13 3297/2950/13 3300/3307/13
f 3320/3327/13 3323/3330/13 3321/3329/13 3318/3324/13
f 3323/3330/725 3324/3331/725 3322/3328/725 3321/3329/725
f 3322/3328/78 3325/3332/78 3179/2954/78 3162/2971/78
f 3326/3333/13 3323/3330/13 3300/3307/13 3303/3310/13
f 3327/3334/726 3324/3331/726 3323/3330/726 3326/3333/726
f 3324/3331/727 3327/3334/727 3325/3332/727 3322/3328/727
f 3306/3313/10 3328/3335/10 3326/3333/10 3303/3310/10
f 3328/3335/728 3329/3336/728 3327/3334/728 3326/3333/728
f 3309/3316/10 3330/3337/10 3328/3335/10 3306/3313/10
f 3325/3332/78 3331/3276/78 3189/2955/78 3179/2954/78
f 3327/3334/78 3332/3275/78 3331/3276/78 3325/3332/78
f 3334/3274/729 3329/3336/729 3328/3335/729 3333/3338/729
f 3329/3336/730 3334/3274/730 3332/3275/730 3327/3334/730
f 3335/3339/10 3330/3337/10 3309/3316/10 3312/3319/10
f 3330/3337/10 3335/3339/10 3333/3338/10 3328/3335/10
f 2679/3034/731 2678/3301/731 2673/3046/731 2674/3042/731
f 2678/3301/28 2677/3302/28 2672/3049/28 2673/3046/28
f 2677/3302/28 2676/3303/28 2671/3052/28 2672/3049/28
f 3335/3339/732 3336/3271/732 3334/3274/732 3333/3338/732
f 3315/3273/733 3337/3272/733 3335/3339/733 3312/3319/733
f 3337/3272/734 3338/3270/734 3336/3271/734 3335/3339/734
f 3339/3340/45 3064/2867/45 2964/2473/45 3201/2928/45
f 3340/3341/45 3065/2868/45 3064/2867/45 3339/3340/45
f 2676/3303/28 2675/3038/28 2670/3044/28 2671/3052/28
f 1171/1707/40 2669/3342/40 2664/3343/40 2665/3281/40
f 2669/3342/40 2668/3344/40 2663/3345/40 2664/3343/40
f 3341/3346/45 3066/2869/45 3065/2868/45 3340/3341/45
f 3342/3347/45 3067/2870/45 3066/2869/45 3341/3346/45
f 3343/3348/45 3068/2871/45 3067/2870/45 3342/3347/45
f 3344/3349/45 3069/2872/45 3068/2871/45 3343/3348/45
f 3345/3350/45 3070/2873/45 3069/2872/45 3344/3349/45
f 2668/3344/40 2667/3351/40 2662/3352/40 2663/3345/40
f 2667/3351/40 2666/3282/40 2661/3284/40 2662/3352/40
f 2665/3281/40 2664/3343/40 2659/3290/40 2660/3286/40
f 1815/2248/45 1186/1943/45 3070/2873/45 3345/3350/45
f 3346/3353/45 3339/3340/45 3201/2928/45 3213/2882/45
f 3347/3354/45 3340/3341/45 3339/3340/45 3346/3353/45
f 3348/3355/45 3341/3346/45 3340/3341/45 3347/3354/45
f 3349/3356/45 3342/3347/45 3341/3346/45 3348/3355/45
f 2664/3343/40 2663/3345/40 2658/3295/40 2659/3290/40
f 2663/3345/40 2662/3352/40 2657/3298/40 2658/3295/40
f 2662/3352/40 2661/3284/40 2656/3288/40 2657/3298/40
f 1168/1739/735 1170/1738/735 2655/3357/735 2645/3358/735
f 1170/1738/40 1169/1740/40 2654/3359/40 2655/3357/40
f 1169/1740/40 1159/1741/40 2559/3360/40 2654/3359/40
f 2645/3358/736 2655/3357/736 2653/3361/736 2644/3362/736
f 1208/1810/737 1207/1811/737 1165/1816/737 2593/3363/737
f 1209/1809/738 1208/1810/738 2593/3363/738 2594/3364/738
f 1199/1706/739 1209/1809/739 2594/3364/739 1160/1708/739
f 2655/3357/740 2654/3359/740 2652/3365/740 2653/3361/740
f 2654/3359/741 2559/3360/741 2556/3366/741 2652/3365/741
f 2644/3362/78 2653/3361/78 2651/2795/78 2643/3367/78
f 2653/3361/742 2652/3365/742 2650/2793/742 2651/2795/742
f 2652/3365/28 2556/3366/28 2553/2704/28 2650/2793/28
f 2643/3367/78 2651/2795/78 2649/2791/78 2642/3368/78
f 2642/3368/78 2649/2791/78 2648/2786/78 2641/3369/78
f 2641/3369/78 2648/2786/78 2647/2784/78 2640/3370/78
f 2640/3370/78 2647/2784/78 2646/2782/78 2639/3371/78
f 2639/3371/78 2646/2782/78 2510/2693/78 2489/3372/78
f 1167/1749/78 1168/1739/78 2645/3358/78 2638/3373/78
f 2638/3373/78 2645/3358/78 2644/3362/78 2637/3374/78
f 2637/3374/78 2644/3362/78 2643/3367/78 2636/3375/78
f 2636/3375/78 2643/3367/78 2642/3368/78 2635/3376/78
f 2635/3376/78 2642/3368/78 2641/3369/78 2634/3377/78
f 2634/3377/78 2641/3369/78 2640/3370/78 2627/3378/78
f 2627/3378/743 2640/3370/743 2639/3371/743 2620/3379/743
f 2620/3379/744 2639/3371/744 2489/3372/744 2474/3380/744
f 1166/1768/78 1167/1749/78 2638/3373/78 2619/3381/78
f 2619/3381/78 2638/3373/78 2637/3374/78 2618/3382/78
f 2618/3382/78 2637/3374/78 2636/3375/78 2617/3383/78
f 2617/3383/78 2636/3375/78 2635/3376/78 2610/3384/78
f 2610/3384/78 2635/3376/78 2634/3377/78 2603/3385/78
f 2603/3385/78 2634/3377/78 2627/3378/78 2596/3386/78
f 2602/3021/745 2633/3387/745 2626/3008/745 2595/3007/745
f 2633/3387/746 2602/3021/746 2601/3388/746 2632/3389/746
f 2633/3387/26 2632/3389/26 2625/3390/26 2626/3008/26
f 2632/3389/747 2601/3388/747 2600/3391/747 2631/3392/747
f 2632/3389/26 2631/3392/26 2624/3393/26 2625/3390/26
f 2631/3392/748 2600/3391/748 2599/3394/748 2630/3395/748
f 2631/3392/26 2630/3395/26 2623/3396/26 2624/3393/26
f 2630/3395/748 2599/3394/748 2598/3397/748 2629/3398/748
f 2630/3395/26 2629/3398/26 2622/3399/26 2623/3396/26
f 2629/3398/749 2598/3397/749 2597/3400/749 2628/3401/749
f 2629/3398/26 2628/3401/26 2621/3402/26 2622/3399/26
f 2628/3401/750 2597/3400/750 2596/3386/750 2627/3378/750
f 2628/3401/751 2627/3378/751 2620/3379/751 2621/3402/751
f 2626/3008/26 2625/3390/26 2479/3403/26 2480/3009/26
f 2625/3390/26 2624/3393/26 2478/3404/26 2479/3403/26
f 2624/3393/26 2623/3396/26 2477/3405/26 2478/3404/26
f 2623/3396/26 2622/3399/26 2476/3406/26 2477/3405/26
f 2622/3399/26 2621/3402/26 2475/3407/26 2476/3406/26
f 2621/3402/26 2620/3379/26 2474/3380/26 2475/3407/26
f 1161/1791/78 1166/1768/78 2619/3381/78 2586/3408/78
f 2586/3408/78 2619/3381/78 2618/3382/78 2579/3409/78
f 2579/3409/78 2618/3382/78 2617/3383/78 2572/3410/78
f 2572/3410/752 2617/3383/752 2610/3384/752 2565/3411/752
f 2571/3041/28 2616/3412/28 2609/3413/28 2564/3045/28
f 2616/3412/28 2571/3041/28 2570/3414/28 2615/3415/28
f 2616/3412/28 2615/3415/28 2608/3416/28 2609/3413/28
f 2615/3415/28 2570/3414/28 2569/3417/28 2614/3418/28
f 2615/3415/28 2614/3418/28 2607/3419/28 2608/3416/28
f 2614/3418/28 2569/3417/28 2568/3420/28 2613/3421/28
f 2614/3418/28 2613/3421/28 2606/3422/28 2607/3419/28
f 2613/3421/28 2568/3420/28 2567/3423/28 2612/3424/28
f 2613/3421/28 2612/3424/28 2605/3425/28 2606/3422/28
f 2612/3424/28 2567/3423/28 2566/3426/28 2611/3427/28
f 2612/3424/28 2611/3427/28 2604/3428/28 2605/3425/28
f 2611/3427/753 2566/3426/753 2565/3411/753 2610/3384/753
f 2611/3427/754 2610/3384/754 2603/3385/754 2604/3428/754
f 2564/3045/28 2609/3413/28 2602/3021/28 2563/3020/28
f 2609/3413/28 2608/3416/28 2601/3388/28 2602/3021/28
f 2608/3416/28 2607/3419/28 2600/3391/28 2601/3388/28
f 2607/3419/28 2606/3422/28 2599/3394/28 2600/3391/28
f 2606/3422/28 2605/3425/28 2598/3397/28 2599/3394/28
f 2605/3425/28 2604/3428/28 2597/3400/28 2598/3397/28
f 2604/3428/755 2603/3385/755 2596/3386/755 2597/3400/755
f 1160/1708/40 2594/3364/40 2592/3429/40 2562/3285/40
f 2594/3364/40 2593/3363/40 2591/3430/40 2592/3429/40
f 2593/3363/40 1165/1816/40 2590/3431/40 2591/3430/40
f 1165/1816/40 1164/1815/40 2589/3432/40 2590/3431/40
f 1164/1815/40 1163/1817/40 2588/3433/40 2589/3432/40
f 1163/1817/40 1162/1818/40 2587/3434/40 2588/3433/40
f 1162/1818/756 1161/1791/756 2586/3408/756 2587/3434/756
f 2562/3285/40 2592/3429/40 2585/3435/40 2561/3289/40
f 2592/3429/40 2591/3430/40 2584/3436/40 2585/3435/40
f 2591/3430/40 2590/3431/40 2583/3437/40 2584/3436/40
f 2590/3431/40 2589/3432/40 2582/3438/40 2583/3437/40
f 2589/3432/40 2588/3433/40 2581/3439/40 2582/3438/40
f 2588/3433/40 2587/3434/40 2580/3440/40 2581/3439/40
f 2587/3434/757 2586/3408/757 2579/3409/757 2580/3440/757
f 2561/3289/758 2585/3435/758 2578/3040/758 2560/3039/758
f 2585/3435/759 2584/3436/759 2577/3441/759 2578/3040/759
f 2584/3436/760 2583/3437/760 2576/3442/760 2577/3441/760
f 2583/3437/761 2582/3438/761 2575/3443/761 2576/3442/761
f 2582/3438/762 2581/3439/762 2574/3444/762 2575/3443/762
f 2581/3439/763 2580/3440/763 2573/3445/763 2574/3444/763
f 2580/3440/764 2579/3409/764 2572/3410/764 2573/3445/764
f 2578/3040/28 2577/3441/28 2570/3414/28 2571/3041/28
f 2577/3441/28 2576/3442/28 2569/3417/28 2570/3414/28
f 2576/3442/28 2575/3443/28 2568/3420/28 2569/3417/28
f 2575/3443/28 2574/3444/28 2567/3423/28 2568/3420/28
f 2574/3444/28 2573/3445/28 2566/3426/28 2567/3423/28
f 2573/3445/765 2572/3410/765 2565/3411/765 2566/3426/765
f 1159/1741/40 1158/1827/40 2558/3446/40 2559/3360/40
f 1158/1827/40 1157/1828/40 2557/3447/40 2558/3446/40
f 1307/1715/766 1306/1705/766 2666/3282/766 2667/3351/766
f 1308/1714/767 1307/1715/767 2667/3351/767 2668/3344/767
f 1309/1713/737 1308/1714/737 2668/3344/737 2669/3342/737
f 1310/1703/768 1309/1713/768 2669/3342/768 1171/1707/768
f 1157/1828/40 68/92/40 63/1035/40 2557/3447/40
f 3171/2959/769 3172/2969/769 3165/2978/769 3164/3448/769
f 3160/2973/78 3171/2959/78 3164/3448/78 3153/3449/78
f 3159/3450/20 3170/2897/20 3163/2892/20 3152/2762/20
f 3170/2897/20 3159/3450/20 3158/3451/20 3169/2974/20
f 3169/2974/20 3158/3451/20 3157/3452/20 3168/2975/20
f 2559/3360/770 2558/3446/770 2555/3453/770 2556/3366/770
f 2558/3446/771 2557/3447/771 2554/3454/771 2555/3453/771
f 2557/3447/41 63/1035/41 58/1041/41 2554/3454/41
f 1306/1705/772 1321/1704/772 1172/1709/772 2666/3282/772
f 3168/2975/20 3157/3452/20 3156/3455/20 3167/2976/20
f 3167/2976/20 3156/3455/20 3155/3456/20 3166/2977/20
f 3166/2977/20 3155/3456/20 3154/3457/20 3165/2978/20
f 3165/2978/773 3154/3457/773 3153/3449/773 3164/3448/773
f 3151/3326/78 3162/2971/78 3161/2972/78 3150/3458/78
f 2556/3366/28 2555/3453/28 2552/2701/28 2553/2704/28
f 2555/3453/28 2554/3454/28 2551/2698/28 2552/2701/28
f 2554/3454/28 58/1041/28 53/753/28 2551/2698/28
f 3150/3458/78 3161/2972/78 3160/2973/78 3149/3459/78
f 3149/3459/78 3160/2973/78 3153/3449/78 3142/3460/78
f 3148/3461/20 3159/3450/20 3152/2762/20 3141/2746/20
f 3159/3450/20 3148/3461/20 3147/3462/20 3158/3451/20
f 3158/3451/20 3147/3462/20 3146/3463/20 3157/3452/20
f 3157/3452/20 3146/3463/20 3145/3464/20 3156/3455/20
f 3156/3455/20 3145/3464/20 3144/3465/20 3155/3456/20
f 3155/3456/20 3144/3465/20 3143/3466/20 3154/3457/20
f 3154/3457/774 3143/3466/774 3142/3460/774 3153/3449/774
f 3134/3323/78 3151/3326/78 3150/3458/78 3132/3467/78
f 3132/3467/78 3150/3458/78 3149/3459/78 3131/3468/78
f 3131/3468/78 3149/3459/78 3142/3460/78 3130/3469/78
f 3147/3462/20 3148/3461/20 3141/2746/20 3140/3470/20
f 3146/3463/20 3147/3462/20 3140/3470/20 3139/3471/20
f 3145/3464/20 3146/3463/20 3139/3471/20 3138/3472/20
f 3144/3465/20 3145/3464/20 3138/3472/20 3137/3473/20
f 3143/3466/20 3144/3465/20 3137/3473/20 3136/3474/20
f 3142/3460/775 3143/3466/775 3136/3474/775 3135/3475/775
f 3130/3469/776 3142/3460/776 3135/3475/776 3123/3476/776
f 3141/2746/20 3129/2745/20 3128/3477/20 3140/3470/20
f 3140/3470/20 3128/3477/20 3127/3478/20 3139/3471/20
f 3139/3471/20 3127/3478/20 3126/3479/20 3138/3472/20
f 3138/3472/20 3126/3479/20 3125/3480/20 3137/3473/20
f 3137/3473/20 3125/3480/20 3124/3481/20 3136/3474/20
f 3136/3474/777 3124/3481/777 3123/3476/777 3135/3475/777
f 3121/3482/78 3134/3323/78 3132/3467/78 3119/3483/78
f 3134/3323/778 3121/3482/778 3120/3484/778 3133/3321/778
f 3133/3321/20 3120/3484/20 3079/3485/20 3082/2937/20
f 3119/3483/78 3132/3467/78 3131/3468/78 3118/3486/78
f 3118/3486/78 3131/3468/78 3130/3469/78 3117/3487/78
f 3117/3487/78 3130/3469/78 3123/3476/78 3110/3488/78
f 3116/3489/779 3129/2745/779 3122/2876/779 3109/2881/779
f 3129/2745/780 3116/3489/780 3115/3490/780 3128/3477/780
f 3128/3477/781 3115/3490/781 3114/3491/781 3127/3478/781
f 3127/3478/782 3114/3491/782 3113/3492/782 3126/3479/782
f 3126/3479/783 3113/3492/783 3112/3493/783 3125/3480/783
f 3125/3480/784 3112/3493/784 3111/3494/784 3124/3481/784
f 3124/3481/785 3111/3494/785 3110/3488/785 3123/3476/785
f 3108/3495/786 3121/3482/786 3119/3483/786 3106/3496/786
f 3121/3482/787 3108/3495/787 3107/3497/787 3120/3484/787
f 3120/3484/788 3107/3497/788 3076/3498/788 3079/3485/788
f 3106/3496/78 3119/3483/78 3118/3486/78 3105/3499/78
f 3105/3499/78 3118/3486/78 3117/3487/78 3104/3500/78
f 3104/3500/78 3117/3487/78 3110/3488/78 3097/3501/78
f 3103/3502/43 3116/3489/43 3109/2881/43 3096/2908/43
f 3116/3489/43 3103/3502/43 3102/3503/43 3115/3490/43
f 3115/3490/43 3102/3503/43 3101/3504/43 3114/3491/43
f 3114/3491/43 3101/3504/43 3100/3505/43 3113/3492/43
f 3113/3492/43 3100/3505/43 3099/3506/43 3112/3493/43
f 3112/3493/43 3099/3506/43 3098/3507/43 3111/3494/43
f 3111/3494/789 3098/3507/789 3097/3501/789 3110/3488/789
f 3095/3508/790 3108/3495/790 3106/3496/790 3093/3509/790
f 3108/3495/43 3095/3508/43 3094/3510/43 3107/3497/43
f 3107/3497/43 3094/3510/43 3073/3511/43 3076/3498/43
f 3093/3509/78 3106/3496/78 3105/3499/78 3092/3512/78
f 3092/3512/78 3105/3499/78 3104/3500/78 3091/3513/78
f 3091/3513/78 3104/3500/78 3097/3501/78 3084/3514/78
f 3090/3515/43 3103/3502/43 3096/2908/43 3083/2945/43
f 3103/3502/43 3090/3515/43 3089/3516/43 3102/3503/43
f 3102/3503/43 3089/3516/43 3088/3517/43 3101/3504/43
f 3101/3504/43 3088/3517/43 3087/3518/43 3100/3505/43
f 3100/3505/43 3087/3518/43 3086/3519/43 3099/3506/43
f 3099/3506/43 3086/3519/43 3085/3520/43 3098/3507/43
f 3098/3507/791 3085/3520/791 3084/3514/791 3097/3501/791
f 2865/2594/792 3095/3508/792 3093/3509/792 2863/2595/792
f 3095/3508/793 2865/2594/793 2864/2598/793 3094/3510/793
f 3094/3510/794 2864/2598/794 2758/2600/794 3073/3511/794
f 2863/2595/78 3093/3509/78 3092/3512/78 2862/2601/78
f 2862/2601/78 3092/3512/78 3091/3513/78 2861/2603/78
f 2861/2603/78 3091/3513/78 3084/3514/78 2854/2605/78
f 2860/2608/795 3090/3515/795 3083/2945/795 2853/2492/795
f 3090/3515/796 2860/2608/796 2859/2610/796 3089/3516/796
f 3089/3516/592 2859/2610/592 2858/2612/592 3088/3517/592
f 3088/3517/44 2858/2612/44 2857/2614/44 3087/3518/44
f 3087/3518/797 2857/2614/797 2856/2616/797 3086/3519/797
f 3086/3519/798 2856/2616/798 2855/2618/798 3085/3520/798
f 3085/3520/799 2855/2618/799 2854/2605/799 3084/3514/799
f 3082/2937/20 3079/3485/20 3078/3521/20 3081/2935/20
f 3081/2935/20 3078/3521/20 3077/3522/20 3080/2933/20
f 3080/2933/20 3077/3522/20 641/1102/20 646/500/20
f 3350/3523/45 3343/3348/45 3342/3347/45 3349/3356/45
f 3351/3524/45 3344/3349/45 3343/3348/45 3350/3523/45
f 3352/3525/45 3345/3350/45 3344/3349/45 3351/3524/45
f 1816/2262/45 1815/2248/45 3345/3350/45 3352/3525/45
f 3353/3526/45 3346/3353/45 3213/2882/45 3228/2729/45
f 3354/3527/45 3347/3354/45 3346/3353/45 3353/3526/45
f 3355/3528/45 3348/3355/45 3347/3354/45 3354/3527/45
f 3356/3529/45 3349/3356/45 3348/3355/45 3355/3528/45
f 3357/3530/45 3350/3523/45 3349/3356/45 3356/3529/45
f 3358/3531/45 3351/3524/45 3350/3523/45 3357/3530/45
f 3359/3532/45 3352/3525/45 3351/3524/45 3358/3531/45
f 1817/2273/45 1816/2262/45 3352/3525/45 3359/3532/45
f 3360/3533/45 3353/3526/45 3228/2729/45 3239/2728/45
f 3361/3534/45 3354/3527/45 3353/3526/45 3360/3533/45
f 3362/3535/45 3355/3528/45 3354/3527/45 3361/3534/45
f 3363/3536/45 3356/3529/45 3355/3528/45 3362/3535/45
f 3364/3537/45 3357/3530/45 3356/3529/45 3363/3536/45
f 3365/3538/45 3358/3531/45 3357/3530/45 3364/3537/45
f 3366/3539/45 3359/3532/45 3358/3531/45 3365/3538/45
f 1818/2286/45 1817/2273/45 3359/3532/45 3366/3539/45
f 3367/3540/45 3360/3533/45 3239/2728/45 3250/2755/45
f 3368/3541/45 3361/3534/45 3360/3533/45 3367/3540/45
f 3369/3542/45 3362/3535/45 3361/3534/45 3368/3541/45
f 3370/3543/45 3363/3536/45 3362/3535/45 3369/3542/45
f 3371/3544/45 3364/3537/45 3363/3536/45 3370/3543/45
f 3079/3485/800 3076/3498/800 3075/3545/800 3078/3521/800
f 3078/3521/801 3075/3545/801 3074/3546/801 3077/3522/801
f 3077/3522/42 3074/3546/42 636/1109/42 641/1102/42
f 3076/3498/43 3073/3511/43 3072/3547/43 3075/3545/43
f 3075/3545/43 3072/3547/43 3071/3548/43 3074/3546/43
f 3074/3546/43 3071/3548/43 631/1117/43 636/1109/43
f 3073/3511/802 2758/2600/802 2757/2717/802 3072/3547/802
f 3072/3547/44 2757/2717/44 2756/2719/44 3071/3548/44
f 3071/3548/44 2756/2719/44 136/953/44 631/1117/44
f 2259/1515/803 2260/1514/803 3573/3176/803 1835/1523/803
f 2260/1514/804 2261/1405/804 3574/3173/804 3573/3176/804
f 2550/2578/45 2538/2986/45 2537/3549/45 2549/2579/45
f 2549/2579/45 2537/3549/45 2535/3550/45 2548/2580/45
f 2548/2580/805 2535/3550/805 2534/3551/805 2547/3552/805
f 2548/2580/806 2547/3552/806 2542/2587/806 2543/2581/806
f 2547/3552/23 2534/3551/23 2533/3553/23 2546/3554/23
f 2547/3552/23 2546/3554/23 2541/2589/23 2542/2587/23
f 2546/3554/23 2533/3553/23 2532/3555/23 2545/3556/23
f 2546/3554/23 2545/3556/23 2540/2591/23 2541/2589/23
f 2545/3556/807 2532/3555/807 2531/3557/807 2544/2582/807
f 2545/3556/808 2544/2582/808 2539/2584/808 2540/2591/808
f 2544/2582/809 2531/3557/809 2481/3558/809 2502/2585/809
f 2538/2986/45 2530/2994/45 2525/3559/45 2537/3549/45
f 2537/3549/810 2525/3559/810 2520/3560/810 2535/3550/810
f 2521/3561/811 2536/3562/811 2531/3557/811 2516/3563/811
f 2536/3562/812 2521/3561/812 2473/3564/812 2488/3565/812
f 2536/3562/813 2488/3565/813 2481/3558/813 2531/3557/813
f 2535/3550/814 2520/3560/814 2519/3566/814 2534/3551/814
f 2534/3551/23 2519/3566/23 2518/3567/23 2533/3553/23
f 2533/3553/23 2518/3567/23 2517/3568/23 2532/3555/23
f 2532/3555/815 2517/3568/815 2516/3563/815 2531/3557/815
f 2530/2994/816 2515/3002/816 2514/3024/816 2529/3569/816
f 2530/2994/817 2529/3569/817 2524/3570/817 2525/3559/817
f 2529/3569/26 2514/3024/26 2513/3027/26 2528/3571/26
f 2529/3569/26 2528/3571/26 2523/3572/26 2524/3570/26
f 2528/3571/26 2513/3027/26 2512/3030/26 2527/3573/26
f 2528/3571/26 2527/3573/26 2522/3574/26 2523/3572/26
f 2527/3573/818 2512/3030/818 2511/3006/818 2526/3005/818
f 2527/3573/819 2526/3005/819 2521/3561/819 2522/3574/819
f 2526/3005/820 2480/3009/820 2473/3564/820 2521/3561/820
f 2525/3559/821 2524/3570/821 2519/3566/821 2520/3560/821
f 2524/3570/26 2523/3572/26 2518/3567/26 2519/3566/26
f 2523/3572/26 2522/3574/26 2517/3568/26 2518/3567/26
f 2522/3574/822 2521/3561/822 2516/3563/822 2517/3568/822
f 2489/3372/823 2510/2693/823 2503/2694/823 2482/3575/823
f 2488/3565/23 2509/3576/23 2502/2585/23 2481/3558/23
f 2509/3576/23 2488/3565/23 2487/3577/23 2508/3578/23
f 2509/3576/23 2508/3578/23 2501/2705/23 2502/2585/23
f 2508/3578/23 2487/3577/23 2486/3579/23 2507/3580/23
f 2508/3578/23 2507/3580/23 2500/2706/23 2501/2705/23
f 2507/3580/23 2486/3579/23 2485/3581/23 2506/3582/23
f 2507/3580/23 2506/3582/23 2499/2707/23 2500/2706/23
f 2506/3582/23 2485/3581/23 2484/3583/23 2505/3584/23
f 2506/3582/23 2505/3584/23 2498/2708/23 2499/2707/23
f 2505/3584/23 2484/3583/23 2483/3585/23 2504/3586/23
f 2505/3584/23 2504/3586/23 2497/2709/23 2498/2708/23
f 2504/3586/824 2483/3585/824 2482/3575/824 2503/2694/824
f 2504/3586/825 2503/2694/825 2496/2695/825 2497/2709/825
f 2480/3009/26 2495/3587/26 2488/3565/26 2473/3564/26
f 2495/3587/26 2480/3009/26 2479/3403/26 2494/3588/26
f 2495/3587/26 2494/3588/26 2487/3577/26 2488/3565/26
f 2494/3588/26 2479/3403/26 2478/3404/26 2493/3589/26
f 2494/3588/26 2493/3589/26 2486/3579/26 2487/3577/26
f 2493/3589/26 2478/3404/26 2477/3405/26 2492/3590/26
f 2493/3589/26 2492/3590/26 2485/3581/26 2486/3579/26
f 2492/3590/26 2477/3405/26 2476/3406/26 2491/3591/26
f 2492/3590/26 2491/3591/26 2484/3583/26 2485/3581/26
f 2491/3591/26 2476/3406/26 2475/3407/26 2490/3592/26
f 2491/3591/26 2490/3592/26 2483/3585/26 2484/3583/26
f 2490/3592/826 2475/3407/826 2474/3380/826 2489/3372/826
f 2490/3592/827 2489/3372/827 2482/3575/827 2483/3585/827
f 2261/1405/828 2292/1343/828 1836/1346/828 3574/3173/828
f 2356/1296/829 2380/1295/829 3665/3063/829 1842/1345/829
f 2380/1295/830 2381/1294/830 3666/3061/830 3665/3063/830
f 2381/1294/831 2382/1293/831 3667/3059/831 3666/3061/831
f 2382/1293/803 2383/1292/803 3668/3057/803 3667/3059/803
f 2383/1292/832 2384/1291/832 1844/1298/832 3668/3057/832
f 3372/3593/45 3365/3538/45 3364/3537/45 3371/3544/45
f 3373/3594/45 3366/3539/45 3365/3538/45 3372/3593/45
f 1819/2302/45 1818/2286/45 3366/3539/45 3373/3594/45
f 3374/3595/45 3367/3540/45 3250/2755/45 3264/2776/45
f 3375/3596/45 3368/3541/45 3367/3540/45 3374/3595/45
f 3376/3597/45 3369/3542/45 3368/3541/45 3375/3596/45
f 3377/3598/45 3370/3543/45 3369/3542/45 3376/3597/45
f 3378/3599/45 3371/3544/45 3370/3543/45 3377/3598/45
f 3379/3600/45 3372/3593/45 3371/3544/45 3378/3599/45
f 3380/3601/45 3373/3594/45 3372/3593/45 3379/3600/45
f 1820/2310/45 1819/2302/45 3373/3594/45 3380/3601/45
f 3381/3602/45 3374/3595/45 3264/2776/45 3274/2902/45
f 3382/3603/45 3375/3596/45 3374/3595/45 3381/3602/45
f 3383/3604/45 3376/3597/45 3375/3596/45 3382/3603/45
f 3384/3605/45 3377/3598/45 3376/3597/45 3383/3604/45
f 3385/3606/45 3378/3599/45 3377/3598/45 3384/3605/45
f 3386/3607/45 3379/3600/45 3378/3599/45 3385/3606/45
f 3387/3608/45 3380/3601/45 3379/3600/45 3386/3607/45
f 1821/2318/45 1820/2310/45 3380/3601/45 3387/3608/45
f 3388/3172/45 3381/3602/45 3274/2902/45 3288/2927/45
f 3389/3171/45 3382/3603/45 3381/3602/45 3388/3172/45
f 3390/3170/45 3383/3604/45 3382/3603/45 3389/3171/45
f 3472/3141/833 3467/3140/833 3466/3609/833 3471/3142/833
f 3471/3142/10 3466/3609/10 3465/3610/10 3470/3143/10
f 3470/3143/10 3465/3610/10 3464/3611/10 3469/3144/10
f 3469/3144/834 3464/3611/834 3463/3147/834 3468/3145/834
f 3467/3140/45 3452/3156/45 3451/3612/45 3462/3613/45
f 3466/3609/835 3467/3140/835 3462/3613/835 3461/3614/835
f 3465/3610/10 3466/3609/10 3461/3614/10 3460/3615/10
f 3464/3611/10 3465/3610/10 3460/3615/10 3459/3616/10
f 3463/3147/836 3464/3611/836 3459/3616/836 3458/3617/836
f 3432/3157/837 3463/3147/837 3458/3617/837 3425/3618/837
f 3462/3613/838 3451/3612/838 3449/3619/838 3457/3620/838
f 3461/3614/839 3462/3613/839 3457/3620/839 3456/3621/839
f 3460/3615/10 3461/3614/10 3456/3621/10 3455/3622/10
f 3459/3616/10 3460/3615/10 3455/3622/10 3454/3623/10
f 3458/3617/840 3459/3616/840 3454/3623/840 3453/3624/840
f 3450/3625/841 3458/3617/841 3453/3624/841 3445/3626/841
f 3458/3617/842 3450/3625/842 3417/3627/842 3425/3618/842
f 3457/3620/843 3449/3619/843 3448/3628/843 3456/3621/843
f 3456/3621/13 3448/3628/13 3447/3629/13 3455/3622/13
f 3455/3622/13 3447/3629/13 3446/3630/13 3454/3623/13
f 3454/3623/844 3446/3630/844 3445/3626/844 3453/3624/844
f 3452/3156/45 3444/3165/45 3443/3631/45 3451/3612/45
f 3451/3612/45 3443/3631/45 3442/3632/45 3449/3619/45
f 3417/3627/845 3450/3625/845 3445/3626/845 3410/3633/845
f 3449/3619/846 3442/3632/846 3441/3634/846 3448/3628/846
f 3448/3628/13 3441/3634/13 3440/3635/13 3447/3629/13
f 3447/3629/13 3440/3635/13 3439/3636/13 3446/3630/13
f 3446/3630/847 3439/3636/847 3438/3637/847 3445/3626/847
f 3445/3626/848 3438/3637/848 3401/3638/848 3410/3633/848
f 3444/3165/45 3288/2927/45 3287/2926/45 3443/3631/45
f 3443/3631/45 3287/2926/45 3286/2925/45 3442/3632/45
f 3442/3632/45 3286/2925/45 3284/2920/45 3437/3639/45
f 3441/3634/849 3442/3632/849 3437/3639/849 3436/3640/849
f 3440/3635/13 3441/3634/13 3436/3640/13 3435/3641/13
f 3439/3636/13 3440/3635/13 3435/3641/13 3434/3642/13
f 3438/3637/850 3439/3636/850 3434/3642/850 3433/3643/850
f 3285/2924/851 3438/3637/851 3433/3643/851 3280/2915/851
f 3438/3637/852 3285/2924/852 3187/2923/852 3401/3638/852
f 3437/3639/853 3284/2920/853 3283/2919/853 3436/3640/853
f 3436/3640/13 3283/2919/13 3282/2918/13 3435/3641/13
f 3435/3641/13 3282/2918/13 3281/2917/13 3434/3642/13
f 3434/3642/854 3281/2917/854 3280/2915/854 3433/3643/854
f 3424/3644/10 3432/3157/10 3425/3618/10 3417/3627/10
f 3432/3157/10 3424/3644/10 3423/3645/10 3431/3249/10
f 3431/3249/10 3423/3645/10 3422/3646/10 3430/3250/10
f 3430/3250/10 3422/3646/10 3421/3647/10 3429/3251/10
f 3429/3251/10 3421/3647/10 3420/3648/10 3428/3252/10
f 3428/3252/10 3420/3648/10 3419/3649/10 3427/3253/10
f 3427/3253/855 3419/3649/855 3418/3255/855 3426/3254/855
f 3423/3645/10 3424/3644/10 3417/3627/10 3416/3650/10
f 3422/3646/10 3423/3645/10 3416/3650/10 3415/3651/10
f 3421/3647/10 3422/3646/10 3415/3651/10 3414/3652/10
f 3420/3648/10 3421/3647/10 3414/3652/10 3413/3653/10
f 3419/3649/10 3420/3648/10 3413/3653/10 3412/3654/10
f 3418/3255/856 3419/3649/856 3412/3654/856 3411/3655/856
f 3409/3263/857 3418/3255/857 3411/3655/857 3402/3656/857
f 3408/3657/13 3417/3627/13 3410/3633/13 3401/3638/13
f 3417/3627/13 3408/3657/13 3407/3658/13 3416/3650/13
f 3416/3650/13 3407/3658/13 3406/3659/13 3415/3651/13
f 3415/3651/13 3406/3659/13 3405/3660/13 3414/3652/13
f 3414/3652/13 3405/3660/13 3404/3661/13 3413/3653/13
f 3413/3653/13 3404/3661/13 3403/3662/13 3412/3654/13
f 3412/3654/858 3403/3662/858 3402/3656/858 3411/3655/858
f 3189/2955/78 3409/3263/78 3402/3656/78 3188/2956/78
f 3407/3658/13 3408/3657/13 3401/3638/13 3400/3663/13
f 3406/3659/13 3407/3658/13 3400/3663/13 3399/3664/13
f 3405/3660/13 3406/3659/13 3399/3664/13 3398/3665/13
f 3404/3661/13 3405/3660/13 3398/3665/13 3397/3666/13
f 3403/3662/13 3404/3661/13 3397/3666/13 3396/3667/13
f 3402/3656/859 3403/3662/859 3396/3667/859 3395/3668/859
f 3188/2956/860 3402/3656/860 3395/3668/860 3181/2958/860
f 3401/3638/13 3187/2923/13 3186/2962/13 3400/3663/13
f 3400/3663/13 3186/2962/13 3185/2964/13 3399/3664/13
f 3399/3664/13 3185/2964/13 3184/2966/13 3398/3665/13
f 3398/3665/13 3184/2966/13 3183/2968/13 3397/3666/13
f 3397/3666/13 3183/2968/13 3182/2970/13 3396/3667/13
f 3396/3667/13 3182/2970/13 3181/2958/13 3395/3668/13
f 1822/1402/45 1821/2318/45 3387/3608/45 3394/3166/45
f 3394/3166/45 3387/3608/45 3386/3607/45 3393/3167/45
f 3393/3167/45 3386/3607/45 3385/3606/45 3392/3168/45
f 3392/3168/45 3385/3606/45 3384/3605/45 3391/3169/45
f 3391/3169/45 3384/3605/45 3383/3604/45 3390/3170/45
f 3674/3669/28 3673/3670/28 3669/3671/28 3670/3672/28
f 3675/3673/28 3674/3669/28 3670/3672/28 3671/3674/28
f 3676/3675/28 3675/3673/28 3671/3674/28 3672/3676/28
f 3678/3677/41 3677/3678/41 3673/3670/41 3674/3669/41
f 3679/3679/41 3678/3677/41 3674/3669/41 3675/3673/41
f 3680/3680/41 3679/3679/41 3675/3673/41 3676/3675/41
f 3682/3681/40 3681/3682/40 3677/3678/40 3678/3677/40
f 3683/3683/40 3682/3681/40 3678/3677/40 3679/3679/40
f 3684/3684/40 3683/3683/40 3679/3679/40 3680/3680/40
f 3693/3685/28 3676/3675/28 3672/3676/28 3685/3686/28
f 3694/3687/28 3693/3685/28 3685/3686/28 3686/3688/28
f 3695/3689/28 3694/3687/28 3686/3688/28 3687/3690/28
f 3696/3691/28 3695/3689/28 3687/3690/28 3688/3692/28
f 3697/3693/28 3696/3691/28 3688/3692/28 3689/3694/28
f 3698/3695/28 3697/3693/28 3689/3694/28 3690/3696/28
f 3699/3697/28 3698/3695/28 3690/3696/28 3691/3698/28
f 3700/3699/28 3699/3697/28 3691/3698/28 3692/3700/28
f 3701/3701/41 3680/3680/41 3676/3675/41 3693/3685/41
f 3702/3702/41 3701/3701/41 3693/3685/41 3694/3687/41
f 3703/3703/41 3702/3702/41 3694/3687/41 3695/3689/41
f 3704/3704/41 3703/3703/41 3695/3689/41 3696/3691/41
f 3705/3705/41 3704/3704/41 3696/3691/41 3697/3693/41
f 3706/3706/41 3705/3705/41 3697/3693/41 3698/3695/41
f 3707/3707/41 3706/3706/41 3698/3695/41 3699/3697/41
f 3708/3708/41 3707/3707/41 3699/3697/41 3700/3699/41
f 3709/3709/40 3684/3684/40 3680/3680/40 3701/3701/40
f 3710/3710/40 3709/3709/40 3701/3701/40 3702/3702/40
f 3711/3711/40 3710/3710/40 3702/3702/40 3703/3703/40
f 3712/3712/40 3711/3711/40 3703/3703/40 3704/3704/40
f 3713/3713/40 3712/3712/40 3704/3704/40 3705/3705/40
f 3714/3714/40 3713/3713/40 3705/3705/40 3706/3706/40
f 3715/3715/40 3714/3714/40 3706/3706/40 3707/3707/40
f 3716/3716/40 3715/3715/40 3707/3707/40 3708/3708/40
f 3721/3717/28 3700/3699/28 3692/3700/28 3717/3718/28
f 3722/3719/28 3721/3717/28 3717/3718/28 3718/3720/28
f 3723/3721/28 3722/3719/28 3718/3720/28 3719/3722/28
f 3724/3723/28 3723/3721/28 3719/3722/28 3720/3724/28
f 5/1072/28 3724/3723/28 3720/3724/28 1/883/28
f 3725/3725/41 3708/3708/41 3700/3699/41 3721/3717/41
f 3726/3726/41 3725/3725/41 3721/3717/41 3722/3719/41
f 3727/3727/41 3726/3726/41 3722/3719/41 3723/3721/41
f 3728/3728/41 3727/3727/41 3723/3721/41 3724/3723/41
f 9/1064/41 3728/3728/41 3724/3723/41 5/1072/41
f 3729/3729/40 3716/3716/40 3708/3708/40 3725/3725/40
f 3730/3730/40 3729/3729/40 3725/3725/40 3726/3726/40
f 3731/3731/40 3730/3730/40 3726/3726/40 3727/3727/40
f 3732/3732/40 3731/3731/40 3727/3727/40 3728/3728/40
f 13/330/40 3732/3732/40 3728/3728/40 9/1064/40
f 896/385/39 1101/1016/39 4756/3733/39 4624/3734/39
f 4756/3733/39 1101/1016/39 1097/1012/39 4752/3735/39
f 4624/3734/39 4756/3733/39 4755/3736/39 4623/3737/39
f 4755/3736/39 4756/3733/39 4752/3735/39 4751/3738/39
f 4623/3737/39 4755/3736/39 4754/3739/39 4622/3740/39
f 4754/3739/39 4755/3736/39 4751/3738/39 4750/3741/39
f 4622/3740/39 4754/3739/39 4753/3742/39 4621/3743/39
f 4753/3742/39 4754/3739/39 4750/3741/39 4749/3744/39
f 4621/3743/39 4753/3742/39 4740/3745/39 4584/3746/39
f 4740/3745/39 4753/3742/39 4749/3744/39 4732/3747/39
f 4752/3735/38 1097/1012/38 1093/1008/38 4748/3748/38
f 4751/3738/38 4752/3735/38 4748/3748/38 4747/3749/38
f 4750/3741/38 4751/3738/38 4747/3749/38 4746/3750/38
f 4749/3744/38 4750/3741/38 4746/3750/38 4745/3751/38
f 4732/3747/38 4749/3744/38 4745/3751/38 4724/3752/38
f 4748/3748/37 1093/1008/37 1089/1004/37 4744/3753/37
f 4747/3749/37 4748/3748/37 4744/3753/37 4743/3754/37
f 4746/3750/37 4747/3749/37 4743/3754/37 4742/3755/37
f 4745/3751/37 4746/3750/37 4742/3755/37 4741/3756/37
f 4724/3752/37 4745/3751/37 4741/3756/37 4716/3757/37
f 4744/3753/36 1089/1004/36 812/17/36 4484/3758/36
f 4743/3754/36 4744/3753/36 4484/3758/36 4483/3759/36
f 4742/3755/36 4743/3754/36 4483/3759/36 4482/3760/36
f 4741/3756/36 4742/3755/36 4482/3760/36 4481/3761/36
f 4716/3757/36 4741/3756/36 4481/3761/36 4468/3762/36
f 4584/3746/39 4740/3745/39 4739/3763/39 4583/3764/39
f 4739/3763/39 4740/3745/39 4732/3747/39 4731/3765/39
f 4583/3764/39 4739/3763/39 4738/3766/39 4582/3767/39
f 4738/3766/39 4739/3763/39 4731/3765/39 4730/3768/39
f 4582/3767/39 4738/3766/39 4737/3769/39 4581/3770/39
f 4737/3769/39 4738/3766/39 4730/3768/39 4729/3771/39
f 4581/3770/39 4737/3769/39 4736/3772/39 4580/3773/39
f 4736/3772/39 4737/3769/39 4729/3771/39 4728/3774/39
f 4580/3773/39 4736/3772/39 4735/3775/39 4579/3776/39
f 4735/3775/39 4736/3772/39 4728/3774/39 4727/3777/39
f 4579/3776/39 4735/3775/39 4734/3778/39 4578/3779/39
f 4734/3778/39 4735/3775/39 4727/3777/39 4726/3780/39
f 4578/3779/39 4734/3778/39 4733/3781/39 4577/3782/39
f 4733/3781/39 4734/3778/39 4726/3780/39 4725/3783/39
f 4577/3782/39 4733/3781/39 4708/3784/39 4516/3785/39
f 4708/3784/39 4733/3781/39 4725/3783/39 4704/3786/39
f 4731/3765/38 4732/3747/38 4724/3752/38 4723/3787/38
f 4730/3768/38 4731/3765/38 4723/3787/38 4722/3788/38
f 4729/3771/38 4730/3768/38 4722/3788/38 4721/3789/38
f 4728/3774/38 4729/3771/38 4721/3789/38 4720/3790/38
f 4727/3777/38 4728/3774/38 4720/3790/38 4719/3791/38
f 4726/3780/38 4727/3777/38 4719/3791/38 4718/3792/38
f 4725/3783/38 4726/3780/38 4718/3792/38 4717/3793/38
f 4704/3786/38 4725/3783/38 4717/3793/38 4700/3794/38
f 4723/3787/37 4724/3752/37 4716/3757/37 4715/3795/37
f 4722/3788/37 4723/3787/37 4715/3795/37 4714/3796/37
f 4721/3789/37 4722/3788/37 4714/3796/37 4713/3797/37
f 4214/3798/44 3746/3799/44 3745/3800/44 4213/3801/44
f 4215/3802/44 3747/3803/44 3746/3799/44 4214/3798/44
f 4216/3804/44 3748/3805/44 3747/3803/44 4215/3802/44
f 4720/3790/37 4721/3789/37 4713/3797/37 4712/3806/37
f 4719/3791/37 4720/3790/37 4712/3806/37 4711/3807/37
f 4718/3792/37 4719/3791/37 4711/3807/37 4710/3808/37
f 4717/3793/37 4718/3792/37 4710/3808/37 4709/3809/37
f 4700/3794/37 4717/3793/37 4709/3809/37 4696/3810/37
f 4218/3811/43 4214/3798/43 4213/3801/43 4217/3812/43
f 4219/3813/43 4215/3802/43 4214/3798/43 4218/3811/43
f 4220/3814/43 4216/3804/43 4215/3802/43 4219/3813/43
f 4715/3795/36 4716/3757/36 4468/3762/36 4467/3815/36
f 4714/3796/36 4715/3795/36 4467/3815/36 4466/3816/36
f 4713/3797/36 4714/3796/36 4466/3816/36 4465/3817/36
f 4712/3806/36 4713/3797/36 4465/3817/36 4464/3818/36
f 4711/3807/36 4712/3806/36 4464/3818/36 4463/3819/36
f 4222/3820/42 4218/3811/42 4217/3812/42 4221/3821/42
f 4223/3822/42 4219/3813/42 4218/3811/42 4222/3820/42
f 4224/3823/42 4220/3814/42 4219/3813/42 4223/3822/42
f 4710/3808/36 4711/3807/36 4463/3819/36 4462/3824/36
f 4709/3809/36 4710/3808/36 4462/3824/36 4461/3825/36
f 4696/3810/36 4709/3809/36 4461/3825/36 4436/3826/36
f 4516/3785/39 4708/3784/39 4707/3827/39 4515/3828/39
f 4707/3827/39 4708/3784/39 4704/3786/39 4703/3829/39
f 4226/3830/20 4222/3820/20 4221/3821/20 4225/3831/20
f 4227/3832/20 4223/3822/20 4222/3820/20 4226/3830/20
f 4228/3833/20 4224/3823/20 4223/3822/20 4227/3832/20
f 4229/3834/44 3773/3835/44 3748/3805/44 4216/3804/44
f 4230/3836/44 3774/3837/44 3773/3835/44 4229/3834/44
f 4231/3838/44 3775/3839/44 3774/3837/44 4230/3836/44
f 4232/3840/44 3776/3841/44 3775/3839/44 4231/3838/44
f 4233/3842/44 3777/3843/44 3776/3841/44 4232/3840/44
f 4234/3844/44 3778/3845/44 3777/3843/44 4233/3842/44
f 4235/3846/44 3779/3847/44 3778/3845/44 4234/3844/44
f 4236/3848/44 3780/3849/44 3779/3847/44 4235/3846/44
f 4237/3850/43 4229/3834/43 4216/3804/43 4220/3814/43
f 4238/3851/43 4230/3836/43 4229/3834/43 4237/3850/43
f 4239/3852/43 4231/3838/43 4230/3836/43 4238/3851/43
f 4240/3853/43 4232/3840/43 4231/3838/43 4239/3852/43
f 4241/3854/43 4233/3842/43 4232/3840/43 4240/3853/43
f 4242/3855/43 4234/3844/43 4233/3842/43 4241/3854/43
f 4243/3856/43 4235/3846/43 4234/3844/43 4242/3855/43
f 4244/3857/43 4236/3848/43 4235/3846/43 4243/3856/43
f 4245/3858/42 4237/3850/42 4220/3814/42 4224/3823/42
f 4246/3859/42 4238/3851/42 4237/3850/42 4245/3858/42
f 4247/3860/42 4239/3852/42 4238/3851/42 4246/3859/42
f 4248/3861/42 4240/3853/42 4239/3852/42 4247/3860/42
f 4249/3862/42 4241/3854/42 4240/3853/42 4248/3861/42
f 4250/3863/42 4242/3855/42 4241/3854/42 4249/3862/42
f 4251/3864/42 4243/3856/42 4242/3855/42 4250/3863/42
f 4252/3865/42 4244/3857/42 4243/3856/42 4251/3864/42
f 4253/3866/20 4245/3858/20 4224/3823/20 4228/3833/20
f 4254/3867/20 4246/3859/20 4245/3858/20 4253/3866/20
f 4255/3868/20 4247/3860/20 4246/3859/20 4254/3867/20
f 4256/3869/20 4248/3861/20 4247/3860/20 4255/3868/20
f 4257/3870/20 4249/3862/20 4248/3861/20 4256/3869/20
f 4258/3871/20 4250/3863/20 4249/3862/20 4257/3870/20
f 4259/3872/20 4251/3864/20 4250/3863/20 4258/3871/20
f 4260/3873/20 4252/3865/20 4251/3864/20 4259/3872/20
f 4261/3874/44 3793/3875/44 3780/3849/44 4236/3848/44
f 4262/3876/44 3794/3877/44 3793/3875/44 4261/3874/44
f 4263/3878/44 3795/3879/44 3794/3877/44 4262/3876/44
f 4264/3880/44 3796/3881/44 3795/3879/44 4263/3878/44
f 579/1156/44 81/1000/44 3796/3881/44 4264/3880/44
f 4515/3828/39 4707/3827/39 4706/3882/39 4514/3883/39
f 4706/3882/39 4707/3827/39 4703/3829/39 4702/3884/39
f 4514/3883/39 4706/3882/39 4705/3885/39 4513/3886/39
f 4265/3887/43 4261/3874/43 4236/3848/43 4244/3857/43
f 4266/3888/43 4262/3876/43 4261/3874/43 4265/3887/43
f 4267/3889/43 4263/3878/43 4262/3876/43 4266/3888/43
f 4268/3890/43 4264/3880/43 4263/3878/43 4267/3889/43
f 583/1153/43 579/1156/43 4264/3880/43 4268/3890/43
f 4705/3885/39 4706/3882/39 4702/3884/39 4701/3891/39
f 4703/3829/38 4704/3786/38 4700/3794/38 4699/3892/38
f 4702/3884/38 4703/3829/38 4699/3892/38 4698/3893/38
f 4269/3894/42 4265/3887/42 4244/3857/42 4252/3865/42
f 4270/3895/42 4266/3888/42 4265/3887/42 4269/3894/42
f 4271/3896/42 4267/3889/42 4266/3888/42 4270/3895/42
f 4272/3897/42 4268/3890/42 4267/3889/42 4271/3896/42
f 587/1150/42 583/1153/42 4268/3890/42 4272/3897/42
f 4701/3891/38 4702/3884/38 4698/3893/38 4697/3898/38
f 4699/3892/37 4700/3794/37 4696/3810/37 4695/3899/37
f 4698/3893/37 4699/3892/37 4695/3899/37 4694/3900/37
f 4273/3901/20 4269/3894/20 4252/3865/20 4260/3873/20
f 4274/3902/20 4270/3895/20 4269/3894/20 4273/3901/20
f 4275/3903/20 4271/3896/20 4270/3895/20 4274/3902/20
f 4276/3904/20 4272/3897/20 4271/3896/20 4275/3903/20
f 591/604/20 587/1150/20 4272/3897/20 4276/3904/20
f 4697/3898/37 4698/3893/37 4694/3900/37 4693/3905/37
f 4695/3899/36 4696/3810/36 4436/3826/36 4435/3906/36
f 4694/3900/36 4695/3899/36 4435/3906/36 4434/3907/36
f 4693/3905/36 4694/3900/36 4434/3907/36 4433/3908/36
f 3738/3909/22 3734/3910/22 3733/3911/22 3737/3912/22
f 3739/3913/22 3735/3914/22 3734/3910/22 3738/3909/22
f 3740/3915/22 3736/3916/22 3735/3914/22 3739/3913/22
f 3742/3917/35 3738/3909/35 3737/3912/35 3741/3918/35
f 3743/3919/35 3739/3913/35 3738/3909/35 3742/3917/35
f 3744/3920/35 3740/3915/35 3739/3913/35 3743/3919/35
f 3746/3799/34 3742/3917/34 3741/3918/34 3745/3800/34
f 3747/3803/34 3743/3919/34 3742/3917/34 3746/3799/34
f 3748/3805/34 3744/3920/34 3743/3919/34 3747/3803/34
f 3757/3921/22 3749/3922/22 3736/3916/22 3740/3915/22
f 3758/3923/22 3750/3924/22 3749/3922/22 3757/3921/22
f 3759/3925/22 3751/3926/22 3750/3924/22 3758/3923/22
f 3760/3927/22 3752/3928/22 3751/3926/22 3759/3925/22
f 3761/3929/22 3753/3930/22 3752/3928/22 3760/3927/22
f 3762/3931/22 3754/3932/22 3753/3930/22 3761/3929/22
f 3763/3933/22 3755/3934/22 3754/3932/22 3762/3931/22
f 3764/3935/22 3756/3936/22 3755/3934/22 3763/3933/22
f 3765/3937/35 3757/3921/35 3740/3915/35 3744/3920/35
f 3766/3938/35 3758/3923/35 3757/3921/35 3765/3937/35
f 3767/3939/35 3759/3925/35 3758/3923/35 3766/3938/35
f 3768/3940/35 3760/3927/35 3759/3925/35 3767/3939/35
f 3769/3941/35 3761/3929/35 3760/3927/35 3768/3940/35
f 3770/3942/35 3762/3931/35 3761/3929/35 3769/3941/35
f 3771/3943/35 3763/3933/35 3762/3931/35 3770/3942/35
f 3772/3944/35 3764/3935/35 3763/3933/35 3771/3943/35
f 3773/3835/34 3765/3937/34 3744/3920/34 3748/3805/34
f 3774/3837/34 3766/3938/34 3765/3937/34 3773/3835/34
f 3775/3839/34 3767/3939/34 3766/3938/34 3774/3837/34
f 3776/3841/34 3768/3940/34 3767/3939/34 3775/3839/34
f 3777/3843/34 3769/3941/34 3768/3940/34 3776/3841/34
f 3778/3845/34 3770/3942/34 3769/3941/34 3777/3843/34
f 3779/3847/34 3771/3943/34 3770/3942/34 3778/3845/34
f 3780/3849/34 3772/3944/34 3771/3943/34 3779/3847/34
f 3785/3945/22 3781/3946/22 3756/3936/22 3764/3935/22
f 3786/3947/22 3782/3948/22 3781/3946/22 3785/3945/22
f 3787/3949/22 3783/3950/22 3782/3948/22 3786/3947/22
f 3788/3951/22 3784/3952/22 3783/3950/22 3787/3949/22
f 73/1003/22 69/860/22 3784/3952/22 3788/3951/22
f 3789/3953/35 3785/3945/35 3764/3935/35 3772/3944/35
f 3790/3954/35 3786/3947/35 3785/3945/35 3789/3953/35
f 3791/3955/35 3787/3949/35 3786/3947/35 3790/3954/35
f 3792/3956/35 3788/3951/35 3787/3949/35 3791/3955/35
f 77/999/35 73/1003/35 3788/3951/35 3792/3956/35
f 3793/3875/34 3789/3953/34 3772/3944/34 3780/3849/34
f 3794/3877/34 3790/3954/34 3789/3953/34 3793/3875/34
f 3795/3879/34 3791/3955/34 3790/3954/34 3794/3877/34
f 3796/3881/34 3792/3956/34 3791/3955/34 3795/3879/34
f 81/1000/34 77/999/34 3792/3956/34 3796/3881/34
f 3802/3957/29 3801/3958/29 3797/3959/29 3798/3960/29
f 3802/3957/28 3670/3672/28 3669/3671/28 3801/3958/28
f 3803/3961/29 3802/3957/29 3798/3960/29 3799/3962/29
f 3803/3961/28 3671/3674/28 3670/3672/28 3802/3957/28
f 3804/3963/29 3803/3961/29 3799/3962/29 3800/3964/29
f 3804/3963/28 3672/3676/28 3671/3674/28 3803/3961/28
f 3810/3965/26 3809/3966/26 3805/3967/26 3806/3968/26
f 3811/3969/26 3810/3965/26 3806/3968/26 3807/3970/26
f 3812/3971/26 3811/3969/26 3807/3970/26 3808/3972/26
f 3814/3973/26 3813/3974/26 3809/3966/26 3810/3965/26
f 3814/3973/26 3798/3960/26 3797/3959/26 3813/3974/26
f 3815/3975/26 3814/3973/26 3810/3965/26 3811/3969/26
f 3815/3975/26 3799/3962/26 3798/3960/26 3814/3973/26
f 3816/3976/26 3815/3975/26 3811/3969/26 3812/3971/26
f 3816/3976/26 3800/3964/26 3799/3962/26 3815/3975/26
f 3818/3977/23 3806/3968/23 3805/3967/23 3817/3978/23
f 3819/3979/23 3807/3970/23 3806/3968/23 3818/3977/23
f 3820/3980/23 3808/3972/23 3807/3970/23 3819/3979/23
f 3826/3981/23 3825/3982/23 3821/3983/23 3822/3984/23
f 3826/3981/23 3818/3977/23 3817/3978/23 3825/3982/23
f 3827/3985/23 3826/3981/23 3822/3984/23 3823/3986/23
f 3827/3985/23 3819/3979/23 3818/3977/23 3826/3981/23
f 3828/3987/23 3827/3985/23 3823/3986/23 3824/3988/23
f 3828/3987/23 3820/3980/23 3819/3979/23 3827/3985/23
f 3830/3989/22 3829/3990/22 3733/3911/22 3734/3910/22
f 3830/3989/21 3822/3984/21 3821/3983/21 3829/3990/21
f 3831/3991/22 3830/3989/22 3734/3910/22 3735/3914/22
f 3831/3991/21 3823/3986/21 3822/3984/21 3830/3989/21
f 3832/3992/22 3831/3991/22 3735/3914/22 3736/3916/22
f 3832/3992/21 3824/3988/21 3823/3986/21 3831/3991/21
f 3841/3993/29 3804/3963/29 3800/3964/29 3833/3994/29
f 3841/3993/28 3685/3686/28 3672/3676/28 3804/3963/28
f 3842/3995/29 3841/3993/29 3833/3994/29 3834/3996/29
f 3842/3995/28 3686/3688/28 3685/3686/28 3841/3993/28
f 3843/3997/29 3842/3995/29 3834/3996/29 3835/3998/29
f 3843/3997/28 3687/3690/28 3686/3688/28 3842/3995/28
f 3844/3999/29 3843/3997/29 3835/3998/29 3836/4000/29
f 3844/3999/28 3688/3692/28 3687/3690/28 3843/3997/28
f 3845/4001/29 3844/3999/29 3836/4000/29 3837/4002/29
f 3845/4001/28 3689/3694/28 3688/3692/28 3844/3999/28
f 3846/4003/29 3845/4001/29 3837/4002/29 3838/4004/29
f 3846/4003/28 3690/3696/28 3689/3694/28 3845/4001/28
f 3847/4005/29 3846/4003/29 3838/4004/29 3839/4006/29
f 3847/4005/28 3691/3698/28 3690/3696/28 3846/4003/28
f 3848/4007/29 3847/4005/29 3839/4006/29 3840/4008/29
f 3848/4007/28 3692/3700/28 3691/3698/28 3847/4005/28
f 3857/4009/26 3812/3971/26 3808/3972/26 3849/4010/26
f 3858/4011/26 3857/4009/26 3849/4010/26 3850/4012/26
f 3859/4013/26 3858/4011/26 3850/4012/26 3851/4014/26
f 3860/4015/26 3859/4013/26 3851/4014/26 3852/4016/26
f 3861/4017/26 3860/4015/26 3852/4016/26 3853/4018/26
f 3862/4019/26 3861/4017/26 3853/4018/26 3854/4020/26
f 3863/4021/26 3862/4019/26 3854/4020/26 3855/4022/26
f 3864/4023/26 3863/4021/26 3855/4022/26 3856/4024/26
f 3865/4025/26 3816/3976/26 3812/3971/26 3857/4009/26
f 3865/4025/26 3833/3994/26 3800/3964/26 3816/3976/26
f 3866/4026/26 3865/4025/26 3857/4009/26 3858/4011/26
f 3866/4026/26 3834/3996/26 3833/3994/26 3865/4025/26
f 3867/4027/26 3866/4026/26 3858/4011/26 3859/4013/26
f 3867/4027/26 3835/3998/26 3834/3996/26 3866/4026/26
f 3868/4028/26 3867/4027/26 3859/4013/26 3860/4015/26
f 3868/4028/26 3836/4000/26 3835/3998/26 3867/4027/26
f 3869/4029/26 3868/4028/26 3860/4015/26 3861/4017/26
f 3869/4029/26 3837/4002/26 3836/4000/26 3868/4028/26
f 3870/4030/26 3869/4029/26 3861/4017/26 3862/4019/26
f 3870/4030/26 3838/4004/26 3837/4002/26 3869/4029/26
f 3871/4031/26 3870/4030/26 3862/4019/26 3863/4021/26
f 3871/4031/26 3839/4006/26 3838/4004/26 3870/4030/26
f 3872/4032/26 3871/4031/26 3863/4021/26 3864/4023/26
f 3872/4032/26 3840/4008/26 3839/4006/26 3871/4031/26
f 3873/4033/23 3849/4010/23 3808/3972/23 3820/3980/23
f 3874/4034/23 3850/4012/23 3849/4010/23 3873/4033/23
f 3875/4035/23 3851/4014/23 3850/4012/23 3874/4034/23
f 3876/4036/23 3852/4016/23 3851/4014/23 3875/4035/23
f 3877/4037/23 3853/4018/23 3852/4016/23 3876/4036/23
f 3878/4038/23 3854/4020/23 3853/4018/23 3877/4037/23
f 3879/4039/23 3855/4022/23 3854/4020/23 3878/4038/23
f 3880/4040/23 3856/4024/23 3855/4022/23 3879/4039/23
f 3889/4041/23 3828/3987/23 3824/3988/23 3881/4042/23
f 1029/894/33 1033/897/33 4692/4043/33 4688/4044/33
f 4692/4043/33 1033/897/33 868/359/33 4596/4045/33
f 4688/4044/33 4692/4043/33 4691/4046/33 4687/4047/33
f 4691/4046/33 4692/4043/33 4596/4045/33 4595/4048/33
f 4687/4047/33 4691/4046/33 4690/4049/33 4686/4050/33
f 4690/4049/33 4691/4046/33 4595/4048/33 4594/4051/33
f 4686/4050/33 4690/4049/33 4689/4052/33 4685/4053/33
f 4689/4052/33 4690/4049/33 4594/4051/33 4593/4054/33
f 4685/4053/33 4689/4052/33 4676/4055/33 4668/4056/33
f 4676/4055/33 4689/4052/33 4593/4054/33 4528/4057/33
f 3889/4041/23 3873/4033/23 3820/3980/23 3828/3987/23
f 3890/4058/23 3889/4041/23 3881/4042/23 3882/4059/23
f 3890/4058/23 3874/4034/23 3873/4033/23 3889/4041/23
f 1025/890/32 1029/894/32 4688/4044/32 4684/4060/32
f 4684/4060/32 4688/4044/32 4687/4047/32 4683/4061/32
f 4683/4061/32 4687/4047/32 4686/4050/32 4682/4062/32
f 4682/4062/32 4686/4050/32 4685/4053/32 4681/4063/32
f 4681/4063/32 4685/4053/32 4668/4056/32 4660/4064/32
f 3891/4065/23 3890/4058/23 3882/4059/23 3883/4066/23
f 3891/4065/23 3875/4035/23 3874/4034/23 3890/4058/23
f 3892/4067/23 3891/4065/23 3883/4066/23 3884/4068/23
f 1021/886/31 1025/890/31 4684/4060/31 4680/4069/31
f 4680/4069/31 4684/4060/31 4683/4061/31 4679/4070/31
f 4679/4070/31 4683/4061/31 4682/4062/31 4678/4071/31
f 4678/4071/31 4682/4062/31 4681/4063/31 4677/4072/31
f 4677/4072/31 4681/4063/31 4660/4064/31 4652/4073/31
f 3892/4067/23 3876/4036/23 3875/4035/23 3891/4065/23
f 3893/4074/23 3892/4067/23 3884/4068/23 3885/4075/23
f 3893/4074/23 3877/4037/23 3876/4036/23 3892/4067/23
f 523/688/30 1021/886/30 4680/4069/30 4212/4076/30
f 4212/4076/30 4680/4069/30 4679/4070/30 4211/4077/30
f 4211/4077/30 4679/4070/30 4678/4071/30 4210/4078/30
f 4210/4078/30 4678/4071/30 4677/4072/30 4209/4079/30
f 4209/4079/30 4677/4072/30 4652/4073/30 4196/4080/30
f 4668/4056/33 4676/4055/33 4675/4081/33 4667/4082/33
f 4675/4081/33 4676/4055/33 4528/4057/33 4527/4083/33
f 4667/4082/33 4675/4081/33 4674/4084/33 4666/4085/33
f 4674/4084/33 4675/4081/33 4527/4083/33 4526/4086/33
f 4666/4085/33 4674/4084/33 4673/4087/33 4665/4088/33
f 4673/4087/33 4674/4084/33 4526/4086/33 4525/4089/33
f 4665/4088/33 4673/4087/33 4672/4090/33 4664/4091/33
f 4672/4090/33 4673/4087/33 4525/4089/33 4524/4092/33
f 4664/4091/33 4672/4090/33 4671/4093/33 4663/4094/33
f 4671/4093/33 4672/4090/33 4524/4092/33 4523/4095/33
f 4663/4094/33 4671/4093/33 4670/4096/33 4662/4097/33
f 4670/4096/33 4671/4093/33 4523/4095/33 4522/4098/33
f 4662/4097/33 4670/4096/33 4669/4099/33 4661/4100/33
f 4669/4099/33 4670/4096/33 4522/4098/33 4521/4101/33
f 4661/4100/33 4669/4099/33 4644/4102/33 4640/4103/33
f 4644/4102/33 4669/4099/33 4521/4101/33 4488/4104/33
f 4660/4064/32 4668/4056/32 4667/4082/32 4659/4105/32
f 4659/4105/32 4667/4082/32 4666/4085/32 4658/4106/32
f 4658/4106/32 4666/4085/32 4665/4088/32 4657/4107/32
f 4657/4107/32 4665/4088/32 4664/4091/32 4656/4108/32
f 4656/4108/32 4664/4091/32 4663/4094/32 4655/4109/32
f 4655/4109/32 4663/4094/32 4662/4097/32 4654/4110/32
f 4654/4110/32 4662/4097/32 4661/4100/32 4653/4111/32
f 4653/4111/32 4661/4100/32 4640/4103/32 4636/4112/32
f 4652/4073/31 4660/4064/31 4659/4105/31 4651/4113/31
f 4651/4113/31 4659/4105/31 4658/4106/31 4650/4114/31
f 4650/4114/31 4658/4106/31 4657/4107/31 4649/4115/31
f 4649/4115/31 4657/4107/31 4656/4108/31 4648/4116/31
f 4648/4116/31 4656/4108/31 4655/4109/31 4647/4117/31
f 4647/4117/31 4655/4109/31 4654/4110/31 4646/4118/31
f 4646/4118/31 4654/4110/31 4653/4111/31 4645/4119/31
f 4645/4119/31 4653/4111/31 4636/4112/31 4632/4120/31
f 4196/4080/30 4652/4073/30 4651/4113/30 4195/4121/30
f 4195/4121/30 4651/4113/30 4650/4114/30 4194/4122/30
f 4194/4122/30 4650/4114/30 4649/4115/30 4193/4123/30
f 4193/4123/30 4649/4115/30 4648/4116/30 4192/4124/30
f 4192/4124/30 4648/4116/30 4647/4117/30 4191/4125/30
f 4191/4125/30 4647/4117/30 4646/4118/30 4190/4126/30
f 4190/4126/30 4646/4118/30 4645/4119/30 4189/4127/30
f 4189/4127/30 4645/4119/30 4632/4120/30 4164/4128/30
f 4640/4103/33 4644/4102/33 4643/4129/33 4639/4130/33
f 4643/4129/33 4644/4102/33 4488/4104/33 4487/4131/33
f 4639/4130/33 4643/4129/33 4642/4132/33 4638/4133/33
f 4642/4132/33 4643/4129/33 4487/4131/33 4486/4134/33
f 4638/4133/33 4642/4132/33 4641/4135/33 4637/4136/33
f 4641/4135/33 4642/4132/33 4486/4134/33 4485/4137/33
f 4636/4112/32 4640/4103/32 4639/4130/32 4635/4138/32
f 4635/4138/32 4639/4130/32 4638/4133/32 4634/4139/32
f 4634/4139/32 4638/4133/32 4637/4136/32 4633/4140/32
f 4632/4120/31 4636/4112/31 4635/4138/31 4631/4141/31
f 4631/4141/31 4635/4138/31 4634/4139/31 4630/4142/31
f 4630/4142/31 4634/4139/31 4633/4140/31 4629/4143/31
f 4164/4128/30 4632/4120/30 4631/4141/30 4163/4144/30
f 519/674/27 523/688/27 4212/4076/27 4208/4145/27
f 4208/4145/27 4212/4076/27 4211/4077/27 4207/4146/27
f 4207/4146/27 4211/4077/27 4210/4078/27 4206/4147/27
f 4206/4147/27 4210/4078/27 4209/4079/27 4205/4148/27
f 4205/4148/27 4209/4079/27 4196/4080/27 4188/4149/27
f 515/665/25 519/674/25 4208/4145/25 4204/4150/25
f 4204/4150/25 4208/4145/25 4207/4146/25 4203/4151/25
f 4203/4151/25 4207/4146/25 4206/4147/25 4202/4152/25
f 4202/4152/25 4206/4147/25 4205/4148/25 4201/4153/25
f 4201/4153/25 4205/4148/25 4188/4149/25 4180/4154/25
f 511/655/24 515/665/24 4204/4150/24 4200/4155/24
f 4200/4155/24 4204/4150/24 4203/4151/24 4199/4156/24
f 4199/4156/24 4203/4151/24 4202/4152/24 4198/4157/24
f 4198/4157/24 4202/4152/24 4201/4153/24 4197/4158/24
f 4197/4158/24 4201/4153/24 4180/4154/24 4172/4159/24
f 511/655/24 4200/4155/24 4148/4160/24 390/209/24
f 4200/4155/24 4199/4156/24 4147/4161/24 4148/4160/24
f 4199/4156/24 4198/4157/24 4146/4162/24 4147/4161/24
f 4198/4157/24 4197/4158/24 4145/4163/24 4146/4162/24
f 4197/4158/24 4172/4159/24 4112/4164/24 4145/4163/24
f 4188/4149/27 4196/4080/27 4195/4121/27 4187/4165/27
f 4187/4165/27 4195/4121/27 4194/4122/27 4186/4166/27
f 4186/4166/27 4194/4122/27 4193/4123/27 4185/4167/27
f 4185/4167/27 4193/4123/27 4192/4124/27 4184/4168/27
f 4184/4168/27 4192/4124/27 4191/4125/27 4183/4169/27
f 4183/4169/27 4191/4125/27 4190/4126/27 4182/4170/27
f 4182/4170/27 4190/4126/27 4189/4127/27 4181/4171/27
f 4181/4171/27 4189/4127/27 4164/4128/27 4160/4172/27
f 4180/4154/25 4188/4149/25 4187/4165/25 4179/4173/25
f 4179/4173/25 4187/4165/25 4186/4166/25 4178/4174/25
f 4178/4174/25 4186/4166/25 4185/4167/25 4177/4175/25
f 4177/4175/25 4185/4167/25 4184/4168/25 4176/4176/25
f 4176/4176/25 4184/4168/25 4183/4169/25 4175/4177/25
f 4175/4177/25 4183/4169/25 4182/4170/25 4174/4178/25
f 4174/4178/25 4182/4170/25 4181/4171/25 4173/4179/25
f 4173/4179/25 4181/4171/25 4160/4172/25 4156/4180/25
f 4172/4159/24 4180/4154/24 4179/4173/24 4171/4181/24
f 4171/4181/24 4179/4173/24 4178/4174/24 4170/4182/24
f 4170/4182/24 4178/4174/24 4177/4175/24 4169/4183/24
f 4169/4183/24 4177/4175/24 4176/4176/24 4168/4184/24
f 4168/4184/24 4176/4176/24 4175/4177/24 4167/4185/24
f 4167/4185/24 4175/4177/24 4174/4178/24 4166/4186/24
f 4166/4186/24 4174/4178/24 4173/4179/24 4165/4187/24
f 4165/4187/24 4173/4179/24 4156/4180/24 4152/4188/24
f 4172/4159/24 4171/4181/24 4111/4189/24 4112/4164/24
f 4171/4181/24 4170/4182/24 4110/4190/24 4111/4189/24
f 4170/4182/24 4169/4183/24 4109/4191/24 4110/4190/24
f 4169/4183/24 4168/4184/24 4108/4192/24 4109/4191/24
f 4168/4184/24 4167/4185/24 4107/4193/24 4108/4192/24
f 4167/4185/24 4166/4186/24 4106/4194/24 4107/4193/24
f 4166/4186/24 4165/4187/24 4105/4195/24 4106/4194/24
f 4165/4187/24 4152/4188/24 4040/4196/24 4105/4195/24
f 4160/4172/27 4164/4128/27 4163/4144/27 4159/4197/27
f 4159/4197/27 4163/4144/27 4162/4198/27 4158/4199/27
f 4163/4144/30 4631/4141/30 4630/4142/30 4162/4198/30
f 4162/4198/30 4630/4142/30 4629/4143/30 4161/4200/30
f 3894/4201/23 3893/4074/23 3885/4075/23 3886/4202/23
f 3894/4201/23 3878/4038/23 3877/4037/23 3893/4074/23
f 3895/4203/23 3894/4201/23 3886/4202/23 3887/4204/23
f 3895/4203/23 3879/4039/23 3878/4038/23 3894/4201/23
f 3896/4205/23 3895/4203/23 3887/4204/23 3888/4206/23
f 3896/4205/23 3880/4040/23 3879/4039/23 3895/4203/23
f 3897/4207/22 3832/3992/22 3736/3916/22 3749/3922/22
f 3897/4207/21 3881/4042/21 3824/3988/21 3832/3992/21
f 3898/4208/22 3897/4207/22 3749/3922/22 3750/3924/22
f 3898/4208/21 3882/4059/21 3881/4042/21 3897/4207/21
f 3899/4209/22 3898/4208/22 3750/3924/22 3751/3926/22
f 3899/4209/21 3883/4066/21 3882/4059/21 3898/4208/21
f 3900/4210/22 3899/4209/22 3751/3926/22 3752/3928/22
f 3900/4210/21 3884/4068/21 3883/4066/21 3899/4209/21
f 3901/4211/22 3900/4210/22 3752/3928/22 3753/3930/22
f 3901/4211/21 3885/4075/21 3884/4068/21 3900/4210/21
f 3902/4212/22 3901/4211/22 3753/3930/22 3754/3932/22
f 3902/4212/21 3886/4202/21 3885/4075/21 3901/4211/21
f 3903/4213/22 3902/4212/22 3754/3932/22 3755/3934/22
f 3903/4213/21 3887/4204/21 3886/4202/21 3902/4212/21
f 3904/4214/22 3903/4213/22 3755/3934/22 3756/3936/22
f 3904/4214/21 3888/4206/21 3887/4204/21 3903/4213/21
f 3909/4215/29 3848/4007/29 3840/4008/29 3905/4216/29
f 3909/4215/28 3717/3718/28 3692/3700/28 3848/4007/28
f 3910/4217/29 3909/4215/29 3905/4216/29 3906/4218/29
f 3910/4217/28 3718/3720/28 3717/3718/28 3909/4215/28
f 3911/4219/29 3910/4217/29 3906/4218/29 3907/4220/29
f 3911/4219/28 3719/3722/28 3718/3720/28 3910/4217/28
f 3912/4221/29 3911/4219/29 3907/4220/29 3908/4222/29
f 3912/4221/28 3720/3724/28 3719/3722/28 3911/4219/28
f 141/884/29 3912/4221/29 3908/4222/29 137/876/29
f 141/884/28 1/883/28 3720/3724/28 3912/4221/28
f 3917/4223/26 3864/4023/26 3856/4024/26 3913/4224/26
f 3918/4225/26 3917/4223/26 3913/4224/26 3914/4226/26
f 3919/4227/26 3918/4225/26 3914/4226/26 3915/4228/26
f 3920/4229/26 3919/4227/26 3915/4228/26 3916/4230/26
f 149/878/26 3920/4229/26 3916/4230/26 145/869/26
f 3921/4231/26 3872/4032/26 3864/4023/26 3917/4223/26
f 3921/4231/26 3905/4216/26 3840/4008/26 3872/4032/26
f 3922/4232/26 3921/4231/26 3917/4223/26 3918/4225/26
f 3922/4232/26 3906/4218/26 3905/4216/26 3921/4231/26
f 3923/4233/26 3922/4232/26 3918/4225/26 3919/4227/26
f 3923/4233/26 3907/4220/26 3906/4218/26 3922/4232/26
f 3924/4234/26 3923/4233/26 3919/4227/26 3920/4229/26
f 3924/4234/26 3908/4222/26 3907/4220/26 3923/4233/26
f 153/877/26 3924/4234/26 3920/4229/26 149/878/26
f 4277/4235/20 4278/4236/20 4226/3830/20 4225/3831/20
f 4278/4236/20 4279/4237/20 4227/3832/20 4226/3830/20
f 4279/4237/20 4280/4238/20 4228/3833/20 4227/3832/20
f 153/877/26 137/876/26 3908/4222/26 3924/4234/26
f 3925/4239/23 3913/4224/23 3856/4024/23 3880/4040/23
f 3926/4240/23 3914/4226/23 3913/4224/23 3925/4239/23
f 3927/4241/23 3915/4228/23 3914/4226/23 3926/4240/23
f 3928/4242/23 3916/4230/23 3915/4228/23 3927/4241/23
f 4282/4243/19 4278/4236/19 4277/4235/19 4281/4244/19
f 4283/4245/19 4279/4237/19 4278/4236/19 4282/4243/19
f 4284/4246/19 4280/4238/19 4279/4237/19 4283/4245/19
f 157/865/23 145/869/23 3916/4230/23 3928/4242/23
f 3933/4247/23 3896/4205/23 3888/4206/23 3929/4248/23
f 3933/4247/23 3925/4239/23 3880/4040/23 3896/4205/23
f 3934/4249/23 3933/4247/23 3929/4248/23 3930/4250/23
f 3934/4249/23 3926/4240/23 3925/4239/23 3933/4247/23
f 4285/4251/13 4286/4252/13 4282/4243/13 4281/4244/13
f 4286/4252/13 4287/4253/13 4283/4245/13 4282/4243/13
f 4287/4253/13 4288/4254/13 4284/4246/13 4283/4245/13
f 3935/4255/23 3934/4249/23 3930/4250/23 3931/4256/23
f 3935/4255/23 3927/4241/23 3926/4240/23 3934/4249/23
f 3936/4257/23 3935/4255/23 3931/4256/23 3932/4258/23
f 3936/4257/23 3928/4242/23 3927/4241/23 3935/4255/23
f 165/866/23 3936/4257/23 3932/4258/23 161/858/23
f 4290/4259/13 4286/4252/13 4285/4251/13 4289/4260/13
f 4291/4261/13 4287/4253/13 4286/4252/13 4290/4259/13
f 4292/4262/13 4288/4254/13 4287/4253/13 4291/4261/13
f 165/866/23 157/865/23 3928/4242/23 3936/4257/23
f 3937/4263/22 3904/4214/22 3756/3936/22 3781/3946/22
f 3937/4263/21 3929/4248/21 3888/4206/21 3904/4214/21
f 3938/4264/22 3937/4263/22 3781/3946/22 3782/3948/22
f 3938/4264/21 3930/4250/21 3929/4248/21 3937/4263/21
f 4294/4265/13 4290/4259/13 4289/4260/13 4293/4266/13
f 4295/4267/13 4291/4261/13 4290/4259/13 4294/4265/13
f 4296/4268/13 4292/4262/13 4291/4261/13 4295/4267/13
f 3939/4269/22 3938/4264/22 3782/3948/22 3783/3950/22
f 3939/4269/21 3931/4256/21 3930/4250/21 3938/4264/21
f 3940/4270/22 3939/4269/22 3783/3950/22 3784/3952/22
f 3940/4270/21 3932/4258/21 3931/4256/21 3939/4269/21
f 169/859/22 3940/4270/22 3784/3952/22 69/860/22
f 4297/4271/10 4298/4272/10 4294/4265/10 4293/4266/10
f 4298/4272/10 4299/4273/10 4295/4267/10 4294/4265/10
f 4299/4273/10 4300/4274/10 4296/4268/10 4295/4267/10
f 169/859/21 161/858/21 3932/4258/21 3940/4270/21
f 884/373/17 900/382/17 4628/4275/17 4612/4276/17
f 4628/4275/18 900/382/18 896/385/18 4624/3734/18
f 4612/4276/17 4628/4275/17 4627/4277/17 4611/4278/17
f 4627/4277/18 4628/4275/18 4624/3734/18 4623/3737/18
f 4301/4279/10 4302/4280/10 4298/4272/10 4297/4271/10
f 4302/4280/10 4303/4281/10 4299/4273/10 4298/4272/10
f 4303/4281/10 4304/4282/10 4300/4274/10 4299/4273/10
f 4611/4278/17 4627/4277/17 4626/4283/17 4610/4284/17
f 4626/4283/18 4627/4277/18 4623/3737/18 4622/3740/18
f 4610/4284/17 4626/4283/17 4625/4285/17 4609/4286/17
f 4625/4285/18 4626/4283/18 4622/3740/18 4621/3743/18
f 4609/4286/17 4625/4285/17 4592/4287/17 4560/4288/17
f 4306/4289/10 4302/4280/10 4301/4279/10 4305/4290/10
f 4307/4291/10 4303/4281/10 4302/4280/10 4306/4289/10
f 4308/4292/10 4304/4282/10 4303/4281/10 4307/4291/10
f 4592/4287/18 4625/4285/18 4621/3743/18 4584/3746/18
f 880/367/15 892/378/15 4620/4293/15 4608/4294/15
f 4620/4293/17 892/378/17 888/370/17 4616/4295/17
f 4608/4294/15 4620/4293/15 4619/4296/15 4607/4297/15
f 4619/4296/17 4620/4293/17 4616/4295/17 4615/4298/17
f 4309/4299/8 4310/4300/8 4306/4289/8 4305/4290/8
f 4310/4300/8 4311/4301/8 4307/4291/8 4306/4289/8
f 4311/4301/8 4312/4302/8 4308/4292/8 4307/4291/8
f 4280/4238/20 4313/4303/20 4253/3866/20 4228/3833/20
f 4313/4303/20 4314/4304/20 4254/3867/20 4253/3866/20
f 4314/4304/20 4315/4305/20 4255/3868/20 4254/3867/20
f 4315/4305/20 4316/4306/20 4256/3869/20 4255/3868/20
f 4316/4306/20 4317/4307/20 4257/3870/20 4256/3869/20
f 4317/4307/20 4318/4308/20 4258/3871/20 4257/3870/20
f 4318/4308/20 4319/4309/20 4259/3872/20 4258/3871/20
f 4319/4309/20 4320/4310/20 4260/3873/20 4259/3872/20
f 4321/4311/19 4313/4303/19 4280/4238/19 4284/4246/19
f 4322/4312/19 4314/4304/19 4313/4303/19 4321/4311/19
f 4323/4313/19 4315/4305/19 4314/4304/19 4322/4312/19
f 4324/4314/19 4316/4306/19 4315/4305/19 4323/4313/19
f 4325/4315/19 4317/4307/19 4316/4306/19 4324/4314/19
f 4326/4316/19 4318/4308/19 4317/4307/19 4325/4315/19
f 4327/4317/19 4319/4309/19 4318/4308/19 4326/4316/19
f 4328/4318/19 4320/4310/19 4319/4309/19 4327/4317/19
f 4288/4254/13 4329/4319/13 4321/4311/13 4284/4246/13
f 4329/4319/13 4330/4320/13 4322/4312/13 4321/4311/13
f 4330/4320/13 4331/4321/13 4323/4313/13 4322/4312/13
f 4331/4321/13 4332/4322/13 4324/4314/13 4323/4313/13
f 4332/4322/13 4333/4323/13 4325/4315/13 4324/4314/13
f 4333/4323/13 4334/4324/13 4326/4316/13 4325/4315/13
f 4334/4324/13 4335/4325/13 4327/4317/13 4326/4316/13
f 4335/4325/13 4336/4326/13 4328/4318/13 4327/4317/13
f 4337/4327/13 4329/4319/13 4288/4254/13 4292/4262/13
f 4338/4328/13 4330/4320/13 4329/4319/13 4337/4327/13
f 4339/4329/13 4331/4321/13 4330/4320/13 4338/4328/13
f 4340/4330/13 4332/4322/13 4331/4321/13 4339/4329/13
f 4341/4331/13 4333/4323/13 4332/4322/13 4340/4330/13
f 4342/4332/13 4334/4324/13 4333/4323/13 4341/4331/13
f 4343/4333/13 4335/4325/13 4334/4324/13 4342/4332/13
f 4344/4334/13 4336/4326/13 4335/4325/13 4343/4333/13
f 4345/4335/13 4337/4327/13 4292/4262/13 4296/4268/13
f 4346/4336/13 4338/4328/13 4337/4327/13 4345/4335/13
f 4347/4337/13 4339/4329/13 4338/4328/13 4346/4336/13
f 4348/4338/13 4340/4330/13 4339/4329/13 4347/4337/13
f 4349/4339/13 4341/4331/13 4340/4330/13 4348/4338/13
f 4350/4340/13 4342/4332/13 4341/4331/13 4349/4339/13
f 4351/4341/13 4343/4333/13 4342/4332/13 4350/4340/13
f 4352/4342/13 4344/4334/13 4343/4333/13 4351/4341/13
f 4300/4274/10 4353/4343/10 4345/4335/10 4296/4268/10
f 4353/4343/10 4354/4344/10 4346/4336/10 4345/4335/10
f 4354/4344/10 4355/4345/10 4347/4337/10 4346/4336/10
f 4355/4345/10 4356/4346/10 4348/4338/10 4347/4337/10
f 4356/4346/10 4357/4347/10 4349/4339/10 4348/4338/10
f 4357/4347/10 4358/4348/10 4350/4340/10 4349/4339/10
f 4358/4348/10 4359/4349/10 4351/4341/10 4350/4340/10
f 4359/4349/10 4360/4350/10 4352/4342/10 4351/4341/10
f 4304/4282/10 4361/4351/10 4353/4343/10 4300/4274/10
f 4361/4351/10 4362/4352/10 4354/4344/10 4353/4343/10
f 4362/4352/10 4363/4353/10 4355/4345/10 4354/4344/10
f 4363/4353/10 4364/4354/10 4356/4346/10 4355/4345/10
f 4364/4354/10 4365/4355/10 4357/4347/10 4356/4346/10
f 4365/4355/10 4366/4356/10 4358/4348/10 4357/4347/10
f 4366/4356/10 4367/4357/10 4359/4349/10 4358/4348/10
f 4367/4357/10 4368/4358/10 4360/4350/10 4359/4349/10
f 4369/4359/10 4361/4351/10 4304/4282/10 4308/4292/10
f 4370/4360/10 4362/4352/10 4361/4351/10 4369/4359/10
f 4371/4361/10 4363/4353/10 4362/4352/10 4370/4360/10
f 4372/4362/10 4364/4354/10 4363/4353/10 4371/4361/10
f 4373/4363/10 4365/4355/10 4364/4354/10 4372/4362/10
f 4374/4364/10 4366/4356/10 4365/4355/10 4373/4363/10
f 4375/4365/10 4367/4357/10 4366/4356/10 4374/4364/10
f 4376/4366/10 4368/4358/10 4367/4357/10 4375/4365/10
f 4312/4302/8 4377/4367/8 4369/4359/8 4308/4292/8
f 4377/4367/8 4378/4368/8 4370/4360/8 4369/4359/8
f 4378/4368/8 4379/4369/8 4371/4361/8 4370/4360/8
f 4379/4369/8 4380/4370/8 4372/4362/8 4371/4361/8
f 4380/4370/8 4381/4371/8 4373/4363/8 4372/4362/8
f 4381/4371/8 4382/4372/8 4374/4364/8 4373/4363/8
f 4382/4372/8 4383/4373/8 4375/4365/8 4374/4364/8
f 4383/4373/8 4384/4374/8 4376/4366/8 4375/4365/8
f 4320/4310/20 4385/4375/20 4273/3901/20 4260/3873/20
f 4385/4375/20 4386/4376/20 4274/3902/20 4273/3901/20
f 4386/4376/20 4387/4377/20 4275/3903/20 4274/3902/20
f 4387/4377/20 4388/4378/20 4276/3904/20 4275/3903/20
f 4388/4378/20 647/601/20 591/604/20 4276/3904/20
f 4158/4199/27 4162/4198/27 4161/4200/27 4157/4379/27
f 4607/4297/15 4619/4296/15 4618/4380/15 4606/4381/15
f 4618/4380/17 4619/4296/17 4615/4298/17 4614/4382/17
f 4389/4383/19 4385/4375/19 4320/4310/19 4328/4318/19
f 4390/4384/19 4386/4376/19 4385/4375/19 4389/4383/19
f 4391/4385/19 4387/4377/19 4386/4376/19 4390/4384/19
f 4392/4386/19 4388/4378/19 4387/4377/19 4391/4385/19
f 651/598/19 647/601/19 4388/4378/19 4392/4386/19
f 4606/4381/15 4618/4380/15 4617/4387/15 4605/4388/15
f 4617/4387/17 4618/4380/17 4614/4382/17 4613/4389/17
f 4605/4388/15 4617/4387/15 4576/4390/15 4552/4391/15
f 4336/4326/13 4393/4392/13 4389/4383/13 4328/4318/13
f 4393/4392/13 4394/4393/13 4390/4384/13 4389/4383/13
f 4394/4393/13 4395/4394/13 4391/4385/13 4390/4384/13
f 4395/4394/13 4396/4395/13 4392/4386/13 4391/4385/13
f 4396/4395/13 655/595/13 651/598/13 4392/4386/13
f 4156/4180/25 4160/4172/25 4159/4197/25 4155/4396/25
f 4155/4396/25 4159/4197/25 4158/4199/25 4154/4397/25
f 4154/4397/25 4158/4199/25 4157/4379/25 4153/4398/25
f 4397/4399/13 4393/4392/13 4336/4326/13 4344/4334/13
f 4398/4400/13 4394/4393/13 4393/4392/13 4397/4399/13
f 4399/4401/13 4395/4394/13 4394/4393/13 4398/4400/13
f 4400/4402/13 4396/4395/13 4395/4394/13 4399/4401/13
f 659/592/13 655/595/13 4396/4395/13 4400/4402/13
f 4576/4390/17 4617/4387/17 4613/4389/17 4568/4403/17
f 4616/4295/17 888/370/17 884/373/17 4612/4276/17
f 4615/4298/17 4616/4295/17 4612/4276/17 4611/4278/17
f 4401/4404/13 4397/4399/13 4344/4334/13 4352/4342/13
f 4402/4405/13 4398/4400/13 4397/4399/13 4401/4404/13
f 4403/4406/13 4399/4401/13 4398/4400/13 4402/4405/13
f 4404/4407/13 4400/4402/13 4399/4401/13 4403/4406/13
f 663/589/13 659/592/13 4400/4402/13 4404/4407/13
f 4614/4382/17 4615/4298/17 4611/4278/17 4610/4284/17
f 4613/4389/17 4614/4382/17 4610/4284/17 4609/4286/17
f 4152/4188/24 4156/4180/24 4155/4396/24 4151/4408/24
f 4360/4350/10 4405/4409/10 4401/4404/10 4352/4342/10
f 4405/4409/10 4406/4410/10 4402/4405/10 4401/4404/10
f 4406/4410/10 4407/4411/10 4403/4406/10 4402/4405/10
f 4407/4411/10 4408/4412/10 4404/4407/10 4403/4406/10
f 4408/4412/10 667/586/10 663/589/10 4404/4407/10
f 4151/4408/24 4155/4396/24 4154/4397/24 4150/4413/24
f 4150/4413/24 4154/4397/24 4153/4398/24 4149/4414/24
f 4568/4403/17 4613/4389/17 4609/4286/17 4560/4288/17
f 4368/4358/10 4409/4415/10 4405/4409/10 4360/4350/10
f 4409/4415/10 4410/4416/10 4406/4410/10 4405/4409/10
f 4410/4416/10 4411/4417/10 4407/4411/10 4406/4410/10
f 4411/4417/10 4412/4418/10 4408/4412/10 4407/4411/10
f 4412/4418/10 671/583/10 667/586/10 4408/4412/10
f 872/357/15 880/367/15 4608/4294/15 4600/4419/15
f 4600/4419/15 4608/4294/15 4607/4297/15 4599/4420/15
f 4599/4420/15 4607/4297/15 4606/4381/15 4598/4421/15
f 4413/4422/10 4409/4415/10 4368/4358/10 4376/4366/10
f 4414/4423/10 4410/4416/10 4409/4415/10 4413/4422/10
f 4415/4424/10 4411/4417/10 4410/4416/10 4414/4423/10
f 4416/4425/10 4412/4418/10 4411/4417/10 4415/4424/10
f 675/580/10 671/583/10 4412/4418/10 4416/4425/10
f 4598/4421/15 4606/4381/15 4605/4388/15 4597/4426/15
f 4152/4188/24 4151/4408/24 4039/4427/24 4040/4196/24
f 4151/4408/24 4150/4413/24 4038/4428/24 4039/4427/24
f 4384/4374/8 4417/4429/8 4413/4422/8 4376/4366/8
f 4417/4429/8 4418/4430/8 4414/4423/8 4413/4422/8
f 4418/4430/8 4419/4431/8 4415/4424/8 4414/4423/8
f 4419/4431/8 4420/4432/8 4416/4425/8 4415/4424/8
f 4420/4432/8 679/3/8 675/580/8 4416/4425/8
f 4150/4413/24 4149/4414/24 4037/4433/24 4038/4428/24
f 4597/4426/15 4605/4388/15 4552/4391/15 4536/4434/15
f 868/359/16 876/354/16 4604/4435/16 4596/4045/16
f 4604/4435/15 876/354/15 872/357/15 4600/4419/15
f 4596/4045/16 4604/4435/16 4603/4436/16 4595/4048/16
f 4603/4436/15 4604/4435/15 4600/4419/15 4599/4420/15
f 4595/4048/16 4603/4436/16 4602/4437/16 4594/4051/16
f 4602/4437/15 4603/4436/15 4599/4420/15 4598/4421/15
f 4594/4051/16 4602/4437/16 4601/4438/16 4593/4054/16
f 4601/4438/15 4602/4437/15 4598/4421/15 4597/4426/15
f 4593/4054/16 4601/4438/16 4544/4439/16 4528/4057/16
f 4544/4439/15 4601/4438/15 4597/4426/15 4536/4434/15
f 4560/4288/17 4592/4287/17 4591/4440/17 4559/4441/17
f 4591/4440/18 4592/4287/18 4584/3746/18 4583/3764/18
f 4559/4441/17 4591/4440/17 4590/4442/17 4558/4443/17
f 4590/4442/18 4591/4440/18 4583/3764/18 4582/3767/18
f 4558/4443/17 4590/4442/17 4589/4444/17 4557/4445/17
f 4589/4444/18 4590/4442/18 4582/3767/18 4581/3770/18
f 4557/4445/17 4589/4444/17 4588/4446/17 4556/4447/17
f 4588/4446/18 4589/4444/18 4581/3770/18 4580/3773/18
f 4556/4447/17 4588/4446/17 4587/4448/17 4555/4449/17
f 4587/4448/18 4588/4446/18 4580/3773/18 4579/3776/18
f 4555/4449/17 4587/4448/17 4586/4450/17 4554/4451/17
f 4586/4450/18 4587/4448/18 4579/3776/18 4578/3779/18
f 4554/4451/17 4586/4450/17 4585/4452/17 4553/4453/17
f 4585/4452/18 4586/4450/18 4578/3779/18 4577/3782/18
f 4553/4453/17 4585/4452/17 4520/4454/17 4504/4455/17
f 4520/4454/18 4585/4452/18 4577/3782/18 4516/3785/18
f 4552/4391/15 4576/4390/15 4575/4456/15 4551/4457/15
f 4575/4456/17 4576/4390/17 4568/4403/17 4567/4458/17
f 4551/4457/15 4575/4456/15 4574/4459/15 4550/4460/15
f 4574/4459/17 4575/4456/17 4567/4458/17 4566/4461/17
f 4550/4460/15 4574/4459/15 4573/4462/15 4549/4463/15
f 4573/4462/17 4574/4459/17 4566/4461/17 4565/4464/17
f 4549/4463/15 4573/4462/15 4572/4465/15 4548/4466/15
f 4572/4465/17 4573/4462/17 4565/4464/17 4564/4467/17
f 4548/4466/15 4572/4465/15 4571/4468/15 4547/4469/15
f 4571/4468/17 4572/4465/17 4564/4467/17 4563/4470/17
f 4547/4469/15 4571/4468/15 4570/4471/15 4546/4472/15
f 4570/4471/17 4571/4468/17 4563/4470/17 4562/4473/17
f 4546/4472/15 4570/4471/15 4569/4474/15 4545/4475/15
f 4569/4474/17 4570/4471/17 4562/4473/17 4561/4476/17
f 4545/4475/15 4569/4474/15 4512/4477/15 4500/4478/15
f 4512/4477/17 4569/4474/17 4561/4476/17 4508/4479/17
f 4567/4458/17 4568/4403/17 4560/4288/17 4559/4441/17
f 4566/4461/17 4567/4458/17 4559/4441/17 4558/4443/17
f 4565/4464/17 4566/4461/17 4558/4443/17 4557/4445/17
f 4564/4467/17 4565/4464/17 4557/4445/17 4556/4447/17
f 4563/4470/17 4564/4467/17 4556/4447/17 4555/4449/17
f 4562/4473/17 4563/4470/17 4555/4449/17 4554/4451/17
f 4561/4476/17 4562/4473/17 4554/4451/17 4553/4453/17
f 4508/4479/17 4561/4476/17 4553/4453/17 4504/4455/17
f 4536/4434/15 4552/4391/15 4551/4457/15 4535/4480/15
f 4535/4480/15 4551/4457/15 4550/4460/15 4534/4481/15
f 4534/4481/15 4550/4460/15 4549/4463/15 4533/4482/15
f 4533/4482/15 4549/4463/15 4548/4466/15 4532/4483/15
f 4532/4483/15 4548/4466/15 4547/4469/15 4531/4484/15
f 4531/4484/15 4547/4469/15 4546/4472/15 4530/4485/15
f 4530/4485/15 4546/4472/15 4545/4475/15 4529/4486/15
f 4529/4486/15 4545/4475/15 4500/4478/15 4492/4487/15
f 4528/4057/16 4544/4439/16 4543/4488/16 4527/4083/16
f 4543/4488/15 4544/4439/15 4536/4434/15 4535/4480/15
f 4527/4083/16 4543/4488/16 4542/4489/16 4526/4086/16
f 4542/4489/15 4543/4488/15 4535/4480/15 4534/4481/15
f 4526/4086/16 4542/4489/16 4541/4490/16 4525/4089/16
f 4541/4490/15 4542/4489/15 4534/4481/15 4533/4482/15
f 4525/4089/16 4541/4490/16 4540/4491/16 4524/4092/16
f 4540/4491/15 4541/4490/15 4533/4482/15 4532/4483/15
f 4524/4092/16 4540/4491/16 4539/4492/16 4523/4095/16
f 4539/4492/15 4540/4491/15 4532/4483/15 4531/4484/15
f 4523/4095/16 4539/4492/16 4538/4493/16 4522/4098/16
f 4538/4493/15 4539/4492/15 4531/4484/15 4530/4485/15
f 4522/4098/16 4538/4493/16 4537/4494/16 4521/4101/16
f 4537/4494/15 4538/4493/15 4530/4485/15 4529/4486/15
f 4521/4101/16 4537/4494/16 4496/4495/16 4488/4104/16
f 4496/4495/15 4537/4494/15 4529/4486/15 4492/4487/15
f 4504/4455/17 4520/4454/17 4519/4496/17 4503/4497/17
f 4519/4496/18 4520/4454/18 4516/3785/18 4515/3828/18
f 4503/4497/17 4519/4496/17 4518/4498/17 4502/4499/17
f 4518/4498/18 4519/4496/18 4515/3828/18 4514/3883/18
f 4502/4499/17 4518/4498/17 4517/4500/17 4501/4501/17
f 4517/4500/18 4518/4498/18 4514/3883/18 4513/3886/18
f 4500/4478/15 4512/4477/15 4511/4502/15 4499/4503/15
f 4511/4502/17 4512/4477/17 4508/4479/17 4507/4504/17
f 4499/4503/15 4511/4502/15 4510/4505/15 4498/4506/15
f 4510/4505/17 4511/4502/17 4507/4504/17 4506/4507/17
f 4498/4506/15 4510/4505/15 4509/4508/15 4497/4509/15
f 4509/4508/17 4510/4505/17 4506/4507/17 4505/4510/17
f 4507/4504/17 4508/4479/17 4504/4455/17 4503/4497/17
f 4506/4507/17 4507/4504/17 4503/4497/17 4502/4499/17
f 4505/4510/17 4506/4507/17 4502/4499/17 4501/4501/17
f 4492/4487/15 4500/4478/15 4499/4503/15 4491/4511/15
f 4491/4511/15 4499/4503/15 4498/4506/15 4490/4512/15
f 4490/4512/15 4498/4506/15 4497/4509/15 4489/4513/15
f 4488/4104/16 4496/4495/16 4495/4514/16 4487/4131/16
f 4495/4514/15 4496/4495/15 4492/4487/15 4491/4511/15
f 4487/4131/16 4495/4514/16 4494/4515/16 4486/4134/16
f 4494/4515/15 4495/4514/15 4491/4511/15 4490/4512/15
f 4486/4134/16 4494/4515/16 4493/4516/16 4485/4137/16
f 4493/4516/15 4494/4515/15 4490/4512/15 4489/4513/15
f 3942/4517/7 3941/4518/7 3681/3682/7 3682/3681/7
f 3943/4519/7 3942/4517/7 3682/3681/7 3683/3683/7
f 3944/4520/7 3943/4519/7 3683/3683/7 3684/3684/7
f 3946/4521/6 3945/4522/6 3941/4518/6 3942/4517/6
f 3947/4523/6 3946/4521/6 3942/4517/6 3943/4519/6
f 386/200/14 390/209/14 4148/4160/14 4144/4524/14
f 4144/4524/14 4148/4160/14 4147/4161/14 4143/4525/14
f 4143/4525/14 4147/4161/14 4146/4162/14 4142/4526/14
f 4142/4526/14 4146/4162/14 4145/4163/14 4141/4527/14
f 4141/4527/14 4145/4163/14 4112/4164/14 4104/4528/14
f 386/200/12 4144/4524/12 4140/4529/12 382/190/12
f 4144/4524/12 4143/4525/12 4139/4530/12 4140/4529/12
f 4143/4525/12 4142/4526/12 4138/4531/12 4139/4530/12
f 4142/4526/12 4141/4527/12 4137/4532/12 4138/4531/12
f 4141/4527/12 4104/4528/12 4096/4533/12 4137/4532/12
f 378/180/12 382/190/12 4140/4529/12 4136/4534/12
f 4136/4534/12 4140/4529/12 4139/4530/12 4135/4535/12
f 4135/4535/12 4139/4530/12 4138/4531/12 4134/4536/12
f 4134/4536/12 4138/4531/12 4137/4532/12 4133/4537/12
f 4133/4537/12 4137/4532/12 4096/4533/12 4088/4538/12
f 374/171/12 378/180/12 4136/4534/12 4132/4539/12
f 4132/4539/12 4136/4534/12 4135/4535/12 4131/4540/12
f 4131/4540/12 4135/4535/12 4134/4536/12 4130/4541/12
f 4130/4541/12 4134/4536/12 4133/4537/12 4129/4542/12
f 4129/4542/12 4133/4537/12 4088/4538/12 4080/4543/12
f 374/171/11 4132/4539/11 4128/4544/11 370/161/11
f 4132/4539/11 4131/4540/11 4127/4545/11 4128/4544/11
f 4131/4540/11 4130/4541/11 4126/4546/11 4127/4545/11
f 4130/4541/11 4129/4542/11 4125/4547/11 4126/4546/11
f 4129/4542/11 4080/4543/11 4072/4548/11 4125/4547/11
f 370/161/11 4128/4544/11 4124/4549/11 366/152/11
f 4128/4544/11 4127/4545/11 4123/4550/11 4124/4549/11
f 4127/4545/11 4126/4546/11 4122/4551/11 4123/4550/11
f 4126/4546/11 4125/4547/11 4121/4552/11 4122/4551/11
f 4125/4547/11 4072/4548/11 4064/4553/11 4121/4552/11
f 362/142/11 366/152/11 4124/4549/11 4120/4554/11
f 4120/4554/11 4124/4549/11 4123/4550/11 4119/4555/11
f 4119/4555/11 4123/4550/11 4122/4551/11 4118/4556/11
f 4118/4556/11 4122/4551/11 4121/4552/11 4117/4557/11
f 4117/4557/11 4121/4552/11 4064/4553/11 4056/4558/11
f 362/142/9 4120/4554/9 4116/4559/9 358/128/9
f 4120/4554/9 4119/4555/9 4115/4560/9 4116/4559/9
f 4119/4555/9 4118/4556/9 4114/4561/9 4115/4560/9
f 4118/4556/9 4117/4557/9 4113/4562/9 4114/4561/9
f 4117/4557/9 4056/4558/9 4048/4563/9 4113/4562/9
f 302/129/4 358/128/4 4116/4559/4 4004/4564/4
f 4004/4564/4 4116/4559/4 4115/4560/4 4003/4565/4
f 4003/4565/4 4115/4560/4 4114/4561/4 4002/4566/4
f 4002/4566/4 4114/4561/4 4113/4562/4 4001/4567/4
f 4001/4567/4 4113/4562/4 4048/4563/4 3988/4568/4
f 4104/4528/14 4112/4164/14 4111/4189/14 4103/4569/14
f 4103/4569/14 4111/4189/14 4110/4190/14 4102/4570/14
f 4102/4570/14 4110/4190/14 4109/4191/14 4101/4571/14
f 4101/4571/14 4109/4191/14 4108/4192/14 4100/4572/14
f 4100/4572/14 4108/4192/14 4107/4193/14 4099/4573/14
f 4099/4573/14 4107/4193/14 4106/4194/14 4098/4574/14
f 4098/4574/14 4106/4194/14 4105/4195/14 4097/4575/14
f 4097/4575/14 4105/4195/14 4040/4196/14 4036/4576/14
f 4104/4528/12 4103/4569/12 4095/4577/12 4096/4533/12
f 4103/4569/12 4102/4570/12 4094/4578/12 4095/4577/12
f 4102/4570/12 4101/4571/12 4093/4579/12 4094/4578/12
f 4101/4571/12 4100/4572/12 4092/4580/12 4093/4579/12
f 4100/4572/12 4099/4573/12 4091/4581/12 4092/4580/12
f 4099/4573/12 4098/4574/12 4090/4582/12 4091/4581/12
f 4098/4574/12 4097/4575/12 4089/4583/12 4090/4582/12
f 4097/4575/12 4036/4576/12 4032/4584/12 4089/4583/12
f 4088/4538/12 4096/4533/12 4095/4577/12 4087/4585/12
f 4087/4585/12 4095/4577/12 4094/4578/12 4086/4586/12
f 4086/4586/12 4094/4578/12 4093/4579/12 4085/4587/12
f 4085/4587/12 4093/4579/12 4092/4580/12 4084/4588/12
f 4084/4588/12 4092/4580/12 4091/4581/12 4083/4589/12
f 4083/4589/12 4091/4581/12 4090/4582/12 4082/4590/12
f 4082/4590/12 4090/4582/12 4089/4583/12 4081/4591/12
f 4081/4591/12 4089/4583/12 4032/4584/12 4028/4592/12
f 4080/4543/12 4088/4538/12 4087/4585/12 4079/4593/12
f 4079/4593/12 4087/4585/12 4086/4586/12 4078/4594/12
f 4078/4594/12 4086/4586/12 4085/4587/12 4077/4595/12
f 4077/4595/12 4085/4587/12 4084/4588/12 4076/4596/12
f 4076/4596/12 4084/4588/12 4083/4589/12 4075/4597/12
f 4075/4597/12 4083/4589/12 4082/4590/12 4074/4598/12
f 4074/4598/12 4082/4590/12 4081/4591/12 4073/4599/12
f 4073/4599/12 4081/4591/12 4028/4592/12 4024/4600/12
f 4080/4543/11 4079/4593/11 4071/4601/11 4072/4548/11
f 4079/4593/11 4078/4594/11 4070/4602/11 4071/4601/11
f 4078/4594/11 4077/4595/11 4069/4603/11 4070/4602/11
f 4077/4595/11 4076/4596/11 4068/4604/11 4069/4603/11
f 4076/4596/11 4075/4597/11 4067/4605/11 4068/4604/11
f 4075/4597/11 4074/4598/11 4066/4606/11 4067/4605/11
f 4074/4598/11 4073/4599/11 4065/4607/11 4066/4606/11
f 4073/4599/11 4024/4600/11 4020/4608/11 4065/4607/11
f 4072/4548/11 4071/4601/11 4063/4609/11 4064/4553/11
f 4071/4601/11 4070/4602/11 4062/4610/11 4063/4609/11
f 4070/4602/11 4069/4603/11 4061/4611/11 4062/4610/11
f 4069/4603/11 4068/4604/11 4060/4612/11 4061/4611/11
f 4068/4604/11 4067/4605/11 4059/4613/11 4060/4612/11
f 4067/4605/11 4066/4606/11 4058/4614/11 4059/4613/11
f 4066/4606/11 4065/4607/11 4057/4615/11 4058/4614/11
f 4065/4607/11 4020/4608/11 4016/4616/11 4057/4615/11
f 4056/4558/11 4064/4553/11 4063/4609/11 4055/4617/11
f 4055/4617/11 4063/4609/11 4062/4610/11 4054/4618/11
f 4054/4618/11 4062/4610/11 4061/4611/11 4053/4619/11
f 4053/4619/11 4061/4611/11 4060/4612/11 4052/4620/11
f 4052/4620/11 4060/4612/11 4059/4613/11 4051/4621/11
f 4051/4621/11 4059/4613/11 4058/4614/11 4050/4622/11
f 4050/4622/11 4058/4614/11 4057/4615/11 4049/4623/11
f 4049/4623/11 4057/4615/11 4016/4616/11 4012/4624/11
f 4056/4558/9 4055/4617/9 4047/4625/9 4048/4563/9
f 4055/4617/9 4054/4618/9 4046/4626/9 4047/4625/9
f 4054/4618/9 4053/4619/9 4045/4627/9 4046/4626/9
f 4053/4619/9 4052/4620/9 4044/4628/9 4045/4627/9
f 4052/4620/9 4051/4621/9 4043/4629/9 4044/4628/9
f 4051/4621/9 4050/4622/9 4042/4630/9 4043/4629/9
f 4050/4622/9 4049/4623/9 4041/4631/9 4042/4630/9
f 4049/4623/9 4012/4624/9 4008/4632/9 4041/4631/9
f 3988/4568/4 4048/4563/4 4047/4625/4 3987/4633/4
f 3987/4633/4 4047/4625/4 4046/4626/4 3986/4634/4
f 3986/4634/4 4046/4626/4 4045/4627/4 3985/4635/4
f 3985/4635/4 4045/4627/4 4044/4628/4 3984/4636/4
f 3984/4636/4 4044/4628/4 4043/4629/4 3983/4637/4
f 3983/4637/4 4043/4629/4 4042/4630/4 3982/4638/4
f 3982/4638/4 4042/4630/4 4041/4631/4 3981/4639/4
f 3981/4639/4 4041/4631/4 4008/4632/4 3956/4640/4
f 4036/4576/14 4040/4196/14 4039/4427/14 4035/4641/14
f 4035/4641/14 4039/4427/14 4038/4428/14 4034/4642/14
f 4034/4642/14 4038/4428/14 4037/4433/14 4033/4643/14
f 3948/4644/6 3947/4523/6 3943/4519/6 3944/4520/6
f 3950/4645/5 3949/4646/5 3945/4522/5 3946/4521/5
f 3951/4647/5 3950/4645/5 3946/4521/5 3947/4523/5
f 3952/4648/5 3951/4647/5 3947/4523/5 3948/4644/5
f 3954/4649/4 3953/4650/4 3949/4646/4 3950/4645/4
f 4036/4576/12 4035/4641/12 4031/4651/12 4032/4584/12
f 4035/4641/12 4034/4642/12 4030/4652/12 4031/4651/12
f 4034/4642/12 4033/4643/12 4029/4653/12 4030/4652/12
f 3955/4654/4 3954/4649/4 3950/4645/4 3951/4647/4
f 3956/4640/4 3955/4654/4 3951/4647/4 3952/4648/4
f 3957/4655/7 3944/4520/7 3684/3684/7 3709/3709/7
f 3958/4656/7 3957/4655/7 3709/3709/7 3710/3710/7
f 3959/4657/7 3958/4656/7 3710/3710/7 3711/3711/7
f 3960/4658/7 3959/4657/7 3711/3711/7 3712/3712/7
f 3961/4659/7 3960/4658/7 3712/3712/7 3713/3713/7
f 3962/4660/7 3961/4659/7 3713/3713/7 3714/3714/7
f 3963/4661/7 3962/4660/7 3714/3714/7 3715/3715/7
f 3964/4662/7 3963/4661/7 3715/3715/7 3716/3716/7
f 3965/4663/6 3948/4644/6 3944/4520/6 3957/4655/6
f 3966/4664/6 3965/4663/6 3957/4655/6 3958/4656/6
f 3967/4665/6 3966/4664/6 3958/4656/6 3959/4657/6
f 3968/4666/6 3967/4665/6 3959/4657/6 3960/4658/6
f 3969/4667/6 3968/4666/6 3960/4658/6 3961/4659/6
f 3970/4668/6 3969/4667/6 3961/4659/6 3962/4660/6
f 3971/4669/6 3970/4668/6 3962/4660/6 3963/4661/6
f 3972/4670/6 3971/4669/6 3963/4661/6 3964/4662/6
f 3973/4671/5 3952/4648/5 3948/4644/5 3965/4663/5
f 3974/4672/5 3973/4671/5 3965/4663/5 3966/4664/5
f 3975/4673/5 3974/4672/5 3966/4664/5 3967/4665/5
f 3976/4674/5 3975/4673/5 3967/4665/5 3968/4666/5
f 3977/4675/5 3976/4674/5 3968/4666/5 3969/4667/5
f 3978/4676/5 3977/4675/5 3969/4667/5 3970/4668/5
f 3979/4677/5 3978/4676/5 3970/4668/5 3971/4669/5
f 3980/4678/5 3979/4677/5 3971/4669/5 3972/4670/5
f 3981/4639/4 3956/4640/4 3952/4648/4 3973/4671/4
f 3982/4638/4 3981/4639/4 3973/4671/4 3974/4672/4
f 3983/4637/4 3982/4638/4 3974/4672/4 3975/4673/4
f 3984/4636/4 3983/4637/4 3975/4673/4 3976/4674/4
f 4028/4592/12 4032/4584/12 4031/4651/12 4027/4679/12
f 4027/4679/12 4031/4651/12 4030/4652/12 4026/4680/12
f 4026/4680/12 4030/4652/12 4029/4653/12 4025/4681/12
f 3985/4635/4 3984/4636/4 3976/4674/4 3977/4675/4
f 3986/4634/4 3985/4635/4 3977/4675/4 3978/4676/4
f 3987/4633/4 3986/4634/4 3978/4676/4 3979/4677/4
f 3988/4568/4 3987/4633/4 3979/4677/4 3980/4678/4
f 3989/4682/7 3964/4662/7 3716/3716/7 3729/3729/7
f 4024/4600/12 4028/4592/12 4027/4679/12 4023/4683/12
f 4023/4683/12 4027/4679/12 4026/4680/12 4022/4684/12
f 4022/4684/12 4026/4680/12 4025/4681/12 4021/4685/12
f 3990/4686/7 3989/4682/7 3729/3729/7 3730/3730/7
f 3991/4687/7 3990/4686/7 3730/3730/7 3731/3731/7
f 3992/4688/7 3991/4687/7 3731/3731/7 3732/3732/7
f 290/315/7 3992/4688/7 3732/3732/7 13/330/7
f 3993/4689/6 3972/4670/6 3964/4662/6 3989/4682/6
f 4024/4600/11 4023/4683/11 4019/4690/11 4020/4608/11
f 4023/4683/11 4022/4684/11 4018/4691/11 4019/4690/11
f 4022/4684/11 4021/4685/11 4017/4692/11 4018/4691/11
f 3994/4693/6 3993/4689/6 3989/4682/6 3990/4686/6
f 3995/4694/6 3994/4693/6 3990/4686/6 3991/4687/6
f 3996/4695/6 3995/4694/6 3991/4687/6 3992/4688/6
f 294/297/6 3996/4695/6 3992/4688/6 290/315/6
f 3997/4696/5 3980/4678/5 3972/4670/5 3993/4689/5
f 4020/4608/11 4019/4690/11 4015/4697/11 4016/4616/11
f 4019/4690/11 4018/4691/11 4014/4698/11 4015/4697/11
f 4018/4691/11 4017/4692/11 4013/4699/11 4014/4698/11
f 3998/4700/5 3997/4696/5 3993/4689/5 3994/4693/5
f 3999/4701/5 3998/4700/5 3994/4693/5 3995/4694/5
f 4000/4702/5 3999/4701/5 3995/4694/5 3996/4695/5
f 298/206/5 4000/4702/5 3996/4695/5 294/297/5
f 4001/4567/4 3988/4568/4 3980/4678/4 3997/4696/4
f 4012/4624/11 4016/4616/11 4015/4697/11 4011/4703/11
f 4011/4703/11 4015/4697/11 4014/4698/11 4010/4704/11
f 4010/4704/11 4014/4698/11 4013/4699/11 4009/4705/11
f 4002/4566/4 4001/4567/4 3997/4696/4 3998/4700/4
f 4003/4565/4 4002/4566/4 3998/4700/4 3999/4701/4
f 4004/4564/4 4003/4565/4 3999/4701/4 4000/4702/4
f 302/129/4 4004/4564/4 4000/4702/4 298/206/4
f 4484/3758/3 812/17/3 808/13/3 4480/4706/3
f 4012/4624/9 4011/4703/9 4007/4707/9 4008/4632/9
f 4011/4703/9 4010/4704/9 4006/4708/9 4007/4707/9
f 4010/4704/9 4009/4705/9 4005/4709/9 4006/4708/9
f 4483/3759/3 4484/3758/3 4480/4706/3 4479/4710/3
f 4482/3760/3 4483/3759/3 4479/4710/3 4478/4711/3
f 4481/3761/3 4482/3760/3 4478/4711/3 4477/4712/3
f 4468/3762/3 4481/3761/3 4477/4712/3 4460/4713/3
f 4480/4706/2 808/13/2 804/9/2 4476/4714/2
f 3956/4640/4 4008/4632/4 4007/4707/4 3955/4654/4
f 3955/4654/4 4007/4707/4 4006/4708/4 3954/4649/4
f 3954/4649/4 4006/4708/4 4005/4709/4 3953/4650/4
f 4479/4710/2 4480/4706/2 4476/4714/2 4475/4715/2
f 4478/4711/2 4479/4710/2 4475/4715/2 4474/4716/2
f 4477/4712/2 4478/4711/2 4474/4716/2 4473/4717/2
f 4460/4713/2 4477/4712/2 4473/4717/2 4452/4718/2
f 4476/4714/1 804/9/1 800/4/1 4472/4719/1
f 4475/4715/1 4476/4714/1 4472/4719/1 4471/4720/1
f 4474/4716/1 4475/4715/1 4471/4720/1 4470/4721/1
f 4473/4717/1 4474/4716/1 4470/4721/1 4469/4722/1
f 4452/4718/1 4473/4717/1 4469/4722/1 4444/4723/1
f 800/4/1 679/3/1 4420/4432/1 4472/4719/1
f 4472/4719/1 4420/4432/1 4419/4431/1 4471/4720/1
f 4471/4720/1 4419/4431/1 4418/4430/1 4470/4721/1
f 4470/4721/1 4418/4430/1 4417/4429/1 4469/4722/1
f 4469/4722/1 4417/4429/1 4384/4374/1 4444/4723/1
f 4467/3815/3 4468/3762/3 4460/4713/3 4459/4724/3
f 4466/3816/3 4467/3815/3 4459/4724/3 4458/4725/3
f 4465/3817/3 4466/3816/3 4458/4725/3 4457/4726/3
f 4464/3818/3 4465/3817/3 4457/4726/3 4456/4727/3
f 4463/3819/3 4464/3818/3 4456/4727/3 4455/4728/3
f 4462/3824/3 4463/3819/3 4455/4728/3 4454/4729/3
f 4461/3825/3 4462/3824/3 4454/4729/3 4453/4730/3
f 4436/3826/3 4461/3825/3 4453/4730/3 4432/4731/3
f 4459/4724/2 4460/4713/2 4452/4718/2 4451/4732/2
f 4458/4725/2 4459/4724/2 4451/4732/2 4450/4733/2
f 4457/4726/2 4458/4725/2 4450/4733/2 4449/4734/2
f 4456/4727/2 4457/4726/2 4449/4734/2 4448/4735/2
f 4455/4728/2 4456/4727/2 4448/4735/2 4447/4736/2
f 4454/4729/2 4455/4728/2 4447/4736/2 4446/4737/2
f 4453/4730/2 4454/4729/2 4446/4737/2 4445/4738/2
f 4432/4731/2 4453/4730/2 4445/4738/2 4428/4739/2
f 4451/4732/1 4452/4718/1 4444/4723/1 4443/4740/1
f 4450/4733/1 4451/4732/1 4443/4740/1 4442/4741/1
f 4449/4734/1 4450/4733/1 4442/4741/1 4441/4742/1
f 4448/4735/1 4449/4734/1 4441/4742/1 4440/4743/1
f 4447/4736/1 4448/4735/1 4440/4743/1 4439/4744/1
f 4446/4737/1 4447/4736/1 4439/4744/1 4438/4745/1
f 4445/4738/1 4446/4737/1 4438/4745/1 4437/4746/1
f 4428/4739/1 4445/4738/1 4437/4746/1 4424/4747/1
f 4444/4723/1 4384/4374/1 4383/4373/1 4443/4740/1
f 4443/4740/1 4383/4373/1 4382/4372/1 4442/4741/1
f 4442/4741/1 4382/4372/1 4381/4371/1 4441/4742/1
f 4441/4742/1 4381/4371/1 4380/4370/1 4440/4743/1
f 4440/4743/1 4380/4370/1 4379/4369/1 4439/4744/1
f 4439/4744/1 4379/4369/1 4378/4368/1 4438/4745/1
f 4438/4745/1 4378/4368/1 4377/4367/1 4437/4746/1
f 4437/4746/1 4377/4367/1 4312/4302/1 4424/4747/1
f 4435/3906/3 4436/3826/3 4432/4731/3 4431/4748/3
f 4434/3907/3 4435/3906/3 4431/4748/3 4430/4749/3
f 4433/3908/3 4434/3907/3 4430/4749/3 4429/4750/3
f 4431/4748/2 4432/4731/2 4428/4739/2 4427/4751/2
f 4430/4749/2 4431/4748/2 4427/4751/2 4426/4752/2
f 4429/4750/2 4430/4749/2 4426/4752/2 4425/4753/2
f 4427/4751/1 4428/4739/1 4424/4747/1 4423/4754/1
f 4426/4752/1 4427/4751/1 4423/4754/1 4422/4755/1
f 4425/4753/1 4426/4752/1 4422/4755/1 4421/4756/1
f 4424/4747/1 4312/4302/1 4311/4301/1 4423/4754/1
f 4423/4754/1 4311/4301/1 4310/4300/1 4422/4755/1
f 4422/4755/1 4310/4300/1 4309/4299/1 4421/4756/1
f 6379/4757/10 6380/4758/10 6342/4759/10 6341/4760/10
f 6380/4758/10 6381/4761/10 6343/4762/10 6342/4759/10
f 6381/4761/861 6382/4763/861 6344/4764/861 6343/4762/861
f 6382/4763/862 6369/4765/862 6336/4766/862 6344/4764/862
f 6383/4767/45 6370/4768/45 6369/4765/45 6382/4763/45
f 6384/4769/45 6371/4770/45 6370/4768/45 6383/4767/45
f 6385/4771/45 6372/4772/45 6371/4770/45 6384/4769/45
f 6386/4773/45 6373/4774/45 6372/4772/45 6385/4771/45
f 6387/4775/45 6374/4776/45 6373/4774/45 6386/4773/45
f 6388/4777/45 6375/4778/45 6374/4776/45 6387/4775/45
f 6389/4779/45 6377/4780/45 6375/4778/45 6388/4777/45
f 6390/4781/10 6379/4757/10 6071/4782/10 6082/4783/10
f 6391/4784/10 6380/4758/10 6379/4757/10 6390/4781/10
f 6392/4785/10 6381/4761/10 6380/4758/10 6391/4784/10
f 6393/4786/863 6382/4763/863 6381/4761/863 6392/4785/863
f 6086/4787/864 6394/4788/864 6390/4781/864 6082/4783/864
f 6394/4788/864 6395/4789/864 6391/4784/864 6390/4781/864
f 6395/4789/865 6396/4790/865 6392/4785/865 6391/4784/865
f 6396/4790/866 6397/4791/866 6393/4786/866 6392/4785/866
f 6397/4791/867 6383/4767/867 6382/4763/867 6393/4786/867
f 6398/4792/45 6384/4769/45 6383/4767/45 6397/4791/45
f 6399/4793/45 6385/4771/45 6384/4769/45 6398/4792/45
f 6400/4794/45 6386/4773/45 6385/4771/45 6399/4793/45
f 6401/4795/45 6387/4775/45 6386/4773/45 6400/4794/45
f 6402/4796/45 6388/4777/45 6387/4775/45 6401/4795/45
f 6403/4797/45 6389/4779/45 6388/4777/45 6402/4796/45
f 6404/4798/1 6394/4788/1 6086/4787/1 6096/4799/1
f 6405/4800/1 6395/4789/1 6394/4788/1 6404/4798/1
f 6406/4801/1 6396/4790/1 6395/4789/1 6405/4800/1
f 6407/4802/868 6397/4791/868 6396/4790/868 6406/4801/868
f 6100/4803/1 6408/4804/1 6404/4798/1 6096/4799/1
f 6408/4804/1 6409/4805/1 6405/4800/1 6404/4798/1
f 6409/4805/1 6410/4806/1 6406/4801/1 6405/4800/1
f 6410/4806/1 6411/4807/1 6407/4802/1 6406/4801/1
f 6411/4807/869 6398/4792/869 6397/4791/869 6407/4802/869
f 6104/4808/1 6412/4809/1 6408/4804/1 6100/4803/1
f 6412/4809/1 6413/4810/1 6409/4805/1 6408/4804/1
f 6413/4810/1 6414/4811/1 6410/4806/1 6409/4805/1
f 6414/4811/870 6415/4812/870 6411/4807/870 6410/4806/870
f 6415/4812/871 6399/4793/871 6398/4792/871 6411/4807/871
f 6108/4813/1 6416/4814/1 6412/4809/1 6104/4808/1
f 6416/4814/1 6417/4815/1 6413/4810/1 6412/4809/1
f 6417/4815/1 6418/4816/1 6414/4811/1 6413/4810/1
f 6418/4816/872 6419/4817/872 6415/4812/872 6414/4811/872
f 6419/4817/45 6400/4794/45 6399/4793/45 6415/4812/45
f 6420/4818/45 6401/4795/45 6400/4794/45 6419/4817/45
f 6421/4819/45 6402/4796/45 6401/4795/45 6420/4818/45
f 6422/4820/45 6403/4797/45 6402/4796/45 6421/4819/45
f 6423/4821/873 6416/4814/873 6108/4813/873 6115/4822/873
f 6424/4823/874 6417/4815/874 6416/4814/874 6423/4821/874
f 6425/4824/875 6418/4816/875 6417/4815/875 6424/4823/875
f 6426/4825/876 6419/4817/876 6418/4816/876 6425/4824/876
f 6119/4826/3 6427/4827/3 6423/4821/3 6115/4822/3
f 6427/4827/3 6428/4828/3 6424/4823/3 6423/4821/3
f 6428/4828/3 6429/4829/3 6425/4824/3 6424/4823/3
f 6429/4829/3 6430/4830/3 6426/4825/3 6425/4824/3
f 6430/4830/877 6420/4818/877 6419/4817/877 6426/4825/877
f 6123/4831/3 6431/4832/3 6427/4827/3 6119/4826/3
f 6431/4832/3 6432/4833/3 6428/4828/3 6427/4827/3
f 6432/4833/3 6433/4834/3 6429/4829/3 6428/4828/3
f 6433/4834/3 6434/4835/3 6430/4830/3 6429/4829/3
f 6434/4835/878 6421/4819/878 6420/4818/878 6430/4830/878
f 6127/4836/3 6435/4837/3 6431/4832/3 6123/4831/3
f 6435/4837/3 6436/4838/3 6432/4833/3 6431/4832/3
f 6436/4838/3 6437/4839/3 6433/4834/3 6432/4833/3
f 6437/4839/3 6438/4840/3 6434/4835/3 6433/4834/3
f 6438/4840/879 6422/4820/879 6421/4819/879 6434/4835/879
f 6439/4841/1 6318/4842/1 6285/4843/1 6354/4844/1
f 6440/4845/1 6319/4846/1 6318/4842/1 6439/4841/1
f 6441/4847/1 6320/4848/1 6319/4846/1 6440/4845/1
f 6442/4849/1 6321/4850/1 6320/4848/1 6441/4847/1
f 4421/4756/1 4309/4299/1 6321/4850/1 6442/4849/1
f 6071/4782/10 6379/4757/10 6341/4760/10 6051/4851/10
f 6378/4852/880 6365/4853/880 6361/4854/880 6376/4855/880
f 6377/4780/45 6378/4852/45 6376/4855/45 6375/4778/45
f 6359/4856/1 6443/4857/1 6439/4841/1 6354/4844/1
f 6443/4857/1 6444/4858/1 6440/4845/1 6439/4841/1
f 6444/4858/1 6445/4859/1 6441/4847/1 6440/4845/1
f 6445/4859/1 6446/4860/1 6442/4849/1 6441/4847/1
f 6446/4860/1 4425/4753/1 4421/4756/1 6442/4849/1
f 6376/4855/881 6361/4854/881 6360/4861/881 6375/4778/881
f 6375/4778/45 6360/4861/45 6355/4862/45 6374/4776/45
f 6374/4776/45 6355/4862/45 6350/4863/45 6373/4774/45
f 6364/4864/2 6447/4865/2 6443/4857/2 6359/4856/2
f 6447/4865/2 6448/4866/2 6444/4858/2 6443/4857/2
f 6448/4866/2 6449/4867/2 6445/4859/2 6444/4858/2
f 6449/4867/2 6450/4868/2 6446/4860/2 6445/4859/2
f 6450/4868/2 4429/4750/2 4425/4753/2 6446/4860/2
f 6373/4774/45 6350/4863/45 6348/4869/45 6372/4772/45
f 6372/4772/45 6348/4869/45 6347/4870/45 6371/4770/45
f 6371/4770/45 6347/4870/45 6346/4871/45 6370/4768/45
f 6368/4872/3 6451/4873/3 6447/4865/3 6364/4864/3
f 6451/4873/3 6452/4874/3 6448/4866/3 6447/4865/3
f 6452/4874/3 6453/4875/3 6449/4867/3 6448/4866/3
f 6453/4875/3 6454/4876/3 6450/4868/3 6449/4867/3
f 6454/4876/3 4433/3908/3 4429/4750/3 6450/4868/3
f 6370/4768/45 6346/4871/45 6345/4877/45 6369/4765/45
f 6369/4765/45 6345/4877/45 6327/4878/45 6336/4766/45
f 6367/4879/3 6368/4872/3 6364/4864/3 6363/4880/3
f 6366/4881/3 6367/4879/3 6363/4880/3 6362/4882/3
f 6365/4853/3 6366/4881/3 6362/4882/3 6361/4854/3
f 6363/4880/2 6364/4864/2 6359/4856/2 6358/4883/2
f 6362/4882/882 6363/4880/882 6358/4883/882 6357/4884/882
f 6361/4854/883 6362/4882/883 6357/4884/883 6356/4885/883
f 6360/4861/884 6361/4854/884 6356/4885/884 6355/4862/884
f 6358/4883/1 6359/4856/1 6354/4844/1 6353/4886/1
f 6357/4884/1 6358/4883/1 6353/4886/1 6352/4887/1
f 6356/4885/1 6357/4884/1 6352/4887/1 6351/4888/1
f 6355/4862/885 6356/4885/885 6351/4888/885 6350/4863/885
f 6354/4844/1 6285/4843/1 6284/4889/1 6353/4886/1
f 6353/4886/1 6284/4889/1 6283/4890/1 6352/4887/1
f 6352/4887/1 6283/4890/1 6282/4891/1 6351/4888/1
f 6351/4888/886 6282/4891/886 6278/4892/886 6349/4893/886
f 6350/4863/887 6351/4888/887 6349/4893/887 6348/4869/887
f 6349/4893/888 6278/4892/888 6277/4894/888 6348/4869/888
f 6348/4869/45 6277/4894/45 6275/4895/45 6347/4870/45
f 6347/4870/45 6275/4895/45 6274/4896/45 6346/4871/45
f 6346/4871/45 6274/4896/45 6273/4897/45 6345/4877/45
f 6345/4877/45 6273/4897/45 6221/4898/45 6327/4878/45
f 5719/4899/11 5718/4900/11 5713/4901/11 5714/4902/11
f 5720/4903/11 5719/4899/11 5714/4902/11 5715/4904/11
f 5721/4905/11 5720/4903/11 5715/4904/11 5716/4906/11
f 5722/4907/45 5707/4908/45 5706/4909/45 5717/4910/45
f 5718/4900/889 5724/4911/889 5723/4912/889 5717/4910/889
f 5719/4899/12 5725/4913/12 5724/4911/12 5718/4900/12
f 5720/4903/12 5726/4914/12 5725/4913/12 5719/4899/12
f 5721/4905/12 5727/4915/12 5726/4914/12 5720/4903/12
f 5728/4916/45 5722/4907/45 5717/4910/45 5723/4912/45
f 5729/4917/890 5728/4916/890 5723/4912/890 5724/4911/890
f 5725/4913/12 5731/4918/12 5730/4919/12 5724/4911/12
f 5726/4914/12 5732/4920/12 5731/4918/12 5725/4913/12
f 5727/4915/12 5733/4921/12 5732/4920/12 5726/4914/12
f 5729/4917/891 5735/4922/891 5734/4923/891 5728/4916/891
f 5735/4922/12 5729/4917/12 5724/4911/12 5730/4919/12
f 5736/4924/12 5735/4922/12 5730/4919/12 5731/4918/12
f 5737/4925/12 5736/4924/12 5731/4918/12 5732/4920/12
f 5718/4900/892 5717/4910/892 5712/4926/892 5713/4901/892
f 5717/4910/45 5706/4909/45 5704/4927/45 5712/4926/45
f 5716/4906/11 5715/4904/11 5710/4928/11 5711/4929/11
f 5738/4930/12 5737/4925/12 5732/4920/12 5733/4921/12
f 5736/4924/893 5740/4931/893 5739/4932/893 5735/4922/893
f 5737/4925/894 5741/4933/894 5740/4931/894 5736/4924/894
f 5738/4930/14 5742/4934/14 5741/4933/14 5737/4925/14
f 5668/4935/4 5743/4936/4 5698/4937/4 5650/4938/4
f 5715/4904/11 5714/4902/11 5709/4939/11 5710/4928/11
f 5714/4902/11 5713/4901/11 5708/4940/11 5709/4939/11
f 5713/4901/11 5705/4941/11 5700/4942/11 5708/4940/11
f 5669/4943/4 5744/4944/4 5743/4936/4 5668/4935/4
f 5670/4945/4 5745/4946/4 5744/4944/4 5669/4943/4
f 5671/4947/4 5746/4948/4 5745/4946/4 5670/4945/4
f 3953/4650/4 4005/4709/4 5746/4948/4 5671/4947/4
f 5747/4949/9 5703/4950/9 5698/4937/9 5743/4936/9
f 5705/4941/895 5713/4901/895 5712/4926/895 5704/4927/895
f 5703/4950/11 5711/4929/11 5710/4928/11 5702/4951/11
f 5702/4951/11 5710/4928/11 5709/4939/11 5701/4952/11
f 5748/4953/9 5747/4949/9 5743/4936/9 5744/4944/9
f 5749/4954/9 5748/4953/9 5744/4944/9 5745/4946/9
f 5750/4955/9 5749/4954/9 5745/4946/9 5746/4948/9
f 4009/4705/9 5750/4955/9 5746/4948/9 4005/4709/9
f 5747/4949/11 5751/4956/11 5711/4929/11 5703/4950/11
f 5701/4952/11 5709/4939/11 5708/4940/11 5700/4942/11
f 5707/4908/45 5655/4957/45 5654/4958/45 5706/4909/45
f 5706/4909/45 5654/4958/45 5653/4959/45 5704/4927/45
f 5705/4941/896 5704/4927/896 5699/4960/896 5700/4942/896
f 5704/4927/45 5653/4959/45 5651/4961/45 5699/4960/45
f 5703/4950/9 5702/4951/9 5697/4962/9 5698/4937/9
f 5702/4951/897 5701/4952/897 5696/4963/897 5697/4962/897
f 5701/4952/898 5700/4942/898 5695/4964/898 5696/4963/898
f 5700/4942/899 5652/4965/899 5647/4966/899 5695/4964/899
f 5652/4965/900 5700/4942/900 5699/4960/900 5651/4961/900
f 5650/4938/4 5698/4937/4 5697/4962/4 5649/4967/4
f 5649/4967/4 5697/4962/4 5696/4963/4 5648/4968/4
f 5648/4968/4 5696/4963/4 5695/4964/4 5647/4966/4
f 5694/4969/901 5688/4970/901 5684/4971/901 5690/4972/901
f 5688/4970/12 5694/4969/12 5693/4973/12 5687/4974/12
f 5687/4974/12 5693/4973/12 5692/4975/12 5686/4976/12
f 5686/4976/12 5692/4975/12 5691/4977/12 5685/4978/12
f 5685/4978/12 5691/4977/12 5421/4979/12 5415/4980/12
f 5690/4972/902 5684/4971/902 5680/4981/902 5689/4982/902
f 5689/4982/45 5680/4981/45 5631/4983/45 5655/4957/45
f 5688/4970/12 5687/4974/12 5683/4984/12 5684/4971/12
f 5687/4974/12 5686/4976/12 5682/4985/12 5683/4984/12
f 5686/4976/12 5685/4978/12 5681/4986/12 5682/4985/12
f 5685/4978/12 5415/4980/12 5411/4987/12 5681/4986/12
f 5684/4971/903 5679/4988/903 5675/4989/903 5680/4981/903
f 5679/4988/11 5684/4971/11 5683/4984/11 5678/4990/11
f 5678/4990/11 5683/4984/11 5682/4985/11 5677/4991/11
f 5677/4991/11 5682/4985/11 5681/4986/11 5676/4992/11
f 5676/4992/11 5681/4986/11 5411/4987/11 5406/4993/11
f 5680/4981/904 5675/4989/904 5621/4994/904 5631/4983/904
f 5679/4988/11 5678/4990/11 5674/4995/11 5675/4989/11
f 5678/4990/11 5677/4991/11 5673/4996/11 5674/4995/11
f 5677/4991/11 5676/4992/11 5672/4997/11 5673/4996/11
f 5676/4992/11 5406/4993/11 5402/4998/11 5672/4997/11
f 5675/4989/905 5674/4995/905 5620/4999/905 5621/4994/905
f 5674/4995/11 5673/4996/11 5619/5000/11 5620/4999/11
f 5673/4996/11 5672/4997/11 5618/5001/11 5619/5000/11
f 5672/4997/11 5402/4998/11 5382/5002/11 5618/5001/11
f 5748/4953/11 5752/5003/11 5751/4956/11 5747/4949/11
f 5749/4954/11 5753/5004/11 5752/5003/11 5748/4953/11
f 5750/4955/11 5754/5005/11 5753/5004/11 5749/4954/11
f 4009/4705/11 4013/4699/11 5754/5005/11 5750/4955/11
f 5755/5006/11 5716/4906/11 5711/4929/11 5751/4956/11
f 5756/5007/11 5755/5006/11 5751/4956/11 5752/5003/11
f 5757/5008/11 5756/5007/11 5752/5003/11 5753/5004/11
f 5758/5009/11 5757/5008/11 5753/5004/11 5754/5005/11
f 4017/4692/11 5758/5009/11 5754/5005/11 4013/4699/11
f 5759/5010/11 5721/4905/11 5716/4906/11 5755/5006/11
f 5760/5011/11 5759/5010/11 5755/5006/11 5756/5007/11
f 5761/5012/11 5760/5011/11 5756/5007/11 5757/5008/11
f 5762/5013/11 5761/5012/11 5757/5008/11 5758/5009/11
f 4021/4685/11 5762/5013/11 5758/5009/11 4017/4692/11
f 5759/5010/12 5763/5014/12 5727/4915/12 5721/4905/12
f 5760/5011/12 5764/5015/12 5763/5014/12 5759/5010/12
f 5761/5012/12 5765/5016/12 5764/5015/12 5760/5011/12
f 5762/5013/12 5766/5017/12 5765/5016/12 5761/5012/12
f 4021/4685/12 4025/4681/12 5766/5017/12 5762/5013/12
f 5763/5014/12 5767/5018/12 5733/4921/12 5727/4915/12
f 5764/5015/12 5768/5019/12 5767/5018/12 5763/5014/12
f 5765/5016/12 5769/5020/12 5768/5019/12 5764/5015/12
f 5766/5017/12 5770/5021/12 5769/5020/12 5765/5016/12
f 4025/4681/12 4029/4653/12 5770/5021/12 5766/5017/12
f 6344/4764/906 6336/4766/906 6335/5022/906 6340/5023/906
f 6343/4762/10 6344/4764/10 6340/5023/10 6339/5024/10
f 6342/4759/10 6343/4762/10 6339/5024/10 6338/5025/10
f 6341/4760/10 6342/4759/10 6338/5025/10 6337/5026/10
f 6051/4851/10 6341/4760/10 6337/5026/10 6047/5027/10
f 6340/5023/10 6335/5022/10 6334/5028/10 6339/5024/10
f 6339/5024/10 6334/5028/10 6333/5029/10 6338/5025/10
f 6338/5025/10 6333/5029/10 6332/5030/10 6337/5026/10
f 6337/5026/10 6332/5030/10 6042/5031/10 6047/5027/10
f 6336/4766/907 6327/4878/907 6326/5032/907 6335/5022/907
f 6335/5022/908 6326/5032/908 6325/5033/908 6331/5034/908
f 6334/5028/13 6335/5022/13 6331/5034/13 6330/5035/13
f 6333/5029/13 6334/5028/13 6330/5035/13 6329/5036/13
f 6332/5030/13 6333/5029/13 6329/5036/13 6328/5037/13
f 6042/5031/13 6332/5030/13 6328/5037/13 6038/5038/13
f 6331/5034/13 6325/5033/13 6324/5039/13 6330/5035/13
f 6330/5035/13 6324/5039/13 6323/5040/13 6329/5036/13
f 6329/5036/13 6323/5040/13 6322/5041/13 6328/5037/13
f 6328/5037/13 6322/5041/13 6032/5042/13 6038/5038/13
f 6327/4878/45 6221/4898/45 6220/5043/45 6326/5032/45
f 6326/5032/909 6220/5043/909 6219/5044/909 6325/5033/909
f 6325/5033/910 6219/5044/910 6218/5045/910 6324/5039/910
f 6324/5039/13 6218/5045/13 6217/5046/13 6323/5040/13
f 6323/5040/13 6217/5046/13 6216/5047/13 6322/5041/13
f 6322/5041/13 6216/5047/13 5962/5048/13 6032/5042/13
f 5771/5049/12 5738/4930/12 5733/4921/12 5767/5018/12
f 5772/5050/12 5771/5049/12 5767/5018/12 5768/5019/12
f 5773/5051/12 5772/5050/12 5768/5019/12 5769/5020/12
f 5774/5052/12 5773/5051/12 5769/5020/12 5770/5021/12
f 4033/4643/12 5774/5052/12 5770/5021/12 4029/4653/12
f 5771/5049/14 5775/5053/14 5742/4934/14 5738/4930/14
f 3953/4650/4 5671/4947/4 5667/5054/4 3949/4646/4
f 5671/4947/4 5670/4945/4 5666/5055/4 5667/5054/4
f 5670/4945/4 5669/4943/4 5665/5056/4 5666/5055/4
f 5669/4943/4 5668/4935/4 5664/5057/4 5665/5056/4
f 5668/4935/4 5650/4938/4 5645/5058/4 5664/5057/4
f 5772/5050/14 5776/5059/14 5775/5053/14 5771/5049/14
f 5773/5051/14 5777/5060/14 5776/5059/14 5772/5050/14
f 5774/5052/14 5778/5061/14 5777/5060/14 5773/5051/14
f 3949/4646/5 5667/5054/5 5663/5062/5 3945/4522/5
f 5667/5054/5 5666/5055/5 5662/5063/5 5663/5062/5
f 5666/5055/5 5665/5056/5 5661/5064/5 5662/5063/5
f 5665/5056/5 5664/5057/5 5660/5065/5 5661/5064/5
f 5664/5057/5 5645/5058/5 5640/5066/5 5660/5065/5
f 4033/4643/14 4037/4433/14 5778/5061/14 5774/5052/14
f 5779/5067/45 5689/4982/45 5655/4957/45 5707/4908/45
f 5780/5068/45 5690/4972/45 5689/4982/45 5779/5067/45
f 3945/4522/6 5663/5062/6 5659/5069/6 3941/4518/6
f 5663/5062/6 5662/5063/6 5658/5070/6 5659/5069/6
f 5662/5063/6 5661/5064/6 5657/5071/6 5658/5070/6
f 5661/5064/6 5660/5065/6 5656/5072/6 5657/5071/6
f 5660/5065/6 5640/5066/6 5635/5073/6 5656/5072/6
f 5691/4977/12 5781/5074/12 5491/5075/12 5421/4979/12
f 5692/4975/12 5782/5076/12 5781/5074/12 5691/4977/12
f 5693/4973/12 5783/5077/12 5782/5076/12 5692/4975/12
f 3941/4518/7 5659/5069/7 5128/5078/7 3681/3682/7
f 5659/5069/7 5658/5070/7 5127/5079/7 5128/5078/7
f 5658/5070/7 5657/5071/7 5126/5080/7 5127/5079/7
f 5657/5071/7 5656/5072/7 5125/5081/7 5126/5080/7
f 5656/5072/7 5635/5073/7 5112/5082/7 5125/5081/7
f 5655/4957/45 5631/4983/45 5630/5083/45 5654/4958/45
f 5654/4958/45 5630/5083/45 5629/5084/45 5653/4959/45
f 5653/4959/45 5629/5084/45 5628/5085/45 5651/4961/45
f 5652/4965/911 5651/4961/911 5646/5086/911 5647/4966/911
f 5651/4961/45 5628/5085/45 5627/5087/45 5646/5086/45
f 5650/4938/4 5649/4967/4 5644/5088/4 5645/5058/4
f 5649/4967/4 5648/4968/4 5643/5089/4 5644/5088/4
f 5648/4968/4 5647/4966/4 5642/5090/4 5643/5089/4
f 5647/4966/912 5646/5086/912 5641/5091/912 5642/5090/912
f 5646/5086/45 5627/5087/45 5626/5092/45 5641/5091/45
f 5645/5058/5 5644/5088/5 5639/5093/5 5640/5066/5
f 5644/5088/913 5643/5089/913 5638/5094/913 5639/5093/913
f 5643/5089/914 5642/5090/914 5637/5095/914 5638/5094/914
f 5642/5090/915 5641/5091/915 5636/5096/915 5637/5095/915
f 5641/5091/45 5626/5092/45 5624/5097/45 5636/5096/45
f 5640/5066/6 5639/5093/6 5634/5098/6 5635/5073/6
f 5639/5093/6 5638/5094/6 5633/5099/6 5634/5098/6
f 5638/5094/6 5637/5095/6 5632/5100/6 5633/5099/6
f 5637/5095/916 5625/5101/916 5623/5102/916 5632/5100/916
f 5625/5101/917 5637/5095/917 5636/5096/917 5624/5097/917
f 5635/5073/7 5634/5098/7 5111/5103/7 5112/5082/7
f 5634/5098/918 5633/5099/918 5110/5104/918 5111/5103/918
f 5633/5099/919 5632/5100/919 5109/5105/919 5110/5104/919
f 5632/5100/920 5623/5102/920 5088/5106/920 5109/5105/920
f 5631/4983/45 5621/4994/45 5617/5107/45 5630/5083/45
f 5630/5083/45 5617/5107/45 5616/5108/45 5629/5084/45
f 5629/5084/45 5616/5108/45 5615/5109/45 5628/5085/45
f 5628/5085/45 5615/5109/45 5614/5110/45 5627/5087/45
f 5627/5087/45 5614/5110/45 5613/5111/45 5626/5092/45
f 5626/5092/45 5613/5111/45 5612/5112/45 5624/5097/45
f 5625/5101/45 5624/5097/45 5622/5113/45 5623/5102/45
f 5624/5097/45 5612/5112/45 5611/5114/45 5622/5113/45
f 5623/5102/45 5622/5113/45 5087/5115/45 5088/5106/45
f 5622/5113/45 5611/5114/45 5078/5116/45 5087/5115/45
f 5621/4994/921 5610/5117/921 5606/5118/921 5617/5107/921
f 5610/5117/922 5621/4994/922 5620/4999/922 5609/5119/922
f 5609/5119/11 5620/4999/11 5619/5000/11 5608/5120/11
f 5608/5120/11 5619/5000/11 5618/5001/11 5607/5121/11
f 5607/5121/11 5618/5001/11 5382/5002/11 5371/5122/11
f 5617/5107/45 5606/5118/45 5602/5123/45 5616/5108/45
f 5616/5108/45 5602/5123/45 5601/5124/45 5615/5109/45
f 5615/5109/45 5601/5124/45 5600/5125/45 5614/5110/45
f 5614/5110/45 5600/5125/45 5599/5126/45 5613/5111/45
f 5613/5111/45 5599/5126/45 5598/5127/45 5612/5112/45
f 5612/5112/45 5598/5127/45 5597/5128/45 5611/5114/45
f 5611/5114/45 5597/5128/45 5067/5129/45 5078/5116/45
f 5610/5117/923 5609/5119/923 5605/5130/923 5606/5118/923
f 5609/5119/924 5608/5120/924 5604/5131/924 5605/5130/924
f 5608/5120/925 5607/5121/925 5603/5132/925 5604/5131/925
f 5607/5121/925 5371/5122/925 5367/5133/925 5603/5132/925
f 5606/5118/926 5596/5134/926 5592/5135/926 5602/5123/926
f 5596/5134/927 5606/5118/927 5605/5130/927 5595/5136/927
f 5595/5136/4 5605/5130/4 5604/5131/4 5594/5137/4
f 5594/5137/4 5604/5131/4 5603/5132/4 5593/5138/4
f 5593/5138/4 5603/5132/4 5367/5133/4 5357/5139/4
f 5602/5123/928 5592/5135/928 5588/5140/928 5601/5124/928
f 5601/5124/45 5588/5140/45 5584/5141/45 5600/5125/45
f 5600/5125/45 5584/5141/45 5580/5142/45 5599/5126/45
f 5599/5126/45 5580/5142/45 5579/5143/45 5598/5127/45
f 5598/5127/45 5579/5143/45 5578/5144/45 5597/5128/45
f 5597/5128/45 5578/5144/45 5053/5145/45 5067/5129/45
f 5596/5134/4 5595/5136/4 5591/5146/4 5592/5135/4
f 5595/5136/4 5594/5137/4 5590/5147/4 5591/5146/4
f 5594/5137/4 5593/5138/4 5589/5148/4 5590/5147/4
f 5593/5138/4 5357/5139/4 5353/5149/4 5589/5148/4
f 5592/5135/929 5591/5146/929 5587/5150/929 5588/5140/929
f 5591/5146/4 5590/5147/4 5586/5151/4 5587/5150/4
f 5590/5147/4 5589/5148/4 5585/5152/4 5586/5151/4
f 5589/5148/4 5353/5149/4 5349/5153/4 5585/5152/4
f 5588/5140/930 5587/5150/930 5583/5154/930 5584/5141/930
f 5587/5150/4 5586/5151/4 5582/5155/4 5583/5154/4
f 5586/5151/4 5585/5152/4 5581/5156/4 5582/5155/4
f 5585/5152/4 5349/5153/4 5345/5157/4 5581/5156/4
f 5584/5141/931 5577/5158/931 5573/5159/931 5580/5142/931
f 5577/5158/932 5584/5141/932 5583/5154/932 5576/5160/932
f 5576/5160/933 5583/5154/933 5582/5155/933 5575/5161/933
f 5575/5161/934 5582/5155/934 5581/5156/934 5574/5162/934
f 5574/5162/935 5581/5156/935 5345/5157/935 5338/5163/935
f 5580/5142/936 5573/5159/936 5569/5164/936 5579/5143/936
f 5579/5143/937 5569/5164/937 5565/5165/937 5578/5144/937
f 5578/5144/938 5565/5165/938 5034/5166/938 5053/5145/938
f 5577/5158/6 5576/5160/6 5572/5167/6 5573/5159/6
f 5576/5160/6 5575/5161/6 5571/5168/6 5572/5167/6
f 5575/5161/6 5574/5162/6 5570/5169/6 5571/5168/6
f 5574/5162/6 5338/5163/6 5334/5170/6 5570/5169/6
f 5573/5159/6 5572/5167/6 5568/5171/6 5569/5164/6
f 5572/5167/6 5571/5168/6 5567/5172/6 5568/5171/6
f 5571/5168/6 5570/5169/6 5566/5173/6 5567/5172/6
f 5570/5169/6 5334/5170/6 5330/5174/6 5566/5173/6
f 5569/5164/6 5568/5171/6 5564/5175/6 5565/5165/6
f 5568/5171/6 5567/5172/6 5563/5176/6 5564/5175/6
f 5567/5172/6 5566/5173/6 5562/5177/6 5563/5176/6
f 5566/5173/6 5330/5174/6 5326/5178/6 5562/5177/6
f 5565/5165/939 5564/5175/939 5033/5179/939 5034/5166/939
f 5564/5175/737 5563/5176/737 5032/5180/737 5033/5179/737
f 5563/5176/7 5562/5177/7 5031/5181/7 5032/5180/7
f 5562/5177/7 5326/5178/7 4795/5182/7 5031/5181/7
f 5552/5183/27 5561/5184/27 5560/5185/27 5551/5186/27
f 5551/5186/27 5560/5185/27 5559/5187/27 5550/5188/27
f 5550/5188/27 5559/5187/27 5558/5189/27 5549/5190/27
f 5549/5190/940 5558/5189/940 5557/5191/940 5548/5192/940
f 5548/5192/78 5557/5191/78 5556/5193/78 5547/5194/78
f 5547/5194/78 5556/5193/78 5555/5195/78 5546/5196/78
f 5546/5196/78 5555/5195/78 5554/5197/78 5545/5198/78
f 5545/5198/78 5554/5197/78 5553/5199/78 5544/5200/78
f 5544/5200/78 5553/5199/78 5485/5201/78 5477/5202/78
f 5543/5203/27 5552/5183/27 5551/5186/27 5542/5204/27
f 5542/5204/27 5551/5186/27 5550/5188/27 5541/5205/27
f 5541/5205/27 5550/5188/27 5549/5190/27 5540/5206/27
f 5540/5206/941 5549/5190/941 5548/5192/941 5539/5207/941
f 5539/5207/78 5548/5192/78 5547/5194/78 5538/5208/78
f 5538/5208/78 5547/5194/78 5546/5196/78 5537/5209/78
f 5537/5209/78 5546/5196/78 5545/5198/78 5536/5210/78
f 5536/5210/78 5545/5198/78 5544/5200/78 5535/5211/78
f 5535/5211/78 5544/5200/78 5477/5202/78 5469/5212/78
f 5534/5213/27 5543/5203/27 5542/5204/27 5533/5214/27
f 5533/5214/27 5542/5204/27 5541/5205/27 5532/5215/27
f 5532/5215/27 5541/5205/27 5540/5206/27 5531/5216/27
f 5531/5216/942 5540/5206/942 5539/5207/942 5527/5217/942
f 5527/5217/78 5539/5207/78 5538/5208/78 5526/5218/78
f 5526/5218/78 5538/5208/78 5537/5209/78 5525/5219/78
f 5525/5219/78 5537/5209/78 5536/5210/78 5524/5220/78
f 5524/5220/78 5536/5210/78 5535/5211/78 5523/5221/78
f 5523/5221/78 5535/5211/78 5469/5212/78 5461/5222/78
f 5534/5213/943 5533/5214/943 5529/5223/943 5530/5224/943
f 5533/5214/944 5532/5215/944 5528/5225/944 5529/5223/944
f 5532/5215/945 5531/5216/945 5527/5217/945 5528/5225/945
f 5522/5226/24 5530/5224/24 5529/5223/24 5521/5227/24
f 5521/5227/24 5529/5223/24 5528/5225/24 5520/5228/24
f 5520/5228/946 5528/5225/946 5527/5217/946 5519/5229/946
f 5519/5229/78 5527/5217/78 5526/5218/78 5518/5230/78
f 5518/5230/78 5526/5218/78 5525/5219/78 5517/5231/78
f 5517/5231/78 5525/5219/78 5524/5220/78 5516/5232/78
f 5516/5232/78 5524/5220/78 5523/5221/78 5515/5233/78
f 5515/5233/78 5523/5221/78 5461/5222/78 5453/5234/78
f 5514/5235/24 5522/5226/24 5521/5227/24 5513/5236/24
f 5513/5236/24 5521/5227/24 5520/5228/24 5512/5237/24
f 5512/5237/947 5520/5228/947 5519/5229/947 5511/5238/947
f 5511/5238/948 5519/5229/948 5518/5230/948 5510/5239/948
f 5510/5239/78 5518/5230/78 5517/5231/78 5509/5240/78
f 5509/5240/78 5517/5231/78 5516/5232/78 5508/5241/78
f 5508/5241/78 5516/5232/78 5515/5233/78 5507/5242/78
f 5507/5242/78 5515/5233/78 5453/5234/78 5445/5243/78
f 5506/5244/24 5514/5235/24 5513/5236/24 5505/5245/24
f 5505/5245/24 5513/5236/24 5512/5237/24 5504/5246/24
f 5504/5246/24 5512/5237/24 5511/5238/24 5503/5247/24
f 5503/5247/949 5511/5238/949 5510/5239/949 5499/5248/949
f 5499/5248/78 5510/5239/78 5509/5240/78 5498/5249/78
f 5498/5249/78 5509/5240/78 5508/5241/78 5497/5250/78
f 5497/5250/78 5508/5241/78 5507/5242/78 5496/5251/78
f 5496/5251/78 5507/5242/78 5445/5243/78 5437/5252/78
f 5506/5244/24 5505/5245/24 5501/5253/24 5502/5254/24
f 5505/5245/24 5504/5246/24 5500/5255/24 5501/5253/24
f 5504/5246/950 5503/5247/950 5499/5248/950 5500/5255/950
f 5495/5256/951 5502/5254/951 5501/5253/951 5494/5257/951
f 5494/5257/952 5501/5253/952 5500/5255/952 5493/5258/952
f 5493/5258/953 5500/5255/953 5499/5248/953 5492/5259/953
f 5478/5260/78 6455/5261/78 5972/5262/78 4995/5263/78
f 5479/5264/78 6456/5265/78 6455/5261/78 5478/5260/78
f 5480/5266/78 6457/5267/78 6456/5265/78 5479/5264/78
f 5481/5268/78 6458/5269/78 6457/5267/78 5480/5266/78
f 5482/5270/78 6459/5271/78 6458/5269/78 5481/5268/78
f 5483/5272/78 6460/5273/78 6459/5271/78 5482/5270/78
f 5484/5274/78 6461/5275/78 6460/5273/78 5483/5272/78
f 5485/5201/78 6462/5276/78 6461/5275/78 5484/5274/78
f 6455/5261/78 6463/5277/78 5980/5278/78 5972/5262/78
f 6456/5265/78 6464/5279/78 6463/5277/78 6455/5261/78
f 6457/5267/78 6465/5280/78 6464/5279/78 6456/5265/78
f 6458/5269/78 6466/5281/78 6465/5280/78 6457/5267/78
f 6459/5271/78 6467/5282/78 6466/5281/78 6458/5269/78
f 6460/5273/78 6468/5283/78 6467/5282/78 6459/5271/78
f 6461/5275/78 6469/5284/78 6468/5283/78 6460/5273/78
f 6462/5276/78 6470/5285/78 6469/5284/78 6461/5275/78
f 6463/5277/78 6471/5286/78 5988/5287/78 5980/5278/78
f 6464/5279/78 6472/5288/78 6471/5286/78 6463/5277/78
f 6465/5280/78 6473/5289/78 6472/5288/78 6464/5279/78
f 6466/5281/78 6474/5290/78 6473/5289/78 6465/5280/78
f 6467/5282/78 6475/5291/78 6474/5290/78 6466/5281/78
f 6468/5283/78 6476/5292/78 6475/5291/78 6467/5282/78
f 6469/5284/78 6477/5293/78 6476/5292/78 6468/5283/78
f 6470/5285/78 6478/5294/78 6477/5293/78 6469/5284/78
f 6471/5286/78 6479/5295/78 5996/5296/78 5988/5287/78
f 6472/5288/78 6480/5297/78 6479/5295/78 6471/5286/78
f 6473/5289/78 6481/5298/78 6480/5297/78 6472/5288/78
f 6474/5290/78 6482/5299/78 6481/5298/78 6473/5289/78
f 6475/5291/78 6483/5300/78 6482/5299/78 6474/5290/78
f 6476/5292/78 6484/5301/78 6483/5300/78 6475/5291/78
f 6477/5293/78 6485/5302/78 6484/5301/78 6476/5292/78
f 6478/5294/78 6486/5303/78 6485/5302/78 6477/5293/78
f 6479/5295/78 6487/5304/78 6004/5305/78 5996/5296/78
f 6480/5297/78 6488/5306/78 6487/5304/78 6479/5295/78
f 6481/5298/78 6489/5307/78 6488/5306/78 6480/5297/78
f 6482/5299/78 6490/5308/78 6489/5307/78 6481/5298/78
f 6483/5300/78 6491/5309/78 6490/5308/78 6482/5299/78
f 6484/5301/78 6492/5310/78 6491/5309/78 6483/5300/78
f 6485/5302/78 6493/5311/78 6492/5310/78 6484/5301/78
f 6486/5303/78 6494/5312/78 6493/5311/78 6485/5302/78
f 6487/5304/78 6495/5313/78 6012/5314/78 6004/5305/78
f 6488/5306/78 6496/5315/78 6495/5313/78 6487/5304/78
f 6489/5307/78 6497/5316/78 6496/5315/78 6488/5306/78
f 6490/5308/78 6498/5317/78 6497/5316/78 6489/5307/78
f 6491/5309/78 6499/5318/78 6498/5317/78 6490/5308/78
f 6492/5310/78 6500/5319/78 6499/5318/78 6491/5309/78
f 6493/5311/78 6501/5320/78 6500/5319/78 6492/5310/78
f 6494/5312/78 6502/5321/78 6501/5320/78 6493/5311/78
f 6495/5313/78 6503/5322/78 6020/5323/78 6012/5314/78
f 6496/5315/78 6504/5324/78 6503/5322/78 6495/5313/78
f 6497/5316/78 6505/5325/78 6504/5324/78 6496/5315/78
f 6498/5317/78 6506/5326/78 6505/5325/78 6497/5316/78
f 6499/5318/78 6507/5327/78 6506/5326/78 6498/5317/78
f 6500/5319/78 6508/5328/78 6507/5327/78 6499/5318/78
f 6501/5320/78 6509/5329/78 6508/5328/78 6500/5319/78
f 6502/5321/78 6510/5330/78 6509/5329/78 6501/5320/78
f 6503/5322/78 6511/5331/78 6028/5332/78 6020/5323/78
f 6504/5324/78 6512/5333/78 6511/5331/78 6503/5322/78
f 6505/5325/78 6513/5334/78 6512/5333/78 6504/5324/78
f 6506/5326/78 6514/5335/78 6513/5334/78 6505/5325/78
f 6507/5327/78 6515/5336/78 6514/5335/78 6506/5326/78
f 6508/5328/78 6516/5337/78 6515/5336/78 6507/5327/78
f 6509/5329/78 6517/5338/78 6516/5337/78 6508/5328/78
f 6510/5330/78 6518/5339/78 6517/5338/78 6509/5329/78
f 5553/5199/78 6519/5340/78 6462/5276/78 5485/5201/78
f 5554/5197/78 6520/5341/78 6519/5340/78 5553/5199/78
f 5555/5195/78 6521/5342/78 6520/5341/78 5554/5197/78
f 5556/5193/78 6522/5343/78 6521/5342/78 5555/5195/78
f 5557/5191/78 6523/5344/78 6522/5343/78 5556/5193/78
f 5558/5189/954 6524/5345/954 6523/5344/954 5557/5191/954
f 5559/5187/955 6525/5346/955 6524/5345/955 5558/5189/955
f 5560/5185/956 6526/5347/956 6525/5346/956 5559/5187/956
f 5561/5184/30 6527/5348/30 6526/5347/30 5560/5185/30
f 6519/5340/78 6528/5349/78 6470/5285/78 6462/5276/78
f 6520/5341/78 6529/5350/78 6528/5349/78 6519/5340/78
f 6521/5342/78 6530/5351/78 6529/5350/78 6520/5341/78
f 6522/5343/78 6531/5352/78 6530/5351/78 6521/5342/78
f 6523/5344/78 6532/5353/78 6531/5352/78 6522/5343/78
f 6524/5345/957 6533/5354/957 6532/5353/957 6523/5344/957
f 6525/5346/31 6534/5355/31 6533/5354/31 6524/5345/31
f 6526/5347/31 6535/5356/31 6534/5355/31 6525/5346/31
f 6527/5348/31 6536/5357/31 6535/5356/31 6526/5347/31
f 6528/5349/78 6537/5358/78 6478/5294/78 6470/5285/78
f 6529/5350/78 6538/5359/78 6537/5358/78 6528/5349/78
f 6530/5351/78 6539/5360/78 6538/5359/78 6529/5350/78
f 6531/5352/78 6540/5361/78 6539/5360/78 6530/5351/78
f 6532/5353/78 6541/5362/78 6540/5361/78 6531/5352/78
f 6533/5354/958 6542/5363/958 6541/5362/958 6532/5353/958
f 6534/5355/31 6543/5364/31 6542/5363/31 6533/5354/31
f 6535/5356/31 6544/5365/31 6543/5364/31 6534/5355/31
f 6536/5357/31 6545/5366/31 6544/5365/31 6535/5356/31
f 6537/5358/78 6546/5367/78 6486/5303/78 6478/5294/78
f 6538/5359/78 6547/5368/78 6546/5367/78 6537/5358/78
f 6539/5360/78 6548/5369/78 6547/5368/78 6538/5359/78
f 6540/5361/78 6549/5370/78 6548/5369/78 6539/5360/78
f 6541/5362/78 6550/5371/78 6549/5370/78 6540/5361/78
f 6542/5363/959 6554/5372/959 6550/5371/959 6541/5362/959
f 6554/5372/960 6555/5373/960 6551/5374/960 6550/5371/960
f 6543/5364/31 6555/5373/31 6554/5372/31 6542/5363/31
f 6555/5373/961 6556/5375/961 6552/5376/961 6551/5374/961
f 6544/5365/31 6556/5375/31 6555/5373/31 6543/5364/31
f 6556/5375/962 6557/5377/962 6553/5378/962 6552/5376/962
f 6545/5366/31 6557/5377/31 6556/5375/31 6544/5365/31
f 6546/5367/78 6558/5379/78 6494/5312/78 6486/5303/78
f 6547/5368/78 6559/5380/78 6558/5379/78 6546/5367/78
f 6548/5369/78 6560/5381/78 6559/5380/78 6547/5368/78
f 6549/5370/78 6561/5382/78 6560/5381/78 6548/5369/78
f 6550/5371/78 6562/5383/78 6561/5382/78 6549/5370/78
f 6551/5374/963 6563/5384/963 6562/5383/963 6550/5371/963
f 6552/5376/33 6564/5385/33 6563/5384/33 6551/5374/33
f 6553/5378/33 6565/5386/33 6564/5385/33 6552/5376/33
f 6558/5379/78 6566/5387/78 6502/5321/78 6494/5312/78
f 6559/5380/78 6567/5388/78 6566/5387/78 6558/5379/78
f 6560/5381/78 6568/5389/78 6567/5388/78 6559/5380/78
f 6561/5382/78 6569/5390/78 6568/5389/78 6560/5381/78
f 6562/5383/964 6570/5391/964 6569/5390/964 6561/5382/964
f 6563/5384/965 6571/5392/965 6570/5391/965 6562/5383/965
f 6564/5385/33 6572/5393/33 6571/5392/33 6563/5384/33
f 6565/5386/33 6573/5394/33 6572/5393/33 6564/5385/33
f 6566/5387/78 6574/5395/78 6510/5330/78 6502/5321/78
f 6567/5388/78 6575/5396/78 6574/5395/78 6566/5387/78
f 6568/5389/78 6576/5397/78 6575/5396/78 6567/5388/78
f 6569/5390/78 6577/5398/78 6576/5397/78 6568/5389/78
f 6570/5391/966 6581/5399/966 6577/5398/966 6569/5390/966
f 6581/5399/967 6582/5400/967 6578/5401/967 6577/5398/967
f 6571/5392/33 6582/5400/33 6581/5399/33 6570/5391/33
f 6582/5400/33 6583/5402/33 6579/5403/33 6578/5401/33
f 6572/5393/33 6583/5402/33 6582/5400/33 6571/5392/33
f 6583/5402/33 6584/5404/33 6580/5405/33 6579/5403/33
f 6573/5394/33 6584/5404/33 6583/5402/33 6572/5393/33
f 6574/5395/78 6585/5406/78 6518/5339/78 6510/5330/78
f 6575/5396/78 6586/5407/78 6585/5406/78 6574/5395/78
f 6576/5397/78 6587/5408/78 6586/5407/78 6575/5396/78
f 6577/5398/968 6591/5409/968 6587/5408/968 6576/5397/968
f 6591/5409/969 6592/5410/969 6588/5411/969 6587/5408/969
f 6578/5401/970 6592/5410/970 6591/5409/970 6577/5398/970
f 6592/5410/15 6593/5412/15 6589/5413/15 6588/5411/15
f 6579/5403/971 6593/5412/971 6592/5410/971 6578/5401/971
f 6593/5412/15 6594/5414/15 6590/5415/15 6589/5413/15
f 6580/5405/972 6594/5414/972 6593/5412/972 6579/5403/972
f 6511/5331/78 6595/5416/78 6059/5417/78 6028/5332/78
f 6512/5333/78 6596/5418/78 6595/5416/78 6511/5331/78
f 6513/5334/78 6597/5419/78 6596/5418/78 6512/5333/78
f 6514/5335/78 6598/5420/78 6597/5419/78 6513/5334/78
f 6515/5336/78 6599/5421/78 6598/5420/78 6514/5335/78
f 6516/5337/78 6600/5422/78 6599/5421/78 6515/5336/78
f 6517/5338/78 6601/5423/78 6600/5422/78 6516/5337/78
f 6518/5339/78 6602/5424/78 6601/5423/78 6517/5338/78
f 6595/5416/78 6603/5425/78 6067/5426/78 6059/5417/78
f 6596/5418/78 6604/5427/78 6603/5425/78 6595/5416/78
f 6597/5419/78 6605/5428/78 6604/5427/78 6596/5418/78
f 6598/5420/78 6606/5429/78 6605/5428/78 6597/5419/78
f 6599/5421/78 6607/5430/78 6606/5429/78 6598/5420/78
f 6600/5422/78 6608/5431/78 6607/5430/78 6599/5421/78
f 6601/5423/78 6609/5432/78 6608/5431/78 6600/5422/78
f 6602/5424/78 6610/5433/78 6609/5432/78 6601/5423/78
f 6603/5425/78 6611/5434/78 6078/5435/78 6067/5426/78
f 6604/5427/78 6612/5436/78 6611/5434/78 6603/5425/78
f 6605/5428/78 6613/5437/78 6612/5436/78 6604/5427/78
f 6606/5429/78 6614/5438/78 6613/5437/78 6605/5428/78
f 6607/5430/78 6615/5439/78 6614/5438/78 6606/5429/78
f 6608/5431/78 6616/5440/78 6615/5439/78 6607/5430/78
f 6609/5432/78 6617/5441/78 6616/5440/78 6608/5431/78
f 6610/5433/78 6618/5442/78 6617/5441/78 6609/5432/78
f 6611/5434/78 6622/5443/78 6092/5444/78 6078/5435/78
f 6612/5436/78 6623/5445/78 6622/5443/78 6611/5434/78
f 6613/5437/78 6624/5446/78 6623/5445/78 6612/5436/78
f 6614/5438/78 6625/5447/78 6624/5446/78 6613/5437/78
f 6615/5439/78 6626/5448/78 6625/5447/78 6614/5438/78
f 6616/5440/78 6627/5449/78 6626/5448/78 6615/5439/78
f 6617/5441/78 6628/5450/78 6627/5449/78 6616/5440/78
f 6618/5442/973 6632/5451/973 6628/5450/973 6617/5441/973
f 6632/5451/974 6633/5452/974 6629/5453/974 6628/5450/974
f 6619/5454/975 6633/5452/975 6632/5451/975 6618/5442/975
f 6633/5452/976 6634/5455/976 6630/5456/976 6629/5453/976
f 6620/5457/17 6634/5455/17 6633/5452/17 6619/5454/17
f 6634/5455/977 6635/5458/977 6631/5459/977 6630/5456/977
f 6621/5460/17 6635/5458/17 6634/5455/17 6620/5457/17
f 6622/5443/78 6636/5461/78 6111/5462/78 6092/5444/78
f 6623/5445/78 6637/5463/78 6636/5461/78 6622/5443/78
f 6624/5446/78 6638/5464/78 6637/5463/78 6623/5445/78
f 6625/5447/78 6639/5465/78 6638/5464/78 6624/5446/78
f 6626/5448/78 6643/5466/78 6639/5465/78 6625/5447/78
f 6643/5466/978 6644/5467/978 6640/5468/978 6639/5465/978
f 6644/5467/39 6645/5469/39 6641/5470/39 6640/5468/39
f 6645/5469/39 6646/5471/39 6642/5472/39 6641/5470/39
f 6627/5449/979 6647/5473/979 6643/5466/979 6626/5448/979
f 6647/5473/980 6648/5474/980 6644/5467/980 6643/5466/980
f 6648/5474/39 6649/5475/39 6645/5469/39 6644/5467/39
f 6649/5475/39 6650/5476/39 6646/5471/39 6645/5469/39
f 6628/5450/981 6651/5477/981 6647/5473/981 6627/5449/981
f 6651/5477/39 6652/5478/39 6648/5474/39 6647/5473/39
f 6629/5453/982 6652/5478/982 6651/5477/982 6628/5450/982
f 6652/5478/39 6653/5479/39 6649/5475/39 6648/5474/39
f 6630/5456/39 6653/5479/39 6652/5478/39 6629/5453/39
f 6653/5479/39 6654/5480/39 6650/5476/39 6649/5475/39
f 6631/5459/39 6654/5480/39 6653/5479/39 6630/5456/39
f 6636/5461/983 6655/5481/983 6124/5482/983 6111/5462/983
f 6655/5481/984 6656/5483/984 6125/5484/984 6124/5482/984
f 6656/5483/831 6657/5485/831 6126/5486/831 6125/5484/831
f 6657/5485/36 6658/5487/36 6127/4836/36 6126/5486/36
f 6637/5463/985 6659/5488/985 6655/5481/985 6636/5461/985
f 6659/5488/37 6660/5489/37 6656/5483/37 6655/5481/37
f 6660/5489/37 6661/5490/37 6657/5485/37 6656/5483/37
f 6661/5490/37 6662/5491/37 6658/5487/37 6657/5485/37
f 6638/5464/986 6663/5492/986 6659/5488/986 6637/5463/986
f 6663/5492/37 6664/5493/37 6660/5489/37 6659/5488/37
f 6664/5493/37 6665/5494/37 6661/5490/37 6660/5489/37
f 6665/5494/37 6666/5495/37 6662/5491/37 6661/5490/37
f 6639/5465/987 6667/5496/987 6663/5492/987 6638/5464/987
f 6667/5496/37 6668/5497/37 6664/5493/37 6663/5492/37
f 6640/5468/988 6668/5497/988 6667/5496/988 6639/5465/988
f 6668/5497/37 6669/5498/37 6665/5494/37 6664/5493/37
f 6641/5470/989 6669/5498/989 6668/5497/989 6640/5468/989
f 6669/5498/37 6670/5499/37 6666/5495/37 6665/5494/37
f 6642/5472/990 6670/5499/990 6669/5498/990 6641/5470/990
f 6585/5406/78 6671/5500/78 6602/5424/78 6518/5339/78
f 6586/5407/78 6672/5501/78 6671/5500/78 6585/5406/78
f 6587/5408/991 6673/5502/991 6672/5501/991 6586/5407/991
f 6588/5411/992 6674/5503/992 6673/5502/992 6587/5408/992
f 6589/5413/15 6675/5504/15 6674/5503/15 6588/5411/15
f 6590/5415/15 6676/5505/15 6675/5504/15 6589/5413/15
f 6671/5500/78 6677/5506/78 6610/5433/78 6602/5424/78
f 6672/5501/993 6678/5507/993 6677/5506/993 6671/5500/993
f 6673/5502/994 6682/5508/994 6678/5507/994 6672/5501/994
f 6682/5508/15 6683/5509/15 6679/5510/15 6678/5507/15
f 6674/5503/15 6683/5509/15 6682/5508/15 6673/5502/15
f 6683/5509/15 6684/5511/15 6680/5512/15 6679/5510/15
f 6675/5504/15 6684/5511/15 6683/5509/15 6674/5503/15
f 6684/5511/15 6685/5513/15 6681/5514/15 6680/5512/15
f 6676/5505/15 6685/5513/15 6684/5511/15 6675/5504/15
f 6677/5506/995 6686/5515/995 6618/5442/995 6610/5433/995
f 6686/5515/996 6687/5516/996 6619/5454/996 6618/5442/996
f 6687/5516/17 6688/5517/17 6620/5457/17 6619/5454/17
f 6688/5517/17 6689/5518/17 6621/5460/17 6620/5457/17
f 6678/5507/997 6690/5519/997 6686/5515/997 6677/5506/997
f 6690/5519/17 6691/5520/17 6687/5516/17 6686/5515/17
f 6679/5510/17 6691/5520/17 6690/5519/17 6678/5507/17
f 6691/5520/17 6692/5521/17 6688/5517/17 6687/5516/17
f 6680/5512/17 6692/5521/17 6691/5520/17 6679/5510/17
f 6692/5521/17 6693/5522/17 6689/5518/17 6688/5517/17
f 6681/5514/17 6693/5522/17 6692/5521/17 6680/5512/17
f 6703/5523/15 6704/5524/15 6699/5525/15 6698/5526/15
f 6695/5527/998 6704/5524/998 6703/5523/998 6694/5528/998
f 6704/5524/15 6705/5529/15 6700/5530/15 6699/5525/15
f 6696/5531/999 6705/5529/999 6704/5524/999 6695/5527/999
f 6705/5529/15 6706/5532/15 6701/5533/15 6700/5530/15
f 6697/5534/16 6706/5532/16 6705/5529/16 6696/5531/16
f 6699/5525/15 6709/5535/15 6708/5536/15 6698/5526/15
f 6700/5530/15 6710/5537/15 6709/5535/15 6699/5525/15
f 6701/5533/15 6711/5538/15 6710/5537/15 6700/5530/15
f 6712/5539/1000 6713/5540/1000 6708/5536/1000 6707/5541/1000
f 6703/5523/1001 6713/5540/1001 6712/5539/1001 6702/5542/1001
f 6713/5540/15 6703/5523/15 6698/5526/15 6708/5536/15
f 6719/5543/17 6720/5544/17 6715/5545/17 6714/5546/17
f 6720/5544/17 6721/5547/17 6716/5548/17 6715/5545/17
f 6721/5547/17 6722/5549/17 6717/5550/17 6716/5548/17
f 6723/5551/1002 6724/5552/1002 6719/5543/1002 6718/5553/1002
f 6708/5536/1003 6724/5552/1003 6723/5551/1003 6707/5541/1003
f 6724/5552/17 6725/5554/17 6720/5544/17 6719/5543/17
f 6709/5535/15 6725/5554/15 6724/5552/15 6708/5536/15
f 6725/5554/17 6726/5555/17 6721/5547/17 6720/5544/17
f 6710/5537/15 6726/5555/15 6725/5554/15 6709/5535/15
f 6726/5555/17 6727/5556/17 6722/5549/17 6721/5547/17
f 6711/5538/15 6727/5556/15 6726/5555/15 6710/5537/15
f 6728/5557/45 6712/5539/45 6707/5541/45 6723/5551/45
f 6734/5558/1004 6735/5559/1004 6730/5560/1004 6729/5561/1004
f 6715/5545/17 6735/5559/17 6734/5558/17 6714/5546/17
f 6735/5559/1005 6736/5562/1005 6731/5563/1005 6730/5560/1005
f 6716/5548/17 6736/5562/17 6735/5559/17 6715/5545/17
f 6736/5562/18 6737/5564/18 6732/5565/18 6731/5563/18
f 6717/5550/17 6737/5564/17 6736/5562/17 6716/5548/17
f 6738/5566/1006 6739/5567/1006 6734/5558/1006 6733/5568/1006
f 6719/5543/1007 6739/5567/1007 6738/5566/1007 6718/5553/1007
f 6739/5567/17 6719/5543/17 6714/5546/17 6734/5558/17
f 6740/5569/45 6723/5551/45 6718/5553/45 6738/5566/45
f 6741/5570/45 6728/5557/45 6723/5551/45 6740/5569/45
f 6706/5532/15 6750/5571/15 6746/5572/15 6701/5533/15
f 6742/5573/16 6750/5571/16 6706/5532/16 6697/5534/16
f 6750/5571/15 6751/5574/15 6747/5575/15 6746/5572/15
f 6743/5576/16 6751/5574/16 6750/5571/16 6742/5573/16
f 6751/5574/15 6752/5577/15 6748/5578/15 6747/5575/15
f 6744/5579/16 6752/5577/16 6751/5574/16 6743/5576/16
f 6752/5577/15 6753/5580/15 6749/5581/15 6748/5578/15
f 6745/5582/16 6753/5580/16 6752/5577/16 6744/5579/16
f 6753/5580/15 4493/4516/15 4489/4513/15 6749/5581/15
f 4485/4137/16 4493/4516/16 6753/5580/16 6745/5582/16
f 5694/4969/1008 5784/5583/1008 5783/5077/1008 5693/4973/1008
f 5784/5583/1009 5694/4969/1009 5690/4972/1009 5780/5068/1009
f 5785/5584/12 5495/5256/12 5491/5075/12 5781/5074/12
f 5786/5585/12 5785/5584/12 5781/5074/12 5782/5076/12
f 5787/5586/12 5786/5585/12 5782/5076/12 5783/5077/12
f 5788/5587/1010 5787/5586/1010 5783/5077/1010 5784/5583/1010
f 6746/5572/15 6754/5588/15 6711/5538/15 6701/5533/15
f 6747/5575/15 6755/5589/15 6754/5588/15 6746/5572/15
f 6748/5578/15 6756/5590/15 6755/5589/15 6747/5575/15
f 6749/5581/15 6757/5591/15 6756/5590/15 6748/5578/15
f 4489/4513/15 4497/4509/15 6757/5591/15 6749/5581/15
f 5789/5592/45 5779/5067/45 5707/4908/45 5722/4907/45
f 5790/5593/45 5780/5068/45 5779/5067/45 5789/5592/45
f 5791/5594/45 5784/5583/45 5780/5068/45 5790/5593/45
f 6722/5549/17 6762/5595/17 6758/5596/17 6717/5550/17
f 6762/5595/17 6763/5597/17 6759/5598/17 6758/5596/17
f 6763/5597/17 6764/5599/17 6760/5600/17 6759/5598/17
f 6764/5599/17 6765/5601/17 6761/5602/17 6760/5600/17
f 6765/5601/17 4505/4510/17 4501/4501/17 6761/5602/17
f 5785/5584/951 5792/5603/951 5502/5254/951 5495/5256/951
f 5786/5585/951 5793/5604/951 5792/5603/951 5785/5584/951
f 5787/5586/1011 5794/5605/1011 5793/5604/1011 5786/5585/1011
f 6727/5556/17 6766/5606/17 6762/5595/17 6722/5549/17
f 6754/5588/15 6766/5606/15 6727/5556/15 6711/5538/15
f 6766/5606/17 6767/5607/17 6763/5597/17 6762/5595/17
f 6755/5589/15 6767/5607/15 6766/5606/15 6754/5588/15
f 6767/5607/17 6768/5608/17 6764/5599/17 6763/5597/17
f 6756/5590/15 6768/5608/15 6767/5607/15 6755/5589/15
f 6768/5608/17 6769/5609/17 6765/5601/17 6764/5599/17
f 6757/5591/15 6769/5609/15 6768/5608/15 6756/5590/15
f 6769/5609/17 4509/4508/17 4505/4510/17 6765/5601/17
f 4497/4509/15 4509/4508/15 6769/5609/15 6757/5591/15
f 5788/5587/1012 5795/5610/1012 5794/5605/1012 5787/5586/1012
f 5795/5610/1013 5788/5587/1013 5784/5583/1013 5791/5594/1013
f 5796/5611/24 5506/5244/24 5502/5254/24 5792/5603/24
f 5797/5612/24 5796/5611/24 5792/5603/24 5793/5604/24
f 5798/5613/24 5797/5612/24 5793/5604/24 5794/5605/24
f 5799/5614/1014 5798/5613/1014 5794/5605/1014 5795/5610/1014
f 6737/5564/18 6774/5615/18 6770/5616/18 6732/5565/18
f 6758/5596/17 6774/5615/17 6737/5564/17 6717/5550/17
f 6774/5615/18 6775/5617/18 6771/5618/18 6770/5616/18
f 6759/5598/17 6775/5617/17 6774/5615/17 6758/5596/17
f 6775/5617/18 6776/5619/18 6772/5620/18 6771/5618/18
f 6760/5600/17 6776/5619/17 6775/5617/17 6759/5598/17
f 6776/5619/18 6777/5621/18 6773/5622/18 6772/5620/18
f 6761/5602/17 6777/5621/17 6776/5619/17 6760/5600/17
f 6777/5621/18 4517/4500/18 4513/3886/18 6773/5622/18
f 4501/4501/17 4517/4500/17 6777/5621/17 6761/5602/17
f 5800/5623/45 5789/5592/45 5722/4907/45 5728/4916/45
f 5801/5624/45 5790/5593/45 5789/5592/45 5800/5623/45
f 5802/5625/45 5791/5594/45 5790/5593/45 5801/5624/45
f 5803/5626/45 5795/5610/45 5791/5594/45 5802/5625/45
f 5796/5611/24 5804/5627/24 5514/5235/24 5506/5244/24
f 5797/5612/24 5805/5628/24 5804/5627/24 5796/5611/24
f 5798/5613/24 5806/5629/24 5805/5628/24 5797/5612/24
f 5799/5614/24 5807/5630/24 5806/5629/24 5798/5613/24
f 5807/5630/1015 5799/5614/1015 5795/5610/1015 5803/5626/1015
f 5808/5631/45 5800/5623/45 5728/4916/45 5734/4923/45
f 5809/5632/1016 5808/5631/1016 5734/4923/1016 5735/4922/1016
f 5810/5633/45 5801/5624/45 5800/5623/45 5808/5631/45
f 5811/5634/45 5802/5625/45 5801/5624/45 5810/5633/45
f 5812/5635/45 5803/5626/45 5802/5625/45 5811/5634/45
f 5804/5627/24 5813/5636/24 5522/5226/24 5514/5235/24
f 5805/5628/24 5814/5637/24 5813/5636/24 5804/5627/24
f 5806/5629/24 5815/5638/24 5814/5637/24 5805/5628/24
f 5807/5630/1017 5816/5639/1017 5815/5638/1017 5806/5629/1017
f 5816/5639/1018 5807/5630/1018 5803/5626/1018 5812/5635/1018
f 5809/5632/1019 5818/5640/1019 5817/5641/1019 5808/5631/1019
f 5818/5640/1020 5809/5632/1020 5735/4922/1020 5739/4932/1020
f 5819/5642/24 5818/5640/24 5739/4932/24 5740/4931/24
f 5820/5643/24 5819/5642/24 5740/4931/24 5741/4933/24
f 5821/5644/24 5820/5643/24 5741/4933/24 5742/4934/24
f 5822/5645/45 5810/5633/45 5808/5631/45 5817/5641/45
f 5823/5646/45 5811/5634/45 5810/5633/45 5822/5645/45
f 5824/5647/45 5812/5635/45 5811/5634/45 5823/5646/45
f 5813/5636/24 5825/5648/24 5530/5224/24 5522/5226/24
f 5814/5637/24 5826/5649/24 5825/5648/24 5813/5636/24
f 5815/5638/24 5827/5650/24 5826/5649/24 5814/5637/24
f 5816/5639/1021 5828/5651/1021 5827/5650/1021 5815/5638/1021
f 5828/5651/45 5816/5639/45 5812/5635/45 5824/5647/45
f 5829/5652/1022 5534/5213/1022 5530/5224/1022 5825/5648/1022
f 5830/5653/943 5829/5652/943 5825/5648/943 5826/5649/943
f 5831/5654/1023 5830/5653/1023 5826/5649/1023 5827/5650/1023
f 5832/5655/1024 5831/5654/1024 5827/5650/1024 5828/5651/1024
f 5818/5640/1025 5834/5656/1025 5833/5657/1025 5817/5641/1025
f 5819/5642/24 5835/5658/24 5834/5656/24 5818/5640/24
f 5820/5643/24 5836/5659/24 5835/5658/24 5819/5642/24
f 5821/5644/24 5837/5660/24 5836/5659/24 5820/5643/24
f 5838/5661/45 5822/5645/45 5817/5641/45 5833/5657/45
f 5839/5662/45 5823/5646/45 5822/5645/45 5838/5661/45
f 5840/5663/45 5824/5647/45 5823/5646/45 5839/5662/45
f 5841/5664/45 5828/5651/45 5824/5647/45 5840/5663/45
f 5829/5652/27 5842/5665/27 5543/5203/27 5534/5213/27
f 5830/5653/27 5843/5666/27 5842/5665/27 5829/5652/27
f 5831/5654/27 5844/5667/27 5843/5666/27 5830/5653/27
f 5832/5655/27 5845/5668/27 5844/5667/27 5831/5654/27
f 5845/5668/1026 5832/5655/1026 5828/5651/1026 5841/5664/1026
f 5834/5656/1027 5847/5669/1027 5846/5670/1027 5833/5657/1027
f 5835/5658/1028 5848/5671/1028 5847/5669/1028 5834/5656/1028
f 5836/5659/1029 5849/5672/1029 5848/5671/1029 5835/5658/1029
f 5837/5660/25 5850/5673/25 5849/5672/25 5836/5659/25
f 5851/5674/45 5838/5661/45 5833/5657/45 5846/5670/45
f 5852/5675/1030 5851/5674/1030 5846/5670/1030 5847/5669/1030
f 5853/5676/45 5839/5662/45 5838/5661/45 5851/5674/45
f 5854/5677/45 5840/5663/45 5839/5662/45 5853/5676/45
f 5855/5678/45 5841/5664/45 5840/5663/45 5854/5677/45
f 5842/5665/27 5856/5679/27 5552/5183/27 5543/5203/27
f 5843/5666/27 5857/5680/27 5856/5679/27 5842/5665/27
f 5844/5667/27 5858/5681/27 5857/5680/27 5843/5666/27
f 5845/5668/27 5859/5682/27 5858/5681/27 5844/5667/27
f 5859/5682/1031 5845/5668/1031 5841/5664/1031 5855/5678/1031
f 5848/5671/27 5861/5683/27 5860/5684/27 5847/5669/27
f 5849/5672/27 5862/5685/27 5861/5683/27 5848/5671/27
f 5850/5673/27 5863/5686/27 5862/5685/27 5849/5672/27
f 5852/5675/45 5865/5687/45 5864/5688/45 5851/5674/45
f 5865/5687/1032 5852/5675/1032 5847/5669/1032 5860/5684/1032
f 5866/5689/45 5853/5676/45 5851/5674/45 5864/5688/45
f 5867/5690/45 5854/5677/45 5853/5676/45 5866/5689/45
f 5868/5691/45 5855/5678/45 5854/5677/45 5867/5690/45
f 5856/5679/27 5869/5692/27 5561/5184/27 5552/5183/27
f 5857/5680/27 5870/5693/27 5869/5692/27 5856/5679/27
f 5858/5681/27 5871/5694/27 5870/5693/27 5857/5680/27
f 5859/5682/27 5872/5695/27 5871/5694/27 5858/5681/27
f 5872/5695/1033 5859/5682/1033 5855/5678/1033 5868/5691/1033
f 5873/5696/24 5821/5644/24 5742/4934/24 5775/5053/24
f 5874/5697/24 5873/5696/24 5775/5053/24 5776/5059/24
f 5875/5698/24 5874/5697/24 5776/5059/24 5777/5060/24
f 5876/5699/24 5875/5698/24 5777/5060/24 5778/5061/24
f 5492/5259/1034 5499/5248/1034 5498/5249/1034 5488/5700/1034
f 5488/5700/78 5498/5249/78 5497/5250/78 5487/5701/78
f 5487/5701/78 5497/5250/78 5496/5251/78 5486/5702/78
f 5486/5702/78 5496/5251/78 5437/5252/78 5429/5703/78
f 5495/5256/12 5494/5257/12 5490/5704/12 5491/5075/12
f 5494/5257/12 5493/5258/12 5489/5705/12 5490/5704/12
f 4149/4414/24 5876/5699/24 5778/5061/24 4037/4433/24
f 5873/5696/24 5877/5706/24 5837/5660/24 5821/5644/24
f 5874/5697/24 5878/5707/24 5877/5706/24 5873/5696/24
f 5875/5698/24 5879/5708/24 5878/5707/24 5874/5697/24
f 5876/5699/24 5880/5709/24 5879/5708/24 5875/5698/24
f 5493/5258/1035 5492/5259/1035 5488/5700/1035 5489/5705/1035
f 5421/4979/12 5491/5075/12 5490/5704/12 5420/5710/12
f 5420/5710/12 5490/5704/12 5489/5705/12 5419/5711/12
f 4149/4414/24 4153/4398/24 5880/5709/24 5876/5699/24
f 5877/5706/25 5881/5712/25 5850/5673/25 5837/5660/25
f 5878/5707/25 5882/5713/25 5881/5712/25 5877/5706/25
f 5879/5708/25 5883/5714/25 5882/5713/25 5878/5707/25
f 5880/5709/25 5884/5715/25 5883/5714/25 5879/5708/25
f 5419/5711/1036 5489/5705/1036 5488/5700/1036 5418/5716/1036
f 5418/5716/1037 5488/5700/1037 5487/5701/1037 5417/5717/1037
f 5417/5717/78 5487/5701/78 5486/5702/78 5416/5718/78
f 4153/4398/25 4157/4379/25 5884/5715/25 5880/5709/25
f 5881/5712/27 5885/5719/27 5863/5686/27 5850/5673/27
f 5882/5713/27 5886/5720/27 5885/5719/27 5881/5712/27
f 5883/5714/27 5887/5721/27 5886/5720/27 5882/5713/27
f 5884/5715/27 5888/5722/27 5887/5721/27 5883/5714/27
f 4157/4379/27 4161/4200/27 5888/5722/27 5884/5715/27
f 6321/4850/8 4309/4299/8 4305/4290/8 6317/5723/8
f 6320/4848/8 6321/4850/8 6317/5723/8 6316/5724/8
f 6319/4846/8 6320/4848/8 6316/5724/8 6315/5725/8
f 6318/4842/8 6319/4846/8 6315/5725/8 6314/5726/8
f 5416/5718/78 5486/5702/78 5429/5703/78 5398/5727/78
f 5477/5202/78 5485/5201/78 5484/5274/78 5476/5728/78
f 5476/5728/78 5484/5274/78 5483/5272/78 5475/5729/78
f 5475/5729/78 5483/5272/78 5482/5270/78 5474/5730/78
f 5474/5730/78 5482/5270/78 5481/5268/78 5473/5731/78
f 5473/5731/78 5481/5268/78 5480/5266/78 5472/5732/78
f 6285/4843/8 6318/4842/8 6314/5726/8 6281/5733/8
f 4305/4290/10 4301/4279/10 6313/5734/10 6317/5723/10
f 6317/5723/10 6313/5734/10 6312/5735/10 6316/5724/10
f 6316/5724/10 6312/5735/10 6311/5736/10 6315/5725/10
f 6315/5725/10 6311/5736/10 6310/5737/10 6314/5726/10
f 6314/5726/10 6310/5737/10 6272/5738/10 6281/5733/10
f 6313/5734/10 4301/4279/10 4297/4271/10 6309/5739/10
f 6312/5735/10 6313/5734/10 6309/5739/10 6308/5740/10
f 6311/5736/10 6312/5735/10 6308/5740/10 6307/5741/10
f 6310/5737/10 6311/5736/10 6307/5741/10 6306/5742/10
f 5472/5732/78 5480/5266/78 5479/5264/78 5471/5743/78
f 5471/5743/78 5479/5264/78 5478/5260/78 5470/5744/78
f 5470/5744/78 5478/5260/78 4995/5263/78 4987/5745/78
f 5469/5212/78 5477/5202/78 5476/5728/78 5468/5746/78
f 5468/5746/78 5476/5728/78 5475/5729/78 5467/5747/78
f 5467/5747/78 5475/5729/78 5474/5730/78 5466/5748/78
f 5466/5748/78 5474/5730/78 5473/5731/78 5465/5749/78
f 5465/5749/78 5473/5731/78 5472/5732/78 5464/5750/78
f 5464/5750/78 5472/5732/78 5471/5743/78 5463/5751/78
f 5463/5751/78 5471/5743/78 5470/5744/78 5462/5752/78
f 5462/5752/78 5470/5744/78 4987/5745/78 4979/5753/78
f 5461/5222/78 5469/5212/78 5468/5746/78 5460/5754/78
f 5460/5754/78 5468/5746/78 5467/5747/78 5459/5755/78
f 5459/5755/78 5467/5747/78 5466/5748/78 5458/5756/78
f 5458/5756/78 5466/5748/78 5465/5749/78 5457/5757/78
f 5457/5757/78 5465/5749/78 5464/5750/78 5456/5758/78
f 5456/5758/78 5464/5750/78 5463/5751/78 5455/5759/78
f 5455/5759/78 5463/5751/78 5462/5752/78 5454/5760/78
f 5454/5760/78 5462/5752/78 4979/5753/78 4971/5761/78
f 5453/5234/78 5461/5222/78 5460/5754/78 5452/5762/78
f 5452/5762/78 5460/5754/78 5459/5755/78 5451/5763/78
f 5451/5763/78 5459/5755/78 5458/5756/78 5450/5764/78
f 5450/5764/78 5458/5756/78 5457/5757/78 5449/5765/78
f 5449/5765/78 5457/5757/78 5456/5758/78 5448/5766/78
f 5448/5766/78 5456/5758/78 5455/5759/78 5447/5767/78
f 5447/5767/78 5455/5759/78 5454/5760/78 5446/5768/78
f 5446/5768/78 5454/5760/78 4971/5761/78 4963/5769/78
f 5445/5243/78 5453/5234/78 5452/5762/78 5444/5770/78
f 5444/5770/78 5452/5762/78 5451/5763/78 5443/5771/78
f 5443/5771/78 5451/5763/78 5450/5764/78 5442/5772/78
f 5442/5772/78 5450/5764/78 5449/5765/78 5441/5773/78
f 5441/5773/78 5449/5765/78 5448/5766/78 5440/5774/78
f 5440/5774/78 5448/5766/78 5447/5767/78 5439/5775/78
f 5439/5775/78 5447/5767/78 5446/5768/78 5438/5776/78
f 5438/5776/78 5446/5768/78 4963/5769/78 4955/5777/78
f 5437/5252/78 5445/5243/78 5444/5770/78 5436/5778/78
f 5436/5778/78 5444/5770/78 5443/5771/78 5435/5779/78
f 5435/5779/78 5443/5771/78 5442/5772/78 5434/5780/78
f 5434/5780/78 5442/5772/78 5441/5773/78 5433/5781/78
f 5433/5781/78 5441/5773/78 5440/5774/78 5432/5782/78
f 5432/5782/78 5440/5774/78 5439/5775/78 5431/5783/78
f 5431/5783/78 5439/5775/78 5438/5776/78 5430/5784/78
f 5430/5784/78 5438/5776/78 4955/5777/78 4947/5785/78
f 5429/5703/78 5437/5252/78 5436/5778/78 5428/5786/78
f 5428/5786/78 5436/5778/78 5435/5779/78 5427/5787/78
f 5427/5787/78 5435/5779/78 5434/5780/78 5426/5788/78
f 5426/5788/78 5434/5780/78 5433/5781/78 5425/5789/78
f 5425/5789/78 5433/5781/78 5432/5782/78 5424/5790/78
f 5424/5790/78 5432/5782/78 5431/5783/78 5423/5791/78
f 5423/5791/78 5431/5783/78 5430/5784/78 5422/5792/78
f 5422/5792/78 5430/5784/78 4947/5785/78 4939/5793/78
f 5398/5727/78 5429/5703/78 5428/5786/78 5397/5794/78
f 5397/5794/78 5428/5786/78 5427/5787/78 5396/5795/78
f 5396/5795/78 5427/5787/78 5426/5788/78 5395/5796/78
f 5395/5796/78 5426/5788/78 5425/5789/78 5394/5797/78
f 5394/5797/78 5425/5789/78 5424/5790/78 5393/5798/78
f 5393/5798/78 5424/5790/78 5423/5791/78 5392/5799/78
f 5392/5799/78 5423/5791/78 5422/5792/78 5391/5800/78
f 5391/5800/78 5422/5792/78 4939/5793/78 4855/5801/78
f 5415/4980/12 5421/4979/12 5420/5710/12 5414/5802/12
f 5414/5802/12 5420/5710/12 5419/5711/12 5413/5803/12
f 5413/5803/12 5419/5711/12 5418/5716/12 5412/5804/12
f 5412/5804/1038 5418/5716/1038 5417/5717/1038 5408/5805/1038
f 5408/5805/1039 5417/5717/1039 5416/5718/1039 5407/5806/1039
f 5407/5806/78 5416/5718/78 5398/5727/78 5390/5807/78
f 5415/4980/12 5414/5802/12 5410/5808/12 5411/4987/12
f 5414/5802/12 5413/5803/12 5409/5809/12 5410/5808/12
f 5413/5803/12 5412/5804/12 5408/5805/12 5409/5809/12
f 5406/4993/11 5411/4987/11 5410/5808/11 5405/5810/11
f 5405/5810/11 5410/5808/11 5409/5809/11 5404/5811/11
f 5404/5811/11 5409/5809/11 5408/5805/11 5403/5812/11
f 5403/5812/1040 5408/5805/1040 5407/5806/1040 5399/5813/1040
f 5399/5813/1041 5407/5806/1041 5390/5807/1041 5379/5814/1041
f 5406/4993/11 5405/5810/11 5401/5815/11 5402/4998/11
f 5405/5810/11 5404/5811/11 5400/5816/11 5401/5815/11
f 5404/5811/11 5403/5812/11 5399/5813/11 5400/5816/11
f 5402/4998/11 5401/5815/11 5381/5817/11 5382/5002/11
f 5401/5815/11 5400/5816/11 5380/5818/11 5381/5817/11
f 5400/5816/1042 5399/5813/1042 5379/5814/1042 5380/5818/1042
f 5390/5807/78 5398/5727/78 5397/5794/78 5389/5819/78
f 5389/5819/78 5397/5794/78 5396/5795/78 5388/5820/78
f 5388/5820/78 5396/5795/78 5395/5796/78 5387/5821/78
f 5387/5821/78 5395/5796/78 5394/5797/78 5386/5822/78
f 5386/5822/78 5394/5797/78 5393/5798/78 5385/5823/78
f 5385/5823/78 5393/5798/78 5392/5799/78 5384/5824/78
f 5384/5824/78 5392/5799/78 5391/5800/78 5383/5825/78
f 5383/5825/78 5391/5800/78 4855/5801/78 4847/5826/78
f 5379/5814/78 5390/5807/78 5389/5819/78 5378/5827/78
f 5378/5827/78 5389/5819/78 5388/5820/78 5377/5828/78
f 5377/5828/78 5388/5820/78 5387/5821/78 5376/5829/78
f 5376/5829/78 5387/5821/78 5386/5822/78 5375/5830/78
f 5375/5830/78 5386/5822/78 5385/5823/78 5374/5831/78
f 5374/5831/78 5385/5823/78 5384/5824/78 5373/5832/78
f 5373/5832/78 5384/5824/78 5383/5825/78 5372/5833/78
f 5372/5833/78 5383/5825/78 4847/5826/78 4839/5834/78
f 5371/5122/11 5382/5002/11 5381/5817/11 5370/5835/11
f 5370/5835/11 5381/5817/11 5380/5818/11 5369/5836/11
f 5369/5836/1043 5380/5818/1043 5379/5814/1043 5368/5837/1043
f 5368/5837/1044 5379/5814/1044 5378/5827/1044 5364/5838/1044
f 5364/5838/78 5378/5827/78 5377/5828/78 5363/5839/78
f 5363/5839/78 5377/5828/78 5376/5829/78 5362/5840/78
f 5362/5840/78 5376/5829/78 5375/5830/78 5361/5841/78
f 5361/5841/78 5375/5830/78 5374/5831/78 5360/5842/78
f 5360/5842/78 5374/5831/78 5373/5832/78 5359/5843/78
f 5359/5843/78 5373/5832/78 5372/5833/78 5358/5844/78
f 5358/5844/78 5372/5833/78 4839/5834/78 4828/5845/78
f 5371/5122/925 5370/5835/925 5366/5846/925 5367/5133/925
f 5370/5835/1045 5369/5836/1045 5365/5847/1045 5366/5846/1045
f 5369/5836/1046 5368/5837/1046 5364/5838/1046 5365/5847/1046
f 5357/5139/4 5367/5133/4 5366/5846/4 5356/5848/4
f 5356/5848/4 5366/5846/4 5365/5847/4 5355/5849/4
f 5355/5849/1047 5365/5847/1047 5364/5838/1047 5354/5850/1047
f 5354/5850/1048 5364/5838/1048 5363/5839/1048 5350/5851/1048
f 5350/5851/1049 5363/5839/1049 5362/5840/1049 5346/5852/1049
f 5346/5852/78 5362/5840/78 5361/5841/78 5342/5853/78
f 5342/5853/78 5361/5841/78 5360/5842/78 5341/5854/78
f 5341/5854/78 5360/5842/78 5359/5843/78 5340/5855/78
f 5340/5855/78 5359/5843/78 5358/5844/78 5339/5856/78
f 5339/5856/78 5358/5844/78 4828/5845/78 4814/5857/78
f 5357/5139/4 5356/5848/4 5352/5858/4 5353/5149/4
f 5356/5848/4 5355/5849/4 5351/5859/4 5352/5858/4
f 5355/5849/4 5354/5850/4 5350/5851/4 5351/5859/4
f 5353/5149/4 5352/5858/4 5348/5860/4 5349/5153/4
f 5352/5858/4 5351/5859/4 5347/5861/4 5348/5860/4
f 5351/5859/1050 5350/5851/1050 5346/5852/1050 5347/5861/1050
f 5349/5153/4 5348/5860/4 5344/5862/4 5345/5157/4
f 5348/5860/4 5347/5861/4 5343/5863/4 5344/5862/4
f 5347/5861/1051 5346/5852/1051 5342/5853/1051 5343/5863/1051
f 5338/5163/934 5345/5157/934 5344/5862/934 5337/5864/934
f 5337/5864/1052 5344/5862/1052 5343/5863/1052 5336/5865/1052
f 5336/5865/1053 5343/5863/1053 5342/5853/1053 5335/5866/1053
f 5335/5866/1054 5342/5853/1054 5341/5854/1054 5331/5867/1054
f 5331/5867/1055 5341/5854/1055 5340/5855/1055 5327/5868/1055
f 5327/5868/1056 5340/5855/1056 5339/5856/1056 5323/5869/1056
f 5323/5869/1057 5339/5856/1057 4814/5857/1057 4792/5870/1057
f 5338/5163/6 5337/5864/6 5333/5871/6 5334/5170/6
f 5337/5864/6 5336/5865/6 5332/5872/6 5333/5871/6
f 5336/5865/6 5335/5866/6 5331/5867/6 5332/5872/6
f 5334/5170/6 5333/5871/6 5329/5873/6 5330/5174/6
f 5333/5871/6 5332/5872/6 5328/5874/6 5329/5873/6
f 5332/5872/6 5331/5867/6 5327/5868/6 5328/5874/6
f 5330/5174/6 5329/5873/6 5325/5875/6 5326/5178/6
f 5329/5873/6 5328/5874/6 5324/5876/6 5325/5875/6
f 5328/5874/6 5327/5868/6 5323/5869/6 5324/5876/6
f 5326/5178/7 5325/5875/7 4794/5877/7 4795/5182/7
f 5325/5875/767 5324/5876/767 4793/5878/767 4794/5877/767
f 5324/5876/1058 5323/5869/1058 4792/5870/1058 4793/5878/1058
f 6272/5738/10 6310/5737/10 6306/5742/10 6268/5879/10
f 6309/5739/10 4297/4271/10 4293/4266/10 6305/5880/10
f 6308/5740/10 6309/5739/10 6305/5880/10 6304/5881/10
f 6307/5741/10 6308/5740/10 6304/5881/10 6303/5882/10
f 6306/5742/10 6307/5741/10 6303/5882/10 6302/5883/10
f 6268/5879/10 6306/5742/10 6302/5883/10 6263/5884/10
f 4293/4266/13 4289/4260/13 6301/5885/13 6305/5880/13
f 6305/5880/13 6301/5885/13 6300/5886/13 6304/5881/13
f 6304/5881/13 6300/5886/13 6299/5887/13 6303/5882/13
f 6303/5882/13 6299/5887/13 6298/5888/13 6302/5883/13
f 6302/5883/13 6298/5888/13 6257/5889/13 6263/5884/13
f 4289/4260/13 4285/4251/13 6297/5890/13 6301/5885/13
f 6301/5885/13 6297/5890/13 6296/5891/13 6300/5886/13
f 6300/5886/13 6296/5891/13 6295/5892/13 6299/5887/13
f 6299/5887/13 6295/5892/13 6294/5893/13 6298/5888/13
f 6298/5888/13 6294/5893/13 6250/5894/13 6257/5889/13
f 6297/5890/13 4285/4251/13 4281/4244/13 6293/5895/13
f 6296/5891/13 6297/5890/13 6293/5895/13 6292/5896/13
f 6295/5892/13 6296/5891/13 6292/5896/13 6291/5897/13
f 6294/5893/13 6295/5892/13 6291/5897/13 6290/5898/13
f 6250/5894/13 6294/5893/13 6290/5898/13 6246/5899/13
f 4281/4244/19 4277/4235/19 6289/5900/19 6293/5895/19
f 6293/5895/19 6289/5900/19 6288/5901/19 6292/5896/19
f 6292/5896/19 6288/5901/19 6287/5902/19 6291/5897/19
f 6291/5897/19 6287/5902/19 6286/5903/19 6290/5898/19
f 6290/5898/19 6286/5903/19 6241/5904/19 6246/5899/19
f 6289/5900/20 4277/4235/20 4225/3831/20 6237/5905/20
f 6288/5901/20 6289/5900/20 6237/5905/20 6236/5906/20
f 6287/5902/20 6288/5901/20 6236/5906/20 6235/5907/20
f 6286/5903/20 6287/5902/20 6235/5907/20 6234/5908/20
f 6241/5904/20 6286/5903/20 6234/5908/20 6183/5909/20
f 6284/4889/8 6285/4843/8 6281/5733/8 6280/5910/8
f 6283/4890/1059 6284/4889/1059 6280/5910/1059 6279/5911/1059
f 6282/4891/1060 6283/4890/1060 6279/5911/1060 6278/4892/1060
f 6281/5733/10 6272/5738/10 6271/5912/10 6280/5910/10
f 6280/5910/10 6271/5912/10 6270/5913/10 6279/5911/10
f 6279/5911/10 6270/5913/10 6269/5914/10 6278/4892/10
f 6278/4892/10 6269/5914/10 6265/5915/10 6276/5916/10
f 6277/4894/1061 6278/4892/1061 6276/5916/1061 6275/4895/1061
f 6276/5916/1062 6265/5915/1062 6264/5917/1062 6275/4895/1062
f 6275/4895/45 6264/5917/45 6259/5918/45 6274/4896/45
f 6274/4896/45 6259/5918/45 6258/5919/45 6273/4897/45
f 6273/4897/45 6258/5919/45 6211/5920/45 6221/4898/45
f 6271/5912/10 6272/5738/10 6268/5879/10 6267/5921/10
f 6270/5913/10 6271/5912/10 6267/5921/10 6266/5922/10
f 6269/5914/10 6270/5913/10 6266/5922/10 6265/5915/10
f 6267/5921/10 6268/5879/10 6263/5884/10 6262/5923/10
f 6266/5922/10 6267/5921/10 6262/5923/10 6261/5924/10
f 6265/5915/10 6266/5922/10 6261/5924/10 6260/5925/10
f 6264/5917/1063 6265/5915/1063 6260/5925/1063 6259/5918/1063
f 6263/5884/13 6257/5889/13 6256/5926/13 6262/5923/13
f 6262/5923/13 6256/5926/13 6255/5927/13 6261/5924/13
f 6261/5924/13 6255/5927/13 6254/5928/13 6260/5925/13
f 6260/5925/1064 6254/5928/1064 6253/5929/1064 6259/5918/1064
f 6259/5918/45 6253/5929/45 6251/5930/45 6258/5919/45
f 6258/5919/45 6251/5930/45 6200/5931/45 6211/5920/45
f 6257/5889/13 6250/5894/13 6249/5932/13 6256/5926/13
f 6256/5926/13 6249/5932/13 6248/5933/13 6255/5927/13
f 6255/5927/13 6248/5933/13 6247/5934/13 6254/5928/13
f 6254/5928/13 6247/5934/13 6243/5935/13 6252/5936/13
f 6253/5929/1065 6254/5928/1065 6252/5936/1065 6251/5930/1065
f 6252/5936/1066 6243/5935/1066 6242/5937/1066 6251/5930/1066
f 6251/5930/45 6242/5937/45 6191/5938/45 6200/5931/45
f 6249/5932/13 6250/5894/13 6246/5899/13 6245/5939/13
f 6248/5933/13 6249/5932/13 6245/5939/13 6244/5940/13
f 6247/5934/13 6248/5933/13 6244/5940/13 6243/5935/13
f 6246/5899/19 6241/5904/19 6240/5941/19 6245/5939/19
f 6245/5939/1067 6240/5941/1067 6239/5942/1067 6244/5940/1067
f 6244/5940/1068 6239/5942/1068 6238/5943/1068 6243/5935/1068
f 6243/5935/1069 6238/5943/1069 6180/5944/1069 6192/5945/1069
f 6242/5937/1070 6243/5935/1070 6192/5945/1070 6191/5938/1070
f 6240/5941/20 6241/5904/20 6183/5909/20 6182/5946/20
f 5861/5683/1071 6779/5947/1071 6778/5948/1071 5860/5684/1071
f 5862/5685/323 6780/5949/323 6779/5947/323 5861/5683/323
f 5863/5686/30 6781/5950/30 6780/5949/30 5862/5685/30
f 5865/5687/45 6783/5951/45 6782/5952/45 5864/5688/45
f 6783/5951/1072 5865/5687/1072 5860/5684/1072 6778/5948/1072
f 6784/5953/45 5866/5689/45 5864/5688/45 6782/5952/45
f 6785/5954/45 5867/5690/45 5866/5689/45 6784/5953/45
f 6786/5955/45 5868/5691/45 5867/5690/45 6785/5954/45
f 5869/5692/30 6787/5956/30 6527/5348/30 5561/5184/30
f 5870/5693/30 6788/5957/30 6787/5956/30 5869/5692/30
f 5871/5694/322 6789/5958/322 6788/5957/322 5870/5693/322
f 5872/5695/1073 6790/5959/1073 6789/5958/1073 5871/5694/1073
f 6790/5959/1074 5872/5695/1074 5868/5691/1074 6786/5955/1074
f 6779/5947/31 6793/5960/31 6792/5961/31 6778/5948/31
f 6780/5949/31 6794/5962/31 6793/5960/31 6779/5947/31
f 6781/5950/31 6795/5963/31 6794/5962/31 6780/5949/31
f 6796/5964/1075 6797/5965/1075 6792/5961/1075 6791/5966/1075
f 6783/5951/45 6797/5965/45 6796/5964/45 6782/5952/45
f 6797/5965/1076 6783/5951/1076 6778/5948/1076 6792/5961/1076
f 6798/5967/45 6784/5953/45 6782/5952/45 6796/5964/45
f 6799/5968/45 6785/5954/45 6784/5953/45 6798/5967/45
f 6800/5969/45 6786/5955/45 6785/5954/45 6799/5968/45
f 6787/5956/31 6801/5970/31 6536/5357/31 6527/5348/31
f 6788/5957/31 6802/5971/31 6801/5970/31 6787/5956/31
f 6789/5958/31 6803/5972/31 6802/5971/31 6788/5957/31
f 6790/5959/31 6804/5973/31 6803/5972/31 6789/5958/31
f 6804/5973/1077 6790/5959/1077 6786/5955/1077 6800/5969/1077
f 6792/5961/1078 6806/5974/1078 6805/5975/1078 6791/5966/1078
f 6793/5960/1079 6807/5976/1079 6806/5974/1079 6792/5961/1079
f 6794/5962/1080 6808/5977/1080 6807/5976/1080 6793/5960/1080
f 6795/5963/32 6809/5978/32 6808/5977/32 6794/5962/32
f 6810/5979/45 6796/5964/45 6791/5966/45 6805/5975/45
f 6811/5980/45 6798/5967/45 6796/5964/45 6810/5979/45
f 6812/5981/45 6799/5968/45 6798/5967/45 6811/5980/45
f 6813/5982/45 6800/5969/45 6799/5968/45 6812/5981/45
f 6801/5970/31 6814/5983/31 6545/5366/31 6536/5357/31
f 6802/5971/31 6815/5984/31 6814/5983/31 6801/5970/31
f 6803/5972/31 6816/5985/31 6815/5984/31 6802/5971/31
f 6804/5973/31 6817/5986/31 6816/5985/31 6803/5972/31
f 6817/5986/1081 6804/5973/1081 6800/5969/1081 6813/5982/1081
f 6806/5974/1082 6819/5987/1082 6818/5988/1082 6805/5975/1082
f 6819/5987/33 6820/5989/33 6695/5527/33 6694/5528/33
f 6807/5976/33 6820/5989/33 6819/5987/33 6806/5974/33
f 6820/5989/33 6821/5990/33 6696/5531/33 6695/5527/33
f 6808/5977/33 6821/5990/33 6820/5989/33 6807/5976/33
f 6821/5990/33 6822/5991/33 6697/5534/33 6696/5531/33
f 6809/5978/33 6822/5991/33 6821/5990/33 6808/5977/33
f 6823/5992/45 6810/5979/45 6805/5975/45 6818/5988/45
f 6824/5993/45 6811/5980/45 6810/5979/45 6823/5992/45
f 6825/5994/45 6812/5981/45 6811/5980/45 6824/5993/45
f 6829/5995/45 6813/5982/45 6812/5981/45 6825/5994/45
f 6557/5377/1083 6830/5996/1083 6826/5997/1083 6553/5378/1083
f 6814/5983/31 6830/5996/31 6557/5377/31 6545/5366/31
f 6830/5996/962 6831/5998/962 6827/5999/962 6826/5997/962
f 6815/5984/31 6831/5998/31 6830/5996/31 6814/5983/31
f 6831/5998/1084 6832/6000/1084 6828/6001/1084 6827/5999/1084
f 6816/5985/31 6832/6000/31 6831/5998/31 6815/5984/31
f 6832/6000/1085 6833/6002/1085 6829/5995/1085 6828/6001/1085
f 6817/5986/31 6833/6002/31 6832/6000/31 6816/5985/31
f 6833/6002/1086 6817/5986/1086 6813/5982/1086 6829/5995/1086
f 6834/6003/1087 6835/6004/1087 6703/5523/1087 6702/5542/1087
f 6819/5987/1088 6835/6004/1088 6834/6003/1088 6818/5988/1088
f 6835/6004/1089 6819/5987/1089 6694/5528/1089 6703/5523/1089
f 6836/6005/45 6823/5992/45 6818/5988/45 6834/6003/45
f 6837/6006/45 6824/5993/45 6823/5992/45 6836/6005/45
f 6838/6007/45 6825/5994/45 6824/5993/45 6837/6006/45
f 6826/5997/33 6839/6008/33 6565/5386/33 6553/5378/33
f 6827/5999/33 6840/6009/33 6839/6008/33 6826/5997/33
f 6828/6001/33 6841/6010/33 6840/6009/33 6827/5999/33
f 6829/5995/1090 6842/6011/1090 6841/6010/1090 6828/6001/1090
f 6842/6011/45 6829/5995/45 6825/5994/45 6838/6007/45
f 6843/6012/45 6834/6003/45 6702/5542/45 6712/5539/45
f 6844/6013/45 6836/6005/45 6834/6003/45 6843/6012/45
f 6845/6014/45 6837/6006/45 6836/6005/45 6844/6013/45
f 6846/6015/45 6838/6007/45 6837/6006/45 6845/6014/45
f 6839/6008/33 6847/6016/33 6573/5394/33 6565/5386/33
f 6840/6009/33 6848/6017/33 6847/6016/33 6839/6008/33
f 6841/6010/33 6849/6018/33 6848/6017/33 6840/6009/33
f 6842/6011/1091 6850/6019/1091 6849/6018/1091 6841/6010/1091
f 6850/6019/1092 6842/6011/1092 6838/6007/1092 6846/6015/1092
f 6851/6020/45 6843/6012/45 6712/5539/45 6728/5557/45
f 6852/6021/45 6844/6013/45 6843/6012/45 6851/6020/45
f 6853/6022/45 6845/6014/45 6844/6013/45 6852/6021/45
f 6857/6023/45 6846/6015/45 6845/6014/45 6853/6022/45
f 6584/5404/33 6858/6024/33 6854/6025/33 6580/5405/33
f 6847/6016/33 6858/6024/33 6584/5404/33 6573/5394/33
f 6858/6024/33 6859/6026/33 6855/6027/33 6854/6025/33
f 6848/6017/33 6859/6026/33 6858/6024/33 6847/6016/33
f 6859/6026/33 6860/6028/33 6856/6029/33 6855/6027/33
f 6849/6018/33 6860/6028/33 6859/6026/33 6848/6017/33
f 6860/6028/1093 6861/6030/1093 6857/6023/1093 6856/6029/1093
f 6850/6019/33 6861/6030/33 6860/6028/33 6849/6018/33
f 6861/6030/1094 6850/6019/1094 6846/6015/1094 6857/6023/1094
f 6862/6031/45 6851/6020/45 6728/5557/45 6741/5570/45
f 6863/6032/45 6852/6021/45 6851/6020/45 6862/6031/45
f 6867/6033/45 6853/6022/45 6852/6021/45 6863/6032/45
f 6594/5414/15 6868/6034/15 6864/6035/15 6590/5415/15
f 6854/6025/972 6868/6034/972 6594/5414/972 6580/5405/972
f 6868/6034/15 6869/6036/15 6865/6037/15 6864/6035/15
f 6855/6027/972 6869/6036/972 6868/6034/972 6854/6025/972
f 6869/6036/15 6870/6038/15 6866/6039/15 6865/6037/15
f 6856/6029/1095 6870/6038/1095 6869/6036/1095 6855/6027/1095
f 6870/6038/1096 6871/6040/1096 6867/6033/1096 6866/6039/1096
f 6857/6023/1097 6871/6040/1097 6870/6038/1097 6856/6029/1097
f 6871/6040/1098 6857/6023/1098 6853/6022/1098 6867/6033/1098
f 5885/5719/30 6872/6041/30 6781/5950/30 5863/5686/30
f 5886/5720/30 6873/6042/30 6872/6041/30 5885/5719/30
f 5887/5721/30 6874/6043/30 6873/6042/30 5886/5720/30
f 5888/5722/30 6875/6044/30 6874/6043/30 5887/5721/30
f 4161/4200/30 4629/4143/30 6875/6044/30 5888/5722/30
f 6239/5942/20 6240/5941/20 6182/5946/20 6181/6045/20
f 6238/5943/20 6239/5942/20 6181/6045/20 6180/5944/20
f 5890/6046/1099 4924/6047/1099 4923/6048/1099 5889/6049/1099
f 6872/6041/31 6876/6050/31 6795/5963/31 6781/5950/31
f 6873/6042/31 6877/6051/31 6876/6050/31 6872/6041/31
f 6874/6043/31 6878/6052/31 6877/6051/31 6873/6042/31
f 6875/6044/31 6879/6053/31 6878/6052/31 6874/6043/31
f 4629/4143/31 4633/4140/31 6879/6053/31 6875/6044/31
f 5891/6054/1100 4925/6055/1100 4924/6047/1100 5890/6046/1100
f 5892/6056/44 4926/6057/44 4925/6055/44 5891/6054/44
f 4927/6058/1101 5893/6059/1101 5889/6049/1101 4923/6048/1101
f 6876/6050/32 6880/6060/32 6809/5978/32 6795/5963/32
f 6877/6051/32 6881/6061/32 6880/6060/32 6876/6050/32
f 6878/6052/32 6882/6062/32 6881/6061/32 6877/6051/32
f 6879/6053/32 6883/6063/32 6882/6062/32 6878/6052/32
f 4633/4140/32 4637/4136/32 6883/6063/32 6879/6053/32
f 4928/6064/78 5894/6065/78 5893/6059/78 4927/6058/78
f 4929/6066/78 5895/6067/78 5894/6065/78 4928/6064/78
f 4930/6068/78 5896/6069/78 5895/6067/78 4929/6066/78
f 6822/5991/33 6884/6070/33 6742/5573/33 6697/5534/33
f 6880/6060/33 6884/6070/33 6822/5991/33 6809/5978/33
f 6884/6070/33 6885/6071/33 6743/5576/33 6742/5573/33
f 6881/6061/33 6885/6071/33 6884/6070/33 6880/6060/33
f 6885/6071/33 6886/6072/33 6744/5579/33 6743/5576/33
f 6882/6062/33 6886/6072/33 6885/6071/33 6881/6061/33
f 6886/6072/33 6887/6073/33 6745/5582/33 6744/5579/33
f 6883/6063/33 6887/6073/33 6886/6072/33 6882/6062/33
f 6887/6073/33 4641/4135/33 4485/4137/33 6745/5582/33
f 4637/4136/33 4641/4135/33 6887/6073/33 6883/6063/33
f 4931/6074/78 5897/6075/78 5896/6069/78 4930/6068/78
f 5899/6076/43 5890/6046/43 5889/6049/43 5898/6077/43
f 5900/6078/43 5891/6054/43 5890/6046/43 5899/6076/43
f 5901/6079/43 5892/6056/43 5891/6054/43 5900/6078/43
f 5893/6059/1102 5902/6080/1102 5898/6077/1102 5889/6049/1102
f 5894/6065/78 5903/6081/78 5902/6080/78 5893/6059/78
f 5895/6067/78 5904/6082/78 5903/6081/78 5894/6065/78
f 5896/6069/78 5905/6083/78 5904/6082/78 5895/6067/78
f 5897/6075/78 5906/6084/78 5905/6083/78 5896/6069/78
f 5908/6085/43 5899/6076/43 5898/6077/43 5907/6086/43
f 5909/6087/43 5900/6078/43 5899/6076/43 5908/6085/43
f 5910/6088/43 5901/6079/43 5900/6078/43 5909/6087/43
f 5902/6080/1103 5911/6089/1103 5907/6086/1103 5898/6077/1103
f 5903/6081/78 5912/6090/78 5911/6089/78 5902/6080/78
f 5904/6082/78 5913/6091/78 5912/6090/78 5903/6081/78
f 5905/6083/78 5914/6092/78 5913/6091/78 5904/6082/78
f 5906/6084/78 5915/6093/78 5914/6092/78 5905/6083/78
f 5917/6094/43 5908/6085/43 5907/6086/43 5916/6095/43
f 5918/6096/43 5909/6087/43 5908/6085/43 5917/6094/43
f 5919/6097/43 5910/6088/43 5909/6087/43 5918/6096/43
f 5911/6089/1104 5920/6098/1104 5916/6095/1104 5907/6086/1104
f 5920/6098/1105 5921/6099/1105 5917/6094/1105 5916/6095/1105
f 5921/6099/1106 5922/6100/1106 5918/6096/1106 5917/6094/1106
f 5922/6100/1107 5923/6101/1107 5919/6097/1107 5918/6096/1107
f 5912/6090/78 5924/6102/78 5920/6098/78 5911/6089/78
f 5913/6091/78 5925/6103/78 5924/6102/78 5912/6090/78
f 5914/6092/78 5926/6104/78 5925/6103/78 5913/6091/78
f 5915/6093/78 5927/6105/78 5926/6104/78 5914/6092/78
f 5929/6106/1108 5921/6099/1108 5920/6098/1108 5928/6107/1108
f 5930/6108/20 5922/6100/20 5921/6099/20 5929/6106/20
f 5931/6109/20 5923/6101/20 5922/6100/20 5930/6108/20
f 5924/6102/78 5932/6110/78 5928/6107/78 5920/6098/78
f 5925/6103/78 5933/6111/78 5932/6110/78 5924/6102/78
f 5926/6104/78 5934/6112/78 5933/6111/78 5925/6103/78
f 5927/6105/78 5935/6113/78 5934/6112/78 5926/6104/78
f 5937/6114/1109 5929/6106/1109 5928/6107/1109 5936/6115/1109
f 5938/6116/20 5930/6108/20 5929/6106/20 5937/6114/20
f 5939/6117/20 5931/6109/20 5930/6108/20 5938/6116/20
f 5932/6110/1110 5940/6118/1110 5936/6115/1110 5928/6107/1110
f 5933/6111/78 5941/6119/78 5940/6118/78 5932/6110/78
f 5934/6112/78 5942/6120/78 5941/6119/78 5933/6111/78
f 5935/6113/78 5943/6121/78 5942/6120/78 5934/6112/78
f 5945/6122/20 5937/6114/20 5936/6115/20 5944/6123/20
f 5946/6124/20 5938/6116/20 5937/6114/20 5945/6122/20
f 5947/6125/20 5939/6117/20 5938/6116/20 5946/6124/20
f 5940/6118/1111 5948/6126/1111 5944/6123/1111 5936/6115/1111
f 5948/6126/1112 5949/6127/1112 5945/6122/1112 5944/6123/1112
f 5949/6127/20 5950/6128/20 5946/6124/20 5945/6122/20
f 5950/6128/20 5951/6129/20 5947/6125/20 5946/6124/20
f 5941/6119/78 5952/6130/78 5948/6126/78 5940/6118/78
f 5942/6120/78 5953/6131/78 5952/6130/78 5941/6119/78
f 5943/6121/78 5954/6132/78 5953/6131/78 5942/6120/78
f 5956/6133/1113 5949/6127/1113 5948/6126/1113 5955/6134/1113
f 5957/6135/1114 5950/6128/1114 5949/6127/1114 5956/6133/1114
f 5958/6136/1115 5951/6129/1115 5950/6128/1115 5957/6135/1115
f 5952/6130/1116 5959/6137/1116 5955/6134/1116 5948/6126/1116
f 5959/6137/1117 5960/6138/1117 5956/6133/1117 5955/6134/1117
f 5960/6138/13 5961/6139/13 5957/6135/13 5956/6133/13
f 5961/6139/13 5962/5048/13 5958/6136/13 5957/6135/13
f 5953/6131/78 5963/6140/78 5959/6137/78 5952/6130/78
f 5954/6132/78 5964/6141/78 5963/6140/78 5953/6131/78
f 4988/6142/78 5965/6143/78 5897/6075/78 4931/6074/78
f 4989/6144/78 5966/6145/78 5965/6143/78 4988/6142/78
f 4990/6146/78 5967/6147/78 5966/6145/78 4989/6144/78
f 4991/6148/78 5968/6149/78 5967/6147/78 4990/6146/78
f 4992/6150/78 5969/6151/78 5968/6149/78 4991/6148/78
f 4993/6152/78 5970/6153/78 5969/6151/78 4992/6150/78
f 4994/6154/78 5971/6155/78 5970/6153/78 4993/6152/78
f 4995/5263/78 5972/5262/78 5971/6155/78 4994/6154/78
f 5965/6143/78 5973/6156/78 5906/6084/78 5897/6075/78
f 5966/6145/78 5974/6157/78 5973/6156/78 5965/6143/78
f 5967/6147/78 5975/6158/78 5974/6157/78 5966/6145/78
f 5968/6149/78 5976/6159/78 5975/6158/78 5967/6147/78
f 5969/6151/78 5977/6160/78 5976/6159/78 5968/6149/78
f 5970/6153/78 5978/6161/78 5977/6160/78 5969/6151/78
f 5971/6155/78 5979/6162/78 5978/6161/78 5970/6153/78
f 5972/5262/78 5980/5278/78 5979/6162/78 5971/6155/78
f 5973/6156/78 5981/6163/78 5915/6093/78 5906/6084/78
f 5974/6157/78 5982/6164/78 5981/6163/78 5973/6156/78
f 5975/6158/78 5983/6165/78 5982/6164/78 5974/6157/78
f 5976/6159/78 5984/6166/78 5983/6165/78 5975/6158/78
f 5977/6160/78 5985/6167/78 5984/6166/78 5976/6159/78
f 5978/6161/78 5986/6168/78 5985/6167/78 5977/6160/78
f 5979/6162/78 5987/6169/78 5986/6168/78 5978/6161/78
f 5980/5278/78 5988/5287/78 5987/6169/78 5979/6162/78
f 5981/6163/78 5989/6170/78 5927/6105/78 5915/6093/78
f 5982/6164/78 5990/6171/78 5989/6170/78 5981/6163/78
f 5983/6165/78 5991/6172/78 5990/6171/78 5982/6164/78
f 5984/6166/78 5992/6173/78 5991/6172/78 5983/6165/78
f 5985/6167/78 5993/6174/78 5992/6173/78 5984/6166/78
f 5986/6168/78 5994/6175/78 5993/6174/78 5985/6167/78
f 5987/6169/78 5995/6176/78 5994/6175/78 5986/6168/78
f 5988/5287/78 5996/5296/78 5995/6176/78 5987/6169/78
f 5989/6170/78 5997/6177/78 5935/6113/78 5927/6105/78
f 5990/6171/78 5998/6178/78 5997/6177/78 5989/6170/78
f 5991/6172/78 5999/6179/78 5998/6178/78 5990/6171/78
f 5992/6173/78 6000/6180/78 5999/6179/78 5991/6172/78
f 5993/6174/78 6001/6181/78 6000/6180/78 5992/6173/78
f 5994/6175/78 6002/6182/78 6001/6181/78 5993/6174/78
f 5995/6176/78 6003/6183/78 6002/6182/78 5994/6175/78
f 5996/5296/78 6004/5305/78 6003/6183/78 5995/6176/78
f 5997/6177/78 6005/6184/78 5943/6121/78 5935/6113/78
f 5998/6178/78 6006/6185/78 6005/6184/78 5997/6177/78
f 5999/6179/78 6007/6186/78 6006/6185/78 5998/6178/78
f 6000/6180/78 6008/6187/78 6007/6186/78 5999/6179/78
f 6001/6181/78 6009/6188/78 6008/6187/78 6000/6180/78
f 6002/6182/78 6010/6189/78 6009/6188/78 6001/6181/78
f 6003/6183/78 6011/6190/78 6010/6189/78 6002/6182/78
f 6004/5305/78 6012/5314/78 6011/6190/78 6003/6183/78
f 6005/6184/78 6013/6191/78 5954/6132/78 5943/6121/78
f 6006/6185/78 6014/6192/78 6013/6191/78 6005/6184/78
f 6007/6186/78 6015/6193/78 6014/6192/78 6006/6185/78
f 6008/6187/78 6016/6194/78 6015/6193/78 6007/6186/78
f 6009/6188/78 6017/6195/78 6016/6194/78 6008/6187/78
f 6010/6189/78 6018/6196/78 6017/6195/78 6009/6188/78
f 6011/6190/78 6019/6197/78 6018/6196/78 6010/6189/78
f 6012/5314/78 6020/5323/78 6019/6197/78 6011/6190/78
f 6013/6191/78 6021/6198/78 5964/6141/78 5954/6132/78
f 6014/6192/78 6022/6199/78 6021/6198/78 6013/6191/78
f 6015/6193/78 6023/6200/78 6022/6199/78 6014/6192/78
f 6016/6194/78 6024/6201/78 6023/6200/78 6015/6193/78
f 6017/6195/78 6025/6202/78 6024/6201/78 6016/6194/78
f 6018/6196/78 6026/6203/78 6025/6202/78 6017/6195/78
f 6019/6197/78 6027/6204/78 6026/6203/78 6018/6196/78
f 6020/5323/78 6028/5332/78 6027/6204/78 6019/6197/78
f 6030/6205/1118 5960/6138/1118 5959/6137/1118 6029/6206/1118
f 6031/6207/13 5961/6139/13 5960/6138/13 6030/6205/13
f 6032/5042/13 5962/5048/13 5961/6139/13 6031/6207/13
f 5963/6140/1119 6033/6208/1119 6029/6206/1119 5959/6137/1119
f 5964/6141/78 6034/6209/78 6033/6208/78 5963/6140/78
f 6036/6210/13 6030/6205/13 6029/6206/13 6035/6211/13
f 6037/6212/13 6031/6207/13 6030/6205/13 6036/6210/13
f 6038/5038/13 6032/5042/13 6031/6207/13 6037/6212/13
f 6033/6208/1120 6039/6213/1120 6035/6211/1120 6029/6206/1120
f 6039/6213/13 6040/6214/13 6036/6210/13 6035/6211/13
f 3829/3990/21 3821/3983/21 5314/6215/21 5322/6216/21
f 3829/3990/22 5322/6216/22 5226/6217/22 3733/3911/22
f 5322/6216/21 5314/6215/21 5313/6218/21 5321/6219/21
f 5322/6216/22 5321/6219/22 5225/6220/22 5226/6217/22
f 5321/6219/21 5313/6218/21 5312/6221/21 5320/6222/21
f 5321/6219/22 5320/6222/22 5224/6223/22 5225/6220/22
f 5320/6222/21 5312/6221/21 5311/6224/21 5319/6225/21
f 5320/6222/22 5319/6225/22 5223/6226/22 5224/6223/22
f 5319/6225/21 5311/6224/21 5278/6227/21 5286/6228/21
f 5319/6225/22 5286/6228/22 5182/6229/22 5223/6226/22
f 6040/6214/13 6041/6230/13 6037/6212/13 6036/6210/13
f 6041/6230/13 6042/5031/13 6038/5038/13 6037/6212/13
f 6034/6209/1121 6043/6231/1121 6039/6213/1121 6033/6208/1121
f 6045/6232/10 6040/6214/10 6039/6213/10 6044/6233/10
f 6046/6234/10 6041/6230/10 6040/6214/10 6045/6232/10
f 6047/5027/10 6042/5031/10 6041/6230/10 6046/6234/10
f 3825/3982/23 3817/3978/23 5310/6235/23 5318/6236/23
f 3825/3982/23 5318/6236/23 5314/6215/23 3821/3983/23
f 5318/6236/23 5310/6235/23 5309/6237/23 5317/6238/23
f 5318/6236/23 5317/6238/23 5313/6218/23 5314/6215/23
f 5317/6238/23 5309/6237/23 5308/6239/23 5316/6240/23
f 5317/6238/23 5316/6240/23 5312/6221/23 5313/6218/23
f 5316/6240/23 5308/6239/23 5307/6241/23 5315/6242/23
f 5316/6240/23 5315/6242/23 5311/6224/23 5312/6221/23
f 5315/6242/23 5307/6241/23 5273/6243/23 5282/6244/23
f 5315/6242/23 5282/6244/23 5278/6227/23 5311/6224/23
f 6043/6231/1122 6048/6245/1122 6044/6233/1122 6039/6213/1122
f 6048/6245/10 6049/6246/10 6045/6232/10 6044/6233/10
f 6049/6246/10 6050/6247/10 6046/6234/10 6045/6232/10
f 3817/3978/23 3805/3967/23 5298/6248/23 5310/6235/23
f 5310/6235/23 5298/6248/23 5297/6249/23 5309/6237/23
f 5309/6237/23 5297/6249/23 5296/6250/23 5308/6239/23
f 5308/6239/23 5296/6250/23 5295/6251/23 5307/6241/23
f 5307/6241/23 5295/6251/23 5257/6252/23 5273/6243/23
f 6050/6247/10 6051/4851/10 6047/5027/10 6046/6234/10
f 6021/6198/78 6052/6253/78 6034/6209/78 5964/6141/78
f 6022/6199/78 6053/6254/78 6052/6253/78 6021/6198/78
f 6023/6200/78 6054/6255/78 6053/6254/78 6022/6199/78
f 6024/6201/78 6055/6256/78 6054/6255/78 6023/6200/78
f 6025/6202/78 6056/6257/78 6055/6256/78 6024/6201/78
f 3813/3974/26 3797/3959/26 5290/6258/26 5306/6259/26
f 3813/3974/26 5306/6259/26 5302/6260/26 3809/3966/26
f 5306/6259/26 5290/6258/26 5289/6261/26 5305/6262/26
f 5306/6259/26 5305/6262/26 5301/6263/26 5302/6260/26
f 5305/6262/26 5289/6261/26 5288/6264/26 5304/6265/26
f 5305/6262/26 5304/6265/26 5300/6266/26 5301/6263/26
f 5304/6265/26 5288/6264/26 5287/6267/26 5303/6268/26
f 5304/6265/26 5303/6268/26 5299/6269/26 5300/6266/26
f 5303/6268/26 5287/6267/26 5247/6270/26 5266/6271/26
f 5303/6268/26 5266/6271/26 5262/6272/26 5299/6269/26
f 6026/6203/78 6057/6273/78 6056/6257/78 6025/6202/78
f 6027/6204/78 6058/6274/78 6057/6273/78 6026/6203/78
f 6028/5332/78 6059/5417/78 6058/6274/78 6027/6204/78
f 3809/3966/26 5302/6260/26 5298/6248/26 3805/3967/26
f 5302/6260/26 5301/6263/26 5297/6249/26 5298/6248/26
f 5301/6263/26 5300/6266/26 5296/6250/26 5297/6249/26
f 5300/6266/26 5299/6269/26 5295/6251/26 5296/6250/26
f 5299/6269/26 5262/6272/26 5257/6252/26 5295/6251/26
f 6052/6253/78 6060/6275/78 6043/6231/78 6034/6209/78
f 6053/6254/78 6061/6276/78 6060/6275/78 6052/6253/78
f 6054/6255/78 6062/6277/78 6061/6276/78 6053/6254/78
f 6055/6256/78 6063/6278/78 6062/6277/78 6054/6255/78
f 6056/6257/78 6064/6279/78 6063/6278/78 6055/6256/78
f 6057/6273/78 6065/6280/78 6064/6279/78 6056/6257/78
f 3801/3958/28 3669/3671/28 5116/6281/28 5294/6282/28
f 3801/3958/29 5294/6282/29 5290/6258/29 3797/3959/29
f 5294/6282/28 5116/6281/28 5115/6283/28 5293/6284/28
f 5294/6282/29 5293/6284/29 5289/6261/29 5290/6258/29
f 5293/6284/28 5115/6283/28 5114/6285/28 5292/6286/28
f 5293/6284/29 5292/6286/29 5288/6264/29 5289/6261/29
f 5292/6286/28 5114/6285/28 5113/6287/28 5291/6288/28
f 5292/6286/29 5291/6288/29 5287/6267/29 5288/6264/29
f 5291/6288/28 5113/6287/28 5098/6289/28 5251/6290/28
f 5291/6288/29 5251/6290/29 5247/6270/29 5287/6267/29
f 5286/6228/21 5278/6227/21 5277/6291/21 5285/6292/21
f 5286/6228/22 5285/6292/22 5181/6293/22 5182/6229/22
f 5285/6292/1123 5277/6291/1123 5276/6294/1123 5284/6295/1123
f 5285/6292/22 5284/6295/22 5180/6296/22 5181/6293/22
f 5284/6295/1124 5276/6294/1124 5275/6297/1124 5283/6298/1124
f 5284/6295/22 5283/6298/22 5179/6299/22 5180/6296/22
f 5283/6298/1125 5275/6297/1125 5166/6300/1125 5179/6299/1125
f 5282/6244/23 5273/6243/23 5272/6301/23 5281/6302/23
f 5282/6244/23 5281/6302/23 5277/6291/23 5278/6227/23
f 5281/6302/23 5272/6301/23 5271/6303/23 5280/6304/23
f 5281/6302/23 5280/6304/23 5276/6294/23 5277/6291/23
f 5280/6304/23 5271/6303/23 5270/6305/23 5279/6306/23
f 5280/6304/23 5279/6306/23 5275/6297/23 5276/6294/23
f 5279/6306/23 5270/6305/23 5268/6307/23 5275/6297/23
f 5275/6297/1126 5268/6307/1126 5267/6308/1126 5274/6309/1126
f 5275/6297/1127 5274/6309/1127 5165/6310/1127 5166/6300/1127
f 5274/6309/45 5267/6308/45 5157/6311/45 5165/6310/45
f 5273/6243/23 5257/6252/23 5256/6312/23 5272/6301/23
f 5272/6301/23 5256/6312/23 5255/6313/23 5271/6303/23
f 5271/6303/23 5255/6313/23 5254/6314/23 5270/6305/23
f 5270/6305/1128 5254/6314/1128 5253/6315/1128 5269/6316/1128
f 5270/6305/1129 5269/6316/1129 5267/6308/1129 5268/6307/1129
f 5269/6316/45 5253/6315/45 5252/6317/45 5267/6308/45
f 5267/6308/45 5252/6317/45 5149/6318/45 5157/6311/45
f 5266/6271/26 5247/6270/26 5246/6319/26 5265/6320/26
f 5266/6271/26 5265/6320/26 5261/6321/26 5262/6272/26
f 5265/6320/26 5246/6319/26 5245/6322/26 5264/6323/26
f 5265/6320/26 5264/6323/26 5260/6324/26 5261/6321/26
f 5264/6323/26 5245/6322/26 5244/6325/26 5263/6326/26
f 5264/6323/26 5263/6326/26 5259/6327/26 5260/6324/26
f 5263/6326/26 5244/6325/26 5242/6328/26 5259/6327/26
f 5262/6272/26 5261/6321/26 5256/6312/26 5257/6252/26
f 5261/6321/26 5260/6324/26 5255/6313/26 5256/6312/26
f 5260/6324/26 5259/6327/26 5254/6314/26 5255/6313/26
f 5259/6327/1130 5242/6328/1130 5241/6329/1130 5258/6330/1130
f 5259/6327/1131 5258/6330/1131 5253/6315/1131 5254/6314/1131
f 5258/6330/45 5241/6329/45 5240/6331/45 5253/6315/45
f 5253/6315/45 5240/6331/45 5239/6332/45 5252/6317/45
f 5252/6317/45 5239/6332/45 5138/6333/45 5149/6318/45
f 5251/6290/28 5098/6289/28 5097/6334/28 5250/6335/28
f 5251/6290/29 5250/6335/29 5246/6319/29 5247/6270/29
f 5250/6335/28 5097/6334/28 5096/6336/28 5249/6337/28
f 5250/6335/1132 5249/6337/1132 5245/6322/1132 5246/6319/1132
f 5249/6337/28 5096/6336/28 5095/6338/28 5248/6339/28
f 5249/6337/1133 5248/6339/1133 5244/6325/1133 5245/6322/1133
f 5248/6339/1134 5095/6338/1134 5093/6340/1134 5244/6325/1134
f 5244/6325/1135 5093/6340/1135 5092/6341/1135 5243/6342/1135
f 5244/6325/1136 5243/6342/1136 5241/6329/1136 5242/6328/1136
f 5243/6342/45 5092/6341/45 5091/6343/45 5241/6329/45
f 5241/6329/45 5091/6343/45 5090/6344/45 5240/6331/45
f 5240/6331/45 5090/6344/45 5089/6345/45 5239/6332/45
f 5239/6332/45 5089/6345/45 5018/6346/45 5138/6333/45
f 6058/6274/78 6066/6347/78 6065/6280/78 6057/6273/78
f 6059/5417/78 6067/5426/78 6066/6347/78 6058/6274/78
f 6060/6275/1137 6068/6348/1137 6048/6245/1137 6043/6231/1137
f 6068/6348/1138 6069/6349/1138 6049/6246/1138 6048/6245/1138
f 6069/6349/10 6070/6350/10 6050/6247/10 6049/6246/10
f 6070/6350/10 6071/4782/10 6051/4851/10 6050/6247/10
f 6061/6276/78 6072/6351/78 6068/6348/78 6060/6275/78
f 6062/6277/78 6073/6352/78 6072/6351/78 6061/6276/78
f 6063/6278/78 6074/6353/78 6073/6352/78 6062/6277/78
f 6064/6279/78 6075/6354/78 6074/6353/78 6063/6278/78
f 6065/6280/78 6076/6355/78 6075/6354/78 6064/6279/78
f 6066/6347/78 6077/6356/78 6076/6355/78 6065/6280/78
f 6067/5426/78 6078/5435/78 6077/6356/78 6066/6347/78
f 6080/6357/1139 6069/6349/1139 6068/6348/1139 6079/6358/1139
f 6081/6359/10 6070/6350/10 6069/6349/10 6080/6357/10
f 6082/4783/10 6071/4782/10 6070/6350/10 6081/6359/10
f 6072/6351/1140 6083/6360/1140 6079/6358/1140 6068/6348/1140
f 6083/6360/1141 6084/6361/1141 6080/6357/1141 6079/6358/1141
f 6084/6361/1142 6085/6362/1142 6081/6359/1142 6080/6357/1142
f 6085/6362/864 6086/4787/864 6082/4783/864 6081/6359/864
f 6073/6352/78 6087/6363/78 6083/6360/78 6072/6351/78
f 6074/6353/78 6088/6364/78 6087/6363/78 6073/6352/78
f 6075/6354/78 6089/6365/78 6088/6364/78 6074/6353/78
f 6076/6355/78 6090/6366/78 6089/6365/78 6075/6354/78
f 6077/6356/78 6091/6367/78 6090/6366/78 6076/6355/78
f 6078/5435/78 6092/5444/78 6091/6367/78 6077/6356/78
f 6094/6368/1143 6084/6361/1143 6083/6360/1143 6093/6369/1143
f 6095/6370/1 6085/6362/1 6084/6361/1 6094/6368/1
f 6096/4799/1 6086/4787/1 6085/6362/1 6095/6370/1
f 6087/6363/1144 6097/6371/1144 6093/6369/1144 6083/6360/1144
f 6097/6371/1 6098/6372/1 6094/6368/1 6093/6369/1
f 6098/6372/1 6099/6373/1 6095/6370/1 6094/6368/1
f 6099/6373/1 6100/4803/1 6096/4799/1 6095/6370/1
f 6088/6364/1145 6101/6374/1145 6097/6371/1145 6087/6363/1145
f 6101/6374/1146 6102/6375/1146 6098/6372/1146 6097/6371/1146
f 6102/6375/1 6103/6376/1 6099/6373/1 6098/6372/1
f 6103/6376/1 6104/4808/1 6100/4803/1 6099/6373/1
f 6089/6365/78 6105/6377/78 6101/6374/78 6088/6364/78
f 6105/6377/1147 6106/6378/1147 6102/6375/1147 6101/6374/1147
f 6106/6378/1 6107/6379/1 6103/6376/1 6102/6375/1
f 6107/6379/1 6108/4813/1 6104/4808/1 6103/6376/1
f 6090/6366/78 6109/6380/78 6105/6377/78 6089/6365/78
f 3745/3800/34 3741/3918/34 5234/6381/34 5238/6382/34
f 5238/6382/34 5234/6381/34 5233/6383/34 5237/6384/34
f 5237/6384/34 5233/6383/34 5232/6385/34 5236/6386/34
f 5236/6386/34 5232/6385/34 5231/6387/34 5235/6388/34
f 5235/6388/34 5231/6387/34 5209/6389/34 5222/6390/34
f 6091/6367/78 6110/6391/78 6109/6380/78 6090/6366/78
f 6092/5444/78 6111/5462/78 6110/6391/78 6091/6367/78
f 6113/6392/1148 6106/6378/1148 6105/6377/1148 6112/6393/1148
f 3741/3918/35 3737/3912/35 5230/6394/35 5234/6381/35
f 5234/6381/35 5230/6394/35 5229/6395/35 5233/6383/35
f 5233/6383/35 5229/6395/35 5228/6396/35 5232/6385/35
f 5232/6385/35 5228/6396/35 5227/6397/35 5231/6387/35
f 5231/6387/35 5227/6397/35 5195/6398/35 5209/6389/35
f 6114/6399/1149 6107/6379/1149 6106/6378/1149 6113/6392/1149
f 6115/4822/874 6108/4813/874 6107/6379/874 6114/6399/874
f 6109/6380/1150 6116/6400/1150 6112/6393/1150 6105/6377/1150
f 3737/3912/22 3733/3911/22 5226/6217/22 5230/6394/22
f 5230/6394/22 5226/6217/22 5225/6220/22 5229/6395/22
f 5229/6395/22 5225/6220/22 5224/6223/22 5228/6396/22
f 5228/6396/22 5224/6223/22 5223/6226/22 5227/6397/22
f 5227/6397/22 5223/6226/22 5182/6229/22 5195/6398/22
f 5222/6390/34 5209/6389/34 5208/6401/34 5221/6402/34
f 5221/6402/34 5208/6401/34 5207/6403/34 5220/6404/34
f 5220/6404/34 5207/6403/34 5206/6405/34 5219/6406/34
f 5219/6406/1151 5206/6405/1151 5204/6407/1151 5218/6408/1151
f 5218/6408/45 5204/6407/45 5203/6409/45 5217/6410/45
f 5217/6410/45 5203/6409/45 5202/6411/45 5216/6412/45
f 5216/6412/45 5202/6411/45 5201/6413/45 5215/6414/45
f 5215/6414/45 5201/6413/45 5200/6415/45 5214/6416/45
f 5214/6416/1152 5200/6415/1152 5199/6417/1152 5213/6418/1152
f 5213/6418/34 5199/6417/34 5198/6419/34 5212/6420/34
f 5212/6420/34 5198/6419/34 5197/6421/34 5211/6422/34
f 5211/6422/34 5197/6421/34 5196/6423/34 5210/6424/34
f 5210/6424/34 5196/6423/34 4917/6425/34 4926/6057/34
f 5209/6389/35 5195/6398/35 5194/6426/35 5208/6401/35
f 5208/6401/1153 5194/6426/1153 5193/6427/1153 5207/6403/1153
f 5207/6403/1154 5193/6427/1154 5192/6428/1154 5206/6405/1154
f 5206/6405/1155 5192/6428/1155 5191/6429/1155 5205/6430/1155
f 5206/6405/1156 5205/6430/1156 5203/6409/1156 5204/6407/1156
f 5205/6430/45 5191/6429/45 5190/6431/45 5203/6409/45
f 5203/6409/45 5190/6431/45 5189/6432/45 5202/6411/45
f 5202/6411/45 5189/6432/45 5188/6433/45 5201/6413/45
f 5201/6413/45 5188/6433/45 5187/6434/45 5200/6415/45
f 5200/6415/1157 5187/6434/1157 5186/6435/1157 5199/6417/1157
f 5199/6417/34 5186/6435/34 5185/6436/34 5198/6419/34
f 5198/6419/34 5185/6436/34 5184/6437/34 5197/6421/34
f 5197/6421/34 5184/6437/34 5183/6438/34 5196/6423/34
f 5196/6423/34 5183/6438/34 4908/6439/34 4917/6425/34
f 5195/6398/22 5182/6229/22 5181/6293/22 5194/6426/22
f 5194/6426/22 5181/6293/22 5180/6296/22 5193/6427/22
f 5193/6427/22 5180/6296/22 5179/6299/22 5192/6428/22
f 5192/6428/1158 5179/6299/1158 5178/6440/1158 5191/6429/1158
f 5191/6429/45 5178/6440/45 5177/6441/45 5190/6431/45
f 5190/6431/45 5177/6441/45 5176/6442/45 5189/6432/45
f 5189/6432/45 5176/6442/45 5175/6443/45 5188/6433/45
f 5188/6433/45 5175/6443/45 5174/6444/45 5187/6434/45
f 5187/6434/1159 5174/6444/1159 5170/6445/1159 5186/6435/1159
f 5186/6435/34 5170/6445/34 5169/6446/34 5185/6436/34
f 5185/6436/34 5169/6446/34 5168/6447/34 5184/6437/34
f 5184/6437/34 5168/6447/34 5167/6448/34 5183/6438/34
f 5183/6438/34 5167/6448/34 4896/6449/34 4908/6439/34
f 5179/6299/1160 5166/6300/1160 5165/6310/1160 5178/6440/1160
f 5178/6440/45 5165/6310/45 5164/6450/45 5177/6441/45
f 5177/6441/45 5164/6450/45 5163/6451/45 5176/6442/45
f 5176/6442/45 5163/6451/45 5162/6452/45 5175/6443/45
f 5175/6443/45 5162/6452/45 5161/6453/45 5174/6444/45
f 5174/6444/1161 5161/6453/1161 5160/6454/1161 5173/6455/1161
f 5174/6444/1162 5173/6455/1162 5169/6446/1162 5170/6445/1162
f 5173/6455/22 5160/6454/22 5159/6456/22 5172/6457/22
f 5173/6455/1163 5172/6457/1163 5168/6447/1163 5169/6446/1163
f 5172/6457/22 5159/6456/22 5158/6458/22 5171/6459/22
f 5172/6457/1164 5171/6459/1164 5167/6448/1164 5168/6447/1164
f 5171/6459/22 5158/6458/22 4888/6460/22 4900/6461/22
f 5171/6459/1165 4900/6461/1165 4896/6449/1165 5167/6448/1165
f 5165/6310/45 5157/6311/45 5156/6462/45 5164/6450/45
f 5164/6450/45 5156/6462/45 5155/6463/45 5163/6451/45
f 5163/6451/45 5155/6463/45 5154/6464/45 5162/6452/45
f 5162/6452/1166 5154/6464/1166 5153/6465/1166 5161/6453/1166
f 5161/6453/1167 5153/6465/1167 5152/6466/1167 5160/6454/1167
f 5160/6454/22 5152/6466/22 5151/6467/22 5159/6456/22
f 5159/6456/22 5151/6467/22 5150/6468/22 5158/6458/22
f 5158/6458/22 5150/6468/22 4880/6469/22 4888/6460/22
f 6888/6470/1168 6889/6471/1168 6366/4881/1168 6365/4853/1168
f 6889/6471/1169 6890/6472/1169 6367/4879/1169 6366/4881/1169
f 6890/6472/36 6891/6473/36 6368/4872/36 6367/4879/36
f 6893/6474/37 6894/6475/37 6889/6471/37 6888/6470/37
f 6894/6475/37 6895/6476/37 6890/6472/37 6889/6471/37
f 6895/6476/37 6896/6477/37 6891/6473/37 6890/6472/37
f 6897/6478/1170 6898/6479/1170 6893/6474/1170 6892/6480/1170
f 6898/6479/1171 6899/6481/1171 6894/6475/1171 6893/6474/1171
f 6899/6481/1172 6900/6482/1172 6895/6476/1172 6894/6475/1172
f 6900/6482/38 6901/6483/38 6896/6477/38 6895/6476/38
f 6902/6484/1173 6903/6485/1173 6898/6479/1173 6897/6478/1173
f 6903/6485/39 6904/6486/39 6899/6481/39 6898/6479/39
f 6730/5560/39 6904/6486/39 6903/6485/39 6729/5561/39
f 6904/6486/39 6905/6487/39 6900/6482/39 6899/6481/39
f 6731/5563/39 6905/6487/39 6904/6486/39 6730/5560/39
f 6905/6487/39 6906/6488/39 6901/6483/39 6900/6482/39
f 6732/5565/39 6906/6488/39 6905/6487/39 6731/5563/39
f 6907/6489/1174 6908/6490/1174 6903/6485/1174 6902/6484/1174
f 6734/5558/1175 6908/6490/1175 6907/6489/1175 6733/5568/1175
f 6908/6490/1176 6734/5558/1176 6729/5561/1176 6903/6485/1176
f 6909/6491/45 6738/5566/45 6733/5568/45 6907/6489/45
f 6910/6492/45 6740/5569/45 6738/5566/45 6909/6491/45
f 6911/6493/45 6741/5570/45 6740/5569/45 6910/6492/45
f 6912/6494/45 6913/6495/45 6378/4852/45 6377/4780/45
f 6913/6495/1177 6888/6470/1177 6365/4853/1177 6378/4852/1177
f 6914/6496/45 6915/6497/45 6913/6495/45 6912/6494/45
f 6893/6474/1178 6915/6497/1178 6914/6496/1178 6892/6480/1178
f 6915/6497/1179 6893/6474/1179 6888/6470/1179 6913/6495/1179
f 6916/6498/45 6897/6478/45 6892/6480/45 6914/6496/45
f 6917/6499/45 6902/6484/45 6897/6478/45 6916/6498/45
f 6918/6500/45 6907/6489/45 6902/6484/45 6917/6499/45
f 6919/6501/45 6909/6491/45 6907/6489/45 6918/6500/45
f 6920/6502/45 6910/6492/45 6909/6491/45 6919/6501/45
f 6921/6503/45 6911/6493/45 6910/6492/45 6920/6502/45
f 6922/6504/45 6912/6494/45 6377/4780/45 6389/4779/45
f 6923/6505/45 6914/6496/45 6912/6494/45 6922/6504/45
f 6924/6506/45 6916/6498/45 6914/6496/45 6923/6505/45
f 6925/6507/45 6917/6499/45 6916/6498/45 6924/6506/45
f 6926/6508/45 6918/6500/45 6917/6499/45 6925/6507/45
f 6927/6509/45 6919/6501/45 6918/6500/45 6926/6508/45
f 6928/6510/45 6920/6502/45 6919/6501/45 6927/6509/45
f 6932/6511/45 6921/6503/45 6920/6502/45 6928/6510/45
f 6933/6512/45 6922/6504/45 6389/4779/45 6403/4797/45
f 6934/6513/45 6923/6505/45 6922/6504/45 6933/6512/45
f 6935/6514/45 6924/6506/45 6923/6505/45 6934/6513/45
f 6936/6515/45 6925/6507/45 6924/6506/45 6935/6514/45
f 6937/6516/45 6926/6508/45 6925/6507/45 6936/6515/45
f 6938/6517/45 6927/6509/45 6926/6508/45 6937/6516/45
f 6942/6518/45 6928/6510/45 6927/6509/45 6938/6517/45
f 6635/5458/977 6943/6519/977 6939/6520/977 6631/5459/977
f 6929/6521/17 6943/6519/17 6635/5458/17 6621/5460/17
f 6943/6519/977 6944/6522/977 6940/6523/977 6939/6520/977
f 6930/6524/17 6944/6522/17 6943/6519/17 6929/6521/17
f 6944/6522/1180 6945/6525/1180 6941/6526/1180 6940/6523/1180
f 6931/6527/17 6945/6525/17 6944/6522/17 6930/6524/17
f 6945/6525/1181 6946/6528/1181 6942/6518/1181 6941/6526/1181
f 6932/6511/1182 6946/6528/1182 6945/6525/1182 6931/6527/1182
f 6946/6528/1183 6932/6511/1183 6928/6510/1183 6942/6518/1183
f 6947/6529/45 6933/6512/45 6403/4797/45 6422/4820/45
f 6948/6530/45 6934/6513/45 6933/6512/45 6947/6529/45
f 6949/6531/45 6935/6514/45 6934/6513/45 6948/6530/45
f 6953/6532/45 6936/6515/45 6935/6514/45 6949/6531/45
f 6646/5471/39 6954/6533/39 6950/6534/39 6642/5472/39
f 6954/6533/39 6955/6535/39 6951/6536/39 6950/6534/39
f 6955/6535/39 6956/6537/39 6952/6538/39 6951/6536/39
f 6956/6537/1184 6957/6539/1184 6953/6532/1184 6952/6538/1184
f 6957/6539/45 6937/6516/45 6936/6515/45 6953/6532/45
f 6650/5476/39 6958/6540/39 6954/6533/39 6646/5471/39
f 6958/6540/39 6959/6541/39 6955/6535/39 6954/6533/39
f 6959/6541/39 6960/6542/39 6956/6537/39 6955/6535/39
f 6960/6542/1185 6961/6543/1185 6957/6539/1185 6956/6537/1185
f 6961/6543/1186 6938/6517/1186 6937/6516/1186 6957/6539/1186
f 6654/5480/39 6962/6544/39 6958/6540/39 6650/5476/39
f 6939/6520/39 6962/6544/39 6654/5480/39 6631/5459/39
f 6962/6544/39 6963/6545/39 6959/6541/39 6958/6540/39
f 6940/6523/39 6963/6545/39 6962/6544/39 6939/6520/39
f 6963/6545/39 6964/6546/39 6960/6542/39 6959/6541/39
f 6941/6526/39 6964/6546/39 6963/6545/39 6940/6523/39
f 6964/6546/39 6965/6547/39 6961/6543/39 6960/6542/39
f 6942/6518/1187 6965/6547/1187 6964/6546/1187 6941/6526/1187
f 6965/6547/1188 6942/6518/1188 6938/6517/1188 6961/6543/1188
f 6658/5487/36 6966/6548/36 6435/4837/36 6127/4836/36
f 6966/6548/36 6967/6549/36 6436/4838/36 6435/4837/36
f 6967/6549/803 6968/6550/803 6437/4839/803 6436/4838/803
f 6968/6550/1189 6969/6551/1189 6438/4840/1189 6437/4839/1189
f 6969/6551/1190 6947/6529/1190 6422/4820/1190 6438/4840/1190
f 6662/5491/37 6970/6552/37 6966/6548/37 6658/5487/37
f 6970/6552/37 6971/6553/37 6967/6549/37 6966/6548/37
f 6971/6553/37 6972/6554/37 6968/6550/37 6967/6549/37
f 6972/6554/37 6973/6555/37 6969/6551/37 6968/6550/37
f 6973/6555/1191 6948/6530/1191 6947/6529/1191 6969/6551/1191
f 6666/5495/37 6974/6556/37 6970/6552/37 6662/5491/37
f 6974/6556/37 6975/6557/37 6971/6553/37 6970/6552/37
f 6975/6557/37 6976/6558/37 6972/6554/37 6971/6553/37
f 6976/6558/37 6977/6559/37 6973/6555/37 6972/6554/37
f 6977/6559/1192 6949/6531/1192 6948/6530/1192 6973/6555/1192
f 6670/5499/37 6978/6560/37 6974/6556/37 6666/5495/37
f 6950/6534/1193 6978/6560/1193 6670/5499/1193 6642/5472/1193
f 6978/6560/37 6979/6561/37 6975/6557/37 6974/6556/37
f 6951/6536/990 6979/6561/990 6978/6560/990 6950/6534/990
f 6979/6561/37 6980/6562/37 6976/6558/37 6975/6557/37
f 6952/6538/1194 6980/6562/1194 6979/6561/1194 6951/6536/1194
f 6980/6562/37 6981/6563/37 6977/6559/37 6976/6558/37
f 6953/6532/1195 6981/6563/1195 6980/6562/1195 6952/6538/1195
f 6981/6563/1196 6953/6532/1196 6949/6531/1196 6977/6559/1196
f 6891/6473/36 6982/6564/36 6451/4873/36 6368/4872/36
f 6982/6564/36 6983/6565/36 6452/4874/36 6451/4873/36
f 6983/6565/36 6984/6566/36 6453/4875/36 6452/4874/36
f 6984/6566/36 6985/6567/36 6454/4876/36 6453/4875/36
f 6985/6567/36 4693/3905/36 4433/3908/36 6454/4876/36
f 6116/6400/3 6117/6568/3 6113/6392/3 6112/6393/3
f 6117/6568/3 6118/6569/3 6114/6399/3 6113/6392/3
f 6118/6569/3 6119/4826/3 6115/4822/3 6114/6399/3
f 6896/6477/37 6986/6570/37 6982/6564/37 6891/6473/37
f 6986/6570/37 6987/6571/37 6983/6565/37 6982/6564/37
f 6987/6571/37 6988/6572/37 6984/6566/37 6983/6565/37
f 6988/6572/37 6989/6573/37 6985/6567/37 6984/6566/37
f 6989/6573/37 4697/3898/37 4693/3905/37 6985/6567/37
f 6110/6391/1197 6120/6574/1197 6116/6400/1197 6109/6380/1197
f 6120/6574/3 6121/6575/3 6117/6568/3 6116/6400/3
f 6121/6575/3 6122/6576/3 6118/6569/3 6117/6568/3
f 6901/6483/38 6990/6577/38 6986/6570/38 6896/6477/38
f 6990/6577/38 6991/6578/38 6987/6571/38 6986/6570/38
f 6991/6578/38 6992/6579/38 6988/6572/38 6987/6571/38
f 6992/6579/38 6993/6580/38 6989/6573/38 6988/6572/38
f 6993/6580/38 4701/3891/38 4697/3898/38 6989/6573/38
f 6122/6576/3 6123/4831/3 6119/4826/3 6118/6569/3
f 6111/5462/1198 6124/5482/1198 6120/6574/1198 6110/6391/1198
f 6124/5482/3 6125/5484/3 6121/6575/3 6120/6574/3
f 6906/6488/39 6994/6581/39 6990/6577/39 6901/6483/39
f 6770/5616/39 6994/6581/39 6906/6488/39 6732/5565/39
f 6994/6581/39 6995/6582/39 6991/6578/39 6990/6577/39
f 6771/5618/39 6995/6582/39 6994/6581/39 6770/5616/39
f 6995/6582/39 6996/6583/39 6992/6579/39 6991/6578/39
f 6772/5620/39 6996/6583/39 6995/6582/39 6771/5618/39
f 6996/6583/39 6997/6584/39 6993/6580/39 6992/6579/39
f 6773/5622/39 6997/6584/39 6996/6583/39 6772/5620/39
f 6997/6584/39 4705/3885/39 4701/3891/39 6993/6580/39
f 4513/3886/39 4705/3885/39 6997/6584/39 6773/5622/39
f 6125/5484/3 6126/5486/3 6122/6576/3 6121/6575/3
f 6126/5486/3 6127/4836/3 6123/4831/3 6122/6576/3
f 6128/6585/44 5210/6424/44 4926/6057/44 5892/6056/44
f 6129/6586/44 5211/6422/44 5210/6424/44 6128/6585/44
f 4225/3831/20 4221/3821/20 6233/6587/20 6237/5905/20
f 6237/5905/20 6233/6587/20 6232/6588/20 6236/5906/20
f 6236/5906/20 6232/6588/20 6231/6589/20 6235/5907/20
f 6235/5907/20 6231/6589/20 6230/6590/20 6234/5908/20
f 6234/5908/20 6230/6590/20 6167/6591/20 6183/5909/20
f 4221/3821/42 4217/3812/42 6229/6592/42 6233/6587/42
f 6233/6587/42 6229/6592/42 6228/6593/42 6232/6588/42
f 6232/6588/42 6228/6593/42 6227/6594/42 6231/6589/42
f 6231/6589/42 6227/6594/42 6226/6595/42 6230/6590/42
f 6230/6590/42 6226/6595/42 6154/6596/42 6167/6591/42
f 4217/3812/43 4213/3801/43 6225/6597/43 6229/6592/43
f 6229/6592/43 6225/6597/43 6224/6598/43 6228/6593/43
f 6228/6593/43 6224/6598/43 6223/6599/43 6227/6594/43
f 6227/6594/43 6223/6599/43 6222/6600/43 6226/6595/43
f 6226/6595/43 6222/6600/43 6140/6601/43 6154/6596/43
f 4213/3801/44 3745/3800/44 5238/6382/44 6225/6597/44
f 6225/6597/44 5238/6382/44 5237/6384/44 6224/6598/44
f 6224/6598/44 5237/6384/44 5236/6386/44 6223/6599/44
f 6223/6599/44 5236/6386/44 5235/6388/44 6222/6600/44
f 6222/6600/44 5235/6388/44 5222/6390/44 6140/6601/44
f 6221/4898/45 6211/5920/45 6210/6602/45 6220/5043/45
f 6220/5043/45 6210/6602/45 6209/6603/45 6219/5044/45
f 6219/5044/1199 6209/6603/1199 6208/6604/1199 6215/6605/1199
f 6218/5045/1200 6219/5044/1200 6215/6605/1200 6214/6606/1200
f 6217/5046/13 6218/5045/13 6214/6606/13 6213/6607/13
f 6216/5047/13 6217/5046/13 6213/6607/13 6212/6608/13
f 5962/5048/13 6216/5047/13 6212/6608/13 5958/6136/13
f 6215/6605/1201 6208/6604/1201 6207/6609/1201 6214/6606/1201
f 6214/6606/1202 6207/6609/1202 6206/6610/1202 6213/6607/1202
f 6213/6607/1115 6206/6610/1115 6205/6611/1115 6212/6608/1115
f 6212/6608/1115 6205/6611/1115 5951/6129/1115 5958/6136/1115
f 6211/5920/45 6200/5931/45 6199/6612/45 6210/6602/45
f 6210/6602/45 6199/6612/45 6198/6613/45 6209/6603/45
f 6209/6603/45 6198/6613/45 6197/6614/45 6208/6604/45
f 6208/6604/1203 6197/6614/1203 6196/6615/1203 6204/6616/1203
f 6207/6609/1204 6208/6604/1204 6204/6616/1204 6203/6617/1204
f 6206/6610/20 6207/6609/20 6203/6617/20 6202/6618/20
f 6205/6611/20 6206/6610/20 6202/6618/20 6201/6619/20
f 5951/6129/20 6205/6611/20 6201/6619/20 5947/6125/20
f 6204/6616/20 6196/6615/20 6195/6620/20 6203/6617/20
f 6203/6617/20 6195/6620/20 6194/6621/20 6202/6618/20
f 6202/6618/20 6194/6621/20 6193/6622/20 6201/6619/20
f 6201/6619/20 6193/6622/20 5939/6117/20 5947/6125/20
f 6200/5931/45 6191/5938/45 6190/6623/45 6199/6612/45
f 6199/6612/45 6190/6623/45 6189/6624/45 6198/6613/45
f 6198/6613/45 6189/6624/45 6188/6625/45 6197/6614/45
f 6197/6614/1205 6188/6625/1205 6187/6626/1205 6196/6615/1205
f 5157/6311/45 5149/6318/45 5148/6627/45 5156/6462/45
f 5156/6462/45 5148/6627/45 5147/6628/45 5155/6463/45
f 5155/6463/45 5147/6628/45 5146/6629/45 5154/6464/45
f 6196/6615/1206 6187/6626/1206 6186/6630/1206 6195/6620/1206
f 6195/6620/20 6186/6630/20 6185/6631/20 6194/6621/20
f 6194/6621/20 6185/6631/20 6184/6632/20 6193/6622/20
f 6193/6622/20 6184/6632/20 5931/6109/20 5939/6117/20
f 6192/5945/1207 6180/5944/1207 6179/6633/1207 6191/5938/1207
f 5154/6464/1208 5146/6629/1208 5142/6634/1208 5153/6465/1208
f 5153/6465/22 5142/6634/22 5141/6635/22 5152/6466/22
f 5152/6466/22 5141/6635/22 5140/6636/22 5151/6467/22
f 6191/5938/45 6179/6633/45 6178/6637/45 6190/6623/45
f 6190/6623/45 6178/6637/45 6177/6638/45 6189/6624/45
f 6189/6624/45 6177/6638/45 6176/6639/45 6188/6625/45
f 6188/6625/45 6176/6639/45 6175/6640/45 6187/6626/45
f 6187/6626/1209 6175/6640/1209 6174/6641/1209 6186/6630/1209
f 5151/6467/22 5140/6636/22 5139/6642/22 5150/6468/22
f 5150/6468/22 5139/6642/22 4869/6643/22 4880/6469/22
f 5149/6318/45 5138/6333/45 5137/6644/45 5148/6627/45
f 6186/6630/20 6174/6641/20 6173/6645/20 6185/6631/20
f 6185/6631/20 6173/6645/20 6172/6646/20 6184/6632/20
f 6184/6632/20 6172/6646/20 5923/6101/20 5931/6109/20
f 6183/5909/20 6167/6591/20 6166/6647/20 6182/5946/20
f 6182/5946/20 6166/6647/20 6165/6648/20 6181/6045/20
f 6181/6045/20 6165/6648/20 6164/6649/20 6180/5944/20
f 6180/5944/1210 6164/6649/1210 6163/6650/1210 6179/6633/1210
f 6179/6633/45 6163/6650/45 6162/6651/45 6178/6637/45
f 6178/6637/45 6162/6651/45 6161/6652/45 6177/6638/45
f 6177/6638/45 6161/6652/45 6160/6653/45 6176/6639/45
f 5148/6627/45 5137/6644/45 5136/6654/45 5147/6628/45
f 5147/6628/1211 5136/6654/1211 5132/6655/1211 5146/6629/1211
f 5146/6629/1212 5132/6655/1212 5131/6656/1212 5145/6657/1212
f 5146/6629/1213 5145/6657/1213 5141/6635/1213 5142/6634/1213
f 5145/6657/1214 5131/6656/1214 5130/6658/1214 5144/6659/1214
f 5145/6657/22 5144/6659/22 5140/6636/22 5141/6635/22
f 5144/6659/1215 5130/6658/1215 5129/6660/1215 5143/6661/1215
f 5144/6659/22 5143/6661/22 5139/6642/22 5140/6636/22
f 5143/6661/1215 5129/6660/1215 4859/6662/1215 4873/6663/1215
f 5143/6661/22 4873/6663/22 4869/6643/22 5139/6642/22
f 5138/6333/45 5018/6346/45 5017/6664/45 5137/6644/45
f 5137/6644/1216 5017/6664/1216 5016/6665/1216 5136/6654/1216
f 5136/6654/1217 5016/6665/1217 5015/6666/1217 5135/6667/1217
f 5136/6654/1218 5135/6667/1218 5131/6656/1218 5132/6655/1218
f 5135/6667/23 5015/6666/23 5014/6668/23 5134/6669/23
f 5135/6667/23 5134/6669/23 5130/6658/23 5131/6656/23
f 5134/6669/23 5014/6668/23 5013/6670/23 5133/6671/23
f 5134/6669/23 5133/6671/23 5129/6660/23 5130/6658/23
f 5133/6671/23 5013/6670/23 4777/6672/23 4863/6673/23
f 5133/6671/23 4863/6673/23 4859/6662/23 5129/6660/23
f 6176/6639/45 6160/6653/45 6159/6674/45 6175/6640/45
f 6175/6640/1219 6159/6674/1219 6158/6675/1219 6171/6676/1219
f 6174/6641/1220 6175/6640/1220 6171/6676/1220 6170/6677/1220
f 6173/6645/1221 6174/6641/1221 6170/6677/1221 6169/6678/1221
f 6172/6646/1107 6173/6645/1107 6169/6678/1107 6168/6679/1107
f 5923/6101/1222 6172/6646/1222 6168/6679/1222 5919/6097/1222
f 6171/6676/43 6158/6675/43 6157/6680/43 6170/6677/43
f 6170/6677/43 6157/6680/43 6156/6681/43 6169/6678/43
f 6169/6678/43 6156/6681/43 6155/6682/43 6168/6679/43
f 6168/6679/43 6155/6682/43 5910/6088/43 5919/6097/43
f 6167/6591/42 6154/6596/42 6153/6683/42 6166/6647/42
f 6166/6647/1223 6153/6683/1223 6152/6684/1223 6165/6648/1223
f 6165/6648/1224 6152/6684/1224 6151/6685/1224 6164/6649/1224
f 6164/6649/1225 6151/6685/1225 6150/6686/1225 6163/6650/1225
f 6163/6650/45 6150/6686/45 6148/6687/45 6162/6651/45
f 6162/6651/45 6148/6687/45 6147/6688/45 6161/6652/45
f 6161/6652/45 6147/6688/45 6146/6689/45 6160/6653/45
f 6160/6653/45 6146/6689/45 6145/6690/45 6159/6674/45
f 6159/6674/1226 6145/6690/1226 6144/6691/1226 6158/6675/1226
f 6158/6675/43 6144/6691/43 6143/6692/43 6157/6680/43
f 6157/6680/43 6143/6692/43 6142/6693/43 6156/6681/43
f 6156/6681/43 6142/6693/43 6141/6694/43 6155/6682/43
f 6155/6682/43 6141/6694/43 5901/6079/43 5910/6088/43
f 6154/6596/43 6140/6601/43 6139/6695/43 6153/6683/43
f 6153/6683/43 6139/6695/43 6138/6696/43 6152/6684/43
f 6152/6684/43 6138/6696/43 6137/6697/43 6151/6685/43
f 6151/6685/1227 6137/6697/1227 6136/6698/1227 6149/6699/1227
f 6150/6686/1228 6151/6685/1228 6149/6699/1228 6148/6687/1228
f 6149/6699/45 6136/6698/45 6135/6700/45 6148/6687/45
f 6148/6687/45 6135/6700/45 6134/6701/45 6147/6688/45
f 6147/6688/45 6134/6701/45 6133/6702/45 6146/6689/45
f 6146/6689/45 6133/6702/45 6132/6703/45 6145/6690/45
f 6145/6690/1229 6132/6703/1229 6131/6704/1229 6144/6691/1229
f 6144/6691/43 6131/6704/43 6130/6705/43 6143/6692/43
f 6143/6692/43 6130/6705/43 6129/6586/43 6142/6693/43
f 6142/6693/43 6129/6586/43 6128/6585/43 6141/6694/43
f 6141/6694/43 6128/6585/43 5892/6056/43 5901/6079/43
f 6140/6601/44 5222/6390/44 5221/6402/44 6139/6695/44
f 6139/6695/593 5221/6402/593 5220/6404/593 6138/6696/593
f 6138/6696/1230 5220/6404/1230 5219/6406/1230 6137/6697/1230
f 6137/6697/1231 5219/6406/1231 5218/6408/1231 6136/6698/1231
f 6136/6698/45 5218/6408/45 5217/6410/45 6135/6700/45
f 3681/3682/40 5128/5078/40 5124/6706/40 3677/3678/40
f 5128/5078/40 5127/5079/40 5123/6707/40 5124/6706/40
f 5127/5079/40 5126/5080/40 5122/6708/40 5123/6707/40
f 5126/5080/40 5125/5081/40 5121/6709/40 5122/6708/40
f 5125/5081/40 5112/5082/40 5108/6710/40 5121/6709/40
f 6135/6700/45 5217/6410/45 5216/6412/45 6134/6701/45
f 6134/6701/45 5216/6412/45 5215/6414/45 6133/6702/45
f 6133/6702/45 5215/6414/45 5214/6416/45 6132/6703/45
f 3677/3678/41 5124/6706/41 5120/6711/41 3673/3670/41
f 5124/6706/41 5123/6707/41 5119/6712/41 5120/6711/41
f 5123/6707/41 5122/6708/41 5118/6713/41 5119/6712/41
f 5122/6708/41 5121/6709/41 5117/6714/41 5118/6713/41
f 5121/6709/41 5108/6710/41 5103/6715/41 5117/6714/41
f 6132/6703/1232 5214/6416/1232 5213/6418/1232 6131/6704/1232
f 6131/6704/1233 5213/6418/1233 5212/6420/1233 6130/6705/1233
f 6130/6705/592 5212/6420/592 5211/6422/592 6129/6586/592
f 3673/3670/28 5120/6711/28 5116/6281/28 3669/3671/28
f 5120/6711/28 5119/6712/28 5115/6283/28 5116/6281/28
f 5119/6712/28 5118/6713/28 5114/6285/28 5115/6283/28
f 5118/6713/28 5117/6714/28 5113/6287/28 5114/6285/28
f 5117/6714/28 5103/6715/28 5098/6289/28 5113/6287/28
f 5112/5082/40 5111/5103/40 5107/6716/40 5108/6710/40
f 5111/5103/40 5110/5104/40 5106/6717/40 5107/6716/40
f 5110/5104/40 5109/5105/40 5105/6718/40 5106/6717/40
f 5109/5105/1234 5088/5106/1234 5086/6719/1234 5105/6718/1234
f 5108/6710/41 5107/6716/41 5102/6720/41 5103/6715/41
f 5107/6716/1235 5106/6717/1235 5101/6721/1235 5102/6720/1235
f 5106/6717/1236 5105/6718/1236 5100/6722/1236 5101/6721/1236
f 5105/6718/1237 5086/6719/1237 5085/6723/1237 5104/6724/1237
f 5105/6718/1238 5104/6724/1238 5099/6725/1238 5100/6722/1238
f 5104/6724/45 5085/6723/45 5084/6726/45 5099/6725/45
f 5103/6715/28 5102/6720/28 5097/6334/28 5098/6289/28
f 5102/6720/28 5101/6721/28 5096/6336/28 5097/6334/28
f 5101/6721/28 5100/6722/28 5095/6338/28 5096/6336/28
f 5100/6722/1239 5099/6725/1239 5094/6727/1239 5095/6338/1239
f 5099/6725/45 5084/6726/45 5083/6728/45 5094/6727/45
f 5095/6338/1240 5094/6727/1240 5092/6341/1240 5093/6340/1240
f 5094/6727/45 5083/6728/45 5082/6729/45 5092/6341/45
f 5092/6341/45 5082/6729/45 5081/6730/45 5091/6343/45
f 5091/6343/45 5081/6730/45 5080/6731/45 5090/6344/45
f 5090/6344/45 5080/6731/45 5079/6732/45 5089/6345/45
f 5089/6345/45 5079/6732/45 5012/6733/45 5018/6346/45
f 5088/5106/45 5087/5115/45 5085/6723/45 5086/6719/45
f 5087/5115/45 5078/5116/45 5077/6734/45 5085/6723/45
f 5085/6723/45 5077/6734/45 5076/6735/45 5084/6726/45
f 5084/6726/45 5076/6735/45 5075/6736/45 5083/6728/45
f 5083/6728/45 5075/6736/45 5074/6737/45 5082/6729/45
f 5082/6729/45 5074/6737/45 5073/6738/45 5081/6730/45
f 5081/6730/45 5073/6738/45 5072/6739/45 5080/6731/45
f 5080/6731/45 5072/6739/45 5071/6740/45 5079/6732/45
f 5079/6732/1241 5071/6740/1241 5003/6741/1241 5012/6733/1241
f 5078/5116/45 5067/5129/45 5066/6742/45 5077/6734/45
f 5077/6734/45 5066/6742/45 5065/6743/45 5076/6735/45
f 5076/6735/45 5065/6743/45 5064/6744/45 5075/6736/45
f 5075/6736/45 5064/6744/45 5063/6745/45 5074/6737/45
f 5074/6737/45 5063/6745/45 5062/6746/45 5073/6738/45
f 5073/6738/45 5062/6746/45 5061/6747/45 5072/6739/45
f 5072/6739/1242 5061/6747/1242 5057/6748/1242 5071/6740/1242
f 5071/6740/1243 5057/6748/1243 5056/6749/1243 5070/6750/1243
f 5071/6740/1244 5070/6750/1244 5002/6751/1244 5003/6741/1244
f 5070/6750/26 5056/6749/26 5055/6752/26 5069/6753/26
f 5070/6750/26 5069/6753/26 5001/6754/26 5002/6751/26
f 5069/6753/26 5055/6752/26 5054/6755/26 5068/6756/26
f 5069/6753/26 5068/6756/26 5000/6757/26 5001/6754/26
f 5068/6756/26 5054/6755/26 4818/6758/26 4832/6759/26
f 5068/6756/26 4832/6759/26 4764/6760/26 5000/6757/26
f 5067/5129/45 5053/5145/45 5052/6761/45 5066/6742/45
f 5066/6742/45 5052/6761/45 5051/6762/45 5065/6743/45
f 5065/6743/45 5051/6762/45 5050/6763/45 5064/6744/45
f 5064/6744/45 5050/6763/45 5046/6764/45 5063/6745/45
f 5063/6745/1245 5046/6764/1245 5042/6765/1245 5062/6746/1245
f 5062/6746/1246 5042/6765/1246 5038/6766/1246 5061/6747/1246
f 5061/6747/1247 5038/6766/1247 5037/6767/1247 5060/6768/1247
f 5061/6747/1248 5060/6768/1248 5056/6749/1248 5057/6748/1248
f 5060/6768/28 5037/6767/28 5036/6769/28 5059/6770/28
f 5060/6768/1249 5059/6770/1249 5055/6752/1249 5056/6749/1249
f 5059/6770/28 5036/6769/28 5035/6771/28 5058/6772/28
f 5059/6770/1250 5058/6772/1250 5054/6755/1250 5055/6752/1250
f 5058/6772/28 5035/6771/28 4799/6773/28 4822/6774/28
f 5058/6772/1250 4822/6774/1250 4818/6758/1250 5054/6755/1250
f 5053/5145/1251 5034/5166/1251 5030/6775/1251 5052/6761/1251
f 5052/6761/1252 5030/6775/1252 5026/6776/1252 5051/6762/1252
f 5051/6762/1253 5026/6776/1253 5022/6777/1253 5050/6763/1253
f 5050/6763/1254 5022/6777/1254 5021/6778/1254 5049/6779/1254
f 5050/6763/1255 5049/6779/1255 5045/6780/1255 5046/6764/1255
f 5049/6779/1256 5021/6778/1256 5020/6781/1256 5048/6782/1256
f 5049/6779/28 5048/6782/28 5044/6783/28 5045/6780/28
f 5048/6782/1257 5020/6781/1257 5019/6784/1257 5047/6785/1257
f 5048/6782/28 5047/6785/28 5043/6786/28 5044/6783/28
f 5047/6785/1258 5019/6784/1258 4783/6787/1258 4811/6788/1258
f 5047/6785/28 4811/6788/28 4807/6789/28 5043/6786/28
f 5046/6764/1259 5045/6780/1259 5041/6790/1259 5042/6765/1259
f 5045/6780/28 5044/6783/28 5040/6791/28 5041/6790/28
f 5044/6783/28 5043/6786/28 5039/6792/28 5040/6791/28
f 5043/6786/28 4807/6789/28 4803/6793/28 5039/6792/28
f 5042/6765/28 5041/6790/28 5037/6767/28 5038/6766/28
f 5041/6790/28 5040/6791/28 5036/6769/28 5037/6767/28
f 5040/6791/28 5039/6792/28 5035/6771/28 5036/6769/28
f 5039/6792/28 4803/6793/28 4799/6773/28 5035/6771/28
f 5034/5166/40 5033/5179/40 5029/6794/40 5030/6775/40
f 5033/5179/40 5032/5180/40 5028/6795/40 5029/6794/40
f 5032/5180/40 5031/5181/40 5027/6796/40 5028/6795/40
f 5031/5181/40 4795/5182/40 4791/6797/40 5027/6796/40
f 5030/6775/40 5029/6794/40 5025/6798/40 5026/6776/40
f 5029/6794/40 5028/6795/40 5024/6799/40 5025/6798/40
f 5028/6795/40 5027/6796/40 5023/6800/40 5024/6799/40
f 5027/6796/40 4791/6797/40 4787/6801/40 5023/6800/40
f 5026/6776/40 5025/6798/40 5021/6778/40 5022/6777/40
f 5025/6798/40 5024/6799/40 5020/6781/40 5021/6778/40
f 5024/6799/40 5023/6800/40 5019/6784/40 5020/6781/40
f 5023/6800/40 4787/6801/40 4783/6787/40 5019/6784/40
f 5018/6346/1260 5012/6733/1260 5011/6802/1260 5017/6664/1260
f 5017/6664/1261 5011/6802/1261 5007/6803/1261 5016/6665/1261
f 5016/6665/23 5007/6803/23 5006/6804/23 5015/6666/23
f 5015/6666/23 5006/6804/23 5005/6805/23 5014/6668/23
f 5014/6668/23 5005/6805/23 5004/6806/23 5013/6670/23
f 5013/6670/23 5004/6806/23 4768/6807/23 4777/6672/23
f 5012/6733/1262 5003/6741/1262 4999/6808/1262 5011/6802/1262
f 5011/6802/26 4999/6808/26 4998/6809/26 5010/6810/26
f 5011/6802/23 5010/6810/23 5006/6804/23 5007/6803/23
f 5010/6810/26 4998/6809/26 4997/6811/26 5009/6812/26
f 5010/6810/23 5009/6812/23 5005/6805/23 5006/6804/23
f 5009/6812/26 4997/6811/26 4996/6813/26 5008/6814/26
f 5009/6812/23 5008/6814/23 5004/6806/23 5005/6805/23
f 5008/6814/26 4996/6813/26 4760/6815/26 4772/6816/26
f 5008/6814/23 4772/6816/23 4768/6807/23 5004/6806/23
f 5003/6741/26 5002/6751/26 4998/6809/26 4999/6808/26
f 5002/6751/26 5001/6754/26 4997/6811/26 4998/6809/26
f 5001/6754/26 5000/6757/26 4996/6813/26 4997/6811/26
f 5000/6757/26 4764/6760/26 4760/6815/26 4996/6813/26
f 4987/5745/78 4995/5263/78 4994/6154/78 4986/6817/78
f 4986/6817/78 4994/6154/78 4993/6152/78 4985/6818/78
f 4985/6818/78 4993/6152/78 4992/6150/78 4984/6819/78
f 4984/6819/78 4992/6150/78 4991/6148/78 4983/6820/78
f 4983/6820/78 4991/6148/78 4990/6146/78 4982/6821/78
f 4982/6821/78 4990/6146/78 4989/6144/78 4981/6822/78
f 4981/6822/78 4989/6144/78 4988/6142/78 4980/6823/78
f 4980/6823/78 4988/6142/78 4931/6074/78 4922/6824/78
f 4979/5753/78 4987/5745/78 4986/6817/78 4978/6825/78
f 4978/6825/78 4986/6817/78 4985/6818/78 4977/6826/78
f 4977/6826/78 4985/6818/78 4984/6819/78 4976/6827/78
f 4976/6827/78 4984/6819/78 4983/6820/78 4975/6828/78
f 4975/6828/78 4983/6820/78 4982/6821/78 4974/6829/78
f 4974/6829/78 4982/6821/78 4981/6822/78 4973/6830/78
f 4973/6830/78 4981/6822/78 4980/6823/78 4972/6831/78
f 4972/6831/78 4980/6823/78 4922/6824/78 4913/6832/78
f 4971/5761/78 4979/5753/78 4978/6825/78 4970/6833/78
f 4970/6833/78 4978/6825/78 4977/6826/78 4969/6834/78
f 4969/6834/78 4977/6826/78 4976/6827/78 4968/6835/78
f 4968/6835/78 4976/6827/78 4975/6828/78 4967/6836/78
f 4967/6836/78 4975/6828/78 4974/6829/78 4966/6837/78
f 4966/6837/78 4974/6829/78 4973/6830/78 4965/6838/78
f 4965/6838/78 4973/6830/78 4972/6831/78 4964/6839/78
f 4964/6839/78 4972/6831/78 4913/6832/78 4904/6840/78
f 4963/5769/78 4971/5761/78 4970/6833/78 4962/6841/78
f 4962/6841/78 4970/6833/78 4969/6834/78 4961/6842/78
f 4961/6842/78 4969/6834/78 4968/6835/78 4960/6843/78
f 4960/6843/78 4968/6835/78 4967/6836/78 4959/6844/78
f 4959/6844/78 4967/6836/78 4966/6837/78 4958/6845/78
f 4958/6845/78 4966/6837/78 4965/6838/78 4957/6846/78
f 4957/6846/78 4965/6838/78 4964/6839/78 4956/6847/78
f 4956/6847/78 4964/6839/78 4904/6840/78 4892/6848/78
f 4955/5777/78 4963/5769/78 4962/6841/78 4954/6849/78
f 4954/6849/78 4962/6841/78 4961/6842/78 4953/6850/78
f 4953/6850/78 4961/6842/78 4960/6843/78 4952/6851/78
f 4952/6851/78 4960/6843/78 4959/6844/78 4951/6852/78
f 4951/6852/78 4959/6844/78 4958/6845/78 4950/6853/78
f 4950/6853/78 4958/6845/78 4957/6846/78 4949/6854/78
f 4949/6854/78 4957/6846/78 4956/6847/78 4948/6855/78
f 4948/6855/78 4956/6847/78 4892/6848/78 4884/6856/78
f 4947/5785/78 4955/5777/78 4954/6849/78 4946/6857/78
f 4946/6857/78 4954/6849/78 4953/6850/78 4945/6858/78
f 4945/6858/78 4953/6850/78 4952/6851/78 4944/6859/78
f 4944/6859/78 4952/6851/78 4951/6852/78 4943/6860/78
f 4943/6860/78 4951/6852/78 4950/6853/78 4942/6861/78
f 4942/6861/78 4950/6853/78 4949/6854/78 4941/6862/78
f 4941/6862/78 4949/6854/78 4948/6855/78 4940/6863/78
f 4940/6863/78 4948/6855/78 4884/6856/78 4876/6864/78
f 4939/5793/78 4947/5785/78 4946/6857/78 4938/6865/78
f 4938/6865/78 4946/6857/78 4945/6858/78 4937/6866/78
f 4937/6866/78 4945/6858/78 4944/6859/78 4936/6867/78
f 4936/6867/78 4944/6859/78 4943/6860/78 4935/6868/78
f 4935/6868/78 4943/6860/78 4942/6861/78 4934/6869/78
f 4934/6869/78 4942/6861/78 4941/6862/78 4933/6870/78
f 4933/6870/78 4941/6862/78 4940/6863/78 4932/6871/78
f 4932/6871/78 4940/6863/78 4876/6864/78 4865/6872/78
f 4855/5801/78 4939/5793/78 4938/6865/78 4854/6873/78
f 4854/6873/78 4938/6865/78 4937/6866/78 4853/6874/78
f 4853/6874/78 4937/6866/78 4936/6867/78 4852/6875/78
f 4852/6875/78 4936/6867/78 4935/6868/78 4851/6876/78
f 4851/6876/78 4935/6868/78 4934/6869/78 4850/6877/78
f 4850/6877/78 4934/6869/78 4933/6870/78 4849/6878/78
f 4849/6878/78 4933/6870/78 4932/6871/78 4848/6879/78
f 4848/6879/78 4932/6871/78 4865/6872/78 4779/6880/78
f 4922/6824/78 4931/6074/78 4930/6068/78 4921/6881/78
f 4921/6881/78 4930/6068/78 4929/6066/78 4920/6882/78
f 4920/6882/78 4929/6066/78 4928/6064/78 4919/6883/78
f 4919/6883/78 4928/6064/78 4927/6058/78 4918/6884/78
f 4918/6884/1263 4927/6058/1263 4923/6048/1263 4914/6885/1263
f 4926/6057/34 4917/6425/34 4916/6886/34 4925/6055/34
f 4925/6055/34 4916/6886/34 4915/6887/34 4924/6047/34
f 4924/6047/34 4915/6887/34 4914/6885/34 4923/6048/34
f 4913/6832/78 4922/6824/78 4921/6881/78 4912/6888/78
f 4912/6888/78 4921/6881/78 4920/6882/78 4911/6889/78
f 4911/6889/78 4920/6882/78 4919/6883/78 4910/6890/78
f 4910/6890/78 4919/6883/78 4918/6884/78 4909/6891/78
f 4909/6891/1264 4918/6884/1264 4914/6885/1264 4905/6892/1264
f 4917/6425/34 4908/6439/34 4907/6893/34 4916/6886/34
f 4916/6886/34 4907/6893/34 4906/6894/34 4915/6887/34
f 4915/6887/34 4906/6894/34 4905/6892/34 4914/6885/34
f 4904/6840/78 4913/6832/78 4912/6888/78 4903/6895/78
f 4903/6895/78 4912/6888/78 4911/6889/78 4902/6896/78
f 4902/6896/78 4911/6889/78 4910/6890/78 4901/6897/78
f 4901/6897/78 4910/6890/78 4909/6891/78 4897/6898/78
f 4897/6898/1265 4909/6891/1265 4905/6892/1265 4893/6899/1265
f 4908/6439/34 4896/6449/34 4895/6900/34 4907/6893/34
f 4907/6893/34 4895/6900/34 4894/6901/34 4906/6894/34
f 4906/6894/34 4894/6901/34 4893/6899/34 4905/6892/34
f 4892/6848/78 4904/6840/78 4903/6895/78 4891/6902/78
f 4891/6902/78 4903/6895/78 4902/6896/78 4890/6903/78
f 4890/6903/78 4902/6896/78 4901/6897/78 4889/6904/78
f 4889/6904/78 4901/6897/78 4897/6898/78 4885/6905/78
f 4900/6461/22 4888/6460/22 4887/6906/22 4899/6907/22
f 4900/6461/1164 4899/6907/1164 4895/6900/1164 4896/6449/1164
f 4899/6907/22 4887/6906/22 4886/6908/22 4898/6909/22
f 4899/6907/1266 4898/6909/1266 4894/6901/1266 4895/6900/1266
f 4898/6909/1267 4886/6908/1267 4885/6905/1267 4897/6898/1267
f 4898/6909/1268 4897/6898/1268 4893/6899/1268 4894/6901/1268
f 4884/6856/78 4892/6848/78 4891/6902/78 4883/6910/78
f 4883/6910/78 4891/6902/78 4890/6903/78 4882/6911/78
f 4882/6911/78 4890/6903/78 4889/6904/78 4881/6912/78
f 4881/6912/1269 4889/6904/1269 4885/6905/1269 4877/6913/1269
f 4888/6460/22 4880/6469/22 4879/6914/22 4887/6906/22
f 4887/6906/22 4879/6914/22 4878/6915/22 4886/6908/22
f 4886/6908/1270 4878/6915/1270 4877/6913/1270 4885/6905/1270
f 4876/6864/78 4884/6856/78 4883/6910/78 4875/6916/78
f 4875/6916/78 4883/6910/78 4882/6911/78 4874/6917/78
f 4874/6917/78 4882/6911/78 4881/6912/78 4870/6918/78
f 4870/6918/1271 4881/6912/1271 4877/6913/1271 4866/6919/1271
f 4880/6469/22 4869/6643/22 4868/6920/22 4879/6914/22
f 4879/6914/22 4868/6920/22 4867/6921/22 4878/6915/22
f 4878/6915/22 4867/6921/22 4866/6919/22 4877/6913/22
f 4865/6872/78 4876/6864/78 4875/6916/78 4864/6922/78
f 6998/6923/45 6862/6031/45 6741/5570/45 6911/6493/45
f 6999/6924/45 6863/6032/45 6862/6031/45 6998/6923/45
f 6864/6035/15 7000/6925/15 6676/5505/15 6590/5415/15
f 6865/6037/15 7001/6926/15 7000/6925/15 6864/6035/15
f 6866/6039/15 7002/6927/15 7001/6926/15 6865/6037/15
f 6867/6033/1272 7003/6928/1272 7002/6927/1272 6866/6039/1272
f 7003/6928/1273 6867/6033/1273 6863/6032/1273 6999/6924/1273
f 7004/6929/45 6998/6923/45 6911/6493/45 6921/6503/45
f 7008/6930/1274 6999/6924/1274 6998/6923/1274 7004/6929/1274
f 6685/5513/15 7009/6931/15 7005/6932/15 6681/5514/15
f 7000/6925/15 7009/6931/15 6685/5513/15 6676/5505/15
f 7009/6931/15 7010/6933/15 7006/6934/15 7005/6932/15
f 7001/6926/15 7010/6933/15 7009/6931/15 7000/6925/15
f 7010/6933/15 7011/6935/15 7007/6936/15 7006/6934/15
f 7002/6927/15 7011/6935/15 7010/6933/15 7001/6926/15
f 7011/6935/15 7012/6937/15 7008/6930/15 7007/6936/15
f 7003/6928/15 7012/6937/15 7011/6935/15 7002/6927/15
f 7012/6937/1275 7003/6928/1275 6999/6924/1275 7008/6930/1275
f 6689/5518/17 7013/6938/17 6929/6521/17 6621/5460/17
f 7013/6938/17 7014/6939/17 6930/6524/17 6929/6521/17
f 7014/6939/17 7015/6940/17 6931/6527/17 6930/6524/17
f 7015/6940/1276 7016/6941/1276 6932/6511/1276 6931/6527/1276
f 7016/6941/1277 7004/6929/1277 6921/6503/1277 6932/6511/1277
f 6693/5522/17 7017/6942/17 7013/6938/17 6689/5518/17
f 7005/6932/17 7017/6942/17 6693/5522/17 6681/5514/17
f 7017/6942/17 7018/6943/17 7014/6939/17 7013/6938/17
f 7006/6934/17 7018/6943/17 7017/6942/17 7005/6932/17
f 7018/6943/17 7019/6944/17 7015/6940/17 7014/6939/17
f 7007/6936/17 7019/6944/17 7018/6943/17 7006/6934/17
f 7019/6944/17 7020/6945/17 7016/6941/17 7015/6940/17
f 7008/6930/17 7020/6945/17 7019/6944/17 7007/6936/17
f 7020/6945/1278 7008/6930/1278 7004/6929/1278 7016/6941/1278
f 4864/6922/78 4875/6916/78 4874/6917/78 4860/6946/78
f 4860/6946/1279 4874/6917/1279 4870/6918/1279 4856/6947/1279
f 4873/6663/1215 4859/6662/1215 4858/6948/1215 4872/6949/1215
f 4873/6663/22 4872/6949/22 4868/6920/22 4869/6643/22
f 4872/6949/1280 4858/6948/1280 4857/6950/1280 4871/6951/1280
f 4872/6949/22 4871/6951/22 4867/6921/22 4868/6920/22
f 4871/6951/1281 4857/6950/1281 4856/6947/1281 4870/6918/1281
f 4871/6951/1282 4870/6918/1282 4866/6919/1282 4867/6921/1282
f 4779/6880/78 4865/6872/78 4864/6922/78 4778/6952/78
f 4778/6952/1283 4864/6922/1283 4860/6946/1283 4774/6953/1283
f 4863/6673/23 4777/6672/23 4776/6954/23 4862/6955/23
f 4863/6673/23 4862/6955/23 4858/6948/23 4859/6662/23
f 4862/6955/23 4776/6954/23 4775/6956/23 4861/6957/23
f 4862/6955/23 4861/6957/23 4857/6950/23 4858/6948/23
f 4861/6957/1284 4775/6956/1284 4774/6953/1284 4860/6946/1284
f 4861/6957/1285 4860/6946/1285 4856/6947/1285 4857/6950/1285
f 4847/5826/78 4855/5801/78 4854/6873/78 4846/6958/78
f 4846/6958/78 4854/6873/78 4853/6874/78 4845/6959/78
f 4845/6959/78 4853/6874/78 4852/6875/78 4844/6960/78
f 4844/6960/78 4852/6875/78 4851/6876/78 4843/6961/78
f 4843/6961/78 4851/6876/78 4850/6877/78 4842/6962/78
f 4842/6962/78 4850/6877/78 4849/6878/78 4841/6963/78
f 4841/6963/78 4849/6878/78 4848/6879/78 4840/6964/78
f 4840/6964/78 4848/6879/78 4779/6880/78 4773/6965/78
f 4839/5834/78 4847/5826/78 4846/6958/78 4838/6966/78
f 4838/6966/78 4846/6958/78 4845/6959/78 4837/6967/78
f 4837/6967/78 4845/6959/78 4844/6960/78 4836/6968/78
f 4836/6968/78 4844/6960/78 4843/6961/78 4835/6969/78
f 4835/6969/78 4843/6961/78 4842/6962/78 4834/6970/78
f 4834/6970/78 4842/6962/78 4841/6963/78 4833/6971/78
f 4833/6971/78 4841/6963/78 4840/6964/78 4829/6972/78
f 4829/6972/1286 4840/6964/1286 4773/6965/1286 4761/6973/1286
f 4828/5845/78 4839/5834/78 4838/6966/78 4827/6974/78
f 4827/6974/78 4838/6966/78 4837/6967/78 4826/6975/78
f 4826/6975/78 4837/6967/78 4836/6968/78 4825/6976/78
f 4825/6976/78 4836/6968/78 4835/6969/78 4824/6977/78
f 4824/6977/78 4835/6969/78 4834/6970/78 4823/6978/78
f 4823/6978/78 4834/6970/78 4833/6971/78 4819/6979/78
f 4819/6979/1287 4833/6971/1287 4829/6972/1287 4815/6980/1287
f 4832/6759/26 4818/6758/26 4817/6981/26 4831/6982/26
f 4832/6759/26 4831/6982/26 4763/6983/26 4764/6760/26
f 4831/6982/26 4817/6981/26 4816/6984/26 4830/6985/26
f 4831/6982/26 4830/6985/26 4762/6986/26 4763/6983/26
f 4830/6985/1288 4816/6984/1288 4815/6980/1288 4829/6972/1288
f 4830/6985/1289 4829/6972/1289 4761/6973/1289 4762/6986/1289
f 4814/5857/78 4828/5845/78 4827/6974/78 4813/6987/78
f 4813/6987/78 4827/6974/78 4826/6975/78 4812/6988/78
f 4812/6988/78 4826/6975/78 4825/6976/78 4808/6989/78
f 4808/6989/78 4825/6976/78 4824/6977/78 4804/6990/78
f 4804/6990/1290 4824/6977/1290 4823/6978/1290 4800/6991/1290
f 4800/6991/1291 4823/6978/1291 4819/6979/1291 4796/6992/1291
f 4822/6774/28 4799/6773/28 4798/6993/28 4821/6994/28
f 4822/6774/1250 4821/6994/1250 4817/6981/1250 4818/6758/1250
f 4821/6994/28 4798/6993/28 4797/6995/28 4820/6996/28
f 4821/6994/1292 4820/6996/1292 4816/6984/1292 4817/6981/1292
f 4820/6996/1293 4797/6995/1293 4796/6992/1293 4819/6979/1293
f 4820/6996/1294 4819/6979/1294 4815/6980/1294 4816/6984/1294
f 4792/5870/1295 4814/5857/1295 4813/6987/1295 4788/6997/1295
f 4788/6997/1296 4813/6987/1296 4812/6988/1296 4784/6998/1296
f 4784/6998/1297 4812/6988/1297 4808/6989/1297 4780/6999/1297
f 4811/6788/1257 4783/6787/1257 4782/7000/1257 4810/7001/1257
f 4811/6788/28 4810/7001/28 4806/7002/28 4807/6789/28
f 4810/7001/1298 4782/7000/1298 4781/7003/1298 4809/7004/1298
f 4810/7001/28 4809/7004/28 4805/7005/28 4806/7002/28
f 4809/7004/1299 4781/7003/1299 4780/6999/1299 4808/6989/1299
f 4809/7004/1300 4808/6989/1300 4804/6990/1300 4805/7005/1300
f 4807/6789/28 4806/7002/28 4802/7006/28 4803/6793/28
f 4806/7002/28 4805/7005/28 4801/7007/28 4802/7006/28
f 4805/7005/1301 4804/6990/1301 4800/6991/1301 4801/7007/1301
f 4803/6793/28 4802/7006/28 4798/6993/28 4799/6773/28
f 4802/7006/28 4801/7007/28 4797/6995/28 4798/6993/28
f 4801/7007/28 4800/6991/28 4796/6992/28 4797/6995/28
f 4795/5182/40 4794/5877/40 4790/7008/40 4791/6797/40
f 4794/5877/40 4793/5878/40 4789/7009/40 4790/7008/40
f 4793/5878/40 4792/5870/40 4788/6997/40 4789/7009/40
f 4791/6797/40 4790/7008/40 4786/7010/40 4787/6801/40
f 4790/7008/40 4789/7009/40 4785/7011/40 4786/7010/40
f 4789/7009/40 4788/6997/40 4784/6998/40 4785/7011/40
f 4787/6801/40 4786/7010/40 4782/7000/40 4783/6787/40
f 4786/7010/40 4785/7011/40 4781/7003/40 4782/7000/40
f 4785/7011/40 4784/6998/40 4780/6999/40 4781/7003/40
f 4773/6965/1302 4779/6880/1302 4778/6952/1302 4769/7012/1302
f 4769/7012/1303 4778/6952/1303 4774/6953/1303 4765/7013/1303
f 4777/6672/23 4768/6807/23 4767/7014/23 4776/6954/23
f 4776/6954/23 4767/7014/23 4766/7015/23 4775/6956/23
f 4775/6956/23 4766/7015/23 4765/7013/23 4774/6953/23
f 4761/6973/1304 4773/6965/1304 4769/7012/1304 4757/7016/1304
f 4772/6816/26 4760/6815/26 4759/7017/26 4771/7018/26
f 4772/6816/23 4771/7018/23 4767/7014/23 4768/6807/23
f 4771/7018/26 4759/7017/26 4758/7019/26 4770/7020/26
f 4771/7018/23 4770/7020/23 4766/7015/23 4767/7014/23
f 4770/7020/26 4758/7019/26 4757/7016/26 4769/7012/26
f 4770/7020/23 4769/7012/23 4765/7013/23 4766/7015/23
f 4764/6760/26 4763/6983/26 4759/7017/26 4760/6815/26
f 4763/6983/26 4762/6986/26 4758/7019/26 4759/7017/26
f 4762/6986/26 4761/6973/26 4757/7016/26 4758/7019/26
