# Blender 5.2.2 LTS
# www.blender.org
mtllib biped.mtl
o Cube
v -0.231047 0.007728 0.034899
v -0.234722 0.005000 0.019075
v -0.194899 0.007728 0.071047
v -0.212045 0.005000 0.052045
v -0.218662 0.005000 0.019408
v -0.179075 0.005000 0.074722
v -0.179408 0.005000 0.058662
v -0.179582 0.005000 0.019582
v -0.140925 0.005000 0.074722
v -0.140592 0.005000 0.058662
v -0.140418 0.005000 0.019582
v -0.125101 0.007728 0.071047
v -0.107955 0.005000 0.052045
v -0.101338 0.005000 0.019408
v -0.088953 0.007728 0.034899
v -0.085278 0.005000 0.019075
v -0.677184 1.278021 0.038258
v -0.685341 1.269945 0.019495
v -0.635436 1.248033 0.033162
v -0.651919 1.265753 0.040266
v -0.641967 1.244373 0.017784
v -0.661705 1.255835 0.017998
v -0.680191 1.289336 0.041282
v -0.678047 1.293049 0.018322
v -0.664195 1.302573 0.055727
v -0.651199 1.339552 0.049616
v -0.640042 1.356883 0.038797
v -0.668002 1.310447 0.017429
v -0.654188 1.334374 0.017898
v -0.640902 1.357386 0.018832
v -0.616254 1.241396 0.037005
v -0.618494 1.262089 0.052456
v -0.615356 1.228960 0.017624
v -0.559050 1.205756 0.034742
v -0.575266 1.224532 0.042895
v -0.579432 1.261095 0.057458
v -0.567403 1.201250 0.017548
v -0.587556 1.212838 0.017395
v -0.536421 1.197634 0.039022
v -0.538790 1.222235 0.053886
v -0.540485 1.259049 0.057798
v -0.517115 1.168162 0.004443
v -0.532584 1.180812 0.016464
v -0.483284 1.163541 0.036065
v -0.498013 1.182357 0.044996
v -0.499737 1.220549 0.058727
v -0.501265 1.257678 0.052862
v -0.495927 1.159679 0.016563
v -0.509687 1.170931 0.027253
v -0.456699 1.153798 0.040921
v -0.459048 1.181864 0.055201
v -0.460821 1.218547 0.056524
v -0.466542 1.253998 0.041148
v -0.440789 1.125747 0.009780
v -0.454866 1.136870 0.019463
v -0.456368 1.264838 0.017586
v -0.407529 1.121176 0.037254
v -0.420781 1.140230 0.047129
v -0.420000 1.180000 0.060000
v -0.419219 1.219770 0.047129
v -0.432471 1.238824 0.037254
v -0.418299 1.115810 0.019631
v -0.433155 1.129239 0.031423
v -0.406845 1.230761 0.031423
v -0.421701 1.244190 0.019631
v -0.356412 1.087428 0.033585
v -0.373458 1.106002 0.041148
v -0.379179 1.141454 0.056524
v -0.380952 1.178136 0.055201
v -0.383301 1.206201 0.040921
v -0.363434 1.083518 0.017642
v -0.383632 1.095162 0.017586
v -0.385134 1.223130 0.019463
v -0.399211 1.234253 0.009780
v -0.336249 1.080389 0.037571
v -0.338735 1.102322 0.052862
v -0.340263 1.139451 0.058727
v -0.341987 1.177642 0.044996
v -0.356716 1.196459 0.036065
v -0.314464 1.049860 -0.000238
v -0.330987 1.063611 0.013847
v -0.330313 1.189069 0.027253
v -0.344073 1.200321 0.016563
v -0.619258 1.299216 0.059031
v -0.620090 1.338018 0.045159
v -0.632655 1.354724 0.036973
v -0.608989 1.349474 0.028833
v -0.620482 1.359241 0.018712
v -0.581168 1.297833 0.054249
v -0.583539 1.323386 0.039555
v -0.586658 1.340138 0.017335
v -0.601234 1.352034 0.006087
v -0.544003 1.296054 0.043457
v -0.559798 1.314763 0.035152
v -0.533072 1.307418 0.023095
v -0.545817 1.317628 0.013880
v -0.503751 1.279611 0.037571
v -0.509000 1.296381 0.013850
v -0.525434 1.310083 -0.000230
v -0.483588 1.272572 0.033585
v -0.476566 1.276482 0.017642
v -0.230790 0.020954 0.035285
v -0.230655 0.060123 0.035486
v -0.230681 0.100000 0.035447
v -0.230681 0.140000 0.035447
v -0.230681 0.180000 0.035447
v -0.230681 0.220000 0.035447
v -0.230681 0.260000 0.035447
v -0.230681 0.300000 0.035447
v -0.236224 0.020760 0.018984
v -0.236306 0.060158 0.018569
v -0.236317 0.100000 0.018516
v -0.236317 0.140000 0.018516
v -0.236317 0.180000 0.018516
v -0.236317 0.220000 0.018516
v -0.236317 0.260000 0.018516
v -0.236317 0.300000 0.018516
v -0.195285 0.020954 0.070790
v -0.195486 0.060123 0.070655
v -0.195447 0.100000 0.070681
v -0.195447 0.140000 0.070681
v -0.195447 0.180000 0.070681
v -0.195447 0.220000 0.070681
v -0.195447 0.260000 0.070681
v -0.195447 0.300000 0.070681
v -0.216569 0.020615 0.056569
v -0.216569 0.060058 0.056569
v -0.216569 0.100000 0.056569
v -0.216569 0.140000 0.056569
v -0.216569 0.180000 0.056569
v -0.216569 0.220000 0.056569
v -0.216569 0.260000 0.056569
v -0.216569 0.300000 0.056569
v -0.178984 0.020760 0.076224
v -0.178569 0.060158 0.076306
v -0.178516 0.100000 0.076317
v -0.178516 0.140000 0.076317
v -0.178516 0.180000 0.076317
v -0.178516 0.220000 0.076317
v -0.178516 0.260000 0.076317
v -0.178516 0.300000 0.076317
v -0.141016 0.020760 0.076224
v -0.141431 0.060158 0.076306
v -0.141484 0.100000 0.076317
v -0.141484 0.140000 0.076317
v -0.141484 0.180000 0.076317
v -0.141484 0.220000 0.076317
v -0.141484 0.260000 0.076317
v -0.141484 0.300000 0.076317
v -0.124715 0.020954 0.070790
v -0.124514 0.060123 0.070655
v -0.124553 0.100000 0.070681
v -0.124553 0.140000 0.070681
v -0.124553 0.180000 0.070681
v -0.124553 0.220000 0.070681
v -0.124553 0.260000 0.070681
v -0.124553 0.300000 0.070681
v -0.103431 0.020615 0.056569
v -0.103431 0.060058 0.056569
v -0.103431 0.100000 0.056569
v -0.103431 0.140000 0.056569
v -0.103431 0.180000 0.056569
v -0.103431 0.220000 0.056569
v -0.103431 0.260000 0.056569
v -0.103431 0.300000 0.056569
v -0.089210 0.020954 0.035285
v -0.089345 0.060123 0.035486
v -0.089319 0.100000 0.035447
v -0.089319 0.140000 0.035447
v -0.089319 0.180000 0.035447
v -0.089319 0.220000 0.035447
v -0.089319 0.260000 0.035447
v -0.089319 0.300000 0.035447
v -0.083776 0.020760 0.018984
v -0.083694 0.060158 0.018569
v -0.083683 0.100000 0.018516
v -0.083683 0.140000 0.018516
v -0.083683 0.180000 0.018516
v -0.083683 0.220000 0.018516
v -0.083683 0.260000 0.018516
v -0.083683 0.300000 0.018516
v -0.230681 0.340000 0.035447
v -0.230681 0.380000 0.035447
v -0.230681 0.420000 0.035447
v -0.230681 0.460000 0.035447
v -0.230681 0.500000 0.035447
v -0.230681 0.540000 0.035447
v -0.230681 0.580000 0.035447
v -0.230681 0.620000 0.035447
v -0.236317 0.340000 0.018516
v -0.236317 0.380000 0.018516
v -0.236317 0.420000 0.018516
v -0.236317 0.460000 0.018516
v -0.236317 0.500000 0.018516
v -0.236317 0.540000 0.018516
v -0.236317 0.580000 0.018516
v -0.236317 0.620000 0.018516
v -0.195447 0.340000 0.070681
v -0.195447 0.380000 0.070681
v -0.195447 0.420000 0.070681
v -0.195447 0.460000 0.070681
v -0.195447 0.500000 0.070681
v -0.195447 0.540000 0.070681
v -0.195447 0.580000 0.070681
v -0.195447 0.620000 0.070681
v -0.216569 0.340000 0.056569
v -0.216569 0.380000 0.056569
v -0.216569 0.420000 0.056569
v -0.216569 0.460000 0.056569
v -0.216569 0.500000 0.056569
v -0.216569 0.540000 0.056569
v -0.216569 0.580000 0.056569
v -0.216569 0.620000 0.056569
v -0.178516 0.340000 0.076317
v -0.178516 0.380000 0.076317
v -0.178516 0.420000 0.076317
v -0.178516 0.460000 0.076317
v -0.178516 0.500000 0.076317
v -0.178516 0.540000 0.076317
v -0.178516 0.580000 0.076317
v -0.178516 0.620000 0.076317
v -0.141484 0.340000 0.076317
v -0.141484 0.380000 0.076317
v -0.141484 0.420000 0.076317
v -0.141484 0.460000 0.076317
v -0.141484 0.500000 0.076317
v -0.141484 0.540000 0.076317
v -0.141484 0.580000 0.076317
v -0.141484 0.620000 0.076317
v -0.124553 0.340000 0.070681
v -0.124553 0.380000 0.070681
v -0.124553 0.420000 0.070681
v -0.124553 0.460000 0.070681
v -0.124553 0.500000 0.070681
v -0.124553 0.540000 0.070681
v -0.124553 0.580000 0.070681
v -0.124553 0.620000 0.070681
v -0.103431 0.340000 0.056569
v -0.103431 0.380000 0.056569
v -0.103431 0.420000 0.056569
v -0.103431 0.460000 0.056569
v -0.103431 0.500000 0.056569
v -0.103431 0.540000 0.056569
v -0.103431 0.580000 0.056569
v -0.103431 0.620000 0.056569
v -0.089319 0.340000 0.035447
v -0.089319 0.380000 0.035447
v -0.089319 0.420000 0.035447
v -0.089319 0.460000 0.035447
v -0.089319 0.500000 0.035447
v -0.089319 0.540000 0.035447
v -0.089319 0.580000 0.035447
v -0.089319 0.620000 0.035447
v -0.083683 0.340000 0.018516
v -0.083683 0.380000 0.018516
v -0.083683 0.420000 0.018516
v -0.083683 0.460000 0.018516
v -0.083683 0.500000 0.018516
v -0.083683 0.540000 0.018516
v -0.083683 0.580000 0.018516
v -0.083683 0.620000 0.018516
v -0.230681 0.660000 0.035447
v -0.230681 0.700000 0.035447
v -0.230681 0.740000 0.035447
v -0.230681 0.780000 0.035447
v -0.230681 0.820000 0.035447
v -0.230681 0.860000 0.035447
v -0.230675 0.899897 0.035457
v -0.230948 0.939666 0.035048
v -0.236317 0.660000 0.018516
v -0.236317 0.700000 0.018516
v -0.236317 0.740000 0.018516
v -0.236317 0.780000 0.018516
v -0.236317 0.820000 0.018516
v -0.236317 0.860000 0.018516
v -0.236313 0.899896 0.018537
v -0.236302 0.940019 0.018593
v -0.195447 0.660000 0.070681
v -0.195447 0.700000 0.070681
v -0.195447 0.740000 0.070681
v -0.195447 0.780000 0.070681
v -0.195447 0.820000 0.070681
v -0.195447 0.860000 0.070681
v -0.195478 0.899882 0.070661
v -0.195368 0.939332 0.070734
v -0.216569 0.660000 0.056569
v -0.216569 0.700000 0.056569
v -0.216569 0.740000 0.056569
v -0.216569 0.780000 0.056569
v -0.216569 0.820000 0.056569
v -0.216569 0.860000 0.056569
v -0.216569 0.899942 0.056569
v -0.216572 0.939639 0.056563
v -0.178516 0.660000 0.076317
v -0.178516 0.700000 0.076317
v -0.178516 0.740000 0.076317
v -0.178516 0.780000 0.076317
v -0.178516 0.820000 0.076317
v -0.178516 0.860000 0.076317
v -0.178466 0.899953 0.076327
v -0.178590 0.939555 0.076302
v -0.141484 0.660000 0.076317
v -0.141484 0.700000 0.076317
v -0.141484 0.740000 0.076317
v -0.141484 0.780000 0.076317
v -0.141484 0.820000 0.076317
v -0.141481 0.860002 0.076316
v -0.141087 0.900288 0.076238
v -0.139998 0.940269 0.076021
v -0.124553 0.660000 0.070681
v -0.124553 0.700000 0.070681
v -0.124553 0.740000 0.070681
v -0.124553 0.780000 0.070681
v -0.124553 0.820000 0.070681
v -0.124450 0.860096 0.070612
v -0.123515 0.901324 0.069988
v -0.108416 0.948103 0.059899
v -0.103431 0.660000 0.056569
v -0.103431 0.700000 0.056569
v -0.103431 0.740000 0.056569
v -0.103431 0.780000 0.056569
v -0.103431 0.820000 0.056569
v -0.103358 0.860198 0.056459
v -0.104291 0.902109 0.057143
v -0.102456 0.939165 0.055109
v -0.060626 0.955401 0.080000
v -0.089319 0.660000 0.035447
v -0.089319 0.700000 0.035447
v -0.089319 0.740000 0.035447
v -0.089319 0.780000 0.035447
v -0.089318 0.820001 0.035446
v -0.089193 0.860638 0.035259
v -0.089062 0.905328 0.035063
v -0.069826 0.950000 0.047624
v -0.083683 0.660000 0.018516
v -0.083683 0.700000 0.018516
v -0.083683 0.740000 0.018516
v -0.083683 0.780000 0.018516
v -0.083683 0.820002 0.018515
v -0.083656 0.860762 0.018382
v -0.083412 0.906037 0.017155
v -0.066465 0.950000 0.016718
v -0.020172 0.956620 0.080000
v -0.020765 0.950000 0.057102
v -0.021749 0.950000 0.019183
v -0.280027 1.044916 0.034962
v -0.295990 1.063919 0.043438
v -0.299543 1.100943 0.057793
v -0.301239 1.137774 0.053888
v -0.303593 1.162378 0.039019
v -0.293746 1.042068 0.013714
v -0.306895 1.052554 0.023068
v -0.307416 1.179188 0.016464
v -0.322885 1.191838 0.004443
v -0.140000 0.955130 -0.028517
v -0.256015 1.035462 0.038781
v -0.258806 1.062082 0.054233
v -0.260576 1.098914 0.057457
v -0.264667 1.135416 0.042906
v -0.281001 1.154293 0.034725
v -0.140000 0.992397 -0.015024
v -0.251683 1.019053 0.017817
v -0.252357 1.147094 0.017449
v -0.272652 1.158783 0.017542
v -0.190132 0.955000 0.061838
v -0.140000 0.957712 -0.043224
v -0.218376 1.019271 0.043578
v -0.218848 1.060537 0.059228
v -0.219932 1.097951 0.052236
v -0.220780 1.117979 0.036063
v -0.207722 0.990797 0.008526
v -0.226457 1.006658 0.024829
v -0.221664 1.129427 0.017277
v -0.168141 0.955000 0.038368
v -0.140000 0.959924 -0.029856
v -0.140000 1.023740 -0.051871
v -0.175029 1.059547 0.055131
v -0.168980 1.090540 0.033927
v -0.140000 1.097380 0.005030
v -0.140000 1.150478 0.032634
v -0.155852 1.094309 0.007974
v -0.140000 1.152892 0.016247
v -0.140000 0.980696 0.072757
v -0.135376 1.019922 0.080000
v -0.136116 1.059965 0.080000
v -0.133860 1.099733 0.080000
v -0.130244 1.139550 0.080000
v -0.128283 1.179731 0.080000
v -0.127928 1.219964 0.080000
v -0.127875 1.260000 0.080000
v -0.140000 0.988618 0.028866
v -0.140000 1.019230 0.030897
v -0.140000 1.058760 0.031101
v -0.140000 1.095194 0.048211
v -0.140000 1.135539 0.056091
v -0.140000 1.174196 0.050976
v -0.140000 1.219756 0.057138
v -0.140000 1.260000 0.057298
v -0.140000 1.182923 0.018713
v -0.140000 1.219346 0.019349
v -0.140000 1.260000 0.019401
v -0.099552 0.980705 0.080000
v -0.099090 1.019955 0.080000
v -0.099034 1.059993 0.080000
v -0.098995 1.099971 0.080000
v -0.098932 1.139975 0.080000
v -0.098894 1.179993 0.080000
v -0.098885 1.220000 0.080000
v -0.098885 1.260000 0.080000
v -0.060051 0.981194 0.080000
v -0.060000 1.020000 0.080000
v -0.060000 1.060000 0.080000
v -0.060000 1.100000 0.080000
v -0.060000 1.140000 0.080000
v -0.060000 1.180000 0.080000
v -0.060000 1.220000 0.080000
v -0.060000 1.260000 0.080000
v -0.020002 0.981268 0.080000
v -0.020000 1.020000 0.080000
v -0.020000 1.060000 0.080000
v -0.020000 1.100000 0.080000
v -0.020000 1.140000 0.080000
v -0.020000 1.180000 0.080000
v -0.020000 1.220000 0.080000
v -0.020000 1.260000 0.080000
v -0.152313 1.601827 0.042585
v -0.155091 1.597110 0.018796
v -0.114063 1.603095 0.114063
v -0.127704 1.299441 0.080000
v -0.124748 1.338736 0.080000
v -0.113181 1.350000 0.069626
v -0.112611 1.566885 0.075348
v -0.120593 1.587751 0.091668
v -0.140000 1.299063 0.057494
v -0.140000 1.341100 0.060664
v -0.112385 1.350000 0.056844
v -0.118818 1.560155 0.056942
v -0.141189 1.585631 0.057027
v -0.140000 1.298435 0.019399
v -0.140000 1.339365 0.019934
v -0.111690 1.350000 0.019019
v -0.124300 1.553675 0.018659
v -0.143270 1.578404 0.018687
v -0.075348 1.566885 0.112611
v -0.091668 1.587752 0.120593
v -0.098911 1.299414 0.080000
v -0.099388 1.338856 0.080000
v -0.095672 1.350000 0.064802
v -0.092382 1.557110 0.092382
v -0.102710 1.576145 0.102710
v -0.073998 1.350000 0.039985
v -0.070662 1.417319 0.034851
v -0.070574 1.461444 0.035179
v -0.069503 1.508019 0.039177
v -0.092238 1.540054 0.057508
v -0.075573 1.361153 0.016521
v -0.075092 1.417360 0.018318
v -0.075139 1.461414 0.018140
v -0.075672 1.509045 0.016151
v -0.101956 1.536005 0.017795
v -0.042585 1.601827 0.152313
v -0.056942 1.560155 0.118818
v -0.057026 1.585631 0.141189
v -0.059862 1.299540 0.080000
v -0.059509 1.338945 0.080000
v -0.049234 1.369441 0.060048
v -0.035683 1.419029 0.070439
v -0.035188 1.461449 0.070572
v -0.039177 1.508019 0.069503
v -0.057508 1.540054 0.092238
v -0.056145 1.377763 0.053137
v -0.054887 1.418454 0.054395
v -0.054641 1.461169 0.054641
v -0.054641 1.508626 0.054641
v -0.069090 1.530030 0.069090
v -0.018796 1.597110 0.155091
v -0.018659 1.553675 0.124300
v -0.018687 1.578404 0.143270
v -0.019913 1.299764 0.080000
v -0.019610 1.339297 0.080000
v -0.018886 1.379029 0.074940
v -0.018530 1.419673 0.075035
v -0.018149 1.461428 0.075137
v -0.016151 1.509045 0.075672
v -0.017795 1.536005 0.101956
v -0.152915 1.636587 0.078823
v -0.154480 1.661197 0.082201
v -0.154480 1.698802 0.082201
v -0.152915 1.723413 0.078823
v -0.158342 1.623093 0.056558
v -0.166154 1.661062 0.057072
v -0.166154 1.698938 0.057072
v -0.158342 1.736907 0.056558
v -0.152313 1.758173 0.042585
v -0.165890 1.623186 0.018805
v -0.173842 1.661340 0.018606
v -0.173842 1.698660 0.018606
v -0.165890 1.736814 0.018805
v -0.155091 1.762890 0.018796
v -0.119831 1.622790 0.119831
v -0.125507 1.660958 0.125507
v -0.125507 1.699042 0.125507
v -0.119831 1.737210 0.119831
v -0.114063 1.756905 0.114063
v -0.138549 1.623850 0.092594
v -0.142231 1.661263 0.100547
v -0.142231 1.698737 0.100547
v -0.138549 1.736149 0.092594
v -0.120602 1.772237 0.091670
v -0.112754 1.792894 0.075433
v -0.148863 1.611431 0.068075
v -0.148863 1.748569 0.068075
v -0.141196 1.774357 0.057035
v -0.119055 1.799492 0.057064
v -0.143309 1.781541 0.018701
v -0.124966 1.805422 0.018795
v -0.078823 1.636587 0.152915
v -0.082201 1.661197 0.154480
v -0.082201 1.698802 0.154480
v -0.078823 1.723413 0.152915
v -0.092594 1.623850 0.138549
v -0.100547 1.661263 0.142231
v -0.100547 1.698737 0.142231
v -0.092594 1.736149 0.138549
v -0.091670 1.772237 0.120602
v -0.075433 1.792894 0.112754
v -0.102724 1.783828 0.102724
v -0.092684 1.802332 0.092684
v -0.093276 1.819356 0.057313
v -0.079627 1.833459 0.045294
v -0.102371 1.823533 0.018731
v -0.084358 1.836657 0.018991
v -0.056558 1.623093 0.158342
v -0.057072 1.661062 0.166154
v -0.057072 1.698938 0.166154
v -0.056558 1.736907 0.158342
v -0.042585 1.758173 0.152313
v -0.068075 1.611431 0.148863
v -0.068075 1.748569 0.148863
v -0.057035 1.774357 0.141196
v -0.057064 1.799492 0.119055
v -0.057313 1.819356 0.093276
v -0.045294 1.833459 0.079627
v -0.069892 1.829100 0.069892
v -0.057788 1.839312 0.057788
v -0.056927 1.848023 0.018947
v -0.018805 1.623186 0.165890
v -0.018606 1.661340 0.173842
v -0.018606 1.698660 0.173842
v -0.018805 1.736814 0.165890
v -0.018796 1.762890 0.155091
v -0.018701 1.781541 0.143309
v -0.018795 1.805422 0.124966
v -0.018731 1.823533 0.102371
v -0.018991 1.836657 0.084358
v -0.018947 1.848023 0.056927
v -0.018800 1.856500 0.018800
v -0.234722 0.005000 -0.019075
v -0.231047 0.007728 -0.034899
v -0.218662 0.005000 -0.019408
v -0.212045 0.005000 -0.052045
v -0.194899 0.007728 -0.071047
v -0.179582 0.005000 -0.019582
v -0.179408 0.005000 -0.058662
v -0.179075 0.005000 -0.074722
v -0.140418 0.005000 -0.019582
v -0.140592 0.005000 -0.058662
v -0.140925 0.005000 -0.074722
v -0.101338 0.005000 -0.019408
v -0.107955 0.005000 -0.052045
v -0.125101 0.007728 -0.071047
v -0.085278 0.005000 -0.019075
v -0.088953 0.007728 -0.034899
v -0.685341 1.269945 -0.019495
v -0.677184 1.278021 -0.038258
v -0.641967 1.244373 -0.017784
v -0.661705 1.255835 -0.017998
v -0.635436 1.248033 -0.033162
v -0.651919 1.265753 -0.040266
v -0.678047 1.293049 -0.018322
v -0.680191 1.289336 -0.041282
v -0.668002 1.310447 -0.017429
v -0.654188 1.334374 -0.017898
v -0.640902 1.357386 -0.018832
v -0.664195 1.302573 -0.055727
v -0.651199 1.339552 -0.049616
v -0.640042 1.356883 -0.038797
v -0.615356 1.228960 -0.017624
v -0.616254 1.241396 -0.037005
v -0.618494 1.262089 -0.052456
v -0.567403 1.201250 -0.017548
v -0.587556 1.212838 -0.017395
v -0.559050 1.205756 -0.034742
v -0.575266 1.224532 -0.042895
v -0.579432 1.261095 -0.057458
v -0.517115 1.168162 -0.004443
v -0.532584 1.180812 -0.016464
v -0.536421 1.197634 -0.039022
v -0.538790 1.222235 -0.053886
v -0.540485 1.259049 -0.057798
v -0.495927 1.159679 -0.016563
v -0.509687 1.170931 -0.027253
v -0.483284 1.163541 -0.036065
v -0.498013 1.182357 -0.044996
v -0.499737 1.220549 -0.058727
v -0.501265 1.257678 -0.052862
v -0.440789 1.125747 -0.009780
v -0.454866 1.136870 -0.019463
v -0.456368 1.264838 -0.017586
v -0.456699 1.153798 -0.040921
v -0.459048 1.181864 -0.055201
v -0.460821 1.218547 -0.056524
v -0.466542 1.253998 -0.041148
v -0.418299 1.115810 -0.019631
v -0.433155 1.129239 -0.031423
v -0.406845 1.230761 -0.031423
v -0.421701 1.244190 -0.019631
v -0.407529 1.121176 -0.037254
v -0.420781 1.140230 -0.047129
v -0.420000 1.180000 -0.060000
v -0.419219 1.219770 -0.047129
v -0.432471 1.238824 -0.037254
v -0.363434 1.083518 -0.017642
v -0.383632 1.095162 -0.017586
v -0.385134 1.223130 -0.019463
v -0.399211 1.234253 -0.009780
v -0.356412 1.087427 -0.033585
v -0.373458 1.106002 -0.041148
v -0.379179 1.141454 -0.056524
v -0.380952 1.178136 -0.055201
v -0.383301 1.206201 -0.040921
v -0.314464 1.049860 0.000238
v -0.330987 1.063611 -0.013847
v -0.330313 1.189069 -0.027253
v -0.344073 1.200321 -0.016563
v -0.336249 1.080389 -0.037571
v -0.338735 1.102322 -0.052862
v -0.340263 1.139451 -0.058727
v -0.341987 1.177642 -0.044996
v -0.356716 1.196459 -0.036065
v -0.608989 1.349474 -0.028833
v -0.620482 1.359241 -0.018712
v -0.619258 1.299216 -0.059031
v -0.620090 1.338018 -0.045159
v -0.632655 1.354724 -0.036973
v -0.586658 1.340138 -0.017335
v -0.601234 1.352034 -0.006087
v -0.581168 1.297833 -0.054249
v -0.583539 1.323386 -0.039555
v -0.533072 1.307418 -0.023095
v -0.545817 1.317628 -0.013880
v -0.544003 1.296054 -0.043457
v -0.559798 1.314763 -0.035152
v -0.509000 1.296381 -0.013850
v -0.525434 1.310083 0.000230
v -0.503751 1.279611 -0.037571
v -0.476566 1.276482 -0.017642
v -0.483588 1.272572 -0.033585
v -0.236224 0.020760 -0.018984
v -0.236306 0.060158 -0.018569
v -0.236317 0.100000 -0.018516
v -0.236317 0.140000 -0.018516
v -0.236317 0.180000 -0.018516
v -0.236317 0.220000 -0.018516
v -0.236317 0.260000 -0.018516
v -0.236317 0.300000 -0.018516
v -0.230790 0.020954 -0.035285
v -0.230655 0.060123 -0.035486
v -0.230681 0.100000 -0.035447
v -0.230681 0.140000 -0.035447
v -0.230681 0.180000 -0.035447
v -0.230681 0.220000 -0.035447
v -0.230681 0.260000 -0.035447
v -0.230681 0.300000 -0.035447
v -0.216569 0.020615 -0.056569
v -0.216569 0.060058 -0.056569
v -0.216569 0.100000 -0.056569
v -0.216569 0.140000 -0.056569
v -0.216569 0.180000 -0.056569
v -0.216569 0.220000 -0.056569
v -0.216569 0.260000 -0.056569
v -0.216569 0.300000 -0.056569
v -0.195285 0.020954 -0.070790
v -0.195486 0.060123 -0.070655
v -0.195447 0.100000 -0.070681
v -0.195447 0.140000 -0.070681
v -0.195447 0.180000 -0.070681
v -0.195447 0.220000 -0.070681
v -0.195447 0.260000 -0.070681
v -0.195447 0.300000 -0.070681
v -0.178984 0.020760 -0.076224
v -0.178569 0.060158 -0.076306
v -0.178516 0.100000 -0.076317
v -0.178516 0.140000 -0.076317
v -0.178516 0.180000 -0.076317
v -0.178516 0.220000 -0.076317
v -0.178516 0.260000 -0.076317
v -0.178516 0.300000 -0.076317
v -0.141016 0.020760 -0.076224
v -0.141431 0.060158 -0.076306
v -0.141484 0.100000 -0.076317
v -0.141484 0.140000 -0.076317
v -0.141484 0.180000 -0.076317
v -0.141484 0.220000 -0.076317
v -0.141484 0.260000 -0.076317
v -0.141484 0.300000 -0.076317
v -0.103431 0.020615 -0.056569
v -0.103431 0.060058 -0.056569
v -0.103431 0.100000 -0.056569
v -0.103431 0.140000 -0.056569
v -0.103431 0.180000 -0.056569
v -0.103431 0.220000 -0.056569
v -0.103431 0.260000 -0.056569
v -0.103431 0.300000 -0.056569
v -0.124715 0.020954 -0.070790
v -0.124514 0.060123 -0.070655
v -0.124553 0.100000 -0.070681
v -0.124553 0.140000 -0.070681
v -0.124553 0.180000 -0.070681
v -0.124553 0.220000 -0.070681
v -0.124553 0.260000 -0.070681
v -0.124553 0.300000 -0.070681
v -0.083776 0.020760 -0.018984
v -0.083694 0.060158 -0.018569
v -0.083683 0.100000 -0.018516
v -0.083683 0.140000 -0.018516
v -0.083683 0.180000 -0.018516
v -0.083683 0.220000 -0.018516
v -0.083683 0.260000 -0.018516
v -0.083683 0.300000 -0.018516
v -0.089210 0.020954 -0.035285
v -0.089345 0.060123 -0.035486
v -0.089319 0.100000 -0.035447
v -0.089319 0.140000 -0.035447
v -0.089319 0.180000 -0.035447
v -0.089319 0.220000 -0.035447
v -0.089319 0.260000 -0.035447
v -0.089319 0.300000 -0.035447
v -0.236317 0.340000 -0.018516
v -0.236317 0.380000 -0.018516
v -0.236317 0.420000 -0.018516
v -0.236317 0.460000 -0.018516
v -0.236317 0.500000 -0.018516
v -0.236317 0.540000 -0.018516
v -0.236317 0.580000 -0.018516
v -0.236317 0.620000 -0.018516
v -0.230681 0.340000 -0.035447
v -0.230681 0.380000 -0.035447
v -0.230681 0.420000 -0.035447
v -0.230681 0.460000 -0.035447
v -0.230681 0.500000 -0.035447
v -0.230681 0.540000 -0.035447
v -0.230681 0.580000 -0.035447
v -0.230681 0.620000 -0.035447
v -0.216569 0.340000 -0.056569
v -0.216569 0.380000 -0.056569
v -0.216569 0.420000 -0.056569
v -0.216569 0.460000 -0.056569
v -0.216569 0.500000 -0.056569
v -0.216569 0.540000 -0.056569
v -0.216569 0.580000 -0.056569
v -0.216569 0.620000 -0.056569
v -0.195447 0.340000 -0.070681
v -0.195447 0.380000 -0.070681
v -0.195447 0.420000 -0.070681
v -0.195447 0.460000 -0.070681
v -0.195447 0.500000 -0.070681
v -0.195447 0.540000 -0.070681
v -0.195447 0.580000 -0.070681
v -0.195447 0.620000 -0.070681
v -0.178516 0.340000 -0.076317
v -0.178516 0.380000 -0.076317
v -0.178516 0.420000 -0.076317
v -0.178516 0.460000 -0.076317
v -0.178516 0.500000 -0.076317
v -0.178516 0.540000 -0.076317
v -0.178516 0.580000 -0.076317
v -0.178516 0.620000 -0.076317
v -0.141484 0.340000 -0.076317
v -0.141484 0.380000 -0.076317
v -0.141484 0.420000 -0.076317
v -0.141484 0.460000 -0.076317
v -0.141484 0.500000 -0.076317
v -0.141484 0.540000 -0.076317
v -0.141484 0.580000 -0.076317
v -0.141484 0.620000 -0.076317
v -0.103431 0.340000 -0.056569
v -0.103431 0.380000 -0.056569
v -0.103431 0.420000 -0.056569
v -0.103431 0.460000 -0.056569
v -0.103431 0.500000 -0.056569
v -0.103431 0.540000 -0.056569
v -0.103431 0.580000 -0.056569
v -0.103431 0.620000 -0.056569
v -0.124553 0.340000 -0.070681
v -0.124553 0.380000 -0.070681
v -0.124553 0.420000 -0.070681
v -0.124553 0.460000 -0.070681
v -0.124553 0.500000 -0.070681
v -0.124553 0.540000 -0.070681
v -0.124553 0.580000 -0.070681
v -0.124553 0.620000 -0.070681
v -0.083683 0.340000 -0.018516
v -0.083683 0.380000 -0.018516
v -0.083683 0.420000 -0.018516
v -0.083683 0.460000 -0.018516
v -0.083683 0.500000 -0.018516
v -0.083683 0.540000 -0.018516
v -0.083683 0.580000 -0.018516
v -0.083683 0.620000 -0.018516
v -0.089319 0.340000 -0.035447
v -0.089319 0.380000 -0.035447
v -0.089319 0.420000 -0.035447
v -0.089319 0.460000 -0.035447
v -0.089319 0.500000 -0.035447
v -0.089319 0.540000 -0.035447
v -0.089319 0.580000 -0.035447
v -0.089319 0.620000 -0.035447
v -0.236317 0.660000 -0.018516
v -0.236317 0.700000 -0.018516
v -0.236317 0.740000 -0.018516
v -0.236317 0.780000 -0.018516
v -0.236317 0.820000 -0.018516
v -0.236317 0.860000 -0.018516
v -0.236313 0.899896 -0.018537
v -0.236302 0.940019 -0.018593
v -0.230681 0.660000 -0.035447
v -0.230681 0.700000 -0.035447
v -0.230681 0.740000 -0.035447
v -0.230681 0.780000 -0.035447
v -0.230681 0.820000 -0.035447
v -0.230681 0.860000 -0.035447
v -0.230675 0.899897 -0.035457
v -0.230948 0.939666 -0.035048
v -0.216569 0.660000 -0.056569
v -0.216569 0.700000 -0.056569
v -0.216569 0.740000 -0.056569
v -0.216569 0.780000 -0.056569
v -0.216569 0.820000 -0.056569
v -0.216569 0.860000 -0.056569
v -0.216569 0.899942 -0.056569
v -0.216572 0.939639 -0.056563
v -0.195447 0.660000 -0.070681
v -0.195447 0.700000 -0.070681
v -0.195447 0.740000 -0.070681
v -0.195447 0.780000 -0.070681
v -0.195447 0.820000 -0.070681
v -0.195447 0.860000 -0.070681
v -0.195478 0.899882 -0.070661
v -0.195368 0.939332 -0.070734
v -0.178516 0.660000 -0.076317
v -0.178516 0.700000 -0.076317
v -0.178516 0.740000 -0.076317
v -0.178516 0.780000 -0.076317
v -0.178516 0.820000 -0.076317
v -0.178516 0.860000 -0.076317
v -0.178466 0.899953 -0.076327
v -0.178590 0.939555 -0.076302
v -0.141484 0.660000 -0.076317
v -0.141484 0.700000 -0.076317
v -0.141484 0.740000 -0.076317
v -0.141484 0.780000 -0.076317
v -0.141484 0.820000 -0.076317
v -0.141481 0.860002 -0.076316
v -0.141087 0.900288 -0.076238
v -0.139998 0.940269 -0.076021
v -0.103431 0.660000 -0.056569
v -0.103431 0.700000 -0.056569
v -0.103431 0.740000 -0.056569
v -0.103431 0.780000 -0.056569
v -0.103431 0.820000 -0.056569
v -0.103358 0.860198 -0.056459
v -0.104291 0.902109 -0.057143
v -0.102456 0.939165 -0.055109
v -0.124553 0.660000 -0.070681
v -0.124553 0.700000 -0.070681
v -0.124553 0.740000 -0.070681
v -0.124553 0.780000 -0.070681
v -0.124553 0.820000 -0.070681
v -0.124450 0.860096 -0.070612
v -0.123515 0.901324 -0.069988
v -0.108416 0.948103 -0.059899
v -0.083683 0.660000 -0.018516
v -0.083683 0.700000 -0.018516
v -0.083683 0.740000 -0.018516
v -0.083683 0.780000 -0.018516
v -0.083683 0.820002 -0.018515
v -0.083656 0.860762 -0.018382
v -0.083412 0.906037 -0.017155
v -0.066465 0.950000 -0.016718
v -0.089319 0.660000 -0.035447
v -0.089319 0.700000 -0.035447
v -0.089319 0.740000 -0.035447
v -0.089319 0.780000 -0.035447
v -0.089318 0.820001 -0.035446
v -0.089193 0.860638 -0.035259
v -0.089062 0.905328 -0.035063
v -0.069826 0.950000 -0.047624
v -0.060626 0.955401 -0.080000
v -0.021749 0.950000 -0.019183
v -0.020765 0.950000 -0.057102
v -0.020172 0.956620 -0.080000
v -0.293746 1.042068 -0.013714
v -0.306895 1.052554 -0.023068
v -0.307416 1.179188 -0.016464
v -0.322885 1.191838 -0.004443
v -0.280027 1.044916 -0.034962
v -0.295990 1.063919 -0.043438
v -0.299543 1.100943 -0.057793
v -0.301239 1.137774 -0.053888
v -0.303593 1.162378 -0.039019
v -0.140000 0.992397 0.015024
v -0.251683 1.019053 -0.017817
v -0.252357 1.147094 -0.017449
v -0.272652 1.158783 -0.017542
v -0.140000 0.955130 0.028517
v -0.256015 1.035462 -0.038781
v -0.258806 1.062082 -0.054233
v -0.260576 1.098914 -0.057457
v -0.264667 1.135416 -0.042906
v -0.281001 1.154293 -0.034725
v -0.207722 0.990797 -0.008526
v -0.226457 1.006658 -0.024829
v -0.221664 1.129427 -0.017277
v -0.140000 0.957712 0.043224
v -0.218376 1.019271 -0.043578
v -0.218848 1.060537 -0.059228
v -0.219932 1.097951 -0.052236
v -0.220780 1.117979 -0.036063
v -0.190132 0.955000 -0.061838
v -0.155852 1.094309 -0.007974
v -0.140000 1.152892 -0.016247
v -0.140000 0.959924 0.029856
v -0.140000 1.023740 0.051871
v -0.175029 1.059547 -0.055131
v -0.168980 1.090540 -0.033927
v -0.140000 1.097380 -0.005030
v -0.140000 1.150478 -0.032634
v -0.168141 0.955000 -0.038368
v -0.140000 1.182923 -0.018713
v -0.140000 1.219346 -0.019349
v -0.140000 1.260000 -0.019401
v -0.140000 0.988618 -0.028866
v -0.140000 1.019230 -0.030897
v -0.140000 1.058760 -0.031101
v -0.140000 1.095194 -0.048211
v -0.140000 1.135539 -0.056091
v -0.140000 1.174196 -0.050976
v -0.140000 1.219756 -0.057138
v -0.140000 1.260000 -0.057298
v -0.140000 0.980696 -0.072757
v -0.135376 1.019922 -0.080000
v -0.136116 1.059965 -0.080000
v -0.133860 1.099733 -0.080000
v -0.130244 1.139550 -0.080000
v -0.128283 1.179731 -0.080000
v -0.127928 1.219964 -0.080000
v -0.127875 1.260000 -0.080000
v -0.099552 0.980705 -0.080000
v -0.099090 1.019955 -0.080000
v -0.099034 1.059993 -0.080000
v -0.098995 1.099971 -0.080000
v -0.098932 1.139975 -0.080000
v -0.098894 1.179993 -0.080000
v -0.098885 1.220000 -0.080000
v -0.098885 1.260000 -0.080000
v -0.060051 0.981194 -0.080000
v -0.060000 1.020000 -0.080000
v -0.060000 1.060000 -0.080000
v -0.060000 1.100000 -0.080000
v -0.060000 1.140000 -0.080000
v -0.060000 1.180000 -0.080000
v -0.060000 1.220000 -0.080000
v -0.060000 1.260000 -0.080000
v -0.020002 0.981268 -0.080000
v -0.020000 1.020000 -0.080000
v -0.020000 1.060000 -0.080000
v -0.020000 1.100000 -0.080000
v -0.020000 1.140000 -0.080000
v -0.020000 1.180000 -0.080000
v -0.020000 1.220000 -0.080000
v -0.020000 1.260000 -0.080000
v -0.155091 1.597110 -0.018796
v -0.152313 1.601827 -0.042585
v -0.140000 1.298435 -0.019399
v -0.140000 1.339365 -0.019934
v -0.111690 1.350000 -0.019019
v -0.124300 1.553675 -0.018659
v -0.143270 1.578404 -0.018687
v -0.140000 1.299063 -0.057494
v -0.140000 1.341100 -0.060664
v -0.112385 1.350000 -0.056844
v -0.118818 1.560155 -0.056942
v -0.141189 1.585631 -0.057026
v -0.127704 1.299441 -0.080000
v -0.124748 1.338736 -0.080000
v -0.113181 1.350000 -0.069626
v -0.112610 1.566885 -0.075348
v -0.120593 1.587752 -0.091668
v -0.114062 1.603095 -0.114063
v -0.075573 1.361153 -0.016521
v -0.075092 1.417360 -0.018318
v -0.075139 1.461414 -0.018140
v -0.075672 1.509045 -0.016151
v -0.101956 1.536005 -0.017795
v -0.073998 1.350000 -0.039985
v -0.070662 1.417319 -0.034851
v -0.070574 1.461444 -0.035179
v -0.069503 1.508019 -0.039177
v -0.092238 1.540054 -0.057508
v -0.098911 1.299414 -0.080000
v -0.099388 1.338856 -0.080000
v -0.095672 1.350000 -0.064802
v -0.092382 1.557110 -0.092382
v -0.102710 1.576145 -0.102710
v -0.075348 1.566885 -0.112611
v -0.091668 1.587752 -0.120593
v -0.056145 1.377763 -0.053137
v -0.054887 1.418454 -0.054395
v -0.054641 1.461169 -0.054641
v -0.054641 1.508626 -0.054641
v -0.069090 1.530030 -0.069090
v -0.059862 1.299540 -0.080000
v -0.059509 1.338945 -0.080000
v -0.049234 1.369441 -0.060048
v -0.035683 1.419029 -0.070439
v -0.035188 1.461449 -0.070572
v -0.039177 1.508019 -0.069503
v -0.057508 1.540054 -0.092238
v -0.056942 1.560155 -0.118818
v -0.057027 1.585631 -0.141189
v -0.042585 1.601827 -0.152313
v -0.019913 1.299764 -0.080000
v -0.019610 1.339297 -0.080000
v -0.018886 1.379029 -0.074940
v -0.018530 1.419673 -0.075035
v -0.018148 1.461428 -0.075137
v -0.016151 1.509045 -0.075672
v -0.017795 1.536005 -0.101956
v -0.018659 1.553675 -0.124300
v -0.018687 1.578404 -0.143270
v -0.018796 1.597109 -0.155091
v -0.165890 1.623186 -0.018805
v -0.173842 1.661340 -0.018606
v -0.173842 1.698660 -0.018606
v -0.165890 1.736814 -0.018805
v -0.155091 1.762890 -0.018796
v -0.158342 1.623093 -0.056558
v -0.166154 1.661062 -0.057072
v -0.166154 1.698938 -0.057072
v -0.158342 1.736907 -0.056558
v -0.152313 1.758173 -0.042585
v -0.152915 1.636587 -0.078823
v -0.154480 1.661197 -0.082201
v -0.154480 1.698802 -0.082201
v -0.152915 1.723413 -0.078823
v -0.143309 1.781541 -0.018701
v -0.124966 1.805422 -0.018795
v -0.148863 1.611431 -0.068075
v -0.148863 1.748569 -0.068075
v -0.141196 1.774357 -0.057035
v -0.119055 1.799492 -0.057064
v -0.138549 1.623850 -0.092594
v -0.142231 1.661263 -0.100547
v -0.142231 1.698737 -0.100547
v -0.138549 1.736149 -0.092594
v -0.120602 1.772237 -0.091670
v -0.112754 1.792894 -0.075433
v -0.119831 1.622790 -0.119831
v -0.125507 1.660958 -0.125507
v -0.125507 1.699042 -0.125507
v -0.119831 1.737210 -0.119831
v -0.114063 1.756905 -0.114062
v -0.102371 1.823533 -0.018731
v -0.084358 1.836657 -0.018991
v -0.093276 1.819356 -0.057313
v -0.079627 1.833459 -0.045294
v -0.102724 1.783828 -0.102724
v -0.092684 1.802332 -0.092684
v -0.092594 1.623850 -0.138549
v -0.100547 1.661263 -0.142231
v -0.100547 1.698737 -0.142231
v -0.092594 1.736149 -0.138549
v -0.091670 1.772237 -0.120602
v -0.075433 1.792894 -0.112754
v -0.078823 1.636587 -0.152915
v -0.082201 1.661197 -0.154480
v -0.082201 1.698802 -0.154480
v -0.078823 1.723413 -0.152915
v -0.056927 1.848023 -0.018947
v -0.069892 1.829100 -0.069892
v -0.057788 1.839312 -0.057788
v -0.057313 1.819356 -0.093276
v -0.045294 1.833459 -0.079627
v -0.068075 1.611431 -0.148863
v -0.068075 1.748569 -0.148863
v -0.057035 1.774357 -0.141196
v -0.057064 1.799492 -0.119055
v -0.056558 1.623093 -0.158342
v -0.057072 1.661062 -0.166154
v -0.057072 1.698938 -0.166154
v -0.056558 1.736907 -0.158342
v -0.042585 1.758173 -0.152313
v -0.018800 1.856500 -0.018800
v -0.018947 1.848023 -0.056927
v -0.018731 1.823533 -0.102371
v -0.018991 1.836657 -0.084358
v -0.018701 1.781541 -0.143309
v -0.018795 1.805422 -0.124966
v -0.018805 1.623186 -0.165890
v -0.018606 1.661340 -0.173842
v -0.018606 1.698660 -0.173842
v -0.018805 1.736814 -0.165890
v -0.018796 1.762890 -0.155091
v 0.088953 0.007728 0.034899
v 0.085278 0.005000 0.019075
v 0.125101 0.007728 0.071047
v 0.107955 0.005000 0.052045
v 0.101338 0.005000 0.019408
v 0.140925 0.005000 0.074722
v 0.140592 0.005000 0.058662
v 0.140418 0.005000 0.019582
v 0.179075 0.005000 0.074722
v 0.179408 0.005000 0.058662
v 0.179582 0.005000 0.019582
v 0.194899 0.007728 0.071047
v 0.212045 0.005000 0.052045
v 0.218662 0.005000 0.019408
v 0.231047 0.007728 0.034899
v 0.234722 0.005000 0.019075
v 0.089210 0.020954 0.035285
v 0.089345 0.060123 0.035486
v 0.089319 0.100000 0.035447
v 0.089319 0.140000 0.035447
v 0.089319 0.180000 0.035447
v 0.089319 0.220000 0.035447
v 0.089319 0.260000 0.035447
v 0.089319 0.300000 0.035447
v 0.083776 0.020760 0.018984
v 0.083694 0.060158 0.018569
v 0.083683 0.100000 0.018516
v 0.083683 0.140000 0.018516
v 0.083683 0.180000 0.018516
v 0.083683 0.220000 0.018516
v 0.083683 0.260000 0.018516
v 0.083683 0.300000 0.018516
v 0.124715 0.020954 0.070790
v 0.124514 0.060123 0.070655
v 0.124553 0.100000 0.070681
v 0.124553 0.140000 0.070681
v 0.124553 0.180000 0.070681
v 0.124553 0.220000 0.070681
v 0.124553 0.260000 0.070681
v 0.124553 0.300000 0.070681
v 0.103431 0.020615 0.056569
v 0.103431 0.060058 0.056569
v 0.103431 0.100000 0.056569
v 0.103431 0.140000 0.056569
v 0.103431 0.180000 0.056569
v 0.103431 0.220000 0.056569
v 0.103431 0.260000 0.056569
v 0.103431 0.300000 0.056569
v 0.141016 0.020760 0.076224
v 0.141431 0.060158 0.076306
v 0.141484 0.100000 0.076317
v 0.141484 0.140000 0.076317
v 0.141484 0.180000 0.076317
v 0.141484 0.220000 0.076317
v 0.141484 0.260000 0.076317
v 0.141484 0.300000 0.076317
v 0.178984 0.020760 0.076224
v 0.178569 0.060158 0.076306
v 0.178516 0.100000 0.076317
v 0.178516 0.140000 0.076317
v 0.178516 0.180000 0.076317
v 0.178516 0.220000 0.076317
v 0.178516 0.260000 0.076317
v 0.178516 0.300000 0.076317
v 0.195285 0.020954 0.070790
v 0.195486 0.060123 0.070655
v 0.195447 0.100000 0.070681
v 0.195447 0.140000 0.070681
v 0.195447 0.180000 0.070681
v 0.195447 0.220000 0.070681
v 0.195447 0.260000 0.070681
v 0.195447 0.300000 0.070681
v 0.216569 0.020615 0.056569
v 0.216569 0.060058 0.056569
v 0.216569 0.100000 0.056569
v 0.216569 0.140000 0.056569
v 0.216569 0.180000 0.056569
v 0.216569 0.220000 0.056569
v 0.216569 0.260000 0.056569
v 0.216569 0.300000 0.056569
v 0.230790 0.020954 0.035285
v 0.230655 0.060123 0.035486
v 0.230681 0.100000 0.035447
v 0.230681 0.140000 0.035447
v 0.230681 0.180000 0.035447
v 0.230681 0.220000 0.035447
v 0.230681 0.260000 0.035447
v 0.230681 0.300000 0.035447
v 0.236224 0.020760 0.018984
v 0.236306 0.060158 0.018569
v 0.236317 0.100000 0.018516
v 0.236317 0.140000 0.018516
v 0.236317 0.180000 0.018516
v 0.236317 0.220000 0.018516
v 0.236317 0.260000 0.018516
v 0.236317 0.300000 0.018516
v 0.089319 0.340000 0.035447
v 0.089319 0.380000 0.035447
v 0.089319 0.420000 0.035447
v 0.089319 0.460000 0.035447
v 0.089319 0.500000 0.035447
v 0.089319 0.540000 0.035447
v 0.089319 0.580000 0.035447
v 0.089319 0.620000 0.035447
v 0.083683 0.340000 0.018516
v 0.083683 0.380000 0.018516
v 0.083683 0.420000 0.018516
v 0.083683 0.460000 0.018516
v 0.083683 0.500000 0.018516
v 0.083683 0.540000 0.018516
v 0.083683 0.580000 0.018516
v 0.083683 0.620000 0.018516
v 0.124553 0.340000 0.070681
v 0.124553 0.380000 0.070681
v 0.124553 0.420000 0.070681
v 0.124553 0.460000 0.070681
v 0.124553 0.500000 0.070681
v 0.124553 0.540000 0.070681
v 0.124553 0.580000 0.070681
v 0.124553 0.620000 0.070681
v 0.103431 0.340000 0.056569
v 0.103431 0.380000 0.056569
v 0.103431 0.420000 0.056569
v 0.103431 0.460000 0.056569
v 0.103431 0.500000 0.056569
v 0.103431 0.540000 0.056569
v 0.103431 0.580000 0.056569
v 0.103431 0.620000 0.056569
v 0.141484 0.340000 0.076317
v 0.141484 0.380000 0.076317
v 0.141484 0.420000 0.076317
v 0.141484 0.460000 0.076317
v 0.141484 0.500000 0.076317
v 0.141484 0.540000 0.076317
v 0.141484 0.580000 0.076317
v 0.141484 0.620000 0.076317
v 0.178516 0.340000 0.076317
v 0.178516 0.380000 0.076317
v 0.178516 0.420000 0.076317
v 0.178516 0.460000 0.076317
v 0.178516 0.500000 0.076317
v 0.178516 0.540000 0.076317
v 0.178516 0.580000 0.076317
v 0.178516 0.620000 0.076317
v 0.195447 0.340000 0.070681
v 0.195447 0.380000 0.070681
v 0.195447 0.420000 0.070681
v 0.195447 0.460000 0.070681
v 0.195447 0.500000 0.070681
v 0.195447 0.540000 0.070681
v 0.195447 0.580000 0.070681
v 0.195447 0.620000 0.070681
v 0.216569 0.340000 0.056569
v 0.216569 0.380000 0.056569
v 0.216569 0.420000 0.056569
v 0.216569 0.460000 0.056569
v 0.216569 0.500000 0.056569
v 0.216569 0.540000 0.056569
v 0.216569 0.580000 0.056569
v 0.216569 0.620000 0.056569
v 0.230681 0.340000 0.035447
v 0.230681 0.380000 0.035447
v 0.230681 0.420000 0.035447
v 0.230681 0.460000 0.035447
v 0.230681 0.500000 0.035447
v 0.230681 0.540000 0.035447
v 0.230681 0.580000 0.035447
v 0.230681 0.620000 0.035447
v 0.236317 0.340000 0.018516
v 0.236317 0.380000 0.018516
v 0.236317 0.420000 0.018516
v 0.236317 0.460000 0.018516
v 0.236317 0.500000 0.018516
v 0.236317 0.540000 0.018516
v 0.236317 0.580000 0.018516
v 0.236317 0.620000 0.018516
v 0.020172 0.956620 0.080000
v 0.020765 0.950000 0.057102
v 0.021749 0.950000 0.019183
v 0.060626 0.955401 0.080000
v 0.089319 0.660000 0.035447
v 0.089319 0.700000 0.035447
v 0.089319 0.740000 0.035447
v 0.089319 0.780000 0.035447
v 0.089318 0.820001 0.035446
v 0.089193 0.860638 0.035259
v 0.089062 0.905328 0.035063
v 0.069826 0.950000 0.047624
v 0.083683 0.660000 0.018516
v 0.083683 0.700000 0.018516
v 0.083683 0.740000 0.018516
v 0.083683 0.780000 0.018516
v 0.083683 0.820002 0.018515
v 0.083656 0.860762 0.018382
v 0.083412 0.906037 0.017155
v 0.066465 0.950000 0.016718
v 0.124553 0.660000 0.070681
v 0.124553 0.700000 0.070681
v 0.124553 0.740000 0.070681
v 0.124553 0.780000 0.070681
v 0.124553 0.820000 0.070681
v 0.124450 0.860096 0.070612
v 0.123515 0.901324 0.069988
v 0.108416 0.948103 0.059899
v 0.103431 0.660000 0.056569
v 0.103431 0.700000 0.056569
v 0.103431 0.740000 0.056569
v 0.103431 0.780000 0.056569
v 0.103431 0.820000 0.056569
v 0.103358 0.860198 0.056459
v 0.104291 0.902109 0.057143
v 0.102456 0.939165 0.055109
v 0.141484 0.660000 0.076317
v 0.141484 0.700000 0.076317
v 0.141484 0.740000 0.076317
v 0.141484 0.780000 0.076317
v 0.141484 0.820000 0.076317
v 0.141481 0.860002 0.076316
v 0.141087 0.900288 0.076238
v 0.139998 0.940269 0.076021
v 0.178516 0.660000 0.076317
v 0.178516 0.700000 0.076317
v 0.178516 0.740000 0.076317
v 0.178516 0.780000 0.076317
v 0.178516 0.820000 0.076317
v 0.178516 0.860000 0.076317
v 0.178466 0.899953 0.076327
v 0.178590 0.939555 0.076302
v 0.195447 0.660000 0.070681
v 0.195447 0.700000 0.070681
v 0.195447 0.740000 0.070681
v 0.195447 0.780000 0.070681
v 0.195447 0.820000 0.070681
v 0.195447 0.860000 0.070681
v 0.195478 0.899882 0.070661
v 0.195368 0.939332 0.070734
v 0.216569 0.660000 0.056569
v 0.216569 0.700000 0.056569
v 0.216569 0.740000 0.056569
v 0.216569 0.780000 0.056569
v 0.216569 0.820000 0.056569
v 0.216569 0.860000 0.056569
v 0.216569 0.899942 0.056569
v 0.216572 0.939639 0.056563
v 0.230681 0.660000 0.035447
v 0.230681 0.700000 0.035447
v 0.230681 0.740000 0.035447
v 0.230681 0.780000 0.035447
v 0.230681 0.820000 0.035447
v 0.230681 0.860000 0.035447
v 0.230675 0.899897 0.035457
v 0.230948 0.939666 0.035048
v 0.236317 0.660000 0.018516
v 0.236317 0.700000 0.018516
v 0.236317 0.740000 0.018516
v 0.236317 0.780000 0.018516
v 0.236317 0.820000 0.018516
v 0.236317 0.860000 0.018516
v 0.236313 0.899896 0.018537
v 0.236302 0.940019 0.018593
v 0.020002 0.981268 0.080000
v 0.020000 1.020000 0.080000
v 0.020000 1.060000 0.080000
v 0.020000 1.100000 0.080000
v 0.020000 1.140000 0.080000
v 0.020000 1.180000 0.080000
v 0.020000 1.220000 0.080000
v 0.020000 1.260000 0.080000
v 0.060051 0.981194 0.080000
v 0.060000 1.020000 0.080000
v 0.060000 1.060000 0.080000
v 0.060000 1.100000 0.080000
v 0.060000 1.140000 0.080000
v 0.060000 1.180000 0.080000
v 0.060000 1.220000 0.080000
v 0.060000 1.260000 0.080000
v 0.099552 0.980705 0.080000
v 0.099090 1.019955 0.080000
v 0.099034 1.059993 0.080000
v 0.098995 1.099971 0.080000
v 0.098932 1.139975 0.080000
v 0.098894 1.179993 0.080000
v 0.098885 1.220000 0.080000
v 0.098885 1.260000 0.080000
v 0.140000 0.980696 0.072757
v 0.135376 1.019922 0.080000
v 0.136116 1.059965 0.080000
v 0.133860 1.099733 0.080000
v 0.130244 1.139550 0.080000
v 0.128283 1.179731 0.080000
v 0.127928 1.219964 0.080000
v 0.127875 1.260000 0.080000
v 0.140000 0.988618 0.028866
v 0.140000 1.019230 0.030897
v 0.140000 1.058760 0.031101
v 0.140000 1.095194 0.048211
v 0.140000 1.135539 0.056091
v 0.140000 1.174196 0.050976
v 0.140000 1.219756 0.057138
v 0.140000 1.260000 0.057298
v 0.140000 1.182923 0.018713
v 0.140000 1.219346 0.019349
v 0.140000 1.260000 0.019401
v 0.168141 0.955000 0.038368
v 0.140000 0.959924 -0.029856
v 0.140000 1.023740 -0.051871
v 0.175029 1.059547 0.055131
v 0.168980 1.090540 0.033927
v 0.140000 1.097380 0.005030
v 0.140000 1.150478 0.032634
v 0.155852 1.094309 0.007974
v 0.140000 1.152892 0.016247
v 0.190132 0.955000 0.061838
v 0.140000 0.957712 -0.043224
v 0.218376 1.019271 0.043578
v 0.218848 1.060537 0.059228
v 0.219932 1.097951 0.052236
v 0.220780 1.117979 0.036063
v 0.207722 0.990797 0.008526
v 0.226457 1.006658 0.024829
v 0.221664 1.129427 0.017277
v 0.140000 0.955130 -0.028517
v 0.256015 1.035462 0.038781
v 0.258806 1.062082 0.054233
v 0.260576 1.098914 0.057457
v 0.264667 1.135416 0.042906
v 0.281001 1.154293 0.034725
v 0.140000 0.992397 -0.015024
v 0.251683 1.019053 0.017817
v 0.252357 1.147094 0.017449
v 0.272652 1.158783 0.017542
v 0.280027 1.044916 0.034962
v 0.295990 1.063919 0.043438
v 0.299543 1.100943 0.057793
v 0.301239 1.137774 0.053888
v 0.303593 1.162378 0.039019
v 0.293746 1.042068 0.013714
v 0.306895 1.052554 0.023068
v 0.307416 1.179188 0.016464
v 0.322885 1.191838 0.004443
v 0.018796 1.597109 0.155091
v 0.018659 1.553675 0.124300
v 0.018687 1.578404 0.143270
v 0.019913 1.299764 0.080000
v 0.019610 1.339297 0.080000
v 0.018886 1.379029 0.074940
v 0.018530 1.419673 0.075035
v 0.018149 1.461428 0.075137
v 0.016151 1.509045 0.075672
v 0.017795 1.536005 0.101956
v 0.042585 1.601827 0.152313
v 0.056942 1.560155 0.118818
v 0.057027 1.585631 0.141189
v 0.059862 1.299540 0.080000
v 0.059509 1.338945 0.080000
v 0.049234 1.369441 0.060048
v 0.035683 1.419029 0.070439
v 0.035188 1.461449 0.070572
v 0.039177 1.508019 0.069503
v 0.057508 1.540054 0.092238
v 0.056145 1.377763 0.053137
v 0.054887 1.418454 0.054395
v 0.054641 1.461169 0.054641
v 0.054641 1.508626 0.054641
v 0.069090 1.530030 0.069090
v 0.075348 1.566885 0.112611
v 0.091668 1.587752 0.120593
v 0.098911 1.299414 0.080000
v 0.099388 1.338856 0.080000
v 0.095672 1.350000 0.064802
v 0.092382 1.557110 0.092382
v 0.102710 1.576145 0.102710
v 0.073998 1.350000 0.039985
v 0.070662 1.417319 0.034851
v 0.070574 1.461444 0.035179
v 0.069503 1.508019 0.039177
v 0.092238 1.540054 0.057508
v 0.075573 1.361153 0.016521
v 0.075092 1.417360 0.018318
v 0.075139 1.461414 0.018140
v 0.075672 1.509045 0.016151
v 0.101956 1.536005 0.017795
v 0.114062 1.603095 0.114063
v 0.127704 1.299441 0.080000
v 0.124748 1.338736 0.080000
v 0.113181 1.350000 0.069626
v 0.112611 1.566885 0.075348
v 0.120593 1.587752 0.091668
v 0.140000 1.299063 0.057494
v 0.140000 1.341100 0.060664
v 0.112385 1.350000 0.056844
v 0.118818 1.560155 0.056942
v 0.141189 1.585631 0.057027
v 0.140000 1.298435 0.019399
v 0.140000 1.339365 0.019934
v 0.111690 1.350000 0.019019
v 0.124300 1.553675 0.018659
v 0.143270 1.578404 0.018687
v 0.152313 1.601827 0.042585
v 0.155091 1.597109 0.018796
v 0.018805 1.623186 0.165890
v 0.018606 1.661340 0.173842
v 0.018606 1.698660 0.173842
v 0.018805 1.736814 0.165890
v 0.018796 1.762890 0.155091
v 0.018701 1.781541 0.143309
v 0.018795 1.805422 0.124966
v 0.018731 1.823533 0.102371
v 0.018991 1.836657 0.084358
v 0.018947 1.848023 0.056927
v 0.018800 1.856500 0.018800
v 0.056558 1.623093 0.158342
v 0.057072 1.661062 0.166154
v 0.057072 1.698938 0.166154
v 0.056558 1.736907 0.158342
v 0.042585 1.758173 0.152313
v 0.068075 1.611431 0.148863
v 0.068075 1.748569 0.148863
v 0.057035 1.774357 0.141196
v 0.057064 1.799492 0.119055
v 0.057313 1.819356 0.093276
v 0.045294 1.833459 0.079627
v 0.069892 1.829100 0.069892
v 0.057788 1.839312 0.057788
v 0.056927 1.848023 0.018947
v 0.078823 1.636587 0.152915
v 0.082201 1.661197 0.154480
v 0.082201 1.698802 0.154480
v 0.078823 1.723413 0.152915
v 0.092594 1.623850 0.138549
v 0.100547 1.661263 0.142231
v 0.100547 1.698737 0.142231
v 0.092594 1.736149 0.138549
v 0.091670 1.772237 0.120602
v 0.075433 1.792894 0.112754
v 0.102724 1.783828 0.102724
v 0.092684 1.802332 0.092684
v 0.093276 1.819356 0.057313
v 0.079627 1.833459 0.045294
v 0.102371 1.823533 0.018731
v 0.084358 1.836657 0.018991
v 0.119831 1.622790 0.119831
v 0.125507 1.660958 0.125507
v 0.125507 1.699042 0.125507
v 0.119831 1.737210 0.119831
v 0.114063 1.756905 0.114063
v 0.138549 1.623850 0.092594
v 0.142231 1.661263 0.100547
v 0.142231 1.698737 0.100547
v 0.138549 1.736149 0.092594
v 0.120602 1.772237 0.091670
v 0.112754 1.792894 0.075433
v 0.148863 1.611431 0.068075
v 0.148863 1.748569 0.068075
v 0.141196 1.774357 0.057035
v 0.119055 1.799492 0.057064
v 0.143309 1.781541 0.018701
v 0.124966 1.805422 0.018795
v 0.152915 1.636587 0.078823
v 0.154480 1.661197 0.082201
v 0.154480 1.698802 0.082201
v 0.152915 1.723413 0.078823
v 0.158342 1.623093 0.056558
v 0.166154 1.661062 0.057072
v 0.166154 1.698938 0.057072
v 0.158342 1.736907 0.056558
v 0.152313 1.758173 0.042585
v 0.165890 1.623186 0.018805
v 0.173842 1.661340 0.018606
v 0.173842 1.698660 0.018606
v 0.165890 1.736814 0.018805
v 0.155091 1.762890 0.018796
v 0.336249 1.080389 0.037571
v 0.338735 1.102322 0.052862
v 0.340263 1.139451 0.058727
v 0.341987 1.177642 0.044996
v 0.356716 1.196459 0.036065
v 0.314464 1.049860 -0.000238
v 0.330987 1.063611 0.013847
v 0.330313 1.189069 0.027253
v 0.344073 1.200321 0.016563
v 0.356412 1.087428 0.033585
v 0.373458 1.106002 0.041148
v 0.379179 1.141454 0.056524
v 0.380952 1.178136 0.055201
v 0.383301 1.206201 0.040921
v 0.363434 1.083518 0.017642
v 0.383632 1.095162 0.017586
v 0.385134 1.223130 0.019463
v 0.399211 1.234253 0.009780
v 0.407529 1.121176 0.037254
v 0.420781 1.140230 0.047129
v 0.420000 1.180000 0.060000
v 0.419219 1.219770 0.047129
v 0.432471 1.238824 0.037254
v 0.418299 1.115810 0.019631
v 0.433155 1.129239 0.031423
v 0.406845 1.230761 0.031423
v 0.421701 1.244190 0.019631
v 0.456699 1.153798 0.040921
v 0.459048 1.181864 0.055201
v 0.460821 1.218547 0.056524
v 0.466542 1.253998 0.041148
v 0.440789 1.125747 0.009780
v 0.454866 1.136870 0.019463
v 0.456368 1.264838 0.017586
v 0.483284 1.163541 0.036065
v 0.498013 1.182357 0.044996
v 0.499737 1.220549 0.058727
v 0.501265 1.257678 0.052862
v 0.495927 1.159679 0.016563
v 0.509687 1.170931 0.027253
v 0.536421 1.197634 0.039022
v 0.538790 1.222235 0.053886
v 0.540485 1.259049 0.057798
v 0.517115 1.168162 0.004443
v 0.532584 1.180812 0.016464
v 0.559050 1.205756 0.034742
v 0.575266 1.224532 0.042895
v 0.579432 1.261095 0.057458
v 0.567403 1.201250 0.017548
v 0.587556 1.212838 0.017395
v 0.616254 1.241396 0.037005
v 0.618494 1.262089 0.052456
v 0.615356 1.228960 0.017624
v 0.483588 1.272572 0.033585
v 0.476566 1.276482 0.017642
v 0.503751 1.279611 0.037571
v 0.509000 1.296381 0.013850
v 0.525434 1.310083 -0.000230
v 0.544003 1.296054 0.043457
v 0.559798 1.314763 0.035152
v 0.533072 1.307418 0.023095
v 0.545817 1.317628 0.013880
v 0.581168 1.297833 0.054249
v 0.583539 1.323386 0.039555
v 0.586658 1.340138 0.017335
v 0.601234 1.352034 0.006087
v 0.619258 1.299216 0.059031
v 0.620090 1.338018 0.045159
v 0.632655 1.354724 0.036973
v 0.608989 1.349474 0.028833
v 0.620482 1.359241 0.018712
v 0.635436 1.248033 0.033162
v 0.651919 1.265753 0.040266
v 0.641967 1.244373 0.017784
v 0.661705 1.255835 0.017998
v 0.677184 1.278021 0.038258
v 0.685341 1.269945 0.019495
v 0.664195 1.302573 0.055727
v 0.651199 1.339552 0.049616
v 0.640042 1.356883 0.038797
v 0.668002 1.310447 0.017429
v 0.654188 1.334374 0.017898
v 0.640902 1.357386 0.018832
v 0.680191 1.289336 0.041282
v 0.678047 1.293049 0.018322
v 0.085278 0.005000 -0.019075
v 0.088953 0.007728 -0.034899
v 0.101338 0.005000 -0.019408
v 0.107955 0.005000 -0.052045
v 0.125101 0.007728 -0.071047
v 0.140418 0.005000 -0.019582
v 0.140592 0.005000 -0.058662
v 0.140925 0.005000 -0.074722
v 0.179582 0.005000 -0.019582
v 0.179408 0.005000 -0.058662
v 0.179075 0.005000 -0.074722
v 0.218662 0.005000 -0.019408
v 0.212045 0.005000 -0.052045
v 0.194899 0.007728 -0.071047
v 0.234722 0.005000 -0.019075
v 0.231047 0.007728 -0.034899
v 0.083776 0.020760 -0.018984
v 0.083694 0.060158 -0.018569
v 0.083683 0.100000 -0.018516
v 0.083683 0.140000 -0.018516
v 0.083683 0.180000 -0.018516
v 0.083683 0.220000 -0.018516
v 0.083683 0.260000 -0.018516
v 0.083683 0.300000 -0.018516
v 0.089210 0.020954 -0.035285
v 0.089345 0.060123 -0.035486
v 0.089319 0.100000 -0.035447
v 0.089319 0.140000 -0.035447
v 0.089319 0.180000 -0.035447
v 0.089319 0.220000 -0.035447
v 0.089319 0.260000 -0.035447
v 0.089319 0.300000 -0.035447
v 0.103431 0.020615 -0.056569
v 0.103431 0.060058 -0.056569
v 0.103431 0.100000 -0.056569
v 0.103431 0.140000 -0.056569
v 0.103431 0.180000 -0.056569
v 0.103431 0.220000 -0.056569
v 0.103431 0.260000 -0.056569
v 0.103431 0.300000 -0.056569
v 0.124715 0.020954 -0.070790
v 0.124514 0.060123 -0.070655
v 0.124553 0.100000 -0.070681
v 0.124553 0.140000 -0.070681
v 0.124553 0.180000 -0.070681
v 0.124553 0.220000 -0.070681
v 0.124553 0.260000 -0.070681
v 0.124553 0.300000 -0.070681
v 0.141016 0.020760 -0.076224
v 0.141431 0.060158 -0.076306
v 0.141484 0.100000 -0.076317
v 0.141484 0.140000 -0.076317
v 0.141484 0.180000 -0.076317
v 0.141484 0.220000 -0.076317
v 0.141484 0.260000 -0.076317
v 0.141484 0.300000 -0.076317
v 0.178984 0.020760 -0.076224
v 0.178569 0.060158 -0.076306
v 0.178516 0.100000 -0.076317
v 0.178516 0.140000 -0.076317
v 0.178516 0.180000 -0.076317
v 0.178516 0.220000 -0.076317
v 0.178516 0.260000 -0.076317
v 0.178516 0.300000 -0.076317
v 0.216569 0.020615 -0.056569
v 0.216569 0.060058 -0.056569
v 0.216569 0.100000 -0.056569
v 0.216569 0.140000 -0.056569
v 0.216569 0.180000 -0.056569
v 0.216569 0.220000 -0.056569
v 0.216569 0.260000 -0.056569
v 0.216569 0.300000 -0.056569
v 0.195285 0.020954 -0.070790
v 0.195486 0.060123 -0.070655
v 0.195447 0.100000 -0.070681
v 0.195447 0.140000 -0.070681
v 0.195447 0.180000 -0.070681
v 0.195447 0.220000 -0.070681
v 0.195447 0.260000 -0.070681
v 0.195447 0.300000 -0.070681
v 0.236224 0.020760 -0.018984
v 0.236306 0.060158 -0.018569
v 0.236317 0.100000 -0.018516
v 0.236317 0.140000 -0.018516
v 0.236317 0.180000 -0.018516
v 0.236317 0.220000 -0.018516
v 0.236317 0.260000 -0.018516
v 0.236317 0.300000 -0.018516
v 0.230790 0.020954 -0.035285
v 0.230655 0.060123 -0.035486
v 0.230681 0.100000 -0.035447
v 0.230681 0.140000 -0.035447
v 0.230681 0.180000 -0.035447
v 0.230681 0.220000 -0.035447
v 0.230681 0.260000 -0.035447
v 0.230681 0.300000 -0.035447
v 0.083683 0.340000 -0.018516
v 0.083683 0.380000 -0.018516
v 0.083683 0.420000 -0.018516
v 0.083683 0.460000 -0.018516
v 0.083683 0.500000 -0.018516
v 0.083683 0.540000 -0.018516
v 0.083683 0.580000 -0.018516
v 0.083683 0.620000 -0.018516
v 0.089319 0.340000 -0.035447
v 0.089319 0.380000 -0.035447
v 0.089319 0.420000 -0.035447
v 0.089319 0.460000 -0.035447
v 0.089319 0.500000 -0.035447
v 0.089319 0.540000 -0.035447
v 0.089319 0.580000 -0.035447
v 0.089319 0.620000 -0.035447
v 0.103431 0.340000 -0.056569
v 0.103431 0.380000 -0.056569
v 0.103431 0.420000 -0.056569
v 0.103431 0.460000 -0.056569
v 0.103431 0.500000 -0.056569
v 0.103431 0.540000 -0.056569
v 0.103431 0.580000 -0.056569
v 0.103431 0.620000 -0.056569
v 0.124553 0.340000 -0.070681
v 0.124553 0.380000 -0.070681
v 0.124553 0.420000 -0.070681
v 0.124553 0.460000 -0.070681
v 0.124553 0.500000 -0.070681
v 0.124553 0.540000 -0.070681
v 0.124553 0.580000 -0.070681
v 0.124553 0.620000 -0.070681
v 0.141484 0.340000 -0.076317
v 0.141484 0.380000 -0.076317
v 0.141484 0.420000 -0.076317
v 0.141484 0.460000 -0.076317
v 0.141484 0.500000 -0.076317
v 0.141484 0.540000 -0.076317
v 0.141484 0.580000 -0.076317
v 0.141484 0.620000 -0.076317
v 0.178516 0.340000 -0.076317
v 0.178516 0.380000 -0.076317
v 0.178516 0.420000 -0.076317
v 0.178516 0.460000 -0.076317
v 0.178516 0.500000 -0.076317
v 0.178516 0.540000 -0.076317
v 0.178516 0.580000 -0.076317
v 0.178516 0.620000 -0.076317
v 0.216569 0.340000 -0.056569
v 0.216569 0.380000 -0.056569
v 0.216569 0.420000 -0.056569
v 0.216569 0.460000 -0.056569
v 0.216569 0.500000 -0.056569
v 0.216569 0.540000 -0.056569
v 0.216569 0.580000 -0.056569
v 0.216569 0.620000 -0.056569
v 0.195447 0.340000 -0.070681
v 0.195447 0.380000 -0.070681
v 0.195447 0.420000 -0.070681
v 0.195447 0.460000 -0.070681
v 0.195447 0.500000 -0.070681
v 0.195447 0.540000 -0.070681
v 0.195447 0.580000 -0.070681
v 0.195447 0.620000 -0.070681
v 0.236317 0.340000 -0.018516
v 0.236317 0.380000 -0.018516
v 0.236317 0.420000 -0.018516
v 0.236317 0.460000 -0.018516
v 0.236317 0.500000 -0.018516
v 0.236317 0.540000 -0.018516
v 0.236317 0.580000 -0.018516
v 0.236317 0.620000 -0.018516
v 0.230681 0.340000 -0.035447
v 0.230681 0.380000 -0.035447
v 0.230681 0.420000 -0.035447
v 0.230681 0.460000 -0.035447
v 0.230681 0.500000 -0.035447
v 0.230681 0.540000 -0.035447
v 0.230681 0.580000 -0.035447
v 0.230681 0.620000 -0.035447
v 0.021749 0.950000 -0.019183
v 0.020765 0.950000 -0.057102
v 0.020172 0.956620 -0.080000
v 0.083683 0.660000 -0.018516
v 0.083683 0.700000 -0.018516
v 0.083683 0.740000 -0.018516
v 0.083683 0.780000 -0.018516
v 0.083683 0.820002 -0.018515
v 0.083656 0.860762 -0.018382
v 0.083412 0.906037 -0.017155
v 0.066465 0.950000 -0.016718
v 0.089319 0.660000 -0.035447
v 0.089319 0.700000 -0.035447
v 0.089319 0.740000 -0.035447
v 0.089319 0.780000 -0.035447
v 0.089318 0.820001 -0.035446
v 0.089193 0.860638 -0.035259
v 0.089062 0.905328 -0.035063
v 0.069826 0.950000 -0.047624
v 0.060626 0.955401 -0.080000
v 0.103431 0.660000 -0.056569
v 0.103431 0.700000 -0.056569
v 0.103431 0.740000 -0.056569
v 0.103431 0.780000 -0.056569
v 0.103431 0.820000 -0.056569
v 0.103358 0.860198 -0.056459
v 0.104291 0.902109 -0.057143
v 0.102456 0.939165 -0.055109
v 0.124553 0.660000 -0.070681
v 0.124553 0.700000 -0.070681
v 0.124553 0.740000 -0.070681
v 0.124553 0.780000 -0.070681
v 0.124553 0.820000 -0.070681
v 0.124450 0.860096 -0.070612
v 0.123515 0.901324 -0.069988
v 0.108416 0.948103 -0.059899
v 0.141484 0.660000 -0.076317
v 0.141484 0.700000 -0.076317
v 0.141484 0.740000 -0.076317
v 0.141484 0.780000 -0.076317
v 0.141484 0.820000 -0.076317
v 0.141481 0.860002 -0.076316
v 0.141087 0.900288 -0.076238
v 0.139998 0.940269 -0.076021
v 0.178516 0.660000 -0.076317
v 0.178516 0.700000 -0.076317
v 0.178516 0.740000 -0.076317
v 0.178516 0.780000 -0.076317
v 0.178516 0.820000 -0.076317
v 0.178516 0.860000 -0.076317
v 0.178466 0.899953 -0.076327
v 0.178590 0.939555 -0.076302
v 0.216569 0.660000 -0.056569
v 0.216569 0.700000 -0.056569
v 0.216569 0.740000 -0.056569
v 0.216569 0.780000 -0.056569
v 0.216569 0.820000 -0.056569
v 0.216569 0.860000 -0.056569
v 0.216569 0.899942 -0.056569
v 0.216572 0.939639 -0.056563
v 0.195447 0.660000 -0.070681
v 0.195447 0.700000 -0.070681
v 0.195447 0.740000 -0.070681
v 0.195447 0.780000 -0.070681
v 0.195447 0.820000 -0.070681
v 0.195447 0.860000 -0.070681
v 0.195478 0.899882 -0.070661
v 0.195368 0.939332 -0.070734
v 0.236317 0.660000 -0.018516
v 0.236317 0.700000 -0.018516
v 0.236317 0.740000 -0.018516
v 0.236317 0.780000 -0.018516
v 0.236317 0.820000 -0.018516
v 0.236317 0.860000 -0.018516
v 0.236313 0.899896 -0.018537
v 0.236302 0.940019 -0.018593
v 0.230681 0.660000 -0.035447
v 0.230681 0.700000 -0.035447
v 0.230681 0.740000 -0.035447
v 0.230681 0.780000 -0.035447
v 0.230681 0.820000 -0.035447
v 0.230681 0.860000 -0.035447
v 0.230675 0.899897 -0.035457
v 0.230948 0.939666 -0.035048
v 0.020002 0.981268 -0.080000
v 0.020000 1.020000 -0.080000
v 0.020000 1.060000 -0.080000
v 0.020000 1.100000 -0.080000
v 0.020000 1.140000 -0.080000
v 0.020000 1.180000 -0.080000
v 0.020000 1.220000 -0.080000
v 0.020000 1.260000 -0.080000
v 0.060051 0.981194 -0.080000
v 0.060000 1.020000 -0.080000
v 0.060000 1.060000 -0.080000
v 0.060000 1.100000 -0.080000
v 0.060000 1.140000 -0.080000
v 0.060000 1.180000 -0.080000
v 0.060000 1.220000 -0.080000
v 0.060000 1.260000 -0.080000
v 0.099552 0.980705 -0.080000
v 0.099090 1.019955 -0.080000
v 0.099034 1.059993 -0.080000
v 0.098995 1.099971 -0.080000
v 0.098932 1.139975 -0.080000
v 0.098894 1.179993 -0.080000
v 0.098885 1.220000 -0.080000
v 0.098885 1.260000 -0.080000
v 0.140000 1.182923 -0.018713
v 0.140000 1.219346 -0.019349
v 0.140000 1.260000 -0.019401
v 0.140000 0.988618 -0.028866
v 0.140000 1.019230 -0.030897
v 0.140000 1.058760 -0.031101
v 0.140000 1.095194 -0.048211
v 0.140000 1.135539 -0.056091
v 0.140000 1.174196 -0.050976
v 0.140000 1.219756 -0.057138
v 0.140000 1.260000 -0.057298
v 0.140000 0.980696 -0.072757
v 0.135376 1.019922 -0.080000
v 0.136116 1.059965 -0.080000
v 0.133860 1.099733 -0.080000
v 0.130244 1.139550 -0.080000
v 0.128283 1.179731 -0.080000
v 0.127928 1.219964 -0.080000
v 0.127875 1.260000 -0.080000
v 0.155852 1.094309 -0.007974
v 0.140000 1.152892 -0.016247
v 0.140000 0.959923 0.029856
v 0.140000 1.023740 0.051871
v 0.175029 1.059547 -0.055131
v 0.168980 1.090540 -0.033927
v 0.140000 1.097380 -0.005030
v 0.140000 1.150478 -0.032634
v 0.168141 0.955000 -0.038368
v 0.207722 0.990797 -0.008526
v 0.226457 1.006658 -0.024829
v 0.221664 1.129427 -0.017277
v 0.140000 0.957712 0.043224
v 0.218376 1.019271 -0.043578
v 0.218848 1.060537 -0.059228
v 0.219932 1.097951 -0.052236
v 0.220780 1.117979 -0.036063
v 0.190132 0.955000 -0.061838
v 0.140000 0.992397 0.015024
v 0.251683 1.019053 -0.017817
v 0.252357 1.147094 -0.017449
v 0.272652 1.158783 -0.017542
v 0.140000 0.955130 0.028517
v 0.256015 1.035462 -0.038781
v 0.258806 1.062082 -0.054233
v 0.260576 1.098914 -0.057457
v 0.264667 1.135416 -0.042906
v 0.281001 1.154293 -0.034725
v 0.293746 1.042068 -0.013714
v 0.306895 1.052554 -0.023068
v 0.307416 1.179188 -0.016464
v 0.322885 1.191838 -0.004443
v 0.280027 1.044916 -0.034962
v 0.295990 1.063919 -0.043438
v 0.299543 1.100943 -0.057793
v 0.301239 1.137774 -0.053888
v 0.303593 1.162378 -0.039019
v 0.019913 1.299764 -0.080000
v 0.019610 1.339297 -0.080000
v 0.018886 1.379029 -0.074940
v 0.018530 1.419673 -0.075035
v 0.018149 1.461428 -0.075137
v 0.016152 1.509045 -0.075672
v 0.017795 1.536005 -0.101956
v 0.018659 1.553675 -0.124300
v 0.018687 1.578404 -0.143270
v 0.018796 1.597109 -0.155091
v 0.056145 1.377763 -0.053137
v 0.054887 1.418454 -0.054395
v 0.054641 1.461169 -0.054641
v 0.054641 1.508626 -0.054641
v 0.069090 1.530030 -0.069090
v 0.059862 1.299540 -0.080000
v 0.059509 1.338945 -0.080000
v 0.049234 1.369441 -0.060048
v 0.035683 1.419029 -0.070439
v 0.035188 1.461449 -0.070572
v 0.039177 1.508019 -0.069503
v 0.057508 1.540054 -0.092238
v 0.056942 1.560155 -0.118818
v 0.057027 1.585631 -0.141189
v 0.042585 1.601827 -0.152313
v 0.075573 1.361153 -0.016521
v 0.075092 1.417360 -0.018318
v 0.075139 1.461414 -0.018140
v 0.075672 1.509045 -0.016151
v 0.101956 1.536005 -0.017795
v 0.073998 1.350000 -0.039985
v 0.070662 1.417319 -0.034851
v 0.070574 1.461444 -0.035179
v 0.069503 1.508019 -0.039177
v 0.092238 1.540054 -0.057508
v 0.098911 1.299414 -0.080000
v 0.099388 1.338856 -0.080000
v 0.095672 1.350000 -0.064802
v 0.092382 1.557110 -0.092382
v 0.102710 1.576145 -0.102710
v 0.075348 1.566885 -0.112611
v 0.091668 1.587751 -0.120593
v 0.140000 1.298435 -0.019399
v 0.140000 1.339365 -0.019934
v 0.111690 1.350000 -0.019019
v 0.124300 1.553675 -0.018659
v 0.143270 1.578404 -0.018687
v 0.140000 1.299063 -0.057494
v 0.140000 1.341100 -0.060664
v 0.112385 1.350000 -0.056844
v 0.118818 1.560155 -0.056942
v 0.141189 1.585631 -0.057027
v 0.127704 1.299441 -0.080000
v 0.124748 1.338736 -0.080000
v 0.113181 1.350000 -0.069626
v 0.112611 1.566885 -0.075348
v 0.120593 1.587751 -0.091668
v 0.114063 1.603095 -0.114063
v 0.155091 1.597109 -0.018796
v 0.152313 1.601827 -0.042585
v 0.018800 1.856500 -0.018800
v 0.018947 1.848023 -0.056927
v 0.018731 1.823533 -0.102371
v 0.018991 1.836657 -0.084358
v 0.018701 1.781541 -0.143309
v 0.018795 1.805422 -0.124966
v 0.018805 1.623186 -0.165890
v 0.018606 1.661340 -0.173842
v 0.018606 1.698660 -0.173842
v 0.018805 1.736814 -0.165890
v 0.018796 1.762890 -0.155091
v 0.056927 1.848023 -0.018947
v 0.069892 1.829100 -0.069892
v 0.057788 1.839312 -0.057788
v 0.057313 1.819356 -0.093276
v 0.045294 1.833459 -0.079627
v 0.068075 1.611431 -0.148863
v 0.068075 1.748569 -0.148863
v 0.057035 1.774357 -0.141196
v 0.057064 1.799492 -0.119055
v 0.056558 1.623093 -0.158342
v 0.057072 1.661062 -0.166154
v 0.057072 1.698938 -0.166154
v 0.056558 1.736907 -0.158342
v 0.042585 1.758173 -0.152313
v 0.102371 1.823533 -0.018731
v 0.084358 1.836657 -0.018991
v 0.093276 1.819356 -0.057313
v 0.079627 1.833459 -0.045294
v 0.102724 1.783828 -0.102724
v 0.092684 1.802332 -0.092684
v 0.092594 1.623850 -0.138549
v 0.100547 1.661263 -0.142231
v 0.100547 1.698737 -0.142231
v 0.092594 1.736149 -0.138549
v 0.091670 1.772237 -0.120602
v 0.075433 1.792894 -0.112754
v 0.078823 1.636587 -0.152915
v 0.082201 1.661197 -0.154480
v 0.082201 1.698802 -0.154480
v 0.078823 1.723413 -0.152915
v 0.143309 1.781541 -0.018701
v 0.124966 1.805422 -0.018795
v 0.148863 1.611431 -0.068075
v 0.148863 1.748569 -0.068075
v 0.141196 1.774357 -0.057035
v 0.119055 1.799492 -0.057064
v 0.138549 1.623850 -0.092594
v 0.142231 1.661263 -0.100547
v 0.142231 1.698737 -0.100547
v 0.138549 1.736149 -0.092594
v 0.120602 1.772237 -0.091670
v 0.112754 1.792894 -0.075433
v 0.119831 1.622790 -0.119831
v 0.125507 1.660958 -0.125507
v 0.125507 1.699042 -0.125507
v 0.119831 1.737210 -0.119831
v 0.114063 1.756905 -0.114063
v 0.165890 1.623186 -0.018805
v 0.173842 1.661340 -0.018606
v 0.173842 1.698660 -0.018606
v 0.165890 1.736814 -0.018805
v 0.155091 1.762890 -0.018796
v 0.158342 1.623093 -0.056558
v 0.166154 1.661062 -0.057072
v 0.166154 1.698938 -0.057072
v 0.158342 1.736907 -0.056558
v 0.152313 1.758173 -0.042585
v 0.152915 1.636587 -0.078823
v 0.154480 1.661197 -0.082201
v 0.154480 1.698802 -0.082201
v 0.152915 1.723413 -0.078823
v 0.314464 1.049860 0.000238
v 0.330987 1.063611 -0.013847
v 0.330313 1.189069 -0.027253
v 0.344073 1.200321 -0.016563
v 0.336249 1.080389 -0.037571
v 0.338735 1.102322 -0.052862
v 0.340263 1.139451 -0.058727
v 0.341987 1.177642 -0.044996
v 0.356716 1.196459 -0.036065
v 0.363434 1.083518 -0.017642
v 0.383632 1.095162 -0.017586
v 0.385134 1.223130 -0.019463
v 0.399211 1.234253 -0.009780
v 0.356412 1.087428 -0.033585
v 0.373458 1.106002 -0.041148
v 0.379179 1.141454 -0.056524
v 0.380952 1.178136 -0.055201
v 0.383301 1.206201 -0.040921
v 0.418299 1.115810 -0.019631
v 0.433155 1.129239 -0.031423
v 0.406845 1.230761 -0.031423
v 0.421701 1.244190 -0.019631
v 0.407529 1.121176 -0.037254
v 0.420781 1.140230 -0.047129
v 0.420000 1.180000 -0.060000
v 0.419219 1.219770 -0.047129
v 0.432471 1.238824 -0.037254
v 0.440789 1.125747 -0.009780
v 0.454866 1.136870 -0.019463
v 0.456368 1.264838 -0.017586
v 0.456699 1.153798 -0.040921
v 0.459048 1.181864 -0.055201
v 0.460821 1.218547 -0.056524
v 0.466542 1.253998 -0.041148
v 0.495927 1.159679 -0.016563
v 0.509687 1.170931 -0.027253
v 0.483284 1.163541 -0.036065
v 0.498013 1.182357 -0.044996
v 0.499737 1.220549 -0.058727
v 0.501265 1.257678 -0.052862
v 0.517115 1.168162 -0.004443
v 0.532584 1.180812 -0.016464
v 0.536421 1.197634 -0.039022
v 0.538790 1.222235 -0.053886
v 0.540485 1.259049 -0.057798
v 0.567403 1.201250 -0.017548
v 0.587556 1.212838 -0.017395
v 0.559050 1.205756 -0.034742
v 0.575266 1.224532 -0.042895
v 0.579432 1.261095 -0.057458
v 0.615356 1.228960 -0.017624
v 0.616254 1.241396 -0.037005
v 0.618494 1.262089 -0.052456
v 0.476566 1.276482 -0.017642
v 0.483588 1.272572 -0.033585
v 0.509000 1.296381 -0.013850
v 0.525434 1.310083 0.000230
v 0.503751 1.279611 -0.037571
v 0.533072 1.307418 -0.023095
v 0.545817 1.317628 -0.013880
v 0.544003 1.296054 -0.043457
v 0.559798 1.314763 -0.035152
v 0.586658 1.340138 -0.017335
v 0.601234 1.352034 -0.006087
v 0.581168 1.297833 -0.054249
v 0.583539 1.323386 -0.039555
v 0.608989 1.349474 -0.028833
v 0.620482 1.359241 -0.018712
v 0.619258 1.299216 -0.059031
v 0.620090 1.338018 -0.045159
v 0.632655 1.354724 -0.036973
v 0.641967 1.244373 -0.017784
v 0.661705 1.255835 -0.017998
v 0.635436 1.248033 -0.033162
v 0.651919 1.265753 -0.040266
v 0.685341 1.269945 -0.019495
v 0.677184 1.278021 -0.038258
v 0.668002 1.310447 -0.017429
v 0.654188 1.334374 -0.017898
v 0.640902 1.357386 -0.018832
v 0.664195 1.302573 -0.055727
v 0.651199 1.339552 -0.049616
v 0.640042 1.356883 -0.038797
v 0.678047 1.293049 -0.018322
v 0.680191 1.289336 -0.041282
vn -0.1172 -0.9898 0.0806
vn -0.0806 -0.9898 0.1172
vn -0.0000 -1.0000 -0.0000
vn 0.0806 -0.9898 0.1172
vn 0.1172 -0.9898 0.0806
vn -0.4914 -0.7293 0.4760
vn -0.4122 -0.7543 0.5110
vn -0.9848 0.1157 0.1298
vn -0.3262 -0.4274 0.8432
vn -0.7837 0.6061 0.1359
vn -0.9067 0.4088 0.1038
vn -0.8534 0.5211 0.0164
vn -0.3387 -0.5937 0.7299
vn -0.4186 -0.7963 0.4366
vn -0.2214 -0.4721 0.8533
vn -0.4849 -0.7139 0.5053
vn -0.4056 -0.7582 0.5106
vn -0.2985 -0.5440 0.7842
vn -0.1580 -0.2530 0.9545
vn -0.4145 -0.7815 0.4664
vn -0.2145 -0.4163 0.8835
vn 0.0023 0.0265 0.9996
vn -0.3909 -0.7333 0.5562
vn -0.4830 -0.8365 0.2588
vn -0.4404 -0.6927 0.5712
vn -0.2674 -0.5040 0.8213
vn -0.1065 -0.2008 0.9738
vn 0.1993 0.2935 0.9349
vn -0.4220 -0.7586 0.4964
vn -0.2087 -0.3676 0.9063
vn 0.0574 0.1498 0.9870
vn 0.2364 0.4750 0.8476
vn -0.3611 -0.7132 0.6008
vn -0.4769 -0.8257 0.3014
vn -0.4356 -0.6560 0.6164
vn 0.3611 0.7132 0.6008
vn 0.4091 0.7589 0.5067
vn -0.2364 -0.4750 0.8476
vn -0.0574 -0.1498 0.9870
vn 0.2087 0.3676 0.9063
vn -0.4904 -0.7247 0.4840
vn -0.4091 -0.7589 0.5067
vn 0.4356 0.6560 0.6164
vn 0.4769 0.8257 0.3014
vn -0.3267 -0.5790 0.7470
vn -0.1993 -0.2935 0.9349
vn 0.1065 0.2008 0.9738
vn 0.2674 0.5040 0.8213
vn -0.4116 -0.8005 0.4357
vn 0.3909 0.7333 0.5562
vn 0.4220 0.7586 0.4964
vn -0.2111 -0.3132 0.9259
vn 0.0308 0.2502 0.9677
vn 0.1859 0.4849 0.8546
vn 0.3615 0.7298 0.5803
vn 0.0204 0.9905 0.1361
vn -0.0043 -0.0457 0.9989
vn 0.2107 0.4053 0.8895
vn 0.4456 0.6760 0.5869
vn 0.4830 0.8365 0.2588
vn 0.1439 0.2388 0.9603
vn 0.2894 0.5322 0.7956
vn 0.4349 0.7400 0.5131
vn 0.4306 0.7776 0.4583
vn 0.2197 0.4560 0.8625
vn 0.4359 0.7321 0.5234
vn 0.4836 0.8376 0.2540
vn 0.3267 0.5790 0.7470
vn 0.4904 0.7247 0.4840
vn 0.4116 0.8005 0.4357
vn -0.9601 -0.0440 0.2762
vn -0.9486 0.0015 0.3165
vn -0.9487 -0.0001 0.3163
vn -0.9488 -0.0000 0.3158
vn -0.6284 -0.2174 0.7469
vn -0.7469 -0.2174 0.6284
vn -0.5556 -0.0000 0.8315
vn -0.8315 -0.0000 0.5556
vn -0.2762 -0.0440 0.9601
vn -0.3165 0.0015 0.9486
vn -0.3163 -0.0001 0.9487
vn -0.3158 -0.0000 0.9488
vn -0.0000 -0.0949 0.9955
vn -0.0000 -0.0021 1.0000
vn -0.0000 -0.0003 1.0000
vn -0.0000 -0.0000 1.0000
vn 0.2762 -0.0440 0.9601
vn 0.3165 0.0015 0.9486
vn 0.3163 -0.0001 0.9487
vn 0.3158 -0.0000 0.9488
vn 0.6284 -0.2174 0.7469
vn 0.5556 -0.0000 0.8315
vn 0.7469 -0.2174 0.6284
vn 0.8315 -0.0000 0.5556
vn 0.9601 -0.0440 0.2762
vn 0.9486 0.0015 0.3165
vn 0.9487 -0.0001 0.3163
vn 0.9488 -0.0000 0.3158
vn -0.9488 -0.0000 0.3160
vn -0.9498 -0.0017 0.3128
vn -0.5556 -0.0000 0.8314
vn -0.3159 0.0002 0.9488
vn -0.3155 -0.0006 0.9489
vn 0.0012 0.0008 1.0000
vn 0.0048 0.0030 1.0000
vn 0.3167 0.0004 0.9485
vn 0.3264 0.0028 0.9452
vn 0.4093 0.0319 0.9119
vn 0.5564 0.0006 0.8309
vn 0.5564 -0.0006 0.8309
vn 0.5741 0.0024 0.8188
vn 0.8271 0.0045 0.5621
vn 0.5607 -0.2464 0.7905
vn 0.1549 -0.9262 0.3438
vn 0.9495 -0.0005 0.3138
vn 0.9520 0.0009 0.3062
vn 0.9057 -0.3918 0.1615
vn -0.0094 -0.9768 0.2141
vn -0.2197 -0.4561 0.8624
vn -0.0022 -0.0266 0.9996
vn 0.2146 0.4163 0.8835
vn -0.4367 -0.7402 0.5112
vn -0.4836 -0.8376 0.2539
vn -0.4359 -0.7323 0.5232
vn 0.4404 0.6927 0.5711
vn -0.2884 -0.5350 0.7941
vn -0.1440 -0.2390 0.9603
vn 0.1577 0.2527 0.9546
vn 0.2985 0.5440 0.7842
vn 0.4191 0.1304 0.8985
vn -0.4365 -0.7779 0.4520
vn 0.4843 0.7141 0.5054
vn 0.4144 0.7816 0.4662
vn -0.4857 0.8689 -0.0958
vn -0.1819 0.9832 0.0153
vn -0.2068 -0.4157 0.8857
vn 0.0044 0.0508 0.9987
vn 0.2255 0.4804 0.8476
vn -0.0918 0.6282 -0.7726
vn 0.0735 -0.7630 0.6422
vn -0.4363 -0.4166 -0.7975
vn -0.4279 -0.7100 0.5593
vn 0.4063 0.7625 0.5035
vn 0.2699 0.7579 0.5939
vn -0.1008 0.9949 -0.0017
vn 0.7166 0.0906 0.6916
vn 0.4774 -0.6751 0.5624
vn 0.2448 0.3543 0.9025
vn 0.3811 0.6698 0.6372
vn 0.3756 0.9223 0.0909
vn -0.6355 -0.1529 0.7568
vn -0.5418 0.5621 0.6249
vn -0.7779 0.6159 -0.1247
vn -0.9968 0.0588 0.0541
vn -1.0000 -0.0000 -0.0000
vn -0.9962 -0.0095 0.0867
vn -0.6206 -0.7224 0.3049
vn -0.9924 0.0017 0.1232
vn 0.1476 0.0467 0.9879
vn -0.9621 0.0167 0.2720
vn -0.8464 0.5318 0.0269
vn -0.9286 0.0470 0.3682
vn -0.9076 -0.0263 0.4190
vn -0.8832 -0.0004 0.4690
vn 0.1444 -0.2389 0.9602
vn -0.0936 -0.0855 0.9919
vn -0.1898 -0.2920 0.9374
vn -0.8798 0.0007 0.4753
vn -0.8350 0.0089 0.5502
vn -0.3760 0.8963 0.2352
vn -0.6724 -0.5959 0.4391
vn -0.3315 0.9432 -0.0238
vn -0.7582 -0.6248 0.1866
vn -0.8538 -0.4948 0.1619
vn 0.0747 0.7275 0.6821
vn -0.4439 -0.6013 0.6644
vn -0.6643 -0.6013 0.4439
vn -0.6075 -0.5118 0.6075
vn -0.0000 1.0000 -0.0000
vn -0.5950 -0.7065 0.3831
vn -0.0999 0.9787 0.1795
vn -0.9868 0.0348 0.1579
vn -0.9659 -0.0000 0.2588
vn -0.7148 -0.6661 0.2131
vn -0.5953 -0.7727 0.2203
vn -0.4392 -0.5959 0.6724
vn -0.1090 0.6623 0.7412
vn -0.3831 -0.7065 0.5950
vn -0.5856 0.8083 -0.0604
vn -0.6583 0.0109 0.7526
vn -0.7201 0.0554 0.6916
vn -0.6374 0.0021 0.7705
vn -0.7759 -0.0012 0.6308
vn -0.6614 -0.0195 0.7498
vn -0.7498 -0.0196 0.6613
vn -0.5075 -0.6798 0.5295
vn -0.5295 -0.6798 0.5075
vn -0.4491 -0.7725 0.4491
vn -0.1866 -0.6248 0.7582
vn -0.1619 -0.4948 0.8538
vn -0.2419 0.3589 0.9015
vn -0.3697 -0.0508 0.9278
vn -0.2588 -0.0000 0.9659
vn -0.2131 -0.6661 0.7148
vn -0.2203 -0.7727 0.5952
vn -0.9129 -0.1601 0.3755
vn -0.9069 -0.0000 0.4213
vn -0.9129 0.1601 0.3755
vn -0.9087 -0.3764 0.1807
vn -0.9610 -0.1998 0.1911
vn -0.9806 -0.0000 0.1960
vn -0.9610 0.1998 0.1911
vn -0.9087 0.3764 0.1807
vn -0.7713 -0.3885 0.5042
vn -0.8131 -0.1993 0.5469
vn -0.7909 -0.1741 0.5867
vn -0.8307 -0.0000 0.5567
vn -0.8317 -0.0000 0.5553
vn -0.8131 0.1993 0.5469
vn -0.7909 0.1741 0.5867
vn -0.7713 0.3884 0.5042
vn -0.7620 -0.4121 0.4994
vn -0.8770 -0.3982 0.2687
vn -0.8247 -0.3293 0.4599
vn -0.8247 0.3293 0.4599
vn -0.7621 0.4120 0.4995
vn -0.8771 0.3981 0.2687
vn -0.6724 0.5958 0.4392
vn -0.8539 0.4946 0.1620
vn -0.7577 0.6254 0.1864
vn -0.5042 -0.3885 0.7713
vn -0.5867 -0.1741 0.7909
vn -0.5469 -0.1993 0.8131
vn -0.5553 -0.0000 0.8317
vn -0.5567 -0.0000 0.8307
vn -0.5867 0.1741 0.7909
vn -0.5469 0.1993 0.8131
vn -0.5042 0.3884 0.7713
vn -0.6075 0.5117 0.6075
vn -0.4439 0.6013 0.6643
vn -0.6644 0.6013 0.4439
vn -0.5969 0.7035 0.3858
vn -0.6031 0.7671 0.2186
vn -0.5899 0.7785 0.2142
vn -0.3755 -0.1601 0.9129
vn -0.4213 -0.0000 0.9069
vn -0.3755 0.1601 0.9129
vn -0.2687 -0.3982 0.8770
vn -0.4995 -0.4121 0.7620
vn -0.4599 -0.3293 0.8247
vn -0.4599 0.3293 0.8247
vn -0.2687 0.3981 0.8771
vn -0.4995 0.4120 0.7621
vn -0.4392 0.5958 0.6724
vn -0.3858 0.7035 0.5969
vn -0.4518 0.7693 0.4518
vn -0.3299 0.8209 0.4661
vn -0.4661 0.8209 0.3299
vn -0.3661 0.9113 0.1883
vn -0.1807 -0.3764 0.9087
vn -0.1911 -0.1998 0.9610
vn -0.1960 -0.0000 0.9806
vn -0.1911 0.1998 0.9610
vn -0.1807 0.3764 0.9087
vn -0.1620 0.4946 0.8539
vn -0.1864 0.6254 0.7577
vn -0.2186 0.7671 0.6031
vn -0.2142 0.7785 0.5899
vn -0.1883 0.9113 0.3661
vn -0.2104 0.9547 0.2104
vn -0.1172 -0.9898 -0.0806
vn -0.0806 -0.9898 -0.1172
vn 0.0806 -0.9898 -0.1172
vn 0.1172 -0.9898 -0.0806
vn -0.5022 -0.8648 -0.0000
vn -0.5126 -0.8586 -0.0000
vn -0.4914 -0.7293 -0.4760
vn -0.4122 -0.7543 -0.5110
vn -0.9536 0.3010 -0.0000
vn -0.9848 0.1157 -0.1298
vn -0.8660 0.5000 -0.0000
vn -0.3262 -0.4274 -0.8432
vn -0.7837 0.6061 -0.1359
vn -0.9067 0.4088 -0.1038
vn -0.8534 0.5211 -0.0164
vn -0.5012 -0.8653 -0.0000
vn -0.4186 -0.7963 -0.4366
vn -0.3387 -0.5937 -0.7299
vn -0.4985 -0.8669 -0.0000
vn -0.5017 -0.8651 -0.0000
vn -0.4849 -0.7139 -0.5053
vn -0.4056 -0.7582 -0.5106
vn -0.2214 -0.4721 -0.8533
vn -0.6330 -0.7741 -0.0000
vn -0.5062 -0.8624 -0.0000
vn -0.4145 -0.7815 -0.4664
vn -0.2985 -0.5440 -0.7842
vn -0.1580 -0.2530 -0.9545
vn -0.3717 -0.9284 -0.0000
vn -0.4830 -0.8365 -0.2588
vn -0.3909 -0.7333 -0.5562
vn -0.4404 -0.6927 -0.5712
vn -0.2145 -0.4163 -0.8835
vn 0.0023 0.0265 -0.9996
vn -0.6200 -0.7846 -0.0000
vn -0.4856 -0.8742 -0.0000
vn -0.4220 -0.7586 -0.4964
vn -0.2674 -0.5040 -0.8213
vn -0.1065 -0.2008 -0.9738
vn 0.1993 0.2935 -0.9349
vn -0.4041 -0.9147 -0.0000
vn -0.4769 -0.8257 -0.3014
vn 0.5117 0.8592 -0.0000
vn -0.3611 -0.7132 -0.6008
vn -0.4356 -0.6560 -0.6164
vn -0.2087 -0.3676 -0.9063
vn 0.0574 0.1498 -0.9870
vn 0.3611 0.7132 -0.6008
vn 0.2364 0.4750 -0.8476
vn 0.4091 0.7589 -0.5067
vn -0.4995 -0.8663 -0.0000
vn -0.5117 -0.8592 -0.0000
vn 0.6200 0.7846 -0.0000
vn 0.4769 0.8257 -0.3014
vn 0.4041 0.9147 -0.0000
vn -0.4904 -0.7247 -0.4840
vn -0.4091 -0.7589 -0.5067
vn -0.2364 -0.4750 -0.8476
vn -0.0574 -0.1498 -0.9870
vn 0.2087 0.3676 -0.9063
vn 0.4356 0.6560 -0.6164
vn -0.6397 -0.7687 -0.0000
vn -0.5230 -0.8524 -0.0000
vn 0.4856 0.8742 -0.0000
vn -0.4116 -0.8005 -0.4357
vn -0.3267 -0.5790 -0.7470
vn -0.1993 -0.2935 -0.9349
vn 0.1065 0.2008 -0.9738
vn 0.3909 0.7334 -0.5562
vn 0.2674 0.5040 -0.8213
vn 0.4220 0.7586 -0.4964
vn -0.0904 0.9959 -0.0000
vn -0.2111 -0.3132 -0.9259
vn 0.0308 0.2502 -0.9677
vn 0.3615 0.7298 -0.5803
vn 0.1859 0.4849 -0.8546
vn 0.0204 0.9905 -0.1361
vn 0.6323 0.7747 -0.0000
vn 0.4830 0.8365 -0.2588
vn 0.3506 0.9365 -0.0000
vn -0.0043 -0.0457 -0.9989
vn 0.2107 0.4053 -0.8895
vn 0.4456 0.6760 -0.5870
vn 0.4827 0.8758 -0.0000
vn 0.1439 0.2388 -0.9603
vn 0.4349 0.7400 -0.5131
vn 0.2894 0.5322 -0.7956
vn 0.4306 0.7776 -0.4583
vn 0.6404 0.7681 -0.0000
vn 0.4836 0.8376 -0.2540
vn 0.3471 0.9378 -0.0000
vn 0.2197 0.4560 -0.8625
vn 0.4359 0.7321 -0.5234
vn 0.4994 0.8663 -0.0000
vn 0.5229 0.8524 -0.0000
vn 0.4904 0.7247 -0.4840
vn 0.3267 0.5790 -0.7470
vn 0.4116 0.8005 -0.4357
vn -0.9955 -0.0949 -0.0000
vn -1.0000 -0.0021 -0.0000
vn -1.0000 -0.0003 -0.0000
vn -0.9601 -0.0440 -0.2762
vn -0.9486 0.0015 -0.3165
vn -0.9487 -0.0001 -0.3163
vn -0.9488 -0.0000 -0.3158
vn -0.7469 -0.2174 -0.6284
vn -0.8315 -0.0000 -0.5556
vn -0.6284 -0.2174 -0.7469
vn -0.5556 -0.0000 -0.8315
vn -0.2762 -0.0440 -0.9601
vn -0.3165 0.0015 -0.9486
vn -0.3163 -0.0001 -0.9487
vn -0.3158 -0.0000 -0.9488
vn -0.0000 -0.0949 -0.9955
vn -0.0000 -0.0021 -1.0000
vn -0.0000 -0.0003 -1.0000
vn -0.0000 -0.0000 -1.0000
vn 0.6284 -0.2174 -0.7469
vn 0.2762 -0.0440 -0.9601
vn 0.5556 -0.0000 -0.8315
vn 0.3165 0.0015 -0.9486
vn 0.3163 -0.0001 -0.9487
vn 0.3158 -0.0000 -0.9488
vn 0.9955 -0.0949 -0.0000
vn 1.0000 -0.0021 -0.0000
vn 1.0000 -0.0003 -0.0000
vn 1.0000 -0.0000 -0.0000
vn 0.9601 -0.0440 -0.2762
vn 0.7469 -0.2174 -0.6284
vn 0.9486 0.0015 -0.3165
vn 0.8315 -0.0000 -0.5556
vn 0.9487 -0.0001 -0.3163
vn 0.9488 -0.0000 -0.3158
vn -1.0000 0.0001 -0.0000
vn -1.0000 0.0003 -0.0000
vn -0.9488 -0.0000 -0.3160
vn -0.9498 -0.0017 -0.3128
vn -0.5556 -0.0000 -0.8314
vn -0.3159 0.0002 -0.9488
vn -0.3155 -0.0006 -0.9489
vn 0.0012 0.0008 -1.0000
vn 0.0048 0.0030 -1.0000
vn 0.5564 0.0006 -0.8309
vn 0.3167 0.0004 -0.9485
vn 0.5564 -0.0006 -0.8309
vn 0.3264 0.0028 -0.9452
vn 0.5741 0.0024 -0.8188
vn 0.4093 0.0319 -0.9119
vn 1.0000 -0.0006 -0.0000
vn 1.0000 -0.0054 -0.0000
vn 0.9331 -0.3597 -0.0000
vn 0.9495 -0.0005 -0.3138
vn 0.9520 0.0009 -0.3062
vn 0.8271 0.0045 -0.5621
vn 0.9057 -0.3918 -0.1615
vn 0.5607 -0.2464 -0.7905
vn 0.1549 -0.9262 -0.3438
vn -0.0094 -0.9768 -0.2141
vn -0.3520 -0.9360 -0.0000
vn -0.4836 -0.8376 -0.2539
vn 0.6331 0.7741 -0.0000
vn 0.3717 0.9284 -0.0000
vn -0.4367 -0.7402 -0.5112
vn -0.4359 -0.7323 -0.5232
vn -0.2197 -0.4561 -0.8624
vn -0.0022 -0.0266 -0.9996
vn 0.2146 0.4163 -0.8835
vn 0.4404 0.6927 -0.5711
vn -0.4778 0.8785 -0.0000
vn -0.2322 -0.9727 -0.0000
vn -0.4800 -0.8773 -0.0000
vn 0.4991 0.8666 -0.0000
vn 0.5062 0.8624 -0.0000
vn 0.4191 0.1304 -0.8985
vn -0.4365 -0.7780 -0.4520
vn -0.2884 -0.5350 -0.7941
vn -0.1440 -0.2390 -0.9603
vn 0.1577 0.2527 -0.9546
vn 0.4843 0.7141 -0.5054
vn 0.2985 0.5440 -0.7842
vn 0.4144 0.7816 -0.4662
vn -0.4363 -0.4166 0.7975
vn 0.4989 0.8667 -0.0000
vn -0.1819 0.9832 -0.0153
vn -0.0918 0.6282 0.7726
vn 0.0735 -0.7630 -0.6422
vn -0.4279 -0.7100 -0.5593
vn -0.2068 -0.4157 -0.8857
vn 0.0044 0.0508 -0.9987
vn 0.2255 0.4804 -0.8476
vn 0.4063 0.7625 -0.5035
vn -0.4857 0.8689 0.0958
vn 0.4708 0.8823 -0.0000
vn -0.9653 0.2612 -0.0000
vn 0.7166 0.0906 -0.6916
vn 0.4774 -0.6751 -0.5624
vn 0.2448 0.3543 -0.9025
vn 0.3811 0.6698 -0.6372
vn 0.3756 0.9223 -0.0909
vn -0.6355 -0.1529 -0.7568
vn 0.2699 0.7579 -0.5939
vn -0.1009 0.9949 0.0017
vn -0.6206 -0.7224 -0.3049
vn 0.1476 0.0467 -0.9879
vn -0.8464 0.5318 -0.0269
vn -0.5418 0.5621 -0.6249
vn -0.7779 0.6159 0.1247
vn -0.9968 0.0588 -0.0541
vn -0.9962 -0.0095 -0.0867
vn -0.9924 0.0017 -0.1232
vn -0.9621 0.0167 -0.2720
vn -0.9286 0.0470 -0.3682
vn -0.9076 -0.0263 -0.4190
vn -0.8832 -0.0004 -0.4690
vn 0.1444 -0.2389 -0.9602
vn -0.0936 -0.0855 -0.9919
vn -0.1898 -0.2920 -0.9374
vn -0.3517 0.9361 -0.0000
vn -0.7934 -0.6086 -0.0000
vn -0.8453 -0.5342 -0.0000
vn -0.3315 0.9432 0.0238
vn -0.7582 -0.6248 -0.1866
vn -0.8538 -0.4948 -0.1619
vn -0.8798 0.0007 -0.4753
vn -0.8350 0.0089 -0.5502
vn -0.3760 0.8963 -0.2352
vn -0.6724 -0.5959 -0.4391
vn -0.2951 0.9555 -0.0000
vn -1.0000 0.0086 -0.0000
vn -1.0000 -0.0011 -0.0000
vn -0.9999 -0.0112 -0.0000
vn -0.7160 -0.6981 -0.0000
vn -0.6203 -0.7844 -0.0000
vn -0.0999 0.9787 -0.1795
vn -0.9868 0.0348 -0.1579
vn -0.9659 -0.0000 -0.2588
vn -0.7148 -0.6661 -0.2131
vn -0.5952 -0.7727 -0.2203
vn 0.0747 0.7275 -0.6821
vn -0.5950 -0.7065 -0.3831
vn -0.6644 -0.6013 -0.4439
vn -0.4439 -0.6013 -0.6644
vn -0.6075 -0.5118 -0.6075
vn -0.7201 0.0554 -0.6916
vn -0.7759 -0.0012 -0.6308
vn -0.7498 -0.0196 -0.6613
vn -0.5295 -0.6798 -0.5075
vn -0.1090 0.6623 -0.7412
vn -0.5856 0.8083 0.0604
vn -0.6583 0.0109 -0.7526
vn -0.6374 0.0021 -0.7705
vn -0.6614 -0.0195 -0.7498
vn -0.5075 -0.6798 -0.5295
vn -0.4491 -0.7725 -0.4491
vn -0.3831 -0.7065 -0.5950
vn -0.4392 -0.5959 -0.6724
vn -0.2419 0.3589 -0.9015
vn -0.3697 -0.0508 -0.9278
vn -0.2588 -0.0000 -0.9659
vn -0.2131 -0.6661 -0.7148
vn -0.2203 -0.7727 -0.5952
vn -0.1866 -0.6248 -0.7582
vn -0.1619 -0.4948 -0.8538
vn -0.9239 -0.3826 -0.0000
vn -0.9790 -0.2040 -0.0000
vn -0.9790 0.2040 -0.0000
vn -0.9239 0.3826 -0.0000
vn -0.9087 -0.3764 -0.1807
vn -0.9610 -0.1998 -0.1911
vn -0.9806 -0.0000 -0.1960
vn -0.9610 0.1998 -0.1911
vn -0.9087 0.3764 -0.1807
vn -0.9129 -0.1601 -0.3755
vn -0.9069 -0.0000 -0.4213
vn -0.9129 0.1601 -0.3755
vn -0.8454 0.5341 -0.0000
vn -0.7931 0.6092 -0.0000
vn -0.8770 -0.3982 -0.2687
vn -0.8771 0.3981 -0.2687
vn -0.8539 0.4946 -0.1620
vn -0.7577 0.6254 -0.1864
vn -0.7620 -0.4121 -0.4994
vn -0.8247 -0.3293 -0.4599
vn -0.7909 -0.1741 -0.5867
vn -0.8317 -0.0000 -0.5553
vn -0.7909 0.1741 -0.5867
vn -0.8247 0.3293 -0.4599
vn -0.7621 0.4120 -0.4995
vn -0.6724 0.5958 -0.4392
vn -0.7713 -0.3885 -0.5042
vn -0.8131 -0.1993 -0.5469
vn -0.8307 -0.0000 -0.5567
vn -0.8131 0.1993 -0.5469
vn -0.7713 0.3884 -0.5042
vn -0.6254 0.7803 -0.0000
vn -0.5889 0.8082 -0.0000
vn -0.6031 0.7671 -0.2186
vn -0.5899 0.7785 -0.2142
vn -0.6644 0.6013 -0.4439
vn -0.5969 0.7035 -0.3858
vn -0.5042 -0.3885 -0.7713
vn -0.5469 -0.1993 -0.8131
vn -0.5567 -0.0000 -0.8307
vn -0.5469 0.1993 -0.8131
vn -0.5042 0.3884 -0.7713
vn -0.6075 0.5117 -0.6075
vn -0.4439 0.6013 -0.6643
vn -0.5867 -0.1741 -0.7909
vn -0.5553 -0.0000 -0.8317
vn -0.5867 0.1741 -0.7909
vn -0.3828 0.9238 -0.0000
vn -0.4661 0.8209 -0.3299
vn -0.3661 0.9113 -0.1883
vn -0.4517 0.7693 -0.4518
vn -0.3299 0.8209 -0.4661
vn -0.4994 -0.4121 -0.7620
vn -0.4995 0.4120 -0.7621
vn -0.4392 0.5958 -0.6724
vn -0.3858 0.7035 -0.5969
vn -0.2687 -0.3982 -0.8770
vn -0.4599 -0.3293 -0.8247
vn -0.3755 -0.1601 -0.9129
vn -0.4213 -0.0000 -0.9069
vn -0.3755 0.1601 -0.9129
vn -0.4599 0.3293 -0.8247
vn -0.2687 0.3981 -0.8771
vn -0.2170 0.9762 -0.0000
vn -0.2104 0.9547 -0.2104
vn -0.2142 0.7785 -0.5899
vn -0.1883 0.9113 -0.3661
vn -0.1864 0.6254 -0.7577
vn -0.2186 0.7671 -0.6031
vn -0.1807 -0.3764 -0.9087
vn -0.1911 -0.1998 -0.9610
vn -0.1960 -0.0000 -0.9806
vn -0.1911 0.1998 -0.9610
vn -0.1807 0.3764 -0.9087
vn -0.1620 0.4946 -0.8539
vn -0.0000 -0.9607 0.2777
vn 0.0094 -0.9768 0.2141
vn -0.9495 -0.0005 0.3138
vn -0.9520 0.0009 0.3062
vn -0.9057 -0.3918 0.1615
vn -0.5564 0.0006 0.8309
vn -0.5564 -0.0006 0.8309
vn -0.8271 0.0045 0.5621
vn -0.5741 0.0024 0.8188
vn -0.5607 -0.2464 0.7905
vn -0.1549 -0.9262 0.3438
vn -0.3167 0.0004 0.9485
vn -0.3264 0.0028 0.9452
vn -0.4093 0.0319 0.9119
vn -0.0012 0.0008 1.0000
vn -0.0048 0.0030 1.0000
vn 0.3159 0.0002 0.9488
vn 0.3155 -0.0006 0.9489
vn 0.5556 -0.0000 0.8314
vn 0.9488 -0.0000 0.3160
vn 0.9498 -0.0017 0.3128
vn 0.1898 -0.2920 0.9374
vn -0.1444 -0.2389 0.9602
vn 0.0936 -0.0855 0.9919
vn 0.9968 0.0588 0.0541
vn 0.9962 -0.0095 0.0867
vn 0.9924 0.0017 0.1232
vn 0.9621 0.0167 0.2720
vn 0.9286 0.0470 0.3682
vn 0.9076 -0.0263 0.4190
vn 0.8832 -0.0004 0.4690
vn 0.5418 0.5621 0.6249
vn 0.7779 0.6159 -0.1247
vn 0.6206 -0.7224 0.3049
vn -0.1476 0.0467 0.9879
vn 0.8464 0.5318 0.0269
vn 0.6355 -0.1529 0.7568
vn -0.2699 0.7579 0.5939
vn 0.4857 0.8689 -0.0958
vn 0.1009 0.9949 -0.0017
vn -0.7166 0.0906 0.6916
vn -0.4774 -0.6751 0.5624
vn -0.2448 0.3543 0.9025
vn -0.3811 0.6698 0.6372
vn -0.0735 -0.7630 0.6422
vn -0.3756 0.9223 0.0909
vn 0.1819 0.9832 0.0153
vn 0.2068 -0.4157 0.8857
vn -0.0044 0.0508 0.9987
vn -0.2255 0.4804 0.8476
vn -0.4191 0.1304 0.8985
vn 0.0918 0.6282 -0.7726
vn 0.4363 -0.4167 -0.7975
vn 0.4279 -0.7100 0.5593
vn -0.4063 0.7625 0.5035
vn -0.4843 0.7141 0.5054
vn 0.2884 -0.5350 0.7941
vn 0.1440 -0.2390 0.9603
vn -0.1577 0.2527 0.9546
vn -0.2985 0.5440 0.7842
vn 0.4365 -0.7780 0.4520
vn 0.4367 -0.7402 0.5112
vn -0.4144 0.7816 0.4662
vn -0.0000 -0.6086 0.7934
vn -0.0000 -0.5342 0.8453
vn -0.0000 0.1263 0.9920
vn -0.0000 -0.0023 1.0000
vn -0.0000 -0.0024 1.0000
vn -0.0000 -0.0112 0.9999
vn -0.0000 -0.6981 0.7160
vn -0.0000 -0.7844 0.6203
vn 0.1866 -0.6248 0.7582
vn 0.1619 -0.4948 0.8538
vn 0.2419 0.3589 0.9015
vn 0.3697 -0.0508 0.9278
vn 0.2588 -0.0000 0.9659
vn 0.2131 -0.6661 0.7148
vn 0.2203 -0.7727 0.5952
vn 0.6583 0.0109 0.7526
vn 0.6374 0.0021 0.7705
vn 0.6614 -0.0195 0.7498
vn 0.5075 -0.6798 0.5295
vn 0.4392 -0.5959 0.6724
vn 0.1090 0.6623 0.7412
vn 0.3831 -0.7065 0.5950
vn 0.4439 -0.6013 0.6644
vn 0.5856 0.8083 -0.0604
vn 0.7201 0.0554 0.6916
vn 0.7759 -0.0012 0.6308
vn 0.7498 -0.0196 0.6613
vn 0.5295 -0.6798 0.5075
vn 0.4491 -0.7725 0.4491
vn 0.9868 0.0348 0.1579
vn 0.9659 -0.0000 0.2588
vn 0.7148 -0.6661 0.2131
vn -0.0747 0.7275 0.6821
vn 0.6643 -0.6013 0.4439
vn 0.6075 -0.5118 0.6075
vn 0.8798 0.0007 0.4753
vn 0.8350 0.0089 0.5502
vn 0.3760 0.8963 0.2352
vn 0.5950 -0.7065 0.3831
vn 0.6724 -0.5959 0.4391
vn 0.3315 0.9432 -0.0238
vn 0.0999 0.9787 0.1795
vn 0.5953 -0.7727 0.2203
vn 0.7582 -0.6248 0.1866
vn 0.8538 -0.4948 0.1619
vn -0.0000 -0.3826 0.9239
vn -0.0000 -0.2040 0.9790
vn -0.0000 0.2040 0.9790
vn -0.0000 0.3826 0.9239
vn -0.0000 0.5341 0.8454
vn -0.0000 0.6092 0.7931
vn -0.0000 0.7803 0.6254
vn -0.0000 0.8082 0.5889
vn -0.0000 0.9238 0.3828
vn -0.0000 0.9762 0.2170
vn 0.1807 -0.3764 0.9087
vn 0.1911 -0.1998 0.9610
vn 0.1960 -0.0000 0.9806
vn 0.1911 0.1998 0.9610
vn 0.1807 0.3764 0.9087
vn 0.2687 -0.3982 0.8770
vn 0.2687 0.3981 0.8771
vn 0.1620 0.4946 0.8539
vn 0.1864 0.6254 0.7577
vn 0.2186 0.7671 0.6031
vn 0.2142 0.7785 0.5899
vn 0.3299 0.8209 0.4661
vn 0.1883 0.9113 0.3661
vn 0.2104 0.9547 0.2104
vn 0.3755 -0.1601 0.9129
vn 0.4213 -0.0000 0.9069
vn 0.3755 0.1601 0.9129
vn 0.4995 -0.4121 0.7620
vn 0.4599 -0.3293 0.8247
vn 0.5867 -0.1741 0.7909
vn 0.5553 -0.0000 0.8317
vn 0.5867 0.1741 0.7909
vn 0.4599 0.3293 0.8247
vn 0.4995 0.4120 0.7621
vn 0.4392 0.5958 0.6724
vn 0.4439 0.6013 0.6643
vn 0.3858 0.7035 0.5969
vn 0.4518 0.7693 0.4517
vn 0.4661 0.8209 0.3299
vn 0.5899 0.7785 0.2142
vn 0.3661 0.9113 0.1883
vn 0.5042 -0.3885 0.7713
vn 0.5469 -0.1993 0.8131
vn 0.5567 -0.0000 0.8307
vn 0.5469 0.1993 0.8131
vn 0.5042 0.3884 0.7713
vn 0.7713 -0.3885 0.5042
vn 0.8131 -0.1993 0.5469
vn 0.8307 -0.0000 0.5567
vn 0.8131 0.1993 0.5469
vn 0.7713 0.3884 0.5042
vn 0.6075 0.5117 0.6075
vn 0.6644 0.6013 0.4439
vn 0.7620 -0.4121 0.4995
vn 0.7621 0.4120 0.4995
vn 0.6724 0.5958 0.4392
vn 0.5969 0.7035 0.3858
vn 0.7577 0.6254 0.1864
vn 0.6031 0.7671 0.2186
vn 0.7909 -0.1741 0.5867
vn 0.8317 -0.0000 0.5553
vn 0.7909 0.1741 0.5867
vn 0.8770 -0.3982 0.2687
vn 0.8247 -0.3293 0.4599
vn 0.9129 -0.1601 0.3755
vn 0.9069 -0.0000 0.4213
vn 0.9129 0.1601 0.3755
vn 0.8247 0.3293 0.4599
vn 0.8771 0.3981 0.2687
vn 0.9087 -0.3764 0.1807
vn 0.9610 -0.1998 0.1911
vn 0.9806 -0.0000 0.1960
vn 0.9610 0.1998 0.1911
vn 0.9087 0.3764 0.1807
vn 0.8539 0.4946 0.1620
vn 0.2197 -0.4561 0.8624
vn 0.0022 -0.0266 0.9996
vn -0.2146 0.4163 0.8835
vn 0.4836 -0.8376 0.2539
vn 0.4359 -0.7323 0.5232
vn -0.4404 0.6927 0.5711
vn -0.3909 0.7333 0.5562
vn -0.4830 0.8365 0.2588
vn 0.3267 -0.5790 0.7470
vn 0.1993 -0.2935 0.9349
vn -0.1065 0.2008 0.9738
vn -0.2674 0.5040 0.8213
vn 0.4116 -0.8005 0.4357
vn 0.4904 -0.7247 0.4840
vn -0.4220 0.7586 0.4964
vn 0.2364 -0.4750 0.8476
vn 0.0574 -0.1498 0.9870
vn -0.2087 0.3676 0.9063
vn 0.4091 -0.7589 0.5067
vn 0.3611 -0.7132 0.6008
vn -0.4356 0.6560 0.6164
vn -0.3611 0.7132 0.6008
vn -0.4769 0.8257 0.3014
vn 0.2087 -0.3676 0.9063
vn -0.0574 0.1498 0.9870
vn -0.2364 0.4750 0.8476
vn 0.4769 -0.8257 0.3014
vn 0.4356 -0.6560 0.6164
vn -0.4091 0.7589 0.5067
vn 0.2674 -0.5040 0.8213
vn 0.1065 -0.2008 0.9738
vn -0.1993 0.2935 0.9349
vn 0.4220 -0.7586 0.4964
vn 0.3909 -0.7333 0.5562
vn 0.2145 -0.4163 0.8835
vn -0.0023 0.0265 0.9996
vn 0.4830 -0.8365 0.2588
vn 0.4404 -0.6927 0.5712
vn 0.2985 -0.5440 0.7842
vn 0.1580 -0.2530 0.9545
vn 0.4145 -0.7815 0.4664
vn 0.4849 -0.7139 0.5053
vn 0.2214 -0.4721 0.8533
vn 0.4056 -0.7582 0.5106
vn -0.4904 0.7247 0.4840
vn -0.3267 0.5790 0.7470
vn -0.4116 0.8005 0.4357
vn -0.2197 0.4560 0.8625
vn -0.4359 0.7321 0.5234
vn -0.4349 0.7400 0.5131
vn -0.4836 0.8376 0.2540
vn -0.1439 0.2388 0.9603
vn -0.2894 0.5322 0.7956
vn -0.4306 0.7776 0.4583
vn 0.0043 -0.0457 0.9989
vn -0.2107 0.4053 0.8895
vn -0.4456 0.6760 0.5870
vn -0.3615 0.7298 0.5803
vn 0.3387 -0.5937 0.7299
vn 0.4186 -0.7963 0.4366
vn 0.4914 -0.7293 0.4760
vn 0.4122 -0.7543 0.5110
vn 0.2111 -0.3132 0.9259
vn -0.0308 0.2502 0.9677
vn -0.1859 0.4849 0.8546
vn 0.9067 0.4088 0.1038
vn 0.8534 0.5211 0.0164
vn -0.0204 0.9905 0.1361
vn 0.3262 -0.4274 0.8432
vn 0.9848 0.1157 0.1298
vn 0.7837 0.6061 0.1359
vn -0.0000 -0.9607 -0.2777
vn -1.0000 -0.0006 -0.0000
vn -1.0000 -0.0054 -0.0000
vn -0.9331 -0.3597 -0.0000
vn -0.9495 -0.0005 -0.3138
vn -0.9520 0.0009 -0.3062
vn -0.9057 -0.3918 -0.1615
vn 0.0094 -0.9768 -0.2141
vn -0.8271 0.0045 -0.5621
vn -0.5607 -0.2464 -0.7905
vn -0.5564 0.0006 -0.8309
vn -0.5564 -0.0006 -0.8309
vn -0.5741 0.0024 -0.8188
vn -0.1549 -0.9262 -0.3438
vn -0.3167 0.0004 -0.9485
vn -0.3264 0.0028 -0.9452
vn -0.4093 0.0319 -0.9119
vn -0.0012 0.0008 -1.0000
vn -0.0048 0.0030 -1.0000
vn 0.3159 0.0002 -0.9488
vn 0.5556 -0.0000 -0.8314
vn 0.3155 -0.0006 -0.9489
vn 1.0000 0.0001 -0.0000
vn 1.0000 0.0003 -0.0000
vn 0.9488 -0.0000 -0.3160
vn 0.9498 -0.0017 -0.3128
vn 0.1898 -0.2920 -0.9374
vn -0.1444 -0.2389 -0.9602
vn 0.9968 0.0588 -0.0541
vn 0.0936 -0.0855 -0.9919
vn 0.9962 -0.0095 -0.0867
vn 0.9924 0.0017 -0.1232
vn 0.9621 0.0167 -0.2720
vn 0.9286 0.0470 -0.3682
vn 0.9076 -0.0263 -0.4190
vn 0.8832 -0.0004 -0.4690
vn 0.9653 0.2612 -0.0000
vn 0.6206 -0.7224 -0.3049
vn -0.1476 0.0467 -0.9879
vn 0.8464 0.5318 -0.0269
vn 0.6355 -0.1529 -0.7568
vn 0.5418 0.5621 -0.6249
vn 0.7779 0.6159 0.1247
vn -0.4708 0.8822 -0.0000
vn -0.0735 -0.7630 -0.6422
vn -0.7166 0.0906 -0.6916
vn -0.4774 -0.6751 -0.5624
vn -0.2448 0.3543 -0.9025
vn -0.3811 0.6698 -0.6372
vn -0.3756 0.9223 -0.0909
vn 0.4857 0.8689 0.0958
vn -0.2699 0.7579 -0.5939
vn 0.1008 0.9949 0.0017
vn 0.4778 0.8785 -0.0000
vn 0.2321 -0.9727 -0.0000
vn 0.4363 -0.4167 0.7975
vn -0.4989 0.8667 -0.0000
vn -0.4991 0.8666 -0.0000
vn -0.4191 0.1304 -0.8985
vn 0.1819 0.9832 -0.0153
vn 0.0918 0.6282 0.7726
vn 0.4279 -0.7100 -0.5593
vn 0.2068 -0.4157 -0.8857
vn -0.0044 0.0508 -0.9987
vn -0.2255 0.4804 -0.8476
vn -0.4063 0.7625 -0.5035
vn -0.4843 0.7141 -0.5054
vn 0.4800 -0.8773 -0.0000
vn -0.5062 0.8624 -0.0000
vn -0.6331 0.7741 -0.0000
vn 0.4365 -0.7779 -0.4520
vn 0.4367 -0.7402 -0.5112
vn 0.2884 -0.5350 -0.7941
vn 0.1440 -0.2390 -0.9603
vn -0.1577 0.2527 -0.9546
vn -0.2985 0.5440 -0.7842
vn -0.4144 0.7816 -0.4662
vn -0.0000 0.1263 -0.9920
vn -0.0000 -0.0023 -1.0000
vn -0.0000 -0.0024 -1.0000
vn -0.0000 -0.0112 -0.9999
vn -0.0000 -0.6981 -0.7160
vn -0.0000 -0.7844 -0.6203
vn -0.0000 -0.6086 -0.7934
vn -0.0000 -0.5342 -0.8453
vn 0.2419 0.3589 -0.9015
vn 0.6583 0.0109 -0.7526
vn 0.3697 -0.0508 -0.9278
vn 0.6374 0.0021 -0.7705
vn 0.2588 -0.0000 -0.9659
vn 0.6614 -0.0195 -0.7498
vn 0.5075 -0.6798 -0.5295
vn 0.2131 -0.6661 -0.7148
vn 0.2203 -0.7727 -0.5952
vn 0.1866 -0.6248 -0.7582
vn 0.1619 -0.4948 -0.8538
vn 1.0000 0.0086 -0.0000
vn 1.0000 -0.0011 -0.0000
vn 0.9999 -0.0112 -0.0000
vn 0.7160 -0.6981 -0.0000
vn 0.9868 0.0348 -0.1579
vn 0.7201 0.0554 -0.6916
vn 0.9659 -0.0000 -0.2588
vn 0.7760 -0.0012 -0.6308
vn 0.7498 -0.0196 -0.6613
vn 0.7148 -0.6661 -0.2131
vn 0.5295 -0.6798 -0.5075
vn 0.1090 0.6623 -0.7412
vn 0.5856 0.8083 0.0604
vn 0.4491 -0.7725 -0.4491
vn 0.3831 -0.7065 -0.5950
vn 0.4439 -0.6013 -0.6644
vn 0.4392 -0.5959 -0.6724
vn 0.3517 0.9361 -0.0000
vn 0.2951 0.9555 -0.0000
vn 0.6203 -0.7844 -0.0000
vn 0.7934 -0.6086 -0.0000
vn 0.3315 0.9432 0.0238
vn 0.0999 0.9787 -0.1795
vn 0.5952 -0.7727 -0.2203
vn 0.7582 -0.6248 -0.1866
vn 0.8798 0.0007 -0.4753
vn 0.8350 0.0089 -0.5502
vn 0.3760 0.8963 -0.2352
vn -0.0747 0.7275 -0.6821
vn 0.5950 -0.7065 -0.3831
vn 0.6724 -0.5959 -0.4391
vn 0.6644 -0.6013 -0.4439
vn 0.6075 -0.5118 -0.6075
vn 0.8453 -0.5342 -0.0000
vn 0.8538 -0.4948 -0.1619
vn -0.0000 0.9762 -0.2170
vn -0.0000 0.8082 -0.5889
vn -0.0000 0.9238 -0.3828
vn -0.0000 0.6092 -0.7931
vn -0.0000 0.7803 -0.6254
vn -0.0000 -0.3826 -0.9239
vn -0.0000 -0.2040 -0.9790
vn -0.0000 0.2040 -0.9790
vn -0.0000 0.3826 -0.9239
vn -0.0000 0.5341 -0.8454
vn 0.2170 0.9762 -0.0000
vn 0.2104 0.9547 -0.2104
vn 0.3299 0.8209 -0.4661
vn 0.2142 0.7785 -0.5899
vn 0.1883 0.9113 -0.3661
vn 0.1864 0.6254 -0.7577
vn 0.2186 0.7671 -0.6031
vn 0.2687 -0.3982 -0.8770
vn 0.1807 -0.3764 -0.9087
vn 0.1911 -0.1998 -0.9610
vn 0.1960 -0.0000 -0.9806
vn 0.1911 0.1998 -0.9610
vn 0.2687 0.3981 -0.8771
vn 0.1807 0.3764 -0.9087
vn 0.1620 0.4946 -0.8539
vn 0.5889 0.8082 -0.0000
vn 0.3828 0.9238 -0.0000
vn 0.5899 0.7785 -0.2142
vn 0.4661 0.8209 -0.3299
vn 0.3661 0.9113 -0.1883
vn 0.4518 0.7693 -0.4517
vn 0.4995 -0.4121 -0.7620
vn 0.4995 0.4120 -0.7621
vn 0.4439 0.6013 -0.6644
vn 0.4392 0.5958 -0.6724
vn 0.3858 0.7035 -0.5969
vn 0.4599 -0.3293 -0.8247
vn 0.5867 -0.1741 -0.7909
vn 0.3755 -0.1601 -0.9129
vn 0.5552 -0.0000 -0.8317
vn 0.4213 -0.0000 -0.9069
vn 0.5867 0.1741 -0.7909
vn 0.3755 0.1601 -0.9129
vn 0.4599 0.3293 -0.8247
vn 0.7930 0.6092 -0.0000
vn 0.6254 0.7803 -0.0000
vn 0.7577 0.6254 -0.1864
vn 0.6031 0.7671 -0.2186
vn 0.7620 -0.4121 -0.4994
vn 0.7621 0.4120 -0.4995
vn 0.6724 0.5958 -0.4392
vn 0.6644 0.6013 -0.4439
vn 0.5969 0.7035 -0.3858
vn 0.7713 -0.3885 -0.5042
vn 0.5042 -0.3885 -0.7713
vn 0.8131 -0.1993 -0.5469
vn 0.5469 -0.1993 -0.8131
vn 0.8307 -0.0000 -0.5567
vn 0.5567 -0.0000 -0.8307
vn 0.8131 0.1993 -0.5469
vn 0.5469 0.1993 -0.8131
vn 0.7713 0.3884 -0.5042
vn 0.5042 0.3884 -0.7713
vn 0.6075 0.5117 -0.6075
vn 0.9239 -0.3826 -0.0000
vn 0.9790 -0.2040 -0.0000
vn 0.9790 0.2040 -0.0000
vn 0.9239 0.3826 -0.0000
vn 0.8454 0.5341 -0.0000
vn 0.9087 -0.3764 -0.1807
vn 0.8770 -0.3982 -0.2687
vn 0.9610 -0.1998 -0.1911
vn 0.9806 -0.0000 -0.1960
vn 0.9610 0.1998 -0.1911
vn 0.9087 0.3764 -0.1807
vn 0.8771 0.3981 -0.2687
vn 0.8539 0.4946 -0.1620
vn 0.8247 -0.3293 -0.4599
vn 0.9129 -0.1601 -0.3755
vn 0.7909 -0.1741 -0.5867
vn 0.9069 -0.0000 -0.4213
vn 0.8317 -0.0000 -0.5553
vn 0.9129 0.1601 -0.3755
vn 0.7909 0.1741 -0.5867
vn 0.8247 0.3293 -0.4599
vn 0.3520 -0.9360 -0.0000
vn 0.6397 -0.7687 -0.0000
vn 0.4836 -0.8376 -0.2539
vn -0.4830 0.8365 -0.2588
vn -0.3717 0.9284 -0.0000
vn 0.4359 -0.7323 -0.5232
vn 0.2197 -0.4561 -0.8624
vn 0.0022 -0.0266 -0.9996
vn -0.2146 0.4163 -0.8835
vn -0.4404 0.6927 -0.5711
vn -0.3909 0.7333 -0.5562
vn 0.5230 -0.8524 -0.0000
vn 0.4995 -0.8663 -0.0000
vn -0.4856 0.8742 -0.0000
vn -0.6200 0.7846 -0.0000
vn 0.4116 -0.8005 -0.4357
vn 0.4904 -0.7247 -0.4840
vn 0.3267 -0.5790 -0.7470
vn 0.1993 -0.2935 -0.9349
vn -0.1065 0.2008 -0.9738
vn -0.2674 0.5040 -0.8213
vn -0.4220 0.7586 -0.4964
vn 0.5117 -0.8592 -0.0000
vn -0.4769 0.8257 -0.3014
vn -0.4041 0.9147 -0.0000
vn 0.4091 -0.7589 -0.5067
vn 0.3611 -0.7132 -0.6008
vn 0.2364 -0.4750 -0.8476
vn 0.0574 -0.1498 -0.9870
vn -0.2087 0.3676 -0.9063
vn -0.4356 0.6560 -0.6164
vn -0.3611 0.7132 -0.6008
vn 0.4041 -0.9147 -0.0000
vn 0.6200 -0.7846 -0.0000
vn 0.4769 -0.8257 -0.3014
vn -0.5117 0.8592 -0.0000
vn 0.4356 -0.6560 -0.6164
vn 0.2087 -0.3676 -0.9063
vn -0.0574 0.1498 -0.9870
vn -0.2364 0.4750 -0.8476
vn -0.4091 0.7589 -0.5067
vn 0.4856 -0.8742 -0.0000
vn 0.4220 -0.7586 -0.4964
vn 0.3909 -0.7333 -0.5562
vn 0.2674 -0.5040 -0.8213
vn 0.1065 -0.2008 -0.9738
vn -0.1993 0.2935 -0.9349
vn 0.3717 -0.9284 -0.0000
vn 0.6331 -0.7741 -0.0000
vn 0.4830 -0.8365 -0.2588
vn 0.4404 -0.6927 -0.5712
vn 0.2145 -0.4163 -0.8835
vn -0.0023 0.0265 -0.9996
vn 0.5062 -0.8624 -0.0000
vn 0.4985 -0.8669 -0.0000
vn 0.4145 -0.7815 -0.4664
vn 0.4849 -0.7139 -0.5053
vn 0.2985 -0.5440 -0.7842
vn 0.1580 -0.2530 -0.9545
vn 0.5017 -0.8651 -0.0000
vn 0.4056 -0.7582 -0.5106
vn 0.2214 -0.4721 -0.8533
vn -0.4995 0.8663 -0.0000
vn -0.4904 0.7247 -0.4840
vn -0.5229 0.8524 -0.0000
vn -0.6404 0.7681 -0.0000
vn -0.3267 0.5790 -0.7470
vn -0.4116 0.8005 -0.4357
vn -0.4836 0.8376 -0.2540
vn -0.3471 0.9378 -0.0000
vn -0.2197 0.4560 -0.8625
vn -0.4359 0.7321 -0.5234
vn -0.4349 0.7400 -0.5131
vn -0.4827 0.8758 -0.0000
vn -0.6323 0.7747 -0.0000
vn -0.1439 0.2388 -0.9603
vn -0.2894 0.5322 -0.7956
vn -0.4306 0.7776 -0.4583
vn -0.3506 0.9365 -0.0000
vn 0.0043 -0.0457 -0.9989
vn -0.2107 0.4053 -0.8895
vn -0.4456 0.6760 -0.5870
vn -0.3615 0.7298 -0.5803
vn 0.5012 -0.8653 -0.0000
vn 0.5022 -0.8648 -0.0000
vn 0.4186 -0.7963 -0.4366
vn 0.4914 -0.7293 -0.4760
vn 0.3387 -0.5937 -0.7299
vn 0.5126 -0.8586 -0.0000
vn 0.4122 -0.7543 -0.5110
vn 0.8660 0.5000 -0.0000
vn 0.0904 0.9959 -0.0000
vn 0.2111 -0.3132 -0.9259
vn 0.9067 0.4088 -0.1038
vn -0.0308 0.2502 -0.9677
vn 0.8534 0.5211 -0.0164
vn -0.1859 0.4849 -0.8546
vn -0.0204 0.9905 -0.1361
vn 0.9536 0.3010 -0.0000
vn 0.9848 0.1157 -0.1298
vn 0.3262 -0.4274 -0.8432
vn 0.7837 0.6061 -0.1359
vt 0.525834 0.192776
vt 0.574013 0.191777
vt 0.593864 0.093864
vt 0.322818 0.501436
vt 0.691777 0.074013
vt 0.692776 0.025834
vt 0.427182 0.501436
vt 0.691254 0.191254
vt 0.808223 0.074013
vt 0.807224 0.025834
vt 0.808746 0.191254
vt 0.906136 0.093864
vt 0.572818 0.501436
vt 0.925987 0.191777
vt 0.974166 0.192776
vt 0.677182 0.501436
vt 0.299994 0.970750
vt 0.299400 0.950371
vt 0.345331 0.946955
vt 0.372290 0.967611
vt 0.304154 0.995325
vt 0.364667 0.992624
vt 0.125521 0.176712
vt 0.108370 0.084874
vt 0.455704 0.993541
vt 0.205877 0.180285
vt 0.316392 0.178408
vt 0.340307 0.051536
vt 0.422681 0.174674
vt 0.633286 0.999110
vt 0.421789 0.940130
vt 0.359914 0.929159
vt 0.298957 0.922914
vt 0.473650 0.909482
vt 0.382262 0.889938
vt 0.298320 0.894220
vt 0.298745 0.873464
vt 0.351327 0.869017
vt 0.436617 0.860707
vt 0.367569 0.847894
vt 0.522823 0.878453
vt 0.295733 0.837417
vt 0.486800 0.829758
vt 0.390238 0.811375
vt 0.573996 0.847515
vt 0.325704 0.815301
vt 0.296008 0.799638
vt 0.356349 0.791586
vt 0.262343 0.819808
vt 0.450250 0.781025
vt 0.374774 0.766680
vt 0.536033 0.798772
vt 0.624364 0.819023
vt 0.304065 0.757705
vt 0.500000 0.750000
vt 0.398331 0.732849
vt 0.601669 0.767151
vt 0.639142 0.785904
vt 0.338735 0.737511
vt 0.304530 0.720029
vt 0.360858 0.714096
vt 0.277166 0.741855
vt 0.661266 0.762489
vt 0.695470 0.779971
vt 0.701149 0.815995
vt 0.463967 0.701228
vt 0.375636 0.680977
vt 0.549750 0.718975
vt 0.625227 0.733320
vt 0.298851 0.684005
vt 0.299005 0.663189
vt 0.346938 0.659505
vt 0.695935 0.742295
vt 0.722834 0.758145
vt 0.426004 0.652485
vt 0.362063 0.640772
vt 0.513201 0.670242
vt 0.609763 0.688625
vt 0.643651 0.708414
vt 0.288464 0.629212
vt 0.674296 0.684699
vt 0.703993 0.700362
vt 0.510042 0.957295
vt 0.609146 0.975261
vt 0.640206 0.992434
vt 0.669909 0.971792
vt 0.698022 0.985039
vt 0.559619 0.927225
vt 0.630411 0.940466
vt 0.701847 0.950356
vt 0.733092 0.966938
vt 0.615603 0.897694
vt 0.647118 0.918259
vt 0.685848 0.894314
vt 0.711444 0.908728
vt 0.637937 0.859228
vt 0.711528 0.870773
vt 0.750638 0.889599
vt 0.653063 0.840495
vt 0.700995 0.836812
vt 0.288755 0.508295
vt 0.323746 0.508397
vt 0.287908 0.529031
vt 0.324231 0.529012
vt 0.287800 0.550000
vt 0.324138 0.550000
vt 0.287800 0.571053
vt 0.324138 0.571053
vt 0.287800 0.592105
vt 0.324138 0.592105
vt 0.287800 0.613158
vt 0.324138 0.613158
vt 0.287800 0.634210
vt 0.324138 0.634210
vt 0.287800 0.655263
vt 0.324138 0.655263
vt 0.375000 0.508219
vt 0.426254 0.508397
vt 0.375000 0.528978
vt 0.425769 0.529012
vt 0.375000 0.550000
vt 0.425862 0.550000
vt 0.375000 0.571053
vt 0.425862 0.571053
vt 0.375000 0.592105
vt 0.425862 0.592105
vt 0.375000 0.613158
vt 0.425862 0.613158
vt 0.375000 0.634211
vt 0.425862 0.634210
vt 0.375000 0.655263
vt 0.425862 0.655263
vt 0.461245 0.508295
vt 0.462092 0.529031
vt 0.462200 0.550000
vt 0.462200 0.571053
vt 0.462200 0.592105
vt 0.462200 0.613158
vt 0.462200 0.634211
vt 0.462200 0.655263
vt 0.538755 0.508295
vt 0.537908 0.529031
vt 0.537800 0.550000
vt 0.537800 0.571053
vt 0.537800 0.592105
vt 0.537800 0.613158
vt 0.537800 0.634211
vt 0.537800 0.655263
vt 0.573746 0.508397
vt 0.574231 0.529012
vt 0.574138 0.550000
vt 0.574138 0.571053
vt 0.574138 0.592105
vt 0.574138 0.613158
vt 0.574138 0.634211
vt 0.574138 0.655263
vt 0.625000 0.508219
vt 0.625000 0.528978
vt 0.625000 0.550000
vt 0.625000 0.571053
vt 0.625000 0.592105
vt 0.625000 0.613158
vt 0.625000 0.634210
vt 0.625000 0.655263
vt 0.676254 0.508397
vt 0.675769 0.529012
vt 0.675862 0.550000
vt 0.675862 0.571053
vt 0.675862 0.592105
vt 0.675862 0.613158
vt 0.675862 0.634210
vt 0.675862 0.655263
vt 0.711245 0.508295
vt 0.712092 0.529031
vt 0.712200 0.550000
vt 0.712200 0.571053
vt 0.712200 0.592105
vt 0.712200 0.613158
vt 0.712200 0.634211
vt 0.712200 0.655263
vt 0.287800 0.676316
vt 0.324138 0.676316
vt 0.287800 0.697368
vt 0.324138 0.697368
vt 0.287800 0.718421
vt 0.324138 0.718421
vt 0.287800 0.739474
vt 0.324138 0.739474
vt 0.287800 0.760526
vt 0.324138 0.760526
vt 0.287800 0.781579
vt 0.324138 0.781579
vt 0.287800 0.802632
vt 0.324138 0.802631
vt 0.287800 0.823684
vt 0.324138 0.823684
vt 0.375000 0.676316
vt 0.425862 0.676316
vt 0.375000 0.697368
vt 0.425862 0.697368
vt 0.375000 0.718421
vt 0.425862 0.718421
vt 0.375000 0.739474
vt 0.425862 0.739474
vt 0.375000 0.760526
vt 0.425862 0.760526
vt 0.375000 0.781579
vt 0.425862 0.781579
vt 0.375000 0.802631
vt 0.425862 0.802632
vt 0.375000 0.823684
vt 0.425862 0.823684
vt 0.462200 0.676316
vt 0.462200 0.697368
vt 0.462200 0.718421
vt 0.462200 0.739474
vt 0.462200 0.760526
vt 0.462200 0.781579
vt 0.462200 0.802631
vt 0.462200 0.823684
vt 0.537800 0.676316
vt 0.537800 0.697368
vt 0.537800 0.718421
vt 0.537800 0.739474
vt 0.537800 0.760526
vt 0.537800 0.781579
vt 0.537800 0.802631
vt 0.537800 0.823684
vt 0.574138 0.676316
vt 0.574138 0.697368
vt 0.574138 0.718421
vt 0.574138 0.739474
vt 0.574138 0.760526
vt 0.574138 0.781579
vt 0.574138 0.802632
vt 0.574138 0.823684
vt 0.625000 0.676316
vt 0.625000 0.697368
vt 0.625000 0.718421
vt 0.625000 0.739474
vt 0.625000 0.760526
vt 0.625000 0.781579
vt 0.625000 0.802632
vt 0.625000 0.823684
vt 0.675862 0.676316
vt 0.675862 0.697368
vt 0.675862 0.718421
vt 0.675862 0.739474
vt 0.675862 0.760526
vt 0.675862 0.781579
vt 0.675862 0.802631
vt 0.675862 0.823684
vt 0.712200 0.676316
vt 0.712200 0.697368
vt 0.712200 0.718421
vt 0.712200 0.739474
vt 0.712200 0.760526
vt 0.712200 0.781579
vt 0.712200 0.802632
vt 0.712200 0.823684
vt 0.287800 0.844737
vt 0.324138 0.844737
vt 0.287800 0.865790
vt 0.324138 0.865789
vt 0.287800 0.886842
vt 0.324138 0.886842
vt 0.287800 0.907895
vt 0.324138 0.907895
vt 0.287800 0.928947
vt 0.324138 0.928947
vt 0.287800 0.950000
vt 0.324138 0.950000
vt 0.287843 0.970998
vt 0.324162 0.970998
vt 0.287957 0.992115
vt 0.323177 0.991930
vt 0.375000 0.844737
vt 0.425862 0.844737
vt 0.375000 0.865789
vt 0.425862 0.865789
vt 0.375000 0.886842
vt 0.425862 0.886842
vt 0.375000 0.907895
vt 0.425862 0.907895
vt 0.375000 0.928947
vt 0.425862 0.928947
vt 0.375000 0.950000
vt 0.425862 0.950000
vt 0.375000 0.971022
vt 0.425788 0.970991
vt 0.374988 0.991915
vt 0.426052 0.991754
vt 0.462200 0.844737
vt 0.462200 0.865789
vt 0.462200 0.886842
vt 0.462200 0.907895
vt 0.462200 0.928947
vt 0.462200 0.950000
vt 0.462301 0.971028
vt 0.462049 0.991871
vt 0.537800 0.844737
vt 0.537800 0.865789
vt 0.537800 0.886842
vt 0.537800 0.907895
vt 0.537800 0.928947
vt 0.537807 0.950001
vt 0.538611 0.971204
vt 0.540834 0.992247
vt 0.574138 0.844737
vt 0.574138 0.865790
vt 0.574138 0.886842
vt 0.574138 0.907895
vt 0.574138 0.928947
vt 0.574386 0.950051
vt 0.576637 0.971749
vt 0.612997 0.996370
vt 0.625000 0.844737
vt 0.625000 0.865790
vt 0.625000 0.886842
vt 0.625000 0.907895
vt 0.625000 0.928947
vt 0.625263 0.950104
vt 0.622930 0.972163
vt 0.628515 0.991666
vt 0.675862 0.844737
vt 0.675862 0.865789
vt 0.675862 0.886842
vt 0.675862 0.907895
vt 0.675865 0.928948
vt 0.676316 0.950336
vt 0.676787 0.973857
vt 0.187655 0.699413
vt 0.378376 0.929130
vt 0.712200 0.844737
vt 0.712200 0.865789
vt 0.712200 0.886842
vt 0.712200 0.907895
vt 0.712202 0.928948
vt 0.712473 0.950401
vt 0.714977 0.974230
vt 0.190657 0.651121
vt 0.231460 0.714222
vt 0.379137 0.893010
vt 0.230582 0.654974
vt 0.477120 0.621565
vt 0.384322 0.602289
vt 0.563366 0.639319
vt 0.632444 0.652123
vt 0.314078 0.605647
vt 0.288095 0.590800
vt 0.352162 0.581463
vt 0.249338 0.610297
vt 0.704267 0.662583
vt 0.737657 0.680192
vt 0.440214 0.572717
vt 0.366651 0.558675
vt 0.526358 0.590529
vt 0.617694 0.609987
vt 0.648739 0.631045
vt 0.401498 0.148476
vt 0.378207 0.169557
vt 0.299491 0.548000
vt 0.701532 0.605682
vt 0.701271 0.626593
vt 0.379820 0.192537
vt 0.159603 0.064487
vt 0.491995 0.541130
vt 0.384857 0.522343
vt 0.580492 0.558671
vt 0.643659 0.568268
vt 0.273683 0.501394
vt 0.318970 0.522961
vt 0.702009 0.574062
vt 0.225576 0.134895
vt 0.381202 0.171650
vt 0.421088 0.206048
vt 0.550474 0.506806
vt 0.651767 0.515965
vt 0.467112 0.117140
vt 0.727850 0.507496
vt 0.501808 0.099613
vt 0.500299 0.074010
vt 0.394185 0.011317
vt 0.399136 0.079897
vt 0.418269 0.076724
vt 0.418701 0.995871
vt 0.442975 0.076405
vt 0.443728 0.996532
vt 0.465746 0.049671
vt 0.468583 0.994518
vt 0.490962 0.037359
vt 0.493469 0.991290
vt 0.515123 0.045350
vt 0.518582 0.989538
vt 0.543598 0.035722
vt 0.543727 0.989222
vt 0.568750 0.035471
vt 0.568750 0.989175
vt 0.520577 0.095761
vt 0.543341 0.094768
vt 0.568750 0.094685
vt 0.394191 0.963886
vt 0.418722 0.963473
vt 0.443746 0.963424
vt 0.468732 0.963388
vt 0.493734 0.963333
vt 0.518745 0.963298
vt 0.543750 0.963290
vt 0.568750 0.963290
vt 0.394496 0.928617
vt 0.418750 0.928571
vt 0.443750 0.928571
vt 0.468750 0.928571
vt 0.493750 0.928571
vt 0.518750 0.928571
vt 0.543750 0.928571
vt 0.568750 0.928571
vt 0.394543 0.892859
vt 0.418750 0.892857
vt 0.443750 0.892857
vt 0.468750 0.892857
vt 0.493750 0.892857
vt 0.518750 0.892857
vt 0.543750 0.892857
vt 0.568750 0.892857
vt 0.593164 0.035166
vt 0.593401 0.989021
vt 0.619438 0.030213
vt 0.617960 0.986382
vt 0.850344 0.713818
vt 0.851054 0.733790
vt 0.061091 0.323567
vt 0.071659 0.266619
vt 0.096527 0.281662
vt 0.103571 0.328307
vt 0.592772 0.094689
vt 0.618353 0.093853
vt 0.849723 0.654717
vt 0.023146 0.307413
vt 0.023942 0.252132
vt 0.019693 0.346981
vt 0.044616 0.356037
vt 0.593384 0.963313
vt 0.618035 0.963739
vt 0.835421 0.726254
vt 0.125000 0.302363
vt 0.125000 0.259812
vt 0.158810 0.281662
vt 0.147120 0.328307
vt 0.125000 0.358470
vt 0.816070 0.687476
vt 0.093488 0.213099
vt 0.284419 0.527882
vt 0.288162 0.668400
vt 0.322607 0.668298
vt 0.287792 0.778534
vt 0.323291 0.778611
vt 0.283649 0.897612
vt 0.331618 0.895048
vt 0.032292 0.201305
vt 0.189226 0.323567
vt 0.180022 0.266619
vt 0.593462 0.928448
vt 0.618091 0.928133
vt 0.390389 0.548603
vt 0.164618 0.213099
vt 0.370719 0.569408
vt 0.374300 0.671135
vt 0.425660 0.672573
vt 0.375000 0.777923
vt 0.426693 0.778622
vt 0.375000 0.896564
vt 0.418382 0.895048
vt 0.125000 0.183897
vt 0.230421 0.307413
vt 0.226417 0.252132
vt 0.231488 0.346981
vt 0.207348 0.356037
vt 0.593603 0.892779
vt 0.618310 0.892509
vt 0.460655 0.572572
vt 0.461396 0.674182
vt 0.462191 0.778570
vt 0.466351 0.897612
vt 0.227166 0.201304
vt 0.052650 0.466124
vt 0.054664 0.396857
vt 0.075937 0.422346
vt 0.078306 0.466367
vt 0.052302 0.533876
vt 0.077768 0.533633
vt 0.053760 0.603143
vt 0.075787 0.577654
vt 0.019187 0.397036
vt 0.017478 0.466621
vt 0.016882 0.533379
vt 0.017664 0.602964
vt 0.018512 0.653020
vt 0.042652 0.643963
vt 0.094476 0.398312
vt 0.125000 0.396277
vt 0.098256 0.466484
vt 0.125000 0.465939
vt 0.097400 0.533516
vt 0.125000 0.534061
vt 0.093052 0.601688
vt 0.125000 0.603724
vt 0.102878 0.671667
vt 0.125000 0.641530
vt 0.068709 0.374473
vt 0.068066 0.625528
vt 0.060780 0.676406
vt 0.070001 0.732594
vt 0.091137 0.717844
vt 0.019593 0.692466
vt 0.023417 0.745848
vt 0.156948 0.398312
vt 0.152600 0.466484
vt 0.174214 0.422346
vt 0.172232 0.466367
vt 0.151744 0.533516
vt 0.171694 0.533633
vt 0.155524 0.601688
vt 0.174063 0.577654
vt 0.146434 0.671667
vt 0.125000 0.697577
vt 0.125000 0.738940
vt 0.153443 0.717844
vt 0.084641 0.785182
vt 0.024036 0.797350
vt 0.034463 0.836913
vt 0.080946 0.826266
vt 0.197698 0.466124
vt 0.196240 0.396857
vt 0.197350 0.533876
vt 0.195336 0.603143
vt 0.181934 0.374472
vt 0.181291 0.625528
vt 0.188904 0.676406
vt 0.205384 0.643963
vt 0.178313 0.732594
vt 0.157631 0.785182
vt 0.125000 0.813567
vt 0.125000 0.849219
vt 0.166859 0.826266
vt 0.047495 0.889584
vt 0.232336 0.397036
vt 0.233118 0.466621
vt 0.232522 0.533379
vt 0.230813 0.602964
vt 0.230307 0.653020
vt 0.226857 0.692466
vt 0.225883 0.745848
vt 0.216009 0.797350
vt 0.214242 0.836913
vt 0.195267 0.889584
vt 0.111585 0.952441
vt 0.525834 0.307224
vt 0.574013 0.308223
vt 0.177182 0.501436
vt 0.593864 0.406136
vt 0.691254 0.308746
vt 0.691777 0.425987
vt 0.072818 0.501436
vt 0.692776 0.474166
vt 0.808746 0.308746
vt 0.808223 0.425987
vt 0.807224 0.474166
vt 0.925987 0.308223
vt 0.906136 0.406136
vt 0.927182 0.501436
vt 0.974166 0.307224
vt 0.822818 0.501436
vt 0.200006 0.970750
vt 0.200600 0.950371
vt 0.195846 0.995325
vt 0.127711 0.967611
vt 0.154670 0.946955
vt 0.135333 0.992624
vt 0.125520 0.323288
vt 0.108370 0.415126
vt 0.205877 0.319715
vt 0.316392 0.321592
vt 0.422681 0.325326
vt 0.044296 0.993541
vt 0.340307 0.448464
vt 0.866714 0.999110
vt 0.201043 0.922914
vt 0.140086 0.929159
vt 0.078211 0.940130
vt 0.201681 0.894220
vt 0.201255 0.873464
vt 0.117738 0.889938
vt 0.148673 0.869017
vt 0.026350 0.909482
vt 0.204267 0.837417
vt 0.237657 0.819808
vt 0.132431 0.847894
vt 0.063383 0.860708
vt 0.977177 0.878453
vt 0.203993 0.799638
vt 0.174296 0.815301
vt 0.109763 0.811375
vt 0.143651 0.791586
vt 0.013201 0.829758
vt 0.926004 0.847515
vt 0.195935 0.757705
vt 0.222834 0.741855
vt 0.125227 0.766680
vt 0.049750 0.781026
vt 0.963967 0.798772
vt 0.875636 0.819023
vt 0.195470 0.720028
vt 0.161265 0.737511
vt 0.804530 0.779971
vt 0.798851 0.815995
vt 0.101669 0.732849
vt 0.139142 0.714096
vt 0.000000 0.750000
vt 0.898331 0.767151
vt 0.860858 0.785904
vt 0.838734 0.762489
vt 0.201149 0.684005
vt 0.200995 0.663188
vt 0.804065 0.742295
vt 0.777166 0.758145
vt 0.124364 0.680977
vt 0.153063 0.659504
vt 0.036033 0.701228
vt 0.950250 0.718975
vt 0.874773 0.733320
vt 0.211536 0.629212
vt 0.250662 0.610297
vt 0.796007 0.700362
vt 0.137937 0.640772
vt 0.073996 0.652485
vt 0.986799 0.670242
vt 0.890238 0.688625
vt 0.856349 0.708414
vt 0.825704 0.684699
vt 0.801978 0.985039
vt 0.989958 0.957295
vt 0.890854 0.975261
vt 0.859794 0.992434
vt 0.830091 0.971792
vt 0.798154 0.950356
vt 0.766908 0.966938
vt 0.940381 0.927225
vt 0.869589 0.940466
vt 0.788556 0.908728
vt 0.884397 0.897694
vt 0.852882 0.918259
vt 0.814152 0.894314
vt 0.788472 0.870773
vt 0.749362 0.889599
vt 0.862063 0.859228
vt 0.799005 0.836812
vt 0.846938 0.840496
vt 0.211245 0.508295
vt 0.212092 0.529031
vt 0.212200 0.550000
vt 0.212200 0.571053
vt 0.212200 0.592105
vt 0.212200 0.613158
vt 0.212200 0.634211
vt 0.212200 0.655263
vt 0.176254 0.508397
vt 0.175769 0.529012
vt 0.175862 0.550000
vt 0.175862 0.571053
vt 0.175862 0.592105
vt 0.175862 0.613158
vt 0.175862 0.634210
vt 0.175862 0.655263
vt 0.125000 0.508219
vt 0.125000 0.528978
vt 0.125000 0.550000
vt 0.125000 0.571053
vt 0.125000 0.592105
vt 0.125000 0.613158
vt 0.125000 0.634210
vt 0.125000 0.655263
vt 0.073746 0.508397
vt 0.074231 0.529012
vt 0.074138 0.550000
vt 0.074138 0.571053
vt 0.074138 0.592105
vt 0.074138 0.613158
vt 0.074138 0.634211
vt 0.074138 0.655263
vt 0.038755 0.508295
vt 0.037908 0.529031
vt 0.037800 0.550000
vt 0.037800 0.571053
vt 0.037800 0.592105
vt 0.037800 0.613158
vt 0.037800 0.634211
vt 0.037800 0.655263
vt 0.961245 0.508295
vt 0.962092 0.529031
vt 0.962200 0.550000
vt 0.962200 0.571053
vt 0.962200 0.592105
vt 0.962200 0.613158
vt 0.962200 0.634211
vt 0.962200 0.655263
vt 0.926254 0.508397
vt 0.875000 0.508219
vt 0.925769 0.529012
vt 0.875000 0.528978
vt 0.925862 0.550000
vt 0.875000 0.550000
vt 0.925862 0.571053
vt 0.875000 0.571053
vt 0.925862 0.592105
vt 0.875000 0.592105
vt 0.925862 0.613158
vt 0.875000 0.613158
vt 0.925862 0.634210
vt 0.875000 0.634211
vt 0.925862 0.655263
vt 0.875000 0.655263
vt 0.788755 0.508295
vt 0.787908 0.529031
vt 0.787800 0.550000
vt 0.787800 0.571053
vt 0.787800 0.592105
vt 0.787800 0.613158
vt 0.787800 0.634210
vt 0.787800 0.655263
vt 0.823746 0.508397
vt 0.824231 0.529012
vt 0.824138 0.550000
vt 0.824138 0.571053
vt 0.824137 0.592105
vt 0.824138 0.613158
vt 0.824138 0.634210
vt 0.824138 0.655263
vt 0.212200 0.676316
vt 0.212200 0.697368
vt 0.212200 0.718421
vt 0.212200 0.739474
vt 0.212200 0.760526
vt 0.212200 0.781579
vt 0.212200 0.802632
vt 0.212200 0.823684
vt 0.175862 0.676316
vt 0.175862 0.697368
vt 0.175862 0.718421
vt 0.175862 0.739474
vt 0.175862 0.760526
vt 0.175862 0.781579
vt 0.175862 0.802631
vt 0.175862 0.823684
vt 0.125000 0.676316
vt 0.125000 0.697368
vt 0.125000 0.718421
vt 0.125000 0.739474
vt 0.125000 0.760526
vt 0.125000 0.781579
vt 0.125000 0.802632
vt 0.125000 0.823684
vt 0.074138 0.676316
vt 0.074138 0.697368
vt 0.074138 0.718421
vt 0.074138 0.739474
vt 0.074138 0.760526
vt 0.074138 0.781579
vt 0.074138 0.802632
vt 0.074138 0.823684
vt 0.037800 0.676316
vt 0.037800 0.697368
vt 0.037800 0.718421
vt 0.037800 0.739474
vt 0.037800 0.760526
vt 0.037800 0.781579
vt 0.037800 0.802631
vt 0.037800 0.823684
vt 0.962200 0.676316
vt 0.962200 0.697368
vt 0.962200 0.718421
vt 0.962200 0.739474
vt 0.962200 0.760526
vt 0.962200 0.781579
vt 0.962200 0.802631
vt 0.962200 0.823684
vt 0.925862 0.676316
vt 0.875000 0.676316
vt 0.925862 0.697368
vt 0.875000 0.697368
vt 0.925862 0.718421
vt 0.875000 0.718421
vt 0.925862 0.739474
vt 0.875000 0.739474
vt 0.925862 0.760526
vt 0.875000 0.760526
vt 0.925862 0.781579
vt 0.875000 0.781579
vt 0.925862 0.802632
vt 0.875000 0.802631
vt 0.925862 0.823684
vt 0.875000 0.823684
vt 0.787800 0.676316
vt 0.787800 0.697369
vt 0.787800 0.718421
vt 0.787800 0.739474
vt 0.787800 0.760526
vt 0.787800 0.781579
vt 0.787800 0.802632
vt 0.787800 0.823684
vt 0.824138 0.676316
vt 0.824138 0.697368
vt 0.824138 0.718421
vt 0.824138 0.739474
vt 0.824138 0.760526
vt 0.824138 0.781579
vt 0.824138 0.802631
vt 0.824138 0.823684
vt 0.212200 0.844737
vt 0.212200 0.865789
vt 0.212200 0.886842
vt 0.212200 0.907895
vt 0.212200 0.928947
vt 0.212200 0.950000
vt 0.212157 0.970998
vt 0.212043 0.992116
vt 0.175862 0.844737
vt 0.175862 0.865789
vt 0.175862 0.886842
vt 0.175862 0.907895
vt 0.175862 0.928947
vt 0.175862 0.950000
vt 0.175838 0.970998
vt 0.176823 0.991930
vt 0.125000 0.844737
vt 0.125000 0.865790
vt 0.125000 0.886842
vt 0.125000 0.907895
vt 0.125000 0.928947
vt 0.125000 0.950000
vt 0.125000 0.971022
vt 0.125012 0.991915
vt 0.074138 0.844737
vt 0.074138 0.865790
vt 0.074138 0.886842
vt 0.074138 0.907895
vt 0.074138 0.928947
vt 0.074138 0.950000
vt 0.074212 0.970991
vt 0.073948 0.991754
vt 0.037800 0.844737
vt 0.037800 0.865789
vt 0.037800 0.886842
vt 0.037800 0.907895
vt 0.037800 0.928947
vt 0.037800 0.950000
vt 0.037698 0.971028
vt 0.037951 0.991871
vt 0.962200 0.844737
vt 0.962200 0.865789
vt 0.962200 0.886842
vt 0.962200 0.907895
vt 0.962200 0.928947
vt 0.962192 0.950001
vt 0.961389 0.971204
vt 0.959166 0.992247
vt 0.925862 0.844737
vt 0.875000 0.844737
vt 0.925862 0.865789
vt 0.875000 0.865789
vt 0.925862 0.886842
vt 0.875000 0.886842
vt 0.925862 0.907895
vt 0.875000 0.907895
vt 0.925862 0.928947
vt 0.875000 0.928947
vt 0.925614 0.950051
vt 0.874737 0.950104
vt 0.923363 0.971749
vt 0.877070 0.972163
vt 0.887003 0.996370
vt 0.871485 0.991666
vt 0.787800 0.844737
vt 0.787800 0.865790
vt 0.787800 0.886842
vt 0.787800 0.907895
vt 0.787798 0.928948
vt 0.787527 0.950401
vt 0.785023 0.974230
vt 0.190657 0.598879
vt 0.824138 0.844737
vt 0.824138 0.865789
vt 0.824138 0.886842
vt 0.824138 0.907895
vt 0.824135 0.928948
vt 0.823684 0.950336
vt 0.823213 0.973857
vt 0.187655 0.550587
vt 0.378376 0.320870
vt 0.230582 0.595026
vt 0.231460 0.535778
vt 0.379137 0.356990
vt 0.211906 0.590800
vt 0.185922 0.605647
vt 0.795733 0.662583
vt 0.762343 0.680192
vt 0.115678 0.602289
vt 0.147838 0.581463
vt 0.022880 0.621565
vt 0.936635 0.639319
vt 0.867556 0.652123
vt 0.401498 0.101524
vt 0.200509 0.548000
vt 0.798468 0.605682
vt 0.798729 0.626593
vt 0.378207 0.080443
vt 0.133349 0.558675
vt 0.059786 0.572717
vt 0.973642 0.590529
vt 0.882306 0.609987
vt 0.851262 0.631045
vt 0.181030 0.522961
vt 0.226317 0.501394
vt 0.797991 0.574062
vt 0.379820 0.057463
vt 0.115144 0.522343
vt 0.008005 0.541130
vt 0.919508 0.558671
vt 0.856341 0.568268
vt 0.159603 0.435513
vt 0.772151 0.507496
vt 0.501808 0.150387
vt 0.421088 0.043952
vt 0.381202 0.078351
vt 0.949526 0.506806
vt 0.848233 0.515965
vt 0.467112 0.132860
vt 0.500299 0.175990
vt 0.225576 0.365105
vt 0.520577 0.154239
vt 0.543341 0.155232
vt 0.568750 0.155315
vt 0.418269 0.173276
vt 0.399136 0.170103
vt 0.442975 0.173595
vt 0.465746 0.200329
vt 0.490962 0.212641
vt 0.515122 0.204650
vt 0.543598 0.214278
vt 0.568750 0.214529
vt 0.394185 0.238683
vt 0.418701 0.254129
vt 0.443728 0.253468
vt 0.468583 0.255482
vt 0.493469 0.258710
vt 0.518582 0.260462
vt 0.543727 0.260778
vt 0.568750 0.260826
vt 0.394190 0.286114
vt 0.418722 0.286527
vt 0.443746 0.286576
vt 0.468732 0.286612
vt 0.493734 0.286667
vt 0.518745 0.286702
vt 0.543750 0.286710
vt 0.568750 0.286710
vt 0.394496 0.321383
vt 0.418750 0.321429
vt 0.443750 0.321429
vt 0.468750 0.321429
vt 0.493750 0.321429
vt 0.518750 0.321429
vt 0.543750 0.321429
vt 0.568750 0.321429
vt 0.394543 0.357141
vt 0.418750 0.357143
vt 0.443750 0.357143
vt 0.468750 0.357143
vt 0.493750 0.357143
vt 0.518750 0.357143
vt 0.543750 0.357143
vt 0.568750 0.357143
vt 0.592772 0.155311
vt 0.618353 0.156147
vt 0.849723 0.595283
vt 0.980421 0.307413
vt 0.976417 0.252132
vt 0.981488 0.346981
vt 0.593164 0.214834
vt 0.619437 0.219787
vt 0.850344 0.536182
vt 0.939226 0.323567
vt 0.930022 0.266619
vt 0.957348 0.356037
vt 0.593401 0.260979
vt 0.617960 0.263618
vt 0.851054 0.516210
vt 0.897120 0.328307
vt 0.908810 0.281662
vt 0.215582 0.527882
vt 0.211838 0.668400
vt 0.212208 0.778534
vt 0.216351 0.897612
vt 0.977166 0.201305
vt 0.816070 0.562524
vt 0.177393 0.668298
vt 0.176710 0.778611
vt 0.168382 0.895048
vt 0.914618 0.213099
vt 0.593384 0.286687
vt 0.618035 0.286261
vt 0.835421 0.523747
vt 0.875000 0.259812
vt 0.875000 0.302363
vt 0.853571 0.328307
vt 0.846527 0.281662
vt 0.875000 0.358470
vt 0.125700 0.671135
vt 0.129281 0.569408
vt 0.125000 0.777923
vt 0.125000 0.896564
vt 0.875000 0.183897
vt 0.593462 0.321552
vt 0.618091 0.321867
vt 0.109611 0.548603
vt 0.074340 0.672573
vt 0.073307 0.778622
vt 0.081618 0.895048
vt 0.843488 0.213099
vt 0.821659 0.266619
vt 0.811091 0.323567
vt 0.593603 0.357221
vt 0.618310 0.357491
vt 0.039345 0.572572
vt 0.038604 0.674182
vt 0.037809 0.778570
vt 0.033649 0.897612
vt 0.782292 0.201305
vt 0.773942 0.252132
vt 0.773146 0.307413
vt 0.794616 0.356037
vt 0.769693 0.346981
vt 0.982336 0.397036
vt 0.983118 0.466621
vt 0.982522 0.533379
vt 0.980813 0.602964
vt 0.980307 0.653020
vt 0.946240 0.396857
vt 0.947698 0.466124
vt 0.947350 0.533876
vt 0.945336 0.603143
vt 0.955384 0.643963
vt 0.922232 0.466367
vt 0.924213 0.422346
vt 0.921694 0.533633
vt 0.924063 0.577654
vt 0.976857 0.692466
vt 0.975883 0.745848
vt 0.931934 0.374472
vt 0.938904 0.676406
vt 0.931291 0.625528
vt 0.928313 0.732594
vt 0.906948 0.398312
vt 0.902600 0.466484
vt 0.901744 0.533516
vt 0.905524 0.601688
vt 0.896434 0.671667
vt 0.903443 0.717844
vt 0.875000 0.396277
vt 0.875000 0.465939
vt 0.875000 0.534061
vt 0.875000 0.603724
vt 0.875000 0.641530
vt 0.966009 0.797350
vt 0.964242 0.836913
vt 0.907631 0.785182
vt 0.916859 0.826266
vt 0.875000 0.738940
vt 0.875000 0.697577
vt 0.844476 0.398312
vt 0.848256 0.466484
vt 0.847400 0.533516
vt 0.843052 0.601688
vt 0.852878 0.671667
vt 0.841137 0.717844
vt 0.828306 0.466367
vt 0.825937 0.422346
vt 0.827768 0.533633
vt 0.825786 0.577654
vt 0.945267 0.889584
vt 0.875000 0.849219
vt 0.875000 0.813567
vt 0.834641 0.785182
vt 0.830945 0.826266
vt 0.818708 0.374473
vt 0.810780 0.676406
vt 0.818066 0.625528
vt 0.820001 0.732594
vt 0.804663 0.396857
vt 0.802649 0.466124
vt 0.802302 0.533876
vt 0.803760 0.603143
vt 0.792652 0.643963
vt 0.888415 0.952441
vt 0.797495 0.889584
vt 0.784463 0.836913
vt 0.774036 0.797349
vt 0.773417 0.745848
vt 0.769593 0.692466
vt 0.769187 0.397036
vt 0.767478 0.466621
vt 0.766882 0.533379
vt 0.767664 0.602964
vt 0.768512 0.653019
vt 0.593864 0.093864
vt 0.322818 0.501436
vt 0.427182 0.501436
vt 0.906136 0.093864
vt 0.572818 0.501436
vt 0.974166 0.192776
vt 0.677182 0.501436
vt 0.324231 0.529012
vt 0.287800 0.571053
vt 0.287800 0.592105
vt 0.287800 0.655263
vt 0.375000 0.508219
vt 0.426254 0.508397
vt 0.375000 0.528978
vt 0.425769 0.529012
vt 0.375000 0.550000
vt 0.425862 0.550000
vt 0.375000 0.571053
vt 0.425862 0.571053
vt 0.375000 0.592105
vt 0.375000 0.613158
vt 0.375000 0.634211
vt 0.425862 0.634210
vt 0.375000 0.655263
vt 0.574231 0.529012
vt 0.574138 0.613158
vt 0.574138 0.655263
vt 0.625000 0.508219
vt 0.625000 0.528978
vt 0.625000 0.571053
vt 0.625000 0.592105
vt 0.625000 0.634210
vt 0.625000 0.655263
vt 0.676254 0.508397
vt 0.675862 0.655263
vt 0.712200 0.592105
vt 0.712200 0.613158
vt 0.712200 0.634211
vt 0.712200 0.655263
vt 0.287800 0.676316
vt 0.287800 0.697369
vt 0.287800 0.718421
vt 0.324138 0.718421
vt 0.287800 0.760526
vt 0.287800 0.781579
vt 0.375000 0.676316
vt 0.375000 0.718421
vt 0.375000 0.739474
vt 0.375000 0.760526
vt 0.425862 0.760526
vt 0.375000 0.781579
vt 0.375000 0.823684
vt 0.574138 0.697368
vt 0.574138 0.718421
vt 0.574138 0.739474
vt 0.574138 0.781579
vt 0.574138 0.823684
vt 0.625000 0.676316
vt 0.625000 0.697368
vt 0.625000 0.718421
vt 0.625000 0.760526
vt 0.625000 0.781579
vt 0.625000 0.823684
vt 0.712200 0.697368
vt 0.712200 0.718421
vt 0.712200 0.739474
vt 0.712200 0.760526
vt 0.712200 0.781579
vt 0.268540 0.714222
vt 0.379137 0.856990
vt 0.269419 0.654974
vt 0.312345 0.699413
vt 0.378376 0.820870
vt 0.287800 0.844737
vt 0.287800 0.886842
vt 0.287800 0.907895
vt 0.287798 0.928948
vt 0.324135 0.928948
vt 0.287527 0.950401
vt 0.323684 0.950336
vt 0.285023 0.974230
vt 0.323213 0.973857
vt 0.309343 0.651121
vt 0.375000 0.844737
vt 0.425862 0.844737
vt 0.375000 0.865789
vt 0.375000 0.907895
vt 0.425862 0.907895
vt 0.375000 0.928947
vt 0.425862 0.928947
vt 0.374737 0.950104
vt 0.425614 0.950051
vt 0.377070 0.972163
vt 0.423363 0.971749
vt 0.371485 0.991666
vt 0.387003 0.996370
vt 0.462193 0.950001
vt 0.461389 0.971204
vt 0.459166 0.992247
vt 0.537800 0.950000
vt 0.537698 0.971028
vt 0.537951 0.991871
vt 0.574138 0.844737
vt 0.574138 0.865790
vt 0.574138 0.886842
vt 0.574138 0.907895
vt 0.574138 0.950000
vt 0.574212 0.970991
vt 0.573948 0.991754
vt 0.625000 0.844737
vt 0.625000 0.907895
vt 0.625000 0.928947
vt 0.625000 0.950000
vt 0.625000 0.971022
vt 0.625012 0.991915
vt 0.675862 0.928947
vt 0.675862 0.950000
vt 0.675838 0.970998
vt 0.676823 0.991930
vt 0.712200 0.928947
vt 0.712200 0.950000
vt 0.712157 0.970998
vt 0.712043 0.992115
vt 0.394543 0.857141
vt 0.418750 0.857143
vt 0.443750 0.857143
vt 0.468750 0.857143
vt 0.493750 0.857143
vt 0.518750 0.857143
vt 0.543750 0.857143
vt 0.568750 0.857143
vt 0.394496 0.821383
vt 0.418750 0.821429
vt 0.443750 0.821429
vt 0.468750 0.821429
vt 0.493750 0.821429
vt 0.518750 0.821429
vt 0.543750 0.821429
vt 0.568750 0.821429
vt 0.394190 0.786114
vt 0.418722 0.786527
vt 0.443746 0.786576
vt 0.468732 0.786612
vt 0.493734 0.786667
vt 0.518745 0.786702
vt 0.543750 0.786710
vt 0.568750 0.786710
vt 0.394185 0.738683
vt 0.418701 0.754129
vt 0.443728 0.753468
vt 0.468583 0.755482
vt 0.493469 0.758710
vt 0.518582 0.760462
vt 0.543727 0.760778
vt 0.568750 0.760826
vt 0.399136 0.670103
vt 0.418269 0.673276
vt 0.442975 0.673595
vt 0.465746 0.700329
vt 0.490962 0.712641
vt 0.515122 0.704650
vt 0.543598 0.714278
vt 0.568750 0.714529
vt 0.520577 0.654239
vt 0.543341 0.655232
vt 0.568750 0.655315
vt 0.274424 0.134895
vt 0.381202 0.578350
vt 0.421088 0.543952
vt 0.449526 0.506806
vt 0.348233 0.515965
vt 0.467112 0.632860
vt 0.500299 0.675990
vt 0.272151 0.507496
vt 0.501808 0.650387
vt 0.340397 0.064487
vt 0.379820 0.557463
vt 0.615144 0.522343
vt 0.508005 0.541130
vt 0.419508 0.558671
vt 0.356341 0.568268
vt 0.726317 0.501394
vt 0.681030 0.522961
vt 0.297991 0.574062
vt 0.378207 0.580443
vt 0.559786 0.572717
vt 0.633349 0.558675
vt 0.473642 0.590529
vt 0.382306 0.609987
vt 0.401498 0.601524
vt 0.700509 0.548000
vt 0.298468 0.605682
vt 0.298729 0.626593
vt 0.351262 0.631045
vt 0.615678 0.602289
vt 0.647838 0.581463
vt 0.522880 0.621565
vt 0.436635 0.639319
vt 0.367556 0.652123
vt 0.711906 0.590800
vt 0.685922 0.605647
vt 0.295733 0.662583
vt 0.273146 0.307413
vt 0.273942 0.252132
vt 0.269693 0.346981
vt 0.593603 0.857221
vt 0.618310 0.857491
vt 0.539345 0.572572
vt 0.538604 0.674182
vt 0.537809 0.778570
vt 0.533649 0.897612
vt 0.282292 0.201304
vt 0.311091 0.323567
vt 0.321659 0.266619
vt 0.294616 0.356037
vt 0.593462 0.821552
vt 0.618091 0.821867
vt 0.609611 0.548603
vt 0.574340 0.672573
vt 0.573308 0.778622
vt 0.581618 0.895048
vt 0.343488 0.213099
vt 0.629281 0.569408
vt 0.625700 0.671135
vt 0.625000 0.777923
vt 0.625000 0.896564
vt 0.375000 0.183896
vt 0.353571 0.328307
vt 0.346527 0.281662
vt 0.593384 0.786687
vt 0.618035 0.786261
vt 0.664579 0.726253
vt 0.375000 0.259812
vt 0.375000 0.302363
vt 0.683930 0.687476
vt 0.677393 0.668298
vt 0.676710 0.778611
vt 0.668382 0.895048
vt 0.414618 0.213099
vt 0.715582 0.527882
vt 0.711838 0.668400
vt 0.712208 0.778534
vt 0.716351 0.897612
vt 0.477166 0.201305
vt 0.593401 0.760979
vt 0.617960 0.763618
vt 0.648946 0.733790
vt 0.397120 0.328307
vt 0.408810 0.281662
vt 0.375000 0.358470
vt 0.593164 0.714834
vt 0.619437 0.719787
vt 0.649656 0.713818
vt 0.430022 0.266619
vt 0.439226 0.323567
vt 0.592772 0.655311
vt 0.618353 0.656147
vt 0.650277 0.654717
vt 0.476417 0.252132
vt 0.480421 0.307413
vt 0.481488 0.346981
vt 0.457348 0.356037
vt 0.269187 0.397036
vt 0.267478 0.466621
vt 0.266882 0.533379
vt 0.267664 0.602964
vt 0.268512 0.653020
vt 0.269593 0.692466
vt 0.273417 0.745848
vt 0.274036 0.797350
vt 0.284463 0.836913
vt 0.297495 0.889584
vt 0.388415 0.952441
vt 0.304664 0.396857
vt 0.302650 0.466124
vt 0.302302 0.533876
vt 0.303760 0.603143
vt 0.292652 0.643963
vt 0.318709 0.374473
vt 0.318066 0.625528
vt 0.310780 0.676406
vt 0.320001 0.732594
vt 0.334641 0.785182
vt 0.330945 0.826266
vt 0.375000 0.813567
vt 0.375000 0.849219
vt 0.445267 0.889584
vt 0.328306 0.466367
vt 0.325937 0.422346
vt 0.327768 0.533633
vt 0.325787 0.577654
vt 0.344476 0.398312
vt 0.348256 0.466484
vt 0.347400 0.533516
vt 0.343052 0.601688
vt 0.352878 0.671667
vt 0.341137 0.717844
vt 0.375000 0.697577
vt 0.375000 0.738941
vt 0.407631 0.785182
vt 0.416859 0.826266
vt 0.466009 0.797350
vt 0.464242 0.836913
vt 0.375000 0.396277
vt 0.375000 0.465939
vt 0.375000 0.534061
vt 0.375000 0.603724
vt 0.375000 0.641530
vt 0.406948 0.398312
vt 0.402600 0.466484
vt 0.401744 0.533516
vt 0.405524 0.601688
vt 0.396434 0.671667
vt 0.403443 0.717844
vt 0.431933 0.374472
vt 0.431291 0.625528
vt 0.438904 0.676406
vt 0.428313 0.732594
vt 0.476857 0.692466
vt 0.475883 0.745848
vt 0.422232 0.466367
vt 0.424214 0.422346
vt 0.421694 0.533633
vt 0.424063 0.577654
vt 0.446240 0.396857
vt 0.447698 0.466124
vt 0.447350 0.533876
vt 0.445336 0.603143
vt 0.455384 0.643963
vt 0.482336 0.397036
vt 0.483118 0.466621
vt 0.482522 0.533379
vt 0.480813 0.602964
vt 0.480307 0.653020
vt 0.573996 0.652485
vt 0.637937 0.640772
vt 0.486799 0.670242
vt 0.390238 0.688625
vt 0.711536 0.629212
vt 0.750662 0.610297
vt 0.325704 0.684699
vt 0.296008 0.700362
vt 0.356349 0.708414
vt 0.262343 0.680192
vt 0.624364 0.680977
vt 0.653062 0.659505
vt 0.536033 0.701228
vt 0.450250 0.718975
vt 0.374774 0.733320
vt 0.700995 0.663188
vt 0.701149 0.684005
vt 0.304065 0.742295
vt 0.601669 0.732849
vt 0.639142 0.714096
vt 0.500000 0.750000
vt 0.398331 0.767151
vt 0.695470 0.720028
vt 0.661265 0.737511
vt 0.338734 0.762489
vt 0.304530 0.779971
vt 0.360858 0.785904
vt 0.277166 0.758145
vt 0.549750 0.781026
vt 0.625227 0.766680
vt 0.463967 0.798772
vt 0.375636 0.819023
vt 0.695935 0.757705
vt 0.722834 0.741855
vt 0.298851 0.815995
vt 0.609763 0.811375
vt 0.643651 0.791586
vt 0.513201 0.829758
vt 0.426004 0.847515
vt 0.703993 0.799638
vt 0.674296 0.815301
vt 0.563384 0.860708
vt 0.632432 0.847894
vt 0.477177 0.878453
vt 0.704267 0.837417
vt 0.737657 0.819808
vt 0.617738 0.889938
vt 0.648674 0.869017
vt 0.526350 0.909482
vt 0.701255 0.873464
vt 0.701681 0.894220
vt 0.578211 0.940130
vt 0.640087 0.929159
vt 0.701043 0.922914
vt 0.299005 0.836812
vt 0.346938 0.840496
vt 0.362063 0.859228
vt 0.288472 0.870773
vt 0.384397 0.897694
vt 0.314152 0.894314
vt 0.288556 0.908727
vt 0.352883 0.918259
vt 0.249362 0.889599
vt 0.440381 0.927225
vt 0.369589 0.940466
vt 0.298154 0.950356
vt 0.489959 0.957295
vt 0.390854 0.975261
vt 0.330092 0.971792
vt 0.301978 0.985039
vt 0.359794 0.992434
vt 0.266908 0.966938
vt 0.627711 0.967611
vt 0.654670 0.946955
vt 0.700600 0.950371
vt 0.700006 0.970750
vt 0.695846 0.995325
vt 0.635333 0.992624
vt 0.544296 0.993541
vt 0.159693 0.051536
vt 0.366714 0.999110
vt 0.294123 0.180285
vt 0.183608 0.178408
vt 0.077319 0.174674
vt 0.391630 0.084874
vt 0.374479 0.176712
vt 0.525834 0.307224
vt 0.177182 0.501436
vt 0.072818 0.501436
vt 0.906136 0.406136
vt 0.974166 0.307224
vt 0.822818 0.501436
vt 0.212200 0.592105
vt 0.212200 0.613158
vt 0.212200 0.634211
vt 0.176254 0.508397
vt 0.175769 0.529012
vt 0.125000 0.508219
vt 0.125000 0.528978
vt 0.125000 0.550000
vt 0.125000 0.571053
vt 0.125000 0.592105
vt 0.125000 0.613158
vt 0.125000 0.634210
vt 0.125000 0.655263
vt 0.073746 0.508397
vt 0.074231 0.529012
vt 0.074138 0.550000
vt 0.074138 0.592105
vt 0.074138 0.613158
vt 0.074138 0.634211
vt 0.074138 0.655263
vt 0.926254 0.508397
vt 0.875000 0.508219
vt 0.925769 0.529012
vt 0.875000 0.528978
vt 0.925862 0.550000
vt 0.875000 0.550000
vt 0.925862 0.571053
vt 0.875000 0.571053
vt 0.875000 0.592105
vt 0.875000 0.613158
vt 0.925862 0.634210
vt 0.925862 0.655263
vt 0.875000 0.655263
vt 0.787800 0.571053
vt 0.787800 0.592105
vt 0.787800 0.655263
vt 0.212200 0.697368
vt 0.212200 0.718421
vt 0.212200 0.739474
vt 0.212200 0.760526
vt 0.212200 0.781579
vt 0.175862 0.739474
vt 0.125000 0.676316
vt 0.125000 0.697368
vt 0.125000 0.718421
vt 0.125000 0.739474
vt 0.125000 0.760526
vt 0.125000 0.781579
vt 0.125000 0.823684
vt 0.074138 0.697368
vt 0.074138 0.718421
vt 0.074138 0.739474
vt 0.074138 0.760526
vt 0.074138 0.781579
vt 0.074138 0.802632
vt 0.074138 0.823684
vt 0.875000 0.676316
vt 0.875000 0.697368
vt 0.925862 0.718421
vt 0.875000 0.718421
vt 0.925862 0.739474
vt 0.875000 0.739474
vt 0.875000 0.760526
vt 0.925862 0.781579
vt 0.875000 0.781579
vt 0.925862 0.802632
vt 0.875000 0.802631
vt 0.875000 0.823684
vt 0.787800 0.676316
vt 0.787800 0.697368
vt 0.787800 0.718421
vt 0.787800 0.760526
vt 0.787800 0.781579
vt 0.269419 0.595026
vt 0.268540 0.535778
vt 0.379137 0.393010
vt 0.212200 0.844737
vt 0.212200 0.865789
vt 0.212202 0.928948
vt 0.212473 0.950401
vt 0.214977 0.974230
vt 0.309343 0.598879
vt 0.175862 0.865789
vt 0.175865 0.928948
vt 0.176316 0.950336
vt 0.176787 0.973857
vt 0.312345 0.550587
vt 0.378376 0.429130
vt 0.125000 0.844737
vt 0.125000 0.886842
vt 0.125000 0.907895
vt 0.125000 0.928947
vt 0.125263 0.950104
vt 0.122930 0.972163
vt 0.128515 0.991666
vt 0.074138 0.844737
vt 0.074138 0.865790
vt 0.074138 0.886842
vt 0.074138 0.907895
vt 0.074386 0.950051
vt 0.076637 0.971749
vt 0.112997 0.996370
vt 0.037807 0.950001
vt 0.038611 0.971204
vt 0.040834 0.992247
vt 0.962200 0.950000
vt 0.962301 0.971028
vt 0.962049 0.991871
vt 0.925862 0.844737
vt 0.875000 0.844737
vt 0.875000 0.865789
vt 0.875000 0.886842
vt 0.925862 0.907895
vt 0.875000 0.907895
vt 0.925862 0.928947
vt 0.875000 0.928947
vt 0.925862 0.950000
vt 0.875000 0.950000
vt 0.925788 0.970991
vt 0.875000 0.971022
vt 0.926052 0.991754
vt 0.874988 0.991915
vt 0.787800 0.844737
vt 0.787800 0.907895
vt 0.787800 0.928947
vt 0.787800 0.950000
vt 0.787843 0.970998
vt 0.787957 0.992115
vt 0.824138 0.928947
vt 0.824138 0.950000
vt 0.824162 0.970998
vt 0.823177 0.991930
vt 0.394543 0.392859
vt 0.418750 0.392857
vt 0.443750 0.392857
vt 0.468750 0.392857
vt 0.493750 0.392857
vt 0.518750 0.392857
vt 0.543750 0.392857
vt 0.568750 0.392857
vt 0.394496 0.428617
vt 0.418750 0.428571
vt 0.443750 0.428571
vt 0.468750 0.428571
vt 0.493750 0.428571
vt 0.518750 0.428571
vt 0.543750 0.428571
vt 0.568750 0.428571
vt 0.394191 0.463886
vt 0.418722 0.463473
vt 0.443746 0.463424
vt 0.468732 0.463388
vt 0.493734 0.463333
vt 0.518745 0.463298
vt 0.543750 0.463290
vt 0.568750 0.463290
vt 0.520577 0.595761
vt 0.543341 0.594768
vt 0.568750 0.594685
vt 0.515123 0.545350
vt 0.543598 0.535722
vt 0.568750 0.535471
vt 0.394185 0.511317
vt 0.418701 0.495871
vt 0.418269 0.576724
vt 0.399136 0.579897
vt 0.443728 0.496532
vt 0.442975 0.576405
vt 0.468583 0.494518
vt 0.465746 0.549671
vt 0.493469 0.491290
vt 0.490962 0.537359
vt 0.518582 0.489538
vt 0.543727 0.489222
vt 0.568750 0.489175
vt 0.227850 0.507496
vt 0.501808 0.599613
vt 0.421088 0.706048
vt 0.381202 0.671650
vt 0.050474 0.506806
vt 0.151767 0.515965
vt 0.467112 0.617140
vt 0.500299 0.574010
vt 0.274424 0.365105
vt 0.202009 0.574062
vt 0.379820 0.692537
vt 0.884856 0.522343
vt 0.818970 0.522961
vt 0.773683 0.501394
vt 0.991995 0.541130
vt 0.080492 0.558671
vt 0.143659 0.568268
vt 0.340397 0.435513
vt 0.401498 0.648476
vt 0.799491 0.548000
vt 0.201532 0.605682
vt 0.201271 0.626593
vt 0.378207 0.669557
vt 0.866651 0.558675
vt 0.940214 0.572717
vt 0.026358 0.590529
vt 0.117694 0.609987
vt 0.148739 0.631045
vt 0.788095 0.590800
vt 0.204267 0.662583
vt 0.237657 0.680192
vt 0.852162 0.581463
vt 0.884322 0.602289
vt 0.814078 0.605647
vt 0.977120 0.621565
vt 0.063366 0.639319
vt 0.132444 0.652123
vt 0.593603 0.392779
vt 0.618310 0.392509
vt 0.960655 0.572572
vt 0.961396 0.674182
vt 0.962191 0.778570
vt 0.966351 0.897612
vt 0.727166 0.201305
vt 0.726417 0.252132
vt 0.730421 0.307413
vt 0.731488 0.346981
vt 0.593462 0.428448
vt 0.618091 0.428133
vt 0.890389 0.548603
vt 0.925660 0.672573
vt 0.874300 0.671135
vt 0.870719 0.569408
vt 0.926693 0.778622
vt 0.875000 0.777923
vt 0.918382 0.895048
vt 0.875000 0.896564
vt 0.664618 0.213099
vt 0.625000 0.183897
vt 0.680022 0.266619
vt 0.689226 0.323567
vt 0.707348 0.356037
vt 0.784419 0.527882
vt 0.788162 0.668400
vt 0.787792 0.778534
vt 0.783649 0.897612
vt 0.532292 0.201305
vt 0.683930 0.562524
vt 0.822607 0.668298
vt 0.823291 0.778611
vt 0.831618 0.895048
vt 0.593488 0.213099
vt 0.593384 0.463313
vt 0.618035 0.463739
vt 0.664579 0.523747
vt 0.625000 0.259812
vt 0.658810 0.281662
vt 0.647120 0.328307
vt 0.625000 0.302363
vt 0.592772 0.594689
vt 0.618353 0.593853
vt 0.650277 0.595283
vt 0.523942 0.252132
vt 0.523146 0.307413
vt 0.593164 0.535166
vt 0.619438 0.530213
vt 0.649656 0.536182
vt 0.571659 0.266619
vt 0.561091 0.323567
vt 0.593401 0.489021
vt 0.617960 0.486382
vt 0.648946 0.516210
vt 0.596527 0.281662
vt 0.603571 0.328307
vt 0.625000 0.358470
vt 0.519693 0.346981
vt 0.544616 0.356037
vt 0.611584 0.952441
vt 0.695267 0.889584
vt 0.714242 0.836913
vt 0.716009 0.797349
vt 0.725883 0.745848
vt 0.726857 0.692466
vt 0.732336 0.397036
vt 0.733118 0.466621
vt 0.732522 0.533379
vt 0.730813 0.602964
vt 0.730307 0.653019
vt 0.547495 0.889584
vt 0.625000 0.849219
vt 0.657631 0.785182
vt 0.666859 0.826266
vt 0.625000 0.813567
vt 0.678313 0.732594
vt 0.688904 0.676406
vt 0.696240 0.396857
vt 0.681934 0.374472
vt 0.697698 0.466124
vt 0.697350 0.533876
vt 0.695336 0.603143
vt 0.705384 0.643963
vt 0.681291 0.625528
vt 0.524036 0.797350
vt 0.534463 0.836913
vt 0.584641 0.785182
vt 0.580946 0.826266
vt 0.625000 0.738941
vt 0.656948 0.398312
vt 0.646434 0.671667
vt 0.655524 0.601688
vt 0.653443 0.717844
vt 0.625000 0.697577
vt 0.674214 0.422346
vt 0.672232 0.466367
vt 0.652600 0.466484
vt 0.671694 0.533633
vt 0.651744 0.533516
vt 0.674063 0.577654
vt 0.519593 0.692466
vt 0.523417 0.745848
vt 0.560780 0.676406
vt 0.570001 0.732594
vt 0.594476 0.398312
vt 0.568709 0.374472
vt 0.593052 0.601688
vt 0.602878 0.671667
vt 0.568066 0.625528
vt 0.591137 0.717844
vt 0.625000 0.396277
vt 0.625000 0.465939
vt 0.598256 0.466484
vt 0.625000 0.534061
vt 0.597400 0.533516
vt 0.625000 0.603724
vt 0.625000 0.641530
vt 0.519187 0.397036
vt 0.517478 0.466621
vt 0.516882 0.533379
vt 0.517664 0.602964
vt 0.518512 0.653020
vt 0.554664 0.396857
vt 0.552650 0.466124
vt 0.552302 0.533876
vt 0.553760 0.603143
vt 0.542652 0.643963
vt 0.575937 0.422346
vt 0.578306 0.466367
vt 0.577768 0.533633
vt 0.575786 0.577654
vt 0.749338 0.610297
vt 0.788464 0.629212
vt 0.203993 0.700362
vt 0.174297 0.684699
vt 0.862063 0.640772
vt 0.926004 0.652485
vt 0.013201 0.670242
vt 0.109763 0.688625
vt 0.143651 0.708414
vt 0.799005 0.663188
vt 0.798851 0.684005
vt 0.195935 0.742295
vt 0.222834 0.758145
vt 0.846938 0.659505
vt 0.875636 0.680977
vt 0.963967 0.701228
vt 0.049750 0.718975
vt 0.125227 0.733320
vt 0.804530 0.720028
vt 0.195470 0.779972
vt 0.161266 0.762489
vt 0.860858 0.714096
vt 0.898331 0.732849
vt 0.838735 0.737511
vt 0.000000 0.750000
vt 0.101669 0.767151
vt 0.139142 0.785904
vt 0.777166 0.741855
vt 0.804065 0.757705
vt 0.201149 0.815995
vt 0.874774 0.766680
vt 0.950250 0.781025
vt 0.036033 0.798772
vt 0.124364 0.819023
vt 0.796008 0.799638
vt 0.856349 0.791586
vt 0.890237 0.811375
vt 0.825704 0.815301
vt 0.986800 0.829758
vt 0.073996 0.847515
vt 0.762343 0.819808
vt 0.795733 0.837417
vt 0.867569 0.847894
vt 0.936617 0.860707
vt 0.022823 0.878453
vt 0.798745 0.873464
vt 0.798319 0.894220
vt 0.851327 0.869017
vt 0.882262 0.889938
vt 0.973650 0.909482
vt 0.798957 0.922914
vt 0.859914 0.929159
vt 0.921789 0.940130
vt 0.200995 0.836812
vt 0.153063 0.840495
vt 0.211528 0.870773
vt 0.250638 0.889599
vt 0.137937 0.859228
vt 0.211444 0.908728
vt 0.185848 0.894314
vt 0.115603 0.897694
vt 0.147118 0.918259
vt 0.201847 0.950356
vt 0.233092 0.966938
vt 0.059619 0.927225
vt 0.130411 0.940466
vt 0.198022 0.985039
vt 0.169909 0.971792
vt 0.010042 0.957295
vt 0.109146 0.975261
vt 0.140206 0.992434
vt 0.799400 0.950371
vt 0.799994 0.970750
vt 0.845330 0.946955
vt 0.872290 0.967611
vt 0.804154 0.995325
vt 0.864667 0.992624
vt 0.294123 0.319715
vt 0.183608 0.321592
vt 0.077319 0.325326
vt 0.955704 0.993541
vt 0.159693 0.448464
vt 0.133287 0.999110
vt 0.374480 0.323288
vt 0.391630 0.415126
s 0
f 2/1/1 5/2/1 4/3/1 1/4/1
f 4/3/2 7/5/2 6/6/2 3/7/2
f 5/2/3 8/8/3 7/5/3 4/3/3
f 7/5/3 10/9/3 9/10/3 6/6/3
f 8/8/3 11/11/3 10/9/3 7/5/3
f 10/9/4 13/12/4 12/13/4 9/10/4
f 11/11/3 14/14/3 13/12/3 10/9/3
f 14/14/5 16/15/5 15/16/5 13/12/5
f 22/17/6 21/18/6 19/19/6 20/20/6
f 18/21/7 22/17/7 20/20/7 17/22/7
f 24/23/8 18/21/8 17/22/8 23/24/8
f 25/25/9 23/24/9 17/22/9 20/20/9
f 28/26/10 24/23/10 23/24/10 25/25/10
f 29/27/11 28/26/11 25/25/11 26/28/11
f 30/29/12 29/27/12 26/28/12 27/30/12
f 32/31/13 20/20/13 19/19/13 31/32/13
f 21/18/14 33/33/14 31/32/14 19/19/14
f 36/34/15 32/31/15 31/32/15 35/35/15
f 38/36/16 37/37/16 34/38/16 35/35/16
f 33/33/17 38/36/17 35/35/17 31/32/17
f 40/39/18 35/35/18 34/38/18 39/40/18
f 41/41/19 36/34/19 35/35/19 40/39/19
f 37/37/20 43/42/20 39/40/20 34/38/20
f 46/43/21 40/39/21 39/40/21 45/44/21
f 47/45/22 41/41/22 40/39/22 46/43/22
f 49/46/23 48/47/23 44/48/23 45/44/23
f 49/46/24 43/42/24 42/49/24 48/47/24
f 43/42/25 49/46/25 45/44/25 39/40/25
f 51/50/26 45/44/26 44/48/26 50/51/26
f 52/52/27 46/43/27 45/44/27 51/50/27
f 53/53/28 47/45/28 46/43/28 52/52/28
f 48/47/29 55/54/29 50/51/29 44/48/29
f 59/55/30 51/50/30 50/51/30 58/56/30
f 60/57/31 52/52/31 51/50/31 59/55/31
f 61/58/32 53/53/32 52/52/32 60/57/32
f 63/59/33 62/60/33 57/61/33 58/56/33
f 63/59/34 55/54/34 54/62/34 62/60/34
f 55/54/35 63/59/35 58/56/35 50/51/35
f 64/63/36 65/64/36 61/58/36 60/57/36
f 65/64/37 56/65/37 53/53/37 61/58/37
f 68/66/38 58/56/38 57/61/38 67/67/38
f 69/68/39 59/55/39 58/56/39 68/66/39
f 70/69/40 60/57/40 59/55/40 69/68/40
f 72/70/41 71/71/41 66/72/41 67/67/41
f 62/60/42 72/70/42 67/67/42 57/61/42
f 73/73/43 64/63/43 60/57/43 70/69/43
f 74/74/44 65/64/44 64/63/44 73/73/44
f 76/75/45 67/67/45 66/72/45 75/76/45
f 77/77/46 68/66/46 67/67/46 76/75/46
f 78/78/47 69/68/47 68/66/47 77/77/47
f 79/79/48 70/69/48 69/68/48 78/78/48
f 71/71/49 81/80/49 75/76/49 66/72/49
f 82/81/50 83/82/50 79/79/50 78/78/50
f 83/82/51 73/73/51 70/69/51 79/79/51
f 84/83/52 25/25/52 20/20/52 32/31/52
f 85/84/53 26/28/53 25/25/53 84/83/53
f 86/85/54 27/30/54 26/28/54 85/84/54
f 87/86/55 88/87/55 86/85/55 85/84/55
f 88/87/56 30/29/56 27/30/56 86/85/56
f 89/88/57 84/83/57 32/31/57 36/34/57
f 90/89/58 85/84/58 84/83/58 89/88/58
f 91/90/59 87/86/59 85/84/59 90/89/59
f 92/91/60 88/87/60 87/86/60 91/90/60
f 93/92/61 89/88/61 36/34/61 41/41/61
f 94/93/62 90/89/62 89/88/62 93/92/62
f 95/94/63 96/95/63 94/93/63 93/92/63
f 96/95/64 91/90/64 90/89/64 94/93/64
f 97/96/65 93/92/65 41/41/65 47/45/65
f 98/97/66 95/94/66 93/92/66 97/96/66
f 99/98/67 96/95/67 95/94/67 98/97/67
f 100/99/68 97/96/68 47/45/68 53/53/68
f 56/65/69 101/100/69 100/99/69 53/53/69
f 101/100/70 98/97/70 97/96/70 100/99/70
f 110/101/71 2/1/71 1/4/71 102/102/71
f 111/103/72 110/101/72 102/102/72 103/104/72
f 112/105/73 111/103/73 103/104/73 104/106/73
f 113/107/74 112/105/74 104/106/74 105/108/74
f 114/109/74 113/107/74 105/108/74 106/110/74
f 115/111/74 114/109/74 106/110/74 107/112/74
f 116/113/74 115/111/74 107/112/74 108/114/74
f 117/115/74 116/113/74 108/114/74 109/116/74
f 126/117/75 4/3/75 3/7/75 118/118/75
f 126/117/76 102/102/76 1/4/76 4/3/76
f 127/119/77 126/117/77 118/118/77 119/120/77
f 127/119/78 103/104/78 102/102/78 126/117/78
f 128/121/77 127/119/77 119/120/77 120/122/77
f 128/121/78 104/106/78 103/104/78 127/119/78
f 129/123/77 128/121/77 120/122/77 121/124/77
f 129/123/78 105/108/78 104/106/78 128/121/78
f 130/125/77 129/123/77 121/124/77 122/126/77
f 130/125/78 106/110/78 105/108/78 129/123/78
f 131/127/77 130/125/77 122/126/77 123/128/77
f 131/127/78 107/112/78 106/110/78 130/125/78
f 132/129/77 131/127/77 123/128/77 124/130/77
f 132/129/78 108/114/78 107/112/78 131/127/78
f 133/131/77 132/129/77 124/130/77 125/132/77
f 133/131/78 109/116/78 108/114/78 132/129/78
f 134/133/79 118/118/79 3/7/79 6/6/79
f 135/134/80 119/120/80 118/118/80 134/133/80
f 136/135/81 120/122/81 119/120/81 135/134/81
f 137/136/82 121/124/82 120/122/82 136/135/82
f 138/137/82 122/126/82 121/124/82 137/136/82
f 139/138/82 123/128/82 122/126/82 138/137/82
f 140/139/82 124/130/82 123/128/82 139/138/82
f 141/140/82 125/132/82 124/130/82 140/139/82
f 142/141/83 134/133/83 6/6/83 9/10/83
f 143/142/84 135/134/84 134/133/84 142/141/84
f 144/143/85 136/135/85 135/134/85 143/142/85
f 145/144/86 137/136/86 136/135/86 144/143/86
f 146/145/86 138/137/86 137/136/86 145/144/86
f 147/146/86 139/138/86 138/137/86 146/145/86
f 148/147/86 140/139/86 139/138/86 147/146/86
f 149/148/86 141/140/86 140/139/86 148/147/86
f 150/149/87 142/141/87 9/10/87 12/13/87
f 151/150/88 143/142/88 142/141/88 150/149/88
f 152/151/89 144/143/89 143/142/89 151/150/89
f 153/152/90 145/144/90 144/143/90 152/151/90
f 154/153/90 146/145/90 145/144/90 153/152/90
f 155/154/90 147/146/90 146/145/90 154/153/90
f 156/155/90 148/147/90 147/146/90 155/154/90
f 157/156/90 149/148/90 148/147/90 156/155/90
f 13/12/91 158/157/91 150/149/91 12/13/91
f 158/157/92 159/158/92 151/150/92 150/149/92
f 159/158/92 160/159/92 152/151/92 151/150/92
f 160/159/92 161/160/92 153/152/92 152/151/92
f 161/160/92 162/161/92 154/153/92 153/152/92
f 162/161/92 163/162/92 155/154/92 154/153/92
f 163/162/92 164/163/92 156/155/92 155/154/92
f 164/163/92 165/164/92 157/156/92 156/155/92
f 166/165/93 158/157/93 13/12/93 15/16/93
f 167/166/94 159/158/94 158/157/94 166/165/94
f 168/167/94 160/159/94 159/158/94 167/166/94
f 169/168/94 161/160/94 160/159/94 168/167/94
f 170/169/94 162/161/94 161/160/94 169/168/94
f 171/170/94 163/162/94 162/161/94 170/169/94
f 172/171/94 164/163/94 163/162/94 171/170/94
f 173/172/94 165/164/94 164/163/94 172/171/94
f 16/15/95 174/173/95 166/165/95 15/16/95
f 174/173/96 175/174/96 167/166/96 166/165/96
f 175/174/97 176/175/97 168/167/97 167/166/97
f 176/175/98 177/176/98 169/168/98 168/167/98
f 177/176/98 178/177/98 170/169/98 169/168/98
f 178/177/98 179/178/98 171/170/98 170/169/98
f 179/178/98 180/179/98 172/171/98 171/170/98
f 180/179/98 181/180/98 173/172/98 172/171/98
f 190/181/74 117/115/74 109/116/74 182/182/74
f 191/183/74 190/181/74 182/182/74 183/184/74
f 192/185/74 191/183/74 183/184/74 184/186/74
f 193/187/74 192/185/74 184/186/74 185/188/74
f 194/189/74 193/187/74 185/188/74 186/190/74
f 195/191/74 194/189/74 186/190/74 187/192/74
f 196/193/74 195/191/74 187/192/74 188/194/74
f 197/195/74 196/193/74 188/194/74 189/196/74
f 206/197/77 133/131/77 125/132/77 198/198/77
f 206/197/78 182/182/78 109/116/78 133/131/78
f 207/199/77 206/197/77 198/198/77 199/200/77
f 207/199/78 183/184/78 182/182/78 206/197/78
f 208/201/77 207/199/77 199/200/77 200/202/77
f 208/201/78 184/186/78 183/184/78 207/199/78
f 209/203/77 208/201/77 200/202/77 201/204/77
f 209/203/78 185/188/78 184/186/78 208/201/78
f 210/205/77 209/203/77 201/204/77 202/206/77
f 210/205/78 186/190/78 185/188/78 209/203/78
f 211/207/77 210/205/77 202/206/77 203/208/77
f 211/207/78 187/192/78 186/190/78 210/205/78
f 212/209/77 211/207/77 203/208/77 204/210/77
f 212/209/78 188/194/78 187/192/78 211/207/78
f 213/211/77 212/209/77 204/210/77 205/212/77
f 213/211/78 189/196/78 188/194/78 212/209/78
f 214/213/82 198/198/82 125/132/82 141/140/82
f 215/214/82 199/200/82 198/198/82 214/213/82
f 216/215/82 200/202/82 199/200/82 215/214/82
f 217/216/82 201/204/82 200/202/82 216/215/82
f 218/217/82 202/206/82 201/204/82 217/216/82
f 219/218/82 203/208/82 202/206/82 218/217/82
f 220/219/82 204/210/82 203/208/82 219/218/82
f 221/220/82 205/212/82 204/210/82 220/219/82
f 222/221/86 214/213/86 141/140/86 149/148/86
f 223/222/86 215/214/86 214/213/86 222/221/86
f 224/223/86 216/215/86 215/214/86 223/222/86
f 225/224/86 217/216/86 216/215/86 224/223/86
f 226/225/86 218/217/86 217/216/86 225/224/86
f 227/226/86 219/218/86 218/217/86 226/225/86
f 228/227/86 220/219/86 219/218/86 227/226/86
f 229/228/86 221/220/86 220/219/86 228/227/86
f 230/229/90 222/221/90 149/148/90 157/156/90
f 231/230/90 223/222/90 222/221/90 230/229/90
f 232/231/90 224/223/90 223/222/90 231/230/90
f 233/232/90 225/224/90 224/223/90 232/231/90
f 234/233/90 226/225/90 225/224/90 233/232/90
f 235/234/90 227/226/90 226/225/90 234/233/90
f 236/235/90 228/227/90 227/226/90 235/234/90
f 237/236/90 229/228/90 228/227/90 236/235/90
f 165/164/92 238/237/92 230/229/92 157/156/92
f 238/237/92 239/238/92 231/230/92 230/229/92
f 239/238/92 240/239/92 232/231/92 231/230/92
f 240/239/92 241/240/92 233/232/92 232/231/92
f 241/240/92 242/241/92 234/233/92 233/232/92
f 242/241/92 243/242/92 235/234/92 234/233/92
f 243/242/92 244/243/92 236/235/92 235/234/92
f 244/243/92 245/244/92 237/236/92 236/235/92
f 246/245/94 238/237/94 165/164/94 173/172/94
f 247/246/94 239/238/94 238/237/94 246/245/94
f 248/247/94 240/239/94 239/238/94 247/246/94
f 249/248/94 241/240/94 240/239/94 248/247/94
f 250/249/94 242/241/94 241/240/94 249/248/94
f 251/250/94 243/242/94 242/241/94 250/249/94
f 252/251/94 244/243/94 243/242/94 251/250/94
f 253/252/94 245/244/94 244/243/94 252/251/94
f 181/180/98 254/253/98 246/245/98 173/172/98
f 254/253/98 255/254/98 247/246/98 246/245/98
f 255/254/98 256/255/98 248/247/98 247/246/98
f 256/255/98 257/256/98 249/248/98 248/247/98
f 257/256/98 258/257/98 250/249/98 249/248/98
f 258/257/98 259/258/98 251/250/98 250/249/98
f 259/258/98 260/259/98 252/251/98 251/250/98
f 260/259/98 261/260/98 253/252/98 252/251/98
f 270/261/74 197/195/74 189/196/74 262/262/74
f 271/263/74 270/261/74 262/262/74 263/264/74
f 272/265/74 271/263/74 263/264/74 264/266/74
f 273/267/74 272/265/74 264/266/74 265/268/74
f 274/269/74 273/267/74 265/268/74 266/270/74
f 275/271/74 274/269/74 266/270/74 267/272/74
f 276/273/99 275/271/99 267/272/99 268/274/99
f 277/275/100 276/273/100 268/274/100 269/276/100
f 286/277/77 213/211/77 205/212/77 278/278/77
f 286/277/78 262/262/78 189/196/78 213/211/78
f 287/279/77 286/277/77 278/278/77 279/280/77
f 287/279/78 263/264/78 262/262/78 286/277/78
f 288/281/77 287/279/77 279/280/77 280/282/77
f 288/281/78 264/266/78 263/264/78 287/279/78
f 289/283/77 288/281/77 280/282/77 281/284/77
f 289/283/78 265/268/78 264/266/78 288/281/78
f 290/285/77 289/283/77 281/284/77 282/286/77
f 290/285/78 266/270/78 265/268/78 289/283/78
f 291/287/77 290/285/77 282/286/77 283/288/77
f 291/287/78 267/272/78 266/270/78 290/285/78
f 292/289/77 291/287/77 283/288/77 284/290/77
f 292/289/78 268/274/78 267/272/78 291/287/78
f 293/291/101 292/289/101 284/290/101 285/292/101
f 293/291/78 269/276/78 268/274/78 292/289/78
f 294/293/82 278/278/82 205/212/82 221/220/82
f 295/294/82 279/280/82 278/278/82 294/293/82
f 296/295/82 280/282/82 279/280/82 295/294/82
f 297/296/82 281/284/82 280/282/82 296/295/82
f 298/297/82 282/286/82 281/284/82 297/296/82
f 299/298/82 283/288/82 282/286/82 298/297/82
f 300/299/102 284/290/102 283/288/102 299/298/102
f 301/300/103 285/292/103 284/290/103 300/299/103
f 302/301/86 294/293/86 221/220/86 229/228/86
f 303/302/86 295/294/86 294/293/86 302/301/86
f 304/303/86 296/295/86 295/294/86 303/302/86
f 305/304/86 297/296/86 296/295/86 304/303/86
f 306/305/86 298/297/86 297/296/86 305/304/86
f 307/306/86 299/298/86 298/297/86 306/305/86
f 308/307/104 300/299/104 299/298/104 307/306/104
f 309/308/105 301/300/105 300/299/105 308/307/105
f 310/309/90 302/301/90 229/228/90 237/236/90
f 311/310/90 303/302/90 302/301/90 310/309/90
f 312/311/90 304/303/90 303/302/90 311/310/90
f 313/312/90 305/304/90 304/303/90 312/311/90
f 314/313/90 306/305/90 305/304/90 313/312/90
f 315/314/106 307/306/106 306/305/106 314/313/106
f 316/315/107 308/307/107 307/306/107 315/314/107
f 317/316/108 309/308/108 308/307/108 316/315/108
f 245/244/92 318/317/92 310/309/92 237/236/92
f 318/317/92 319/318/92 311/310/92 310/309/92
f 319/318/92 320/319/92 312/311/92 311/310/92
f 320/319/92 321/320/92 313/312/92 312/311/92
f 321/320/92 322/321/92 314/313/92 313/312/92
f 322/321/109 323/322/109 315/314/109 314/313/109
f 323/322/110 324/323/110 316/315/110 315/314/110
f 324/323/111 325/324/111 317/316/111 316/315/111
f 327/325/94 318/317/94 245/244/94 253/252/94
f 328/326/94 319/318/94 318/317/94 327/325/94
f 329/327/94 320/319/94 319/318/94 328/326/94
f 330/328/94 321/320/94 320/319/94 329/327/94
f 331/329/94 322/321/94 321/320/94 330/328/94
f 332/330/94 323/322/94 322/321/94 331/329/94
f 333/331/112 324/323/112 323/322/112 332/330/112
f 334/332/113 325/324/113 324/323/113 333/331/113
f 325/324/114 334/332/114 326/333/114 317/316/114
f 261/260/98 335/334/98 327/325/98 253/252/98
f 335/334/98 336/335/98 328/326/98 327/325/98
f 336/335/98 337/336/98 329/327/98 328/326/98
f 337/336/98 338/337/98 330/328/98 329/327/98
f 338/337/98 339/338/98 331/329/98 330/328/98
f 339/338/115 340/339/115 332/330/115 331/329/115
f 340/339/116 341/340/116 333/331/116 332/330/116
f 341/340/117 342/341/117 334/332/117 333/331/117
f 334/332/118 344/342/118 343/343/118 326/333/118
f 342/341/3 345/344/3 344/342/3 334/332/3
f 348/345/119 76/75/119 75/76/119 347/346/119
f 349/347/120 77/77/120 76/75/120 348/345/120
f 350/348/121 78/78/121 77/77/121 349/347/121
f 352/349/122 351/350/122 346/351/122 347/346/122
f 352/349/123 81/80/123 80/352/123 351/350/123
f 81/80/124 352/349/124 347/346/124 75/76/124
f 353/353/125 82/81/125 78/78/125 350/348/125
f 354/354/60 83/82/60 82/81/60 353/353/60
f 357/355/126 347/346/126 346/351/126 356/356/126
f 358/357/127 348/345/127 347/346/127 357/355/127
f 359/358/128 349/347/128 348/345/128 358/357/128
f 360/359/129 350/348/129 349/347/129 359/358/129
f 361/360/130 277/275/130 269/276/130 355/361/130
f 351/350/131 362/362/131 356/356/131 346/351/131
f 363/363/132 364/364/132 360/359/132 359/358/132
f 364/364/133 353/353/133 350/348/133 360/359/133
f 366/365/134 293/291/134 285/292/134 365/366/134
f 366/365/135 355/361/135 269/276/135 293/291/135
f 368/367/136 357/355/136 356/356/136 367/368/136
f 369/369/137 358/357/137 357/355/137 368/367/137
f 370/370/138 359/358/138 358/357/138 369/369/138
f 371/371/139 361/360/139 355/361/139 366/365/139
f 372/372/140 371/371/140 366/365/140 367/368/140
f 372/372/141 362/362/141 361/360/141 371/371/141
f 362/362/142 372/372/142 367/368/142 356/356/142
f 373/373/143 363/363/143 359/358/143 370/370/143
f 374/374/144 365/366/144 285/292/144 301/300/144
f 375/375/145 366/365/145 365/366/145 374/374/145
f 376/376/146 367/368/146 366/365/146 375/375/146
f 377/377/147 368/367/147 367/368/147 376/376/147
f 378/378/148 369/369/148 368/367/148 377/377/148
f 379/379/149 370/370/149 369/369/149 378/378/149
f 381/380/150 373/373/150 370/370/150 379/379/150
f 382/381/151 381/380/151 379/379/151 380/382/151
f 383/383/152 374/374/152 301/300/152 309/308/152
f 391/384/153 375/375/153 374/374/153 383/383/153
f 392/385/154 391/384/154 383/383/154 384/386/154
f 392/385/155 376/376/155 375/375/155 391/384/155
f 393/387/156 392/385/156 384/386/156 385/388/156
f 393/387/157 377/377/157 376/376/157 392/385/157
f 394/389/158 393/387/158 385/388/158 386/390/158
f 394/389/159 378/378/159 377/377/159 393/387/159
f 395/391/160 394/389/160 386/390/160 387/392/160
f 395/391/161 379/379/161 378/378/161 394/389/161
f 396/393/162 395/391/162 387/392/162 388/394/162
f 396/393/155 380/382/155 379/379/155 395/391/155
f 397/395/163 396/393/163 388/394/163 389/396/163
f 398/397/164 397/395/164 389/396/164 390/398/164
f 399/399/155 382/381/155 380/382/155 396/393/155
f 400/400/155 399/399/155 396/393/155 397/395/155
f 401/401/155 400/400/155 397/395/155 398/397/155
f 402/402/165 383/383/165 309/308/165 317/316/165
f 403/403/166 384/386/166 383/383/166 402/402/166
f 404/404/86 385/388/86 384/386/86 403/403/86
f 405/405/86 386/390/86 385/388/86 404/404/86
f 406/406/86 387/392/86 386/390/86 405/405/86
f 407/407/86 388/394/86 387/392/86 406/406/86
f 408/408/86 389/396/86 388/394/86 407/407/86
f 409/409/86 390/398/86 389/396/86 408/408/86
f 410/410/167 402/402/167 317/316/167 326/333/167
f 411/411/86 403/403/86 402/402/86 410/410/86
f 412/412/86 404/404/86 403/403/86 411/411/86
f 413/413/86 405/405/86 404/404/86 412/412/86
f 414/414/86 406/406/86 405/405/86 413/413/86
f 415/415/86 407/407/86 406/406/86 414/414/86
f 416/416/86 408/408/86 407/407/86 415/415/86
f 417/417/86 409/409/86 408/408/86 416/416/86
f 418/418/86 410/410/86 326/333/86 343/343/86
f 419/419/86 411/411/86 410/410/86 418/418/86
f 420/420/86 412/412/86 411/411/86 419/419/86
f 421/421/86 413/413/86 412/412/86 420/420/86
f 422/422/86 414/414/86 413/413/86 421/421/86
f 423/423/86 415/415/86 414/414/86 422/422/86
f 424/424/86 416/416/86 415/415/86 423/423/86
f 425/425/86 417/417/86 416/416/86 424/424/86
f 434/426/168 398/397/168 390/398/168 429/427/168
f 435/428/169 434/426/169 429/427/169 430/429/169
f 436/430/170 435/428/170 430/429/170 431/431/170
f 438/432/171 437/433/171 432/434/171 433/435/171
f 439/436/155 401/401/155 398/397/155 434/426/155
f 440/437/155 439/436/155 434/426/155 435/428/155
f 441/438/172 440/437/172 435/428/172 436/430/172
f 443/439/173 442/440/173 437/433/173 438/432/173
f 427/441/174 443/439/174 438/432/174 426/442/174
f 446/443/86 429/427/86 390/398/86 409/409/86
f 447/444/86 430/429/86 429/427/86 446/443/86
f 448/445/175 431/431/175 430/429/175 447/444/175
f 450/446/176 449/447/176 444/448/176 445/449/176
f 450/446/177 433/435/177 432/434/177 449/447/177
f 433/435/178 450/446/178 445/449/178 428/450/178
f 451/451/179 436/430/179 431/431/179 448/445/179
f 437/433/180 455/452/180 449/447/180 432/434/180
f 456/453/181 441/438/181 436/430/181 451/451/181
f 457/454/182 456/453/182 451/451/182 452/455/182
f 458/456/183 457/454/183 452/455/183 453/457/183
f 459/458/183 458/456/183 453/457/183 454/459/183
f 460/460/184 459/458/184 454/459/184 455/452/184
f 442/440/185 460/460/185 455/452/185 437/433/185
f 463/461/186 445/449/186 444/448/186 462/462/186
f 464/463/86 446/443/86 409/409/86 417/417/86
f 465/464/86 447/444/86 446/443/86 464/463/86
f 466/465/187 448/445/187 447/444/187 465/464/187
f 449/447/188 470/466/188 462/462/188 444/448/188
f 471/467/189 451/451/189 448/445/189 466/465/189
f 472/468/190 471/467/190 466/465/190 467/469/190
f 472/468/191 452/455/191 451/451/191 471/467/191
f 473/470/192 472/468/192 467/469/192 468/471/192
f 473/470/193 453/457/193 452/455/193 472/468/193
f 474/472/194 473/470/194 468/471/194 469/473/194
f 474/472/195 454/459/195 453/457/195 473/470/195
f 475/474/196 474/472/196 469/473/196 470/466/196
f 475/474/197 455/452/197 454/459/197 474/472/197
f 455/452/198 475/474/198 470/466/198 449/447/198
f 478/475/199 463/461/199 462/462/199 477/476/199
f 463/461/200 478/475/200 476/477/200 461/478/200
f 479/479/86 464/463/86 417/417/86 425/425/86
f 480/480/86 465/464/86 464/463/86 479/479/86
f 481/481/201 466/465/201 465/464/201 480/480/201
f 482/482/202 467/469/202 466/465/202 481/481/202
f 483/483/203 468/471/203 467/469/203 482/482/203
f 484/484/203 469/473/203 468/471/203 483/483/203
f 485/485/204 470/466/204 469/473/204 484/484/204
f 470/466/205 485/485/205 477/476/205 462/462/205
f 491/486/206 490/487/206 486/488/206 487/489/206
f 492/490/207 491/486/207 487/489/207 488/491/207
f 493/492/208 492/490/208 488/491/208 489/493/208
f 495/494/209 427/441/209 426/442/209 490/487/209
f 496/495/210 495/494/210 490/487/210 491/486/210
f 497/496/211 496/495/211 491/486/211 492/490/211
f 498/497/212 497/496/212 492/490/212 493/492/212
f 499/498/213 498/497/213 493/492/213 494/499/213
f 505/500/214 433/435/214 428/450/214 500/501/214
f 506/502/215 505/500/215 500/501/215 501/503/215
f 506/502/216 487/489/216 486/488/216 505/500/216
f 507/504/217 506/502/217 501/503/217 502/505/217
f 507/504/218 488/491/218 487/489/218 506/502/218
f 508/506/219 507/504/219 502/505/219 503/507/219
f 508/506/220 489/493/220 488/491/220 507/504/220
f 509/508/221 508/506/221 503/507/221 504/509/221
f 511/510/222 438/432/222 433/435/222 505/500/222
f 511/510/223 490/487/223 426/442/223 438/432/223
f 490/487/224 511/510/224 505/500/224 486/488/224
f 512/511/225 493/492/225 489/493/225 508/506/225
f 513/512/226 512/511/226 508/506/226 509/508/226
f 513/512/227 494/499/227 493/492/227 512/511/227
f 514/513/228 513/512/228 509/508/228 510/514/228
f 515/515/229 499/498/229 494/499/229 513/512/229
f 516/516/230 515/515/230 513/512/230 514/513/230
f 521/517/231 500/501/231 428/450/231 445/449/231
f 522/518/232 521/517/232 517/519/232 518/520/232
f 522/518/233 501/503/233 500/501/233 521/517/233
f 523/521/234 522/518/234 518/520/234 519/522/234
f 523/521/235 502/505/235 501/503/235 522/518/235
f 524/523/236 523/521/236 519/522/236 520/524/236
f 524/523/237 503/507/237 502/505/237 523/521/237
f 525/525/238 504/509/238 503/507/238 524/523/238
f 527/526/239 509/508/239 504/509/239 525/525/239
f 528/527/240 527/526/240 525/525/240 526/528/240
f 528/527/241 510/514/241 509/508/241 527/526/241
f 529/529/242 514/513/242 510/514/242 528/527/242
f 531/530/243 516/516/243 514/513/243 529/529/243
f 532/531/244 531/530/244 529/529/244 530/532/244
f 534/533/245 518/520/245 517/519/245 533/534/245
f 535/535/246 519/522/246 518/520/246 534/533/246
f 536/536/247 520/524/247 519/522/247 535/535/247
f 538/537/248 463/461/248 461/478/248 533/534/248
f 538/537/249 521/517/249 445/449/249 463/461/249
f 521/517/250 538/537/250 533/534/250 517/519/250
f 539/538/251 524/523/251 520/524/251 536/536/251
f 540/539/252 539/538/252 536/536/252 537/540/252
f 540/539/253 525/525/253 524/523/253 539/538/253
f 541/541/254 526/528/254 525/525/254 540/539/254
f 542/542/255 528/527/255 526/528/255 541/541/255
f 544/543/256 529/529/256 528/527/256 542/542/256
f 545/544/257 544/543/257 542/542/257 543/545/257
f 545/544/258 530/532/258 529/529/258 544/543/258
f 546/546/259 532/531/259 530/532/259 545/544/259
f 547/547/260 533/534/260 461/478/260 476/477/260
f 548/548/261 534/533/261 533/534/261 547/547/261
f 549/549/262 535/535/262 534/533/262 548/548/262
f 550/550/263 536/536/263 535/535/263 549/549/263
f 551/551/264 537/540/264 536/536/264 550/550/264
f 552/552/265 540/539/265 537/540/265 551/551/265
f 553/553/266 541/541/266 540/539/266 552/552/266
f 554/554/267 542/542/267 541/541/267 553/553/267
f 555/555/268 543/545/268 542/542/268 554/554/268
f 556/556/269 545/544/269 543/545/269 555/555/269
f 557/557/270 546/546/270 545/544/270 556/556/270
f 558/558/3 560/559/3 5/2/3 2/1/3
f 559/560/271 561/561/271 560/559/271 558/558/271
f 560/559/3 563/562/3 8/8/3 5/2/3
f 561/561/3 564/563/3 563/562/3 560/559/3
f 562/564/272 565/565/272 564/563/272 561/561/272
f 563/562/3 566/566/3 11/11/3 8/8/3
f 564/563/3 567/567/3 566/566/3 563/562/3
f 565/565/3 568/568/3 567/567/3 564/563/3
f 566/566/3 569/569/3 14/14/3 11/11/3
f 567/567/3 570/570/3 569/569/3 566/566/3
f 568/568/273 571/571/273 570/570/273 567/567/273
f 569/569/3 572/572/3 16/15/3 14/14/3
f 570/570/274 573/573/274 572/572/274 569/569/274
f 577/574/275 576/575/275 21/18/275 22/17/275
f 574/576/276 577/574/276 22/17/276 18/21/276
f 579/577/277 578/578/277 576/575/277 577/574/277
f 575/579/278 579/577/278 577/574/278 574/576/278
f 580/580/279 574/576/279 18/21/279 24/23/279
f 581/581/280 575/579/280 574/576/280 580/580/280
f 582/582/281 580/580/281 24/23/281 28/26/281
f 583/583/281 582/582/281 28/26/281 29/27/281
f 584/584/281 583/583/281 29/27/281 30/29/281
f 581/581/282 585/585/282 579/577/282 575/579/282
f 585/585/283 581/581/283 580/580/283 582/582/283
f 586/586/284 585/585/284 582/582/284 583/583/284
f 587/587/285 586/586/285 583/583/285 584/584/285
f 576/575/286 588/588/286 33/33/286 21/18/286
f 578/578/287 589/589/287 588/588/287 576/575/287
f 579/577/288 590/590/288 589/589/288 578/578/288
f 592/591/289 591/592/289 37/37/289 38/36/289
f 588/588/290 592/591/290 38/36/290 33/33/290
f 594/593/291 593/594/291 591/592/291 592/591/291
f 589/589/292 594/593/292 592/591/292 588/588/292
f 590/590/293 595/595/293 594/593/293 589/589/293
f 597/596/294 596/597/294 42/49/294 43/42/294
f 591/592/295 597/596/295 43/42/295 37/37/295
f 593/594/296 598/598/296 597/596/296 591/592/296
f 594/593/297 599/599/297 598/598/297 593/594/297
f 595/595/298 600/600/298 599/599/298 594/593/298
f 596/597/299 601/601/299 48/47/299 42/49/299
f 597/596/300 602/602/300 601/601/300 596/597/300
f 604/603/301 603/604/301 601/601/301 602/602/301
f 598/598/302 604/603/302 602/602/302 597/596/302
f 599/599/303 605/605/303 604/603/303 598/598/303
f 600/600/304 606/606/304 605/605/304 599/599/304
f 608/607/305 607/608/305 54/62/305 55/54/305
f 601/601/306 608/607/306 55/54/306 48/47/306
f 603/604/307 610/609/307 608/607/307 601/601/307
f 604/603/308 611/610/308 610/609/308 603/604/308
f 605/605/309 612/611/309 611/610/309 604/603/309
f 606/606/310 613/612/310 612/611/310 605/605/310
f 607/608/311 614/613/311 62/60/311 54/62/311
f 608/607/312 615/614/312 614/613/312 607/608/312
f 617/615/313 609/616/313 56/65/313 65/64/313
f 619/617/314 618/618/314 614/613/314 615/614/314
f 610/609/315 619/617/315 615/614/315 608/607/315
f 611/610/316 620/619/316 619/617/316 610/609/316
f 612/611/317 621/620/317 620/619/317 611/610/317
f 621/620/318 622/621/318 617/615/318 616/622/318
f 613/612/319 622/621/319 621/620/319 612/611/319
f 622/621/320 613/612/320 609/616/320 617/615/320
f 624/623/321 623/624/321 71/71/321 72/70/321
f 614/613/322 624/623/322 72/70/322 62/60/322
f 625/625/323 626/626/323 74/74/323 73/73/323
f 617/615/324 626/626/324 625/625/324 616/622/324
f 626/626/325 617/615/325 65/64/325 74/74/325
f 628/627/326 627/628/326 623/624/326 624/623/326
f 618/618/327 628/627/327 624/623/327 614/613/327
f 619/617/328 629/629/328 628/627/328 618/618/328
f 620/619/329 630/630/329 629/629/329 619/617/329
f 621/620/330 631/631/330 630/630/330 620/619/330
f 631/631/331 621/620/331 616/622/331 625/625/331
f 633/632/332 632/633/332 80/352/332 81/80/332
f 623/624/333 633/632/333 81/80/333 71/71/333
f 635/634/334 625/625/334 73/73/334 83/82/334
f 627/628/335 636/635/335 633/632/335 623/624/335
f 628/627/336 637/636/336 636/635/336 627/628/336
f 629/629/337 638/637/337 637/636/337 628/627/337
f 630/630/338 639/638/338 638/637/338 629/629/338
f 639/638/339 640/639/339 635/634/339 634/640/339
f 631/631/340 640/639/340 639/638/340 630/630/340
f 640/639/341 631/631/341 625/625/341 635/634/341
f 642/641/342 584/584/342 30/29/342 88/87/342
f 585/585/343 643/642/343 590/590/343 579/577/343
f 586/586/344 644/643/344 643/642/344 585/585/344
f 644/643/345 645/644/345 642/641/345 641/645/345
f 587/587/346 645/644/346 644/643/346 586/586/346
f 645/644/347 587/587/347 584/584/347 642/641/347
f 646/646/348 647/647/348 92/91/348 91/90/348
f 642/641/349 647/647/349 646/646/349 641/645/349
f 647/647/350 642/641/350 88/87/350 92/91/350
f 643/642/351 648/648/351 595/595/351 590/590/351
f 644/643/352 649/649/352 648/648/352 643/642/352
f 649/649/353 644/643/353 641/645/353 646/646/353
f 651/650/354 646/646/354 91/90/354 96/95/354
f 648/648/355 652/651/355 600/600/355 595/595/355
f 652/651/356 653/652/356 651/650/356 650/653/356
f 649/649/357 653/652/357 652/651/357 648/648/357
f 653/652/358 649/649/358 646/646/358 651/650/358
f 654/654/359 655/655/359 99/98/359 98/97/359
f 651/650/360 655/655/360 654/654/360 650/653/360
f 655/655/361 651/650/361 96/95/361 99/98/361
f 652/651/362 656/656/362 606/606/362 600/600/362
f 656/656/363 652/651/363 650/653/363 654/654/363
f 609/616/364 657/657/364 101/100/364 56/65/364
f 657/657/365 654/654/365 98/97/365 101/100/365
f 613/612/366 658/658/366 657/657/366 609/616/366
f 656/656/367 658/658/367 613/612/367 606/606/367
f 658/658/368 656/656/368 654/654/368 657/657/368
f 659/659/369 558/558/369 2/1/369 110/101/369
f 660/660/370 659/659/370 110/101/370 111/103/370
f 661/661/371 660/660/371 111/103/371 112/105/371
f 662/662/155 661/661/155 112/105/155 113/107/155
f 663/663/155 662/662/155 113/107/155 114/109/155
f 664/664/155 663/663/155 114/109/155 115/111/155
f 665/665/155 664/664/155 115/111/155 116/113/155
f 666/666/155 665/665/155 116/113/155 117/115/155
f 667/667/372 559/560/372 558/558/372 659/659/372
f 668/668/373 667/667/373 659/659/373 660/660/373
f 669/669/374 668/668/374 660/660/374 661/661/374
f 670/670/375 669/669/375 661/661/375 662/662/375
f 671/671/375 670/670/375 662/662/375 663/663/375
f 672/672/375 671/671/375 663/663/375 664/664/375
f 673/673/375 672/672/375 664/664/375 665/665/375
f 674/674/375 673/673/375 665/665/375 666/666/375
f 667/667/376 675/675/376 561/561/376 559/560/376
f 668/668/377 676/676/377 675/675/377 667/667/377
f 669/669/377 677/677/377 676/676/377 668/668/377
f 670/670/377 678/678/377 677/677/377 669/669/377
f 671/671/377 679/679/377 678/678/377 670/670/377
f 672/672/377 680/680/377 679/679/377 671/671/377
f 673/673/377 681/681/377 680/680/377 672/672/377
f 674/674/377 682/682/377 681/681/377 673/673/377
f 683/683/378 562/564/378 561/561/378 675/675/378
f 684/684/379 683/683/379 675/675/379 676/676/379
f 685/685/379 684/684/379 676/676/379 677/677/379
f 686/686/379 685/685/379 677/677/379 678/678/379
f 687/687/379 686/686/379 678/678/379 679/679/379
f 688/688/379 687/687/379 679/679/379 680/680/379
f 689/689/379 688/688/379 680/680/379 681/681/379
f 690/690/379 689/689/379 681/681/379 682/682/379
f 683/683/380 691/691/380 565/565/380 562/564/380
f 684/684/381 692/692/381 691/691/381 683/683/381
f 685/685/382 693/693/382 692/692/382 684/684/382
f 686/686/383 694/694/383 693/693/383 685/685/383
f 687/687/383 695/695/383 694/694/383 686/686/383
f 688/688/383 696/696/383 695/695/383 687/687/383
f 689/689/383 697/697/383 696/696/383 688/688/383
f 690/690/383 698/698/383 697/697/383 689/689/383
f 691/691/384 699/699/384 568/568/384 565/565/384
f 692/692/385 700/700/385 699/699/385 691/691/385
f 693/693/386 701/701/386 700/700/386 692/692/386
f 694/694/387 702/702/387 701/701/387 693/693/387
f 695/695/387 703/703/387 702/702/387 694/694/387
f 696/696/387 704/704/387 703/703/387 695/695/387
f 697/697/387 705/705/387 704/704/387 696/696/387
f 698/698/387 706/706/387 705/705/387 697/697/387
f 571/571/388 715/707/388 707/708/388 570/570/388
f 699/699/389 715/707/389 571/571/389 568/568/389
f 715/707/390 716/709/390 708/710/390 707/708/390
f 700/700/391 716/709/391 715/707/391 699/699/391
f 716/709/390 717/711/390 709/712/390 708/710/390
f 701/701/392 717/711/392 716/709/392 700/700/392
f 717/711/390 718/713/390 710/714/390 709/712/390
f 702/702/393 718/713/393 717/711/393 701/701/393
f 718/713/390 719/715/390 711/716/390 710/714/390
f 703/703/393 719/715/393 718/713/393 702/702/393
f 719/715/390 720/717/390 712/718/390 711/716/390
f 704/704/393 720/717/393 719/715/393 703/703/393
f 720/717/390 721/719/390 713/720/390 712/718/390
f 705/705/393 721/719/393 720/717/393 704/704/393
f 721/719/390 722/721/390 714/722/390 713/720/390
f 706/706/393 722/721/393 721/719/393 705/705/393
f 572/572/394 723/723/394 174/173/394 16/15/394
f 723/723/395 724/724/395 175/174/395 174/173/395
f 724/724/396 725/725/396 176/175/396 175/174/396
f 725/725/397 726/726/397 177/176/397 176/175/397
f 726/726/397 727/727/397 178/177/397 177/176/397
f 727/727/397 728/728/397 179/178/397 178/177/397
f 728/728/397 729/729/397 180/179/397 179/178/397
f 729/729/397 730/730/397 181/180/397 180/179/397
f 573/573/398 731/731/398 723/723/398 572/572/398
f 707/708/399 731/731/399 573/573/399 570/570/399
f 731/731/400 732/732/400 724/724/400 723/723/400
f 708/710/401 732/732/401 731/731/401 707/708/401
f 732/732/402 733/733/402 725/725/402 724/724/402
f 709/712/401 733/733/401 732/732/401 708/710/401
f 733/733/403 734/734/403 726/726/403 725/725/403
f 710/714/401 734/734/401 733/733/401 709/712/401
f 734/734/403 735/735/403 727/727/403 726/726/403
f 711/716/401 735/735/401 734/734/401 710/714/401
f 735/735/403 736/736/403 728/728/403 727/727/403
f 712/718/401 736/736/401 735/735/401 711/716/401
f 736/736/403 737/737/403 729/729/403 728/728/403
f 713/720/401 737/737/401 736/736/401 712/718/401
f 737/737/403 738/738/403 730/730/403 729/729/403
f 714/722/401 738/738/401 737/737/401 713/720/401
f 739/739/155 666/666/155 117/115/155 190/181/155
f 740/740/155 739/739/155 190/181/155 191/183/155
f 741/741/155 740/740/155 191/183/155 192/185/155
f 742/742/155 741/741/155 192/185/155 193/187/155
f 743/743/155 742/742/155 193/187/155 194/189/155
f 744/744/155 743/743/155 194/189/155 195/191/155
f 745/745/155 744/744/155 195/191/155 196/193/155
f 746/746/155 745/745/155 196/193/155 197/195/155
f 747/747/375 674/674/375 666/666/375 739/739/375
f 748/748/375 747/747/375 739/739/375 740/740/375
f 749/749/375 748/748/375 740/740/375 741/741/375
f 750/750/375 749/749/375 741/741/375 742/742/375
f 751/751/375 750/750/375 742/742/375 743/743/375
f 752/752/375 751/751/375 743/743/375 744/744/375
f 753/753/375 752/752/375 744/744/375 745/745/375
f 754/754/375 753/753/375 745/745/375 746/746/375
f 747/747/377 755/755/377 682/682/377 674/674/377
f 748/748/377 756/756/377 755/755/377 747/747/377
f 749/749/377 757/757/377 756/756/377 748/748/377
f 750/750/377 758/758/377 757/757/377 749/749/377
f 751/751/377 759/759/377 758/758/377 750/750/377
f 752/752/377 760/760/377 759/759/377 751/751/377
f 753/753/377 761/761/377 760/760/377 752/752/377
f 754/754/377 762/762/377 761/761/377 753/753/377
f 763/763/379 690/690/379 682/682/379 755/755/379
f 764/764/379 763/763/379 755/755/379 756/756/379
f 765/765/379 764/764/379 756/756/379 757/757/379
f 766/766/379 765/765/379 757/757/379 758/758/379
f 767/767/379 766/766/379 758/758/379 759/759/379
f 768/768/379 767/767/379 759/759/379 760/760/379
f 769/769/379 768/768/379 760/760/379 761/761/379
f 770/770/379 769/769/379 761/761/379 762/762/379
f 763/763/383 771/771/383 698/698/383 690/690/383
f 764/764/383 772/772/383 771/771/383 763/763/383
f 765/765/383 773/773/383 772/772/383 764/764/383
f 766/766/383 774/774/383 773/773/383 765/765/383
f 767/767/383 775/775/383 774/774/383 766/766/383
f 768/768/383 776/776/383 775/775/383 767/767/383
f 769/769/383 777/777/383 776/776/383 768/768/383
f 770/770/383 778/778/383 777/777/383 769/769/383
f 771/771/387 779/779/387 706/706/387 698/698/387
f 772/772/387 780/780/387 779/779/387 771/771/387
f 773/773/387 781/781/387 780/780/387 772/772/387
f 774/774/387 782/782/387 781/781/387 773/773/387
f 775/775/387 783/783/387 782/782/387 774/774/387
f 776/776/387 784/784/387 783/783/387 775/775/387
f 777/777/387 785/785/387 784/784/387 776/776/387
f 778/778/387 786/786/387 785/785/387 777/777/387
f 722/721/390 795/787/390 787/788/390 714/722/390
f 779/779/393 795/787/393 722/721/393 706/706/393
f 795/787/390 796/789/390 788/790/390 787/788/390
f 780/780/393 796/789/393 795/787/393 779/779/393
f 796/789/390 797/791/390 789/792/390 788/790/390
f 781/781/393 797/791/393 796/789/393 780/780/393
f 797/791/390 798/793/390 790/794/390 789/792/390
f 782/782/393 798/793/393 797/791/393 781/781/393
f 798/793/390 799/795/390 791/796/390 790/794/390
f 783/783/393 799/795/393 798/793/393 782/782/393
f 799/795/390 800/797/390 792/798/390 791/796/390
f 784/784/393 800/797/393 799/795/393 783/783/393
f 800/797/390 801/799/390 793/800/390 792/798/390
f 785/785/393 801/799/393 800/797/393 784/784/393
f 801/799/390 802/801/390 794/802/390 793/800/390
f 786/786/393 802/801/393 801/799/393 785/785/393
f 730/730/397 803/803/397 254/253/397 181/180/397
f 803/803/397 804/804/397 255/254/397 254/253/397
f 804/804/397 805/805/397 256/255/397 255/254/397
f 805/805/397 806/806/397 257/256/397 256/255/397
f 806/806/397 807/807/397 258/257/397 257/256/397
f 807/807/397 808/808/397 259/258/397 258/257/397
f 808/808/397 809/809/397 260/259/397 259/258/397
f 809/809/397 810/810/397 261/260/397 260/259/397
f 738/738/403 811/811/403 803/803/403 730/730/403
f 787/788/401 811/811/401 738/738/401 714/722/401
f 811/811/403 812/812/403 804/804/403 803/803/403
f 788/790/401 812/812/401 811/811/401 787/788/401
f 812/812/403 813/813/403 805/805/403 804/804/403
f 789/792/401 813/813/401 812/812/401 788/790/401
f 813/813/403 814/814/403 806/806/403 805/805/403
f 790/794/401 814/814/401 813/813/401 789/792/401
f 814/814/403 815/815/403 807/807/403 806/806/403
f 791/796/401 815/815/401 814/814/401 790/794/401
f 815/815/403 816/816/403 808/808/403 807/807/403
f 792/798/401 816/816/401 815/815/401 791/796/401
f 816/816/403 817/817/403 809/809/403 808/808/403
f 793/800/401 817/817/401 816/816/401 792/798/401
f 817/817/403 818/818/403 810/810/403 809/809/403
f 794/802/401 818/818/401 817/817/401 793/800/401
f 819/819/155 746/746/155 197/195/155 270/261/155
f 820/820/155 819/819/155 270/261/155 271/263/155
f 821/821/155 820/820/155 271/263/155 272/265/155
f 822/822/155 821/821/155 272/265/155 273/267/155
f 823/823/155 822/822/155 273/267/155 274/269/155
f 824/824/155 823/823/155 274/269/155 275/271/155
f 825/825/404 824/824/404 275/271/404 276/273/404
f 826/826/405 825/825/405 276/273/405 277/275/405
f 827/827/375 754/754/375 746/746/375 819/819/375
f 828/828/375 827/827/375 819/819/375 820/820/375
f 829/829/375 828/828/375 820/820/375 821/821/375
f 830/830/375 829/829/375 821/821/375 822/822/375
f 831/831/375 830/830/375 822/822/375 823/823/375
f 832/832/375 831/831/375 823/823/375 824/824/375
f 833/833/406 832/832/406 824/824/406 825/825/406
f 834/834/407 833/833/407 825/825/407 826/826/407
f 827/827/377 835/835/377 762/762/377 754/754/377
f 828/828/377 836/836/377 835/835/377 827/827/377
f 829/829/377 837/837/377 836/836/377 828/828/377
f 830/830/377 838/838/377 837/837/377 829/829/377
f 831/831/377 839/839/377 838/838/377 830/830/377
f 832/832/377 840/840/377 839/839/377 831/831/377
f 833/833/377 841/841/377 840/840/377 832/832/377
f 834/834/377 842/842/377 841/841/377 833/833/377
f 843/843/379 770/770/379 762/762/379 835/835/379
f 844/844/379 843/843/379 835/835/379 836/836/379
f 845/845/379 844/844/379 836/836/379 837/837/379
f 846/846/379 845/845/379 837/837/379 838/838/379
f 847/847/379 846/846/379 838/838/379 839/839/379
f 848/848/379 847/847/379 839/839/379 840/840/379
f 849/849/379 848/848/379 840/840/379 841/841/379
f 850/850/408 849/849/408 841/841/408 842/842/408
f 843/843/383 851/851/383 778/778/383 770/770/383
f 844/844/383 852/852/383 851/851/383 843/843/383
f 845/845/383 853/853/383 852/852/383 844/844/383
f 846/846/383 854/854/383 853/853/383 845/845/383
f 847/847/383 855/855/383 854/854/383 846/846/383
f 848/848/383 856/856/383 855/855/383 847/847/383
f 849/849/409 857/857/409 856/856/409 848/848/409
f 850/850/410 858/858/410 857/857/410 849/849/410
f 851/851/387 859/859/387 786/786/387 778/778/387
f 852/852/387 860/860/387 859/859/387 851/851/387
f 853/853/387 861/861/387 860/860/387 852/852/387
f 854/854/387 862/862/387 861/861/387 853/853/387
f 855/855/387 863/863/387 862/862/387 854/854/387
f 856/856/387 864/864/387 863/863/387 855/855/387
f 857/857/411 865/865/411 864/864/411 856/856/411
f 858/858/412 866/866/412 865/865/412 857/857/412
f 802/801/390 875/867/390 867/868/390 794/802/390
f 859/859/393 875/867/393 802/801/393 786/786/393
f 875/867/390 876/869/390 868/870/390 867/868/390
f 860/860/393 876/869/393 875/867/393 859/859/393
f 876/869/390 877/871/390 869/872/390 868/870/390
f 861/861/393 877/871/393 876/869/393 860/860/393
f 877/871/390 878/873/390 870/874/390 869/872/390
f 862/862/393 878/873/393 877/871/393 861/861/393
f 878/873/390 879/875/390 871/876/390 870/874/390
f 863/863/393 879/875/393 878/873/393 862/862/393
f 879/875/413 880/877/413 872/878/413 871/876/413
f 864/864/414 880/877/414 879/875/414 863/863/414
f 880/877/415 881/879/415 873/880/415 872/878/415
f 865/865/416 881/879/416 880/877/416 864/864/416
f 881/879/417 882/881/417 874/882/417 873/880/417
f 866/866/418 882/881/418 881/879/418 865/865/418
f 810/810/397 883/883/397 335/334/397 261/260/397
f 883/883/397 884/884/397 336/335/397 335/334/397
f 884/884/397 885/885/397 337/336/397 336/335/397
f 885/885/397 886/886/397 338/337/397 337/336/397
f 886/886/397 887/887/397 339/338/397 338/337/397
f 887/887/419 888/888/419 340/339/419 339/338/419
f 888/888/420 889/889/420 341/340/420 340/339/420
f 889/889/421 890/890/421 342/341/421 341/340/421
f 818/818/403 891/891/403 883/883/403 810/810/403
f 867/868/401 891/891/401 818/818/401 794/802/401
f 891/891/403 892/892/403 884/884/403 883/883/403
f 868/870/401 892/892/401 891/891/401 867/868/401
f 892/892/403 893/893/403 885/885/403 884/884/403
f 869/872/401 893/893/401 892/892/401 868/870/401
f 893/893/403 894/894/403 886/886/403 885/885/403
f 870/874/401 894/894/401 893/893/401 869/872/401
f 894/894/403 895/895/403 887/887/403 886/886/403
f 871/876/401 895/895/401 894/894/401 870/874/401
f 895/895/422 896/896/422 888/888/422 887/887/422
f 872/878/401 896/896/401 895/895/401 871/876/401
f 896/896/423 897/897/423 889/889/423 888/888/423
f 873/880/424 897/897/424 896/896/424 872/878/424
f 897/897/425 898/898/425 890/890/425 889/889/425
f 874/882/426 898/898/426 897/897/426 873/880/426
f 882/881/427 899/899/427 898/898/427 874/882/427
f 890/890/3 900/900/3 345/344/3 342/341/3
f 898/898/3 901/901/3 900/900/3 890/890/3
f 899/899/428 902/902/428 901/901/428 898/898/428
f 632/633/429 903/903/429 351/350/429 80/352/429
f 633/632/430 904/904/430 903/903/430 632/633/430
f 905/905/431 906/906/431 354/354/431 353/353/431
f 635/634/349 906/906/349 905/905/349 634/640/349
f 906/906/432 635/634/432 83/82/432 354/354/432
f 908/907/433 907/908/433 903/903/433 904/904/433
f 636/635/434 908/907/434 904/904/434 633/632/434
f 637/636/435 909/909/435 908/907/435 636/635/435
f 638/637/436 910/910/436 909/909/436 637/636/436
f 639/638/437 911/911/437 910/910/437 638/637/437
f 911/911/438 639/638/438 634/640/438 905/905/438
f 912/912/439 826/826/439 277/275/439 361/360/439
f 913/913/440 912/912/440 361/360/440 362/362/440
f 903/903/441 913/913/441 362/362/441 351/350/441
f 914/914/442 915/915/442 364/364/442 363/363/442
f 915/915/443 905/905/443 353/353/443 364/364/443
f 916/916/444 834/834/444 826/826/444 912/912/444
f 907/908/445 917/917/445 913/913/445 903/903/445
f 908/907/446 918/918/446 917/917/446 907/908/446
f 909/909/447 919/919/447 918/918/447 908/907/447
f 910/910/448 920/920/448 919/919/448 909/909/448
f 920/920/449 921/921/449 915/915/449 914/914/449
f 911/911/450 921/921/450 920/920/450 910/910/450
f 921/921/451 911/911/451 905/905/451 915/915/451
f 913/913/452 923/922/452 922/923/452 912/912/452
f 924/924/453 914/914/453 363/363/453 373/373/453
f 916/916/454 925/925/454 842/842/454 834/834/454
f 925/925/455 916/916/455 912/912/455 922/923/455
f 926/926/456 925/925/456 922/923/456 923/922/456
f 917/917/457 926/926/457 923/922/457 913/913/457
f 918/918/458 927/927/458 926/926/458 917/917/458
f 919/919/459 928/928/459 927/927/459 918/918/459
f 920/920/460 929/929/460 928/928/460 919/919/460
f 929/929/461 920/920/461 914/914/461 924/924/461
f 930/930/462 850/850/462 842/842/462 925/925/462
f 931/931/463 924/924/463 373/373/463 381/380/463
f 932/932/464 931/931/464 381/380/464 382/381/464
f 926/926/465 934/933/465 933/934/465 925/925/465
f 927/927/466 935/935/466 934/933/466 926/926/466
f 928/928/467 936/936/467 935/935/467 927/927/467
f 929/929/468 937/937/468 936/936/468 928/928/468
f 937/937/469 929/929/469 924/924/469 931/931/469
f 938/938/470 937/937/470 931/931/470 932/932/470
f 930/930/471 939/939/471 858/858/471 850/850/471
f 939/939/472 930/930/472 925/925/472 933/934/472
f 940/940/155 932/932/155 382/381/155 399/399/155
f 941/941/155 940/940/155 399/399/155 400/400/155
f 942/942/155 941/941/155 400/400/155 401/401/155
f 934/933/155 944/943/155 943/944/155 933/934/155
f 935/935/473 945/945/473 944/943/473 934/933/473
f 936/936/474 946/946/474 945/945/474 935/935/474
f 937/937/475 947/947/475 946/946/475 936/936/475
f 938/938/155 948/948/155 947/947/155 937/937/155
f 948/948/155 938/938/155 932/932/155 940/940/155
f 949/949/155 948/948/155 940/940/155 941/941/155
f 950/950/155 949/949/155 941/941/155 942/942/155
f 939/939/476 951/951/476 866/866/476 858/858/476
f 951/951/477 939/939/477 933/934/477 943/944/477
f 952/952/478 951/951/478 943/944/478 944/943/478
f 953/953/479 952/952/479 944/943/479 945/945/479
f 954/954/480 953/953/480 945/945/480 946/946/480
f 955/955/481 954/954/481 946/946/481 947/947/481
f 956/956/482 955/955/482 947/947/482 948/948/482
f 957/957/483 956/956/483 948/948/483 949/949/483
f 958/958/484 957/957/484 949/949/484 950/950/484
f 951/951/485 959/959/485 882/881/485 866/866/485
f 952/952/486 960/960/486 959/959/486 951/951/486
f 953/953/387 961/961/387 960/960/387 952/952/387
f 954/954/387 962/962/387 961/961/387 953/953/387
f 955/955/387 963/963/387 962/962/387 954/954/387
f 956/956/387 964/964/387 963/963/387 955/955/387
f 957/957/387 965/965/387 964/964/387 956/956/387
f 958/958/387 966/966/387 965/965/387 957/957/387
f 959/959/487 967/967/487 899/899/487 882/881/487
f 960/960/387 968/968/387 967/967/387 959/959/387
f 961/961/387 969/969/387 968/968/387 960/960/387
f 962/962/387 970/970/387 969/969/387 961/961/387
f 963/963/387 971/971/387 970/970/387 962/962/387
f 964/964/387 972/972/387 971/971/387 963/963/387
f 965/965/387 973/973/387 972/972/387 964/964/387
f 966/966/387 974/974/387 973/973/387 965/965/387
f 967/967/387 975/975/387 902/902/387 899/899/387
f 968/968/387 976/976/387 975/975/387 967/967/387
f 969/969/387 977/977/387 976/976/387 968/968/387
f 970/970/387 978/978/387 977/977/387 969/969/387
f 971/971/387 979/979/387 978/978/387 970/970/387
f 972/972/387 980/980/387 979/979/387 971/971/387
f 973/973/387 981/981/387 980/980/387 972/972/387
f 974/974/387 982/982/387 981/981/387 973/973/387
f 985/983/155 942/942/155 401/401/155 439/436/155
f 986/984/155 985/983/155 439/436/155 440/437/155
f 987/985/488 986/984/488 440/437/488 441/438/488
f 989/986/489 988/987/489 442/440/489 443/439/489
f 983/988/490 989/986/490 443/439/490 427/441/490
f 990/989/155 950/950/155 942/942/155 985/983/155
f 991/990/155 990/989/155 985/983/155 986/984/155
f 992/991/491 991/990/491 986/984/491 987/985/491
f 994/992/492 993/993/492 988/987/492 989/986/492
f 984/994/493 994/992/493 989/986/493 983/988/493
f 995/995/494 958/958/494 950/950/494 990/989/494
f 996/996/495 995/995/495 990/989/495 991/990/495
f 997/997/496 996/996/496 991/990/496 992/991/496
f 999/998/497 998/999/497 993/993/497 994/992/497
f 1001/1000/498 987/985/498 441/438/498 456/453/498
f 1002/1001/499 1001/1000/499 456/453/499 457/454/499
f 1003/1002/500 1002/1001/500 457/454/500 458/456/500
f 1004/1003/501 1003/1002/501 458/456/501 459/458/501
f 1005/1004/502 1004/1003/502 459/458/502 460/460/502
f 988/987/503 1005/1004/503 460/460/503 442/440/503
f 1006/1005/504 992/991/504 987/985/504 1001/1000/504
f 1007/1006/505 1006/1005/505 1001/1000/505 1002/1001/505
f 1008/1007/506 1007/1006/506 1002/1001/506 1003/1002/506
f 1009/1008/506 1008/1007/506 1003/1002/506 1004/1003/506
f 1010/1009/507 1009/1008/507 1004/1003/507 1005/1004/507
f 993/993/508 1010/1009/508 1005/1004/508 988/987/508
f 995/995/387 1011/1010/387 966/966/387 958/958/387
f 996/996/387 1012/1011/387 1011/1010/387 995/995/387
f 997/997/509 1013/1012/509 1012/1011/509 996/996/509
f 1013/1012/179 997/997/179 992/991/179 1006/1005/179
f 998/999/510 1014/1013/510 1010/1009/510 993/993/510
f 999/998/511 1015/1014/511 1014/1013/511 998/999/511
f 1017/1015/512 1016/1016/512 1014/1013/512 1015/1014/512
f 1000/1017/513 1017/1015/513 1015/1014/513 999/998/513
f 1007/1006/514 1019/1018/514 1018/1019/514 1006/1005/514
f 1008/1007/515 1020/1020/515 1019/1018/515 1007/1006/515
f 1009/1008/516 1021/1021/516 1020/1020/516 1008/1007/516
f 1010/1009/517 1022/1022/517 1021/1021/517 1009/1008/517
f 1011/1010/387 1023/1023/387 974/974/387 966/966/387
f 1012/1011/387 1024/1024/387 1023/1023/387 1011/1010/387
f 1013/1012/518 1025/1025/518 1024/1024/518 1012/1011/518
f 1025/1025/519 1013/1012/519 1006/1005/519 1018/1019/519
f 1026/1026/520 1025/1025/520 1018/1019/520 1019/1018/520
f 1027/1027/521 1026/1026/521 1019/1018/521 1020/1020/521
f 1028/1028/522 1027/1027/522 1020/1020/522 1021/1021/522
f 1029/1029/523 1028/1028/523 1021/1021/523 1022/1022/523
f 1014/1013/524 1029/1029/524 1022/1022/524 1010/1009/524
f 1016/1016/525 1030/1030/525 1029/1029/525 1014/1013/525
f 1017/1015/526 1031/1031/526 1030/1030/526 1016/1016/526
f 1023/1023/387 1033/1032/387 982/982/387 974/974/387
f 1024/1024/387 1034/1033/387 1033/1032/387 1023/1023/387
f 1025/1025/527 1035/1034/527 1034/1033/527 1024/1024/527
f 1026/1026/528 1036/1035/528 1035/1034/528 1025/1025/528
f 1027/1027/529 1037/1036/529 1036/1035/529 1026/1026/529
f 1028/1028/529 1038/1037/529 1037/1036/529 1027/1027/529
f 1029/1029/530 1039/1038/530 1038/1037/530 1028/1028/530
f 1030/1030/531 1040/1039/531 1039/1038/531 1029/1029/531
f 1031/1031/532 1041/1040/532 1040/1039/532 1030/1030/532
f 1032/1041/533 1042/1042/533 1041/1040/533 1031/1031/533
f 1043/1043/534 983/988/534 427/441/534 495/494/534
f 1044/1044/535 1043/1043/535 495/494/535 496/495/535
f 1045/1045/155 1044/1044/155 496/495/155 497/496/155
f 1046/1046/536 1045/1045/536 497/496/536 498/497/536
f 1047/1047/537 1046/1046/537 498/497/537 499/498/537
f 1048/1048/538 984/994/538 983/988/538 1043/1043/538
f 1049/1049/539 1048/1048/539 1043/1043/539 1044/1044/539
f 1050/1050/540 1049/1049/540 1044/1044/540 1045/1045/540
f 1051/1051/541 1050/1050/541 1045/1045/541 1046/1046/541
f 1052/1052/542 1051/1051/542 1046/1046/542 1047/1047/542
f 1054/1053/543 1053/1054/543 1048/1048/543 1049/1049/543
f 1055/1055/544 1054/1053/544 1049/1049/544 1050/1050/544
f 1056/1056/545 1055/1055/545 1050/1050/545 1051/1051/545
f 1057/1057/546 1047/1047/546 499/498/546 515/515/546
f 1058/1058/547 1057/1057/547 515/515/547 516/516/547
f 1048/1048/548 1059/1059/548 994/992/548 984/994/548
f 1052/1052/549 1061/1060/549 1060/1061/549 1051/1051/549
f 1061/1060/550 1052/1052/550 1047/1047/550 1057/1057/550
f 1062/1062/551 1061/1060/551 1057/1057/551 1058/1058/551
f 1063/1063/552 999/998/552 994/992/552 1059/1059/552
f 1053/1054/553 1063/1063/553 1059/1059/553 1048/1048/553
f 1054/1053/554 1064/1064/554 1063/1063/554 1053/1054/554
f 1055/1055/555 1065/1065/555 1064/1064/555 1054/1053/555
f 1056/1056/556 1066/1066/556 1065/1065/556 1055/1055/556
f 1066/1066/557 1056/1056/557 1051/1051/557 1060/1061/557
f 1067/1067/558 1066/1066/558 1060/1061/558 1061/1060/558
f 1068/1068/559 1067/1067/559 1061/1060/559 1062/1062/559
f 1069/1069/560 1000/1017/560 999/998/560 1063/1063/560
f 1070/1070/561 1069/1069/561 1063/1063/561 1064/1064/561
f 1071/1071/562 1070/1070/562 1064/1064/562 1065/1065/562
f 1072/1072/563 1071/1071/563 1065/1065/563 1066/1066/563
f 1073/1073/564 1072/1072/564 1066/1066/564 1067/1067/564
f 1074/1074/565 1058/1058/565 516/516/565 531/530/565
f 1075/1075/566 1074/1074/566 531/530/566 532/531/566
f 1076/1076/567 1062/1062/567 1058/1058/567 1074/1074/567
f 1077/1077/568 1076/1076/568 1074/1074/568 1075/1075/568
f 1068/1068/569 1079/1078/569 1078/1079/569 1067/1067/569
f 1079/1078/570 1068/1068/570 1062/1062/570 1076/1076/570
f 1069/1069/571 1080/1080/571 1017/1015/571 1000/1017/571
f 1070/1070/572 1081/1081/572 1080/1080/572 1069/1069/572
f 1071/1071/573 1082/1082/573 1081/1081/573 1070/1070/573
f 1072/1072/574 1083/1083/574 1082/1082/574 1071/1071/574
f 1073/1073/575 1084/1084/575 1083/1083/575 1072/1072/575
f 1084/1084/576 1073/1073/576 1067/1067/576 1078/1079/576
f 1085/1085/577 1084/1084/577 1078/1079/577 1079/1078/577
f 1087/1086/578 1086/1087/578 1080/1080/578 1081/1081/578
f 1088/1088/579 1087/1086/579 1081/1081/579 1082/1082/579
f 1089/1089/580 1088/1088/580 1082/1082/580 1083/1083/580
f 1090/1090/581 1075/1075/581 532/531/581 546/546/581
f 1077/1077/582 1092/1091/582 1091/1092/582 1076/1076/582
f 1092/1091/583 1077/1077/583 1075/1075/583 1090/1090/583
f 1093/1093/584 1079/1078/584 1076/1076/584 1091/1092/584
f 1094/1094/585 1093/1093/585 1091/1092/585 1092/1091/585
f 1080/1080/586 1095/1095/586 1031/1031/586 1017/1015/586
f 1084/1084/587 1097/1096/587 1096/1097/587 1083/1083/587
f 1085/1085/588 1098/1098/588 1097/1096/588 1084/1084/588
f 1098/1098/589 1085/1085/589 1079/1078/589 1093/1093/589
f 1099/1099/590 1032/1041/590 1031/1031/590 1095/1095/590
f 1086/1087/591 1099/1099/591 1095/1095/591 1080/1080/591
f 1087/1086/592 1100/1100/592 1099/1099/592 1086/1087/592
f 1088/1088/593 1101/1101/593 1100/1100/593 1087/1086/593
f 1089/1089/594 1102/1102/594 1101/1101/594 1088/1088/594
f 1102/1102/595 1089/1089/595 1083/1083/595 1096/1097/595
f 1103/1103/596 1102/1102/596 1096/1097/596 1097/1096/596
f 1104/1104/597 1090/1090/597 546/546/597 557/557/597
f 1105/1105/598 1092/1091/598 1090/1090/598 1104/1104/598
f 1094/1094/599 1107/1106/599 1106/1107/599 1093/1093/599
f 1107/1106/600 1094/1094/600 1092/1091/600 1105/1105/600
f 1098/1098/601 1109/1108/601 1108/1109/601 1097/1096/601
f 1109/1108/602 1098/1098/602 1093/1093/602 1106/1107/602
f 1099/1099/603 1110/1110/603 1042/1042/603 1032/1041/603
f 1100/1100/604 1111/1111/604 1110/1110/604 1099/1099/604
f 1101/1101/605 1112/1112/605 1111/1111/605 1100/1100/605
f 1102/1102/606 1113/1113/606 1112/1112/606 1101/1101/606
f 1103/1103/607 1114/1114/607 1113/1113/607 1102/1102/607
f 1114/1114/608 1103/1103/608 1097/1096/608 1108/1109/608
f 1116/1/1 1119/2/1 1118/1115/1 1115/1116/1
f 1118/1115/2 1121/5/2 1120/6/2 1117/1117/2
f 1119/2/3 1122/8/3 1121/5/3 1118/1115/3
f 1121/5/3 1124/9/3 1123/10/3 1120/6/3
f 1122/8/3 1125/11/3 1124/9/3 1121/5/3
f 1124/9/4 1127/1118/4 1126/1119/4 1123/10/4
f 1125/11/3 1128/14/3 1127/1118/3 1124/9/3
f 1128/14/5 1130/1120/5 1129/1121/5 1127/1118/5
f 1139/101/71 1116/1/71 1115/1116/71 1131/102/71
f 1140/103/72 1139/101/72 1131/102/72 1132/1122/72
f 1141/105/73 1140/103/73 1132/1122/73 1133/106/73
f 1142/1123/74 1141/105/74 1133/106/74 1134/108/74
f 1143/1124/74 1142/1123/74 1134/108/74 1135/110/74
f 1144/111/74 1143/1124/74 1135/110/74 1136/112/74
f 1145/113/74 1144/111/74 1136/112/74 1137/114/74
f 1146/1125/74 1145/113/74 1137/114/74 1138/116/74
f 1155/1126/75 1118/1115/75 1117/1117/75 1147/1127/75
f 1155/1126/76 1131/102/76 1115/1116/76 1118/1115/76
f 1156/1128/77 1155/1126/77 1147/1127/77 1148/1129/77
f 1156/1128/78 1132/1122/78 1131/102/78 1155/1126/78
f 1157/1130/77 1156/1128/77 1148/1129/77 1149/1131/77
f 1157/1130/78 1133/106/78 1132/1122/78 1156/1128/78
f 1158/1132/77 1157/1130/77 1149/1131/77 1150/1133/77
f 1158/1132/78 1134/108/78 1133/106/78 1157/1130/78
f 1159/1134/77 1158/1132/77 1150/1133/77 1151/126/77
f 1159/1134/78 1135/110/78 1134/108/78 1158/1132/78
f 1160/1135/77 1159/1134/77 1151/126/77 1152/128/77
f 1160/1135/78 1136/112/78 1135/110/78 1159/1134/78
f 1161/1136/77 1160/1135/77 1152/128/77 1153/1137/77
f 1161/1136/78 1137/114/78 1136/112/78 1160/1135/78
f 1162/1138/77 1161/1136/77 1153/1137/77 1154/132/77
f 1162/1138/78 1138/116/78 1137/114/78 1161/1136/78
f 1163/133/79 1147/1127/79 1117/1117/79 1120/6/79
f 1164/134/80 1148/1129/80 1147/1127/80 1163/133/80
f 1165/135/81 1149/1131/81 1148/1129/81 1164/134/81
f 1166/136/82 1150/1133/82 1149/1131/82 1165/135/82
f 1167/137/82 1151/126/82 1150/1133/82 1166/136/82
f 1168/138/82 1152/128/82 1151/126/82 1167/137/82
f 1169/139/82 1153/1137/82 1152/128/82 1168/138/82
f 1170/140/82 1154/132/82 1153/1137/82 1169/139/82
f 1171/141/83 1163/133/83 1120/6/83 1123/10/83
f 1172/142/84 1164/134/84 1163/133/84 1171/141/84
f 1173/143/85 1165/135/85 1164/134/85 1172/142/85
f 1174/144/86 1166/136/86 1165/135/86 1173/143/86
f 1175/145/86 1167/137/86 1166/136/86 1174/144/86
f 1176/146/86 1168/138/86 1167/137/86 1175/145/86
f 1177/147/86 1169/139/86 1168/138/86 1176/146/86
f 1178/148/86 1170/140/86 1169/139/86 1177/147/86
f 1179/149/87 1171/141/87 1123/10/87 1126/1119/87
f 1180/1139/88 1172/142/88 1171/141/88 1179/149/88
f 1181/151/89 1173/143/89 1172/142/89 1180/1139/89
f 1182/152/90 1174/144/90 1173/143/90 1181/151/90
f 1183/153/90 1175/145/90 1174/144/90 1182/152/90
f 1184/1140/90 1176/146/90 1175/145/90 1183/153/90
f 1185/155/90 1177/147/90 1176/146/90 1184/1140/90
f 1186/1141/90 1178/148/90 1177/147/90 1185/155/90
f 1127/1118/91 1187/1142/91 1179/149/91 1126/1119/91
f 1187/1142/92 1188/1143/92 1180/1139/92 1179/149/92
f 1188/1143/92 1189/159/92 1181/151/92 1180/1139/92
f 1189/159/92 1190/1144/92 1182/152/92 1181/151/92
f 1190/1144/92 1191/1145/92 1183/153/92 1182/152/92
f 1191/1145/92 1192/162/92 1184/1140/92 1183/153/92
f 1192/162/92 1193/1146/92 1185/155/92 1184/1140/92
f 1193/1146/92 1194/1147/92 1186/1141/92 1185/155/92
f 1195/1148/93 1187/1142/93 1127/1118/93 1129/1121/93
f 1196/166/94 1188/1143/94 1187/1142/94 1195/1148/94
f 1197/167/94 1189/159/94 1188/1143/94 1196/166/94
f 1198/168/94 1190/1144/94 1189/159/94 1197/167/94
f 1199/169/94 1191/1145/94 1190/1144/94 1198/168/94
f 1200/170/94 1192/162/94 1191/1145/94 1199/169/94
f 1201/171/94 1193/1146/94 1192/162/94 1200/170/94
f 1202/1149/94 1194/1147/94 1193/1146/94 1201/171/94
f 1130/1120/95 1203/173/95 1195/1148/95 1129/1121/95
f 1203/173/96 1204/174/96 1196/166/96 1195/1148/96
f 1204/174/97 1205/175/97 1197/167/97 1196/166/97
f 1205/175/98 1206/176/98 1198/168/98 1197/167/98
f 1206/176/98 1207/1150/98 1199/169/98 1198/168/98
f 1207/1150/98 1208/1151/98 1200/170/98 1199/169/98
f 1208/1151/98 1209/1152/98 1201/171/98 1200/170/98
f 1209/1152/98 1210/1153/98 1202/1149/98 1201/171/98
f 1219/1154/74 1146/1125/74 1138/116/74 1211/182/74
f 1220/1155/74 1219/1154/74 1211/182/74 1212/184/74
f 1221/1156/74 1220/1155/74 1212/184/74 1213/1157/74
f 1222/187/74 1221/1156/74 1213/1157/74 1214/188/74
f 1223/1158/74 1222/187/74 1214/188/74 1215/190/74
f 1224/1159/74 1223/1158/74 1215/190/74 1216/192/74
f 1225/193/74 1224/1159/74 1216/192/74 1217/194/74
f 1226/195/74 1225/193/74 1217/194/74 1218/196/74
f 1235/1160/77 1162/1138/77 1154/132/77 1227/198/77
f 1235/1160/78 1211/182/78 1138/116/78 1162/1138/78
f 1236/199/77 1235/1160/77 1227/198/77 1228/200/77
f 1236/199/78 1212/184/78 1211/182/78 1235/1160/78
f 1237/1161/77 1236/199/77 1228/200/77 1229/202/77
f 1237/1161/78 1213/1157/78 1212/184/78 1236/199/78
f 1238/1162/77 1237/1161/77 1229/202/77 1230/204/77
f 1238/1162/78 1214/188/78 1213/1157/78 1237/1161/78
f 1239/1163/77 1238/1162/77 1230/204/77 1231/1164/77
f 1239/1163/78 1215/190/78 1214/188/78 1238/1162/78
f 1240/1165/77 1239/1163/77 1231/1164/77 1232/208/77
f 1240/1165/78 1216/192/78 1215/190/78 1239/1163/78
f 1241/209/77 1240/1165/77 1232/208/77 1233/210/77
f 1241/209/78 1217/194/78 1216/192/78 1240/1165/78
f 1242/1166/77 1241/209/77 1233/210/77 1234/212/77
f 1242/1166/78 1218/196/78 1217/194/78 1241/209/78
f 1243/213/82 1227/198/82 1154/132/82 1170/140/82
f 1244/214/82 1228/200/82 1227/198/82 1243/213/82
f 1245/215/82 1229/202/82 1228/200/82 1244/214/82
f 1246/216/82 1230/204/82 1229/202/82 1245/215/82
f 1247/217/82 1231/1164/82 1230/204/82 1246/216/82
f 1248/218/82 1232/208/82 1231/1164/82 1247/217/82
f 1249/219/82 1233/210/82 1232/208/82 1248/218/82
f 1250/220/82 1234/212/82 1233/210/82 1249/219/82
f 1251/221/86 1243/213/86 1170/140/86 1178/148/86
f 1252/222/86 1244/214/86 1243/213/86 1251/221/86
f 1253/223/86 1245/215/86 1244/214/86 1252/222/86
f 1254/224/86 1246/216/86 1245/215/86 1253/223/86
f 1255/225/86 1247/217/86 1246/216/86 1254/224/86
f 1256/226/86 1248/218/86 1247/217/86 1255/225/86
f 1257/227/86 1249/219/86 1248/218/86 1256/226/86
f 1258/228/86 1250/220/86 1249/219/86 1257/227/86
f 1259/229/90 1251/221/90 1178/148/90 1186/1141/90
f 1260/1167/90 1252/222/90 1251/221/90 1259/229/90
f 1261/1168/90 1253/223/90 1252/222/90 1260/1167/90
f 1262/1169/90 1254/224/90 1253/223/90 1261/1168/90
f 1263/233/90 1255/225/90 1254/224/90 1262/1169/90
f 1264/1170/90 1256/226/90 1255/225/90 1263/233/90
f 1265/235/90 1257/227/90 1256/226/90 1264/1170/90
f 1266/1171/90 1258/228/90 1257/227/90 1265/235/90
f 1194/1147/92 1267/1172/92 1259/229/92 1186/1141/92
f 1267/1172/92 1268/1173/92 1260/1167/92 1259/229/92
f 1268/1173/92 1269/1174/92 1261/1168/92 1260/1167/92
f 1269/1174/92 1270/240/92 1262/1169/92 1261/1168/92
f 1270/240/92 1271/1175/92 1263/233/92 1262/1169/92
f 1271/1175/92 1272/1176/92 1264/1170/92 1263/233/92
f 1272/1176/92 1273/243/92 1265/235/92 1264/1170/92
f 1273/243/92 1274/1177/92 1266/1171/92 1265/235/92
f 1275/245/94 1267/1172/94 1194/1147/94 1202/1149/94
f 1276/246/94 1268/1173/94 1267/1172/94 1275/245/94
f 1277/247/94 1269/1174/94 1268/1173/94 1276/246/94
f 1278/248/94 1270/240/94 1269/1174/94 1277/247/94
f 1279/249/94 1271/1175/94 1270/240/94 1278/248/94
f 1280/250/94 1272/1176/94 1271/1175/94 1279/249/94
f 1281/251/94 1273/243/94 1272/1176/94 1280/250/94
f 1282/252/94 1274/1177/94 1273/243/94 1281/251/94
f 1210/1153/98 1283/253/98 1275/245/98 1202/1149/98
f 1283/253/98 1284/1178/98 1276/246/98 1275/245/98
f 1284/1178/98 1285/1179/98 1277/247/98 1276/246/98
f 1285/1179/98 1286/1180/98 1278/248/98 1277/247/98
f 1286/1180/98 1287/1181/98 1279/249/98 1278/248/98
f 1287/1181/98 1288/1182/98 1280/250/98 1279/249/98
f 1288/1182/98 1289/259/98 1281/251/98 1280/250/98
f 1289/259/98 1290/260/98 1282/252/98 1281/251/98
f 344/342/609 1292/1183/609 1291/1184/609 343/343/609
f 345/344/3 1293/1185/3 1292/1183/3 344/342/3
f 1292/1183/610 1302/1186/610 1294/1187/610 1291/1184/610
f 1303/1188/74 1226/195/74 1218/196/74 1295/262/74
f 1304/263/74 1303/1188/74 1295/262/74 1296/264/74
f 1305/1189/74 1304/263/74 1296/264/74 1297/266/74
f 1306/1190/74 1305/1189/74 1297/266/74 1298/268/74
f 1307/1191/74 1306/1190/74 1298/268/74 1299/1192/74
f 1308/1193/611 1307/1191/611 1299/1192/611 1300/1194/611
f 1309/1195/612 1308/1193/612 1300/1194/612 1301/1196/612
f 1310/1197/613 1309/1195/613 1301/1196/613 1302/1186/613
f 1293/1185/3 1310/1197/3 1302/1186/3 1292/1183/3
f 1319/1198/77 1242/1166/77 1234/212/77 1311/1199/77
f 1319/1198/78 1295/262/78 1218/196/78 1242/1166/78
f 1320/1200/77 1319/1198/77 1311/1199/77 1312/280/77
f 1320/1200/78 1296/264/78 1295/262/78 1319/1198/78
f 1321/281/77 1320/1200/77 1312/280/77 1313/282/77
f 1321/281/78 1297/266/78 1296/264/78 1320/1200/78
f 1322/1201/77 1321/281/77 1313/282/77 1314/1202/77
f 1322/1201/78 1298/268/78 1297/266/78 1321/281/78
f 1323/1203/77 1322/1201/77 1314/1202/77 1315/1204/77
f 1323/1203/78 1299/1192/78 1298/268/78 1322/1201/78
f 1324/1205/614 1323/1203/614 1315/1204/614 1316/1206/614
f 1324/1205/78 1300/1194/78 1299/1192/78 1323/1203/78
f 1325/1207/615 1324/1205/615 1316/1206/615 1317/1208/615
f 1325/1207/616 1301/1196/616 1300/1194/616 1324/1205/616
f 1326/1209/617 1325/1207/617 1317/1208/617 1318/1210/617
f 1326/1209/618 1302/1186/618 1301/1196/618 1325/1207/618
f 1302/1186/619 1326/1209/619 1318/1210/619 1294/1187/619
f 1327/293/82 1311/1199/82 1234/212/82 1250/220/82
f 1328/294/82 1312/280/82 1311/1199/82 1327/293/82
f 1329/295/82 1313/282/82 1312/280/82 1328/294/82
f 1330/296/82 1314/1202/82 1313/282/82 1329/295/82
f 1331/297/82 1315/1204/82 1314/1202/82 1330/296/82
f 1332/1211/620 1316/1206/620 1315/1204/620 1331/297/620
f 1333/1212/621 1317/1208/621 1316/1206/621 1332/1211/621
f 1334/1213/622 1318/1210/622 1317/1208/622 1333/1212/622
f 1335/301/86 1327/293/86 1250/220/86 1258/228/86
f 1336/302/86 1328/294/86 1327/293/86 1335/301/86
f 1337/303/86 1329/295/86 1328/294/86 1336/302/86
f 1338/304/86 1330/296/86 1329/295/86 1337/303/86
f 1339/305/86 1331/297/86 1330/296/86 1338/304/86
f 1340/1214/86 1332/1211/86 1331/297/86 1339/305/86
f 1341/1215/623 1333/1212/623 1332/1211/623 1340/1214/623
f 1342/1216/624 1334/1213/624 1333/1212/624 1341/1215/624
f 1343/1217/90 1335/301/90 1258/228/90 1266/1171/90
f 1344/1218/90 1336/302/90 1335/301/90 1343/1217/90
f 1345/1219/90 1337/303/90 1336/302/90 1344/1218/90
f 1346/1220/90 1338/304/90 1337/303/90 1345/1219/90
f 1347/313/90 1339/305/90 1338/304/90 1346/1220/90
f 1348/1221/90 1340/1214/90 1339/305/90 1347/313/90
f 1349/1222/625 1341/1215/625 1340/1214/625 1348/1221/625
f 1350/1223/626 1342/1216/626 1341/1215/626 1349/1222/626
f 1274/1177/92 1351/1224/92 1343/1217/92 1266/1171/92
f 1351/1224/92 1352/318/92 1344/1218/92 1343/1217/92
f 1352/318/92 1353/319/92 1345/1219/92 1344/1218/92
f 1353/319/92 1354/1225/92 1346/1220/92 1345/1219/92
f 1354/1225/92 1355/1226/92 1347/313/92 1346/1220/92
f 1355/1226/92 1356/1227/92 1348/1221/92 1347/313/92
f 1356/1227/92 1357/1228/92 1349/1222/92 1348/1221/92
f 1357/1228/627 1358/1229/627 1350/1223/627 1349/1222/627
f 1359/325/94 1351/1224/94 1274/1177/94 1282/252/94
f 1360/326/94 1352/318/94 1351/1224/94 1359/325/94
f 1361/327/94 1353/319/94 1352/318/94 1360/326/94
f 1362/328/94 1354/1225/94 1353/319/94 1361/327/94
f 1363/1230/94 1355/1226/94 1354/1225/94 1362/328/94
f 1364/1231/94 1356/1227/94 1355/1226/94 1363/1230/94
f 1365/1232/94 1357/1228/94 1356/1227/94 1364/1231/94
f 1366/1233/94 1358/1229/94 1357/1228/94 1365/1232/94
f 1290/260/98 1367/334/98 1359/325/98 1282/252/98
f 1367/334/98 1368/335/98 1360/326/98 1359/325/98
f 1368/335/98 1369/336/98 1361/327/98 1360/326/98
f 1369/336/98 1370/337/98 1362/328/98 1361/327/98
f 1370/337/98 1371/1234/98 1363/1230/98 1362/328/98
f 1371/1234/98 1372/1235/98 1364/1231/98 1363/1230/98
f 1372/1235/628 1373/1236/628 1365/1232/628 1364/1231/628
f 1373/1236/629 1374/1237/629 1366/1233/629 1365/1232/629
f 1375/1238/86 418/418/86 343/343/86 1291/1184/86
f 1376/1239/86 419/419/86 418/418/86 1375/1238/86
f 1377/1240/86 420/420/86 419/419/86 1376/1239/86
f 1378/1241/86 421/421/86 420/420/86 1377/1240/86
f 1379/1242/86 422/422/86 421/421/86 1378/1241/86
f 1380/1243/86 423/423/86 422/422/86 1379/1242/86
f 1381/1244/86 424/424/86 423/423/86 1380/1243/86
f 1382/1245/86 425/425/86 424/424/86 1381/1244/86
f 1383/1246/86 1375/1238/86 1291/1184/86 1294/1187/86
f 1384/1247/86 1376/1239/86 1375/1238/86 1383/1246/86
f 1385/1248/86 1377/1240/86 1376/1239/86 1384/1247/86
f 1386/1249/86 1378/1241/86 1377/1240/86 1385/1248/86
f 1387/1250/86 1379/1242/86 1378/1241/86 1386/1249/86
f 1388/1251/86 1380/1243/86 1379/1242/86 1387/1250/86
f 1389/1252/86 1381/1244/86 1380/1243/86 1388/1251/86
f 1390/1253/86 1382/1245/86 1381/1244/86 1389/1252/86
f 1391/1254/630 1383/1246/630 1294/1187/630 1318/1210/630
f 1392/1255/86 1384/1247/86 1383/1246/86 1391/1254/86
f 1393/1256/86 1385/1248/86 1384/1247/86 1392/1255/86
f 1394/1257/86 1386/1249/86 1385/1248/86 1393/1256/86
f 1395/1258/86 1387/1250/86 1386/1249/86 1394/1257/86
f 1396/1259/86 1388/1251/86 1387/1250/86 1395/1258/86
f 1397/1260/86 1389/1252/86 1388/1251/86 1396/1259/86
f 1398/1261/86 1390/1253/86 1389/1252/86 1397/1260/86
f 1399/1262/631 1391/1254/631 1318/1210/631 1334/1213/631
f 1400/1263/632 1392/1255/632 1391/1254/632 1399/1262/632
f 1401/1264/86 1393/1256/86 1392/1255/86 1400/1263/86
f 1402/1265/86 1394/1257/86 1393/1256/86 1401/1264/86
f 1403/1266/86 1395/1258/86 1394/1257/86 1402/1265/86
f 1404/1267/86 1396/1259/86 1395/1258/86 1403/1266/86
f 1405/1268/86 1397/1260/86 1396/1259/86 1404/1267/86
f 1406/1269/86 1398/1261/86 1397/1260/86 1405/1268/86
f 1407/1270/633 1408/1271/633 1400/1263/633 1399/1262/633
f 1408/1271/634 1409/1272/634 1401/1264/634 1400/1263/634
f 1409/1272/635 1410/1273/635 1402/1265/635 1401/1264/635
f 1410/1273/636 1411/1274/636 1403/1266/636 1402/1265/636
f 1411/1274/637 1412/1275/637 1404/1267/637 1403/1266/637
f 1412/1275/638 1413/1276/638 1405/1268/638 1404/1267/638
f 1413/1276/639 1414/1277/639 1406/1269/639 1405/1268/639
f 1415/1278/397 1416/1279/397 1413/1276/397 1412/1275/397
f 1416/1279/397 1417/1280/397 1414/1277/397 1413/1276/397
f 1418/1281/640 1399/1262/640 1334/1213/640 1342/1216/640
f 1419/1282/641 1407/1270/641 1399/1262/641 1418/1281/641
f 1420/1283/397 1408/1271/397 1407/1270/397 1419/1282/397
f 1421/1284/642 1409/1272/642 1408/1271/642 1420/1283/642
f 1422/1285/643 1410/1273/643 1409/1272/643 1421/1284/643
f 1423/1286/644 1411/1274/644 1410/1273/644 1422/1285/644
f 1424/1287/397 1412/1275/397 1411/1274/397 1423/1286/397
f 1425/1288/645 1426/1289/645 1424/1287/645 1423/1286/645
f 1426/1289/397 1415/1278/397 1412/1275/397 1424/1287/397
f 1427/1290/646 1418/1281/646 1342/1216/646 1350/1223/646
f 1358/1229/647 1428/1291/647 1427/1290/647 1350/1223/647
f 1428/1291/648 1419/1282/648 1418/1281/648 1427/1290/648
f 1429/1292/649 1420/1283/649 1419/1282/649 1428/1291/649
f 1430/1293/650 1421/1284/650 1420/1283/650 1429/1292/650
f 1431/1294/651 1422/1285/651 1421/1284/651 1430/1293/651
f 1432/1295/652 1423/1286/652 1422/1285/652 1431/1294/652
f 1433/1296/653 1434/1297/653 1429/1292/653 1428/1291/653
f 1435/1298/654 1425/1288/654 1423/1286/654 1432/1295/654
f 1436/1299/655 1428/1291/655 1358/1229/655 1366/1233/655
f 1438/1300/656 1430/1293/656 1429/1292/656 1437/1301/656
f 1439/1302/657 1431/1294/657 1430/1293/657 1438/1300/657
f 1440/1303/658 1432/1295/658 1431/1294/658 1439/1302/658
f 1374/1237/659 1442/1304/659 1436/1299/659 1366/1233/659
f 1442/1304/660 1433/1296/660 1428/1291/660 1436/1299/660
f 1443/1305/661 1434/1297/661 1433/1296/661 1442/1304/661
f 1434/1297/662 1443/1305/662 1437/1301/662 1429/1292/662
f 1444/1306/663 1435/1298/663 1432/1295/663 1440/1303/663
f 1445/1307/664 1444/1306/664 1440/1303/664 1441/1308/664
f 1447/1309/665 1438/1300/665 1437/1301/665 1446/1310/665
f 1448/1311/666 1439/1302/666 1438/1300/666 1447/1309/666
f 1449/1312/667 1440/1303/667 1439/1302/667 1448/1311/667
f 1450/1313/668 1441/1308/668 1440/1303/668 1449/1312/668
f 1443/1305/669 1451/1314/669 1446/1310/669 1437/1301/669
f 1451/1314/670 1452/1315/670 1447/1309/670 1446/1310/670
f 1453/1316/671 1445/1307/671 1441/1308/671 1450/1313/671
f 1457/1317/672 478/475/672 477/476/672 1456/1318/672
f 478/475/673 1457/1317/673 1455/1319/673 476/477/673
f 1458/1320/86 479/479/86 425/425/86 1382/1245/86
f 1459/1321/86 480/480/86 479/479/86 1458/1320/86
f 1460/1322/674 481/481/674 480/480/674 1459/1321/674
f 1461/1323/675 482/482/675 481/481/675 1460/1322/675
f 1462/1324/676 483/483/676 482/482/676 1461/1323/676
f 1463/1325/677 484/484/677 483/483/677 1462/1324/677
f 1464/1326/678 485/485/678 484/484/678 1463/1325/678
f 485/485/679 1464/1326/679 1456/1318/679 477/476/679
f 1467/1327/680 1457/1317/680 1456/1318/680 1466/1328/680
f 1457/1317/681 1467/1327/681 1465/1329/681 1455/1319/681
f 1468/1330/86 1458/1320/86 1382/1245/86 1390/1253/86
f 1469/1331/86 1459/1321/86 1458/1320/86 1468/1330/86
f 1470/1332/682 1460/1322/682 1459/1321/682 1469/1331/682
f 1471/1333/683 1461/1323/683 1460/1322/683 1470/1332/683
f 1472/1334/684 1462/1324/684 1461/1323/684 1471/1333/684
f 1473/1335/684 1463/1325/684 1462/1324/684 1472/1334/684
f 1474/1336/685 1464/1326/685 1463/1325/685 1473/1335/685
f 1464/1326/686 1474/1336/686 1466/1328/686 1456/1318/686
f 1475/1337/687 1476/1338/687 1471/1333/687 1470/1332/687
f 1476/1338/688 1477/1339/688 1472/1334/688 1471/1333/688
f 1477/1339/689 1478/1340/689 1473/1335/689 1472/1334/689
f 1478/1340/690 1479/1341/690 1474/1336/690 1473/1335/690
f 1481/1342/691 1467/1327/691 1466/1328/691 1480/1343/691
f 1482/1344/86 1468/1330/86 1390/1253/86 1398/1261/86
f 1483/1345/86 1469/1331/86 1468/1330/86 1482/1344/86
f 1484/1346/692 1470/1332/692 1469/1331/692 1483/1345/692
f 1474/1336/693 1485/1347/693 1480/1343/693 1466/1328/693
f 1485/1347/694 1486/1348/694 1481/1342/694 1480/1343/694
f 1487/1349/695 1475/1337/695 1470/1332/695 1484/1346/695
f 1488/1350/696 1476/1338/696 1475/1337/696 1487/1349/696
f 1489/1351/697 1477/1339/697 1476/1338/697 1488/1350/697
f 1490/1352/698 1478/1340/698 1477/1339/698 1489/1351/698
f 1491/1353/699 1479/1341/699 1478/1340/699 1490/1352/699
f 1479/1341/700 1491/1353/700 1485/1347/700 1474/1336/700
f 1492/1354/701 1493/1355/701 1488/1350/701 1487/1349/701
f 1493/1355/702 1494/1356/702 1489/1351/702 1488/1350/702
f 1494/1356/702 1495/1357/702 1490/1352/702 1489/1351/702
f 1495/1357/703 1496/1358/703 1491/1353/703 1490/1352/703
f 1498/1359/86 1482/1344/86 1398/1261/86 1406/1269/86
f 1499/1360/86 1483/1345/86 1482/1344/86 1498/1359/86
f 1500/1361/704 1484/1346/704 1483/1345/704 1499/1360/704
f 1502/1362/705 1486/1348/705 1485/1347/705 1501/1363/705
f 1486/1348/706 1502/1362/706 1497/1364/706 1481/1342/706
f 1414/1277/707 1503/1365/707 1498/1359/707 1406/1269/707
f 1503/1365/708 1504/1366/708 1499/1360/708 1498/1359/708
f 1504/1366/709 1505/1367/709 1500/1361/709 1499/1360/709
f 1505/1367/179 1487/1349/179 1484/1346/179 1500/1361/179
f 1491/1353/710 1506/1368/710 1501/1363/710 1485/1347/710
f 1506/1368/711 1507/1369/711 1502/1362/711 1501/1363/711
f 1417/1280/397 1508/1370/397 1503/1365/397 1414/1277/397
f 1508/1370/397 1509/1371/397 1504/1366/397 1503/1365/397
f 1509/1371/712 1510/1372/712 1505/1367/712 1504/1366/712
f 1510/1372/713 1492/1354/713 1487/1349/713 1505/1367/713
f 1496/1358/714 1511/1373/714 1506/1368/714 1491/1353/714
f 1511/1373/715 1512/1374/715 1507/1369/715 1506/1368/715
f 1512/1374/716 1514/1375/716 1513/1376/716 1507/1369/716
f 1515/1377/717 547/547/717 476/477/717 1455/1319/717
f 1516/1378/718 548/548/718 547/547/718 1515/1377/718
f 1517/1379/86 549/549/86 548/548/86 1516/1378/86
f 1518/1380/719 550/550/719 549/549/719 1517/1379/719
f 1519/1381/720 551/551/720 550/550/720 1518/1380/720
f 1520/1382/721 552/552/721 551/551/721 1519/1381/721
f 1521/1383/722 553/553/722 552/552/722 1520/1382/722
f 1522/1384/723 554/554/723 553/553/723 1521/1383/723
f 1523/1385/724 555/555/724 554/554/724 1522/1384/724
f 1524/1386/725 556/556/725 555/555/725 1523/1385/725
f 1525/1387/726 557/557/726 556/556/726 1524/1386/726
f 1526/1388/727 1515/1377/727 1455/1319/727 1465/1329/727
f 1527/1389/728 1516/1378/728 1515/1377/728 1526/1388/728
f 1528/1390/729 1517/1379/729 1516/1378/729 1527/1389/729
f 1529/1391/730 1518/1380/730 1517/1379/730 1528/1390/730
f 1530/1392/731 1519/1381/731 1518/1380/731 1529/1391/731
f 1467/1327/732 1531/1393/732 1526/1388/732 1465/1329/732
f 1532/1394/733 1533/1395/733 1530/1392/733 1529/1391/733
f 1533/1395/734 1520/1382/734 1519/1381/734 1530/1392/734
f 1534/1396/735 1521/1383/735 1520/1382/735 1533/1395/735
f 1535/1397/736 1522/1384/736 1521/1383/736 1534/1396/736
f 1536/1398/737 1523/1385/737 1522/1384/737 1535/1397/737
f 1537/1399/738 1538/1400/738 1536/1398/738 1535/1397/738
f 1538/1400/739 1524/1386/739 1523/1385/739 1536/1398/739
f 1539/1401/740 1525/1387/740 1524/1386/740 1538/1400/740
f 1541/1402/741 1527/1389/741 1526/1388/741 1540/1403/741
f 1542/1404/742 1528/1390/742 1527/1389/742 1541/1402/742
f 1543/1405/743 1529/1391/743 1528/1390/743 1542/1404/743
f 1544/1406/744 1531/1393/744 1467/1327/744 1481/1342/744
f 1531/1393/745 1544/1406/745 1540/1403/745 1526/1388/745
f 1544/1406/746 1545/1407/746 1541/1402/746 1540/1403/746
f 1545/1407/747 1546/1408/747 1542/1404/747 1541/1402/747
f 1546/1408/748 1547/1409/748 1543/1405/748 1542/1404/748
f 1547/1409/749 1532/1394/749 1529/1391/749 1543/1405/749
f 1548/1410/750 1533/1395/750 1532/1394/750 1547/1409/750
f 1549/1411/751 1534/1396/751 1533/1395/751 1548/1410/751
f 1550/1412/752 1551/1413/752 1549/1411/752 1548/1410/752
f 1551/1413/753 1535/1397/753 1534/1396/753 1549/1411/753
f 1552/1414/754 1537/1399/754 1535/1397/754 1551/1413/754
f 1553/1415/755 1538/1400/755 1537/1399/755 1552/1414/755
f 1554/1416/756 1555/1417/756 1553/1415/756 1552/1414/756
f 1555/1417/757 1539/1401/757 1538/1400/757 1553/1415/757
f 1556/1418/758 1544/1406/758 1481/1342/758 1497/1364/758
f 1557/1419/759 1545/1407/759 1544/1406/759 1556/1418/759
f 1558/1420/760 1546/1408/760 1545/1407/760 1557/1419/760
f 1559/1421/761 1547/1409/761 1546/1408/761 1558/1420/761
f 1560/1422/762 1548/1410/762 1547/1409/762 1559/1421/762
f 1502/1362/763 1561/1423/763 1556/1418/763 1497/1364/763
f 1561/1423/764 1562/1424/764 1557/1419/764 1556/1418/764
f 1562/1424/765 1563/1425/765 1558/1420/765 1557/1419/765
f 1563/1425/766 1564/1426/766 1559/1421/766 1558/1420/766
f 1564/1426/767 1565/1427/767 1560/1422/767 1559/1421/767
f 1565/1427/768 1550/1412/768 1548/1410/768 1560/1422/768
f 1566/1428/769 1551/1413/769 1550/1412/769 1565/1427/769
f 1507/1369/770 1567/1429/770 1561/1423/770 1502/1362/770
f 1568/1430/771 1569/1431/771 1565/1427/771 1564/1426/771
f 1569/1431/772 1570/1432/772 1566/1428/772 1565/1427/772
f 1570/1432/773 1552/1414/773 1551/1413/773 1566/1428/773
f 1571/1433/774 1572/1434/774 1570/1432/774 1569/1431/774
f 1572/1434/775 1554/1416/775 1552/1414/775 1570/1432/775
f 1574/1435/776 1562/1424/776 1561/1423/776 1573/1436/776
f 1575/1437/777 1563/1425/777 1562/1424/777 1574/1435/777
f 1576/1438/778 1564/1426/778 1563/1425/778 1575/1437/778
f 1577/1439/779 1567/1429/779 1507/1369/779 1513/1376/779
f 1567/1429/780 1577/1439/780 1573/1436/780 1561/1423/780
f 1577/1439/781 1578/1440/781 1574/1435/781 1573/1436/781
f 1578/1440/782 1579/1441/782 1575/1437/782 1574/1435/782
f 1579/1441/783 1580/1442/783 1576/1438/783 1575/1437/783
f 1580/1442/784 1568/1430/784 1564/1426/784 1576/1438/784
f 1581/1443/785 1569/1431/785 1568/1430/785 1580/1442/785
f 1514/1375/786 1582/1444/786 1577/1439/786 1513/1376/786
f 1582/1444/787 1583/1445/787 1578/1440/787 1577/1439/787
f 1583/1445/788 1584/1446/788 1579/1441/788 1578/1440/788
f 1584/1446/789 1585/1447/789 1580/1442/789 1579/1441/789
f 1585/1447/790 1586/1448/790 1581/1443/790 1580/1442/790
f 1586/1448/791 1571/1433/791 1569/1431/791 1581/1443/791
f 1588/1449/792 1448/1311/792 1447/1309/792 1587/1450/792
f 1589/1451/793 1449/1312/793 1448/1311/793 1588/1449/793
f 1590/1452/794 1450/1313/794 1449/1312/794 1589/1451/794
f 1593/1453/795 1452/1315/795 1451/1314/795 1592/1454/795
f 1452/1315/796 1593/1453/796 1587/1450/796 1447/1309/796
f 1594/1455/797 1453/1316/797 1450/1313/797 1590/1452/797
f 1595/1456/798 1594/1455/798 1590/1452/798 1591/1457/798
f 1595/1456/799 1454/1458/799 1453/1316/799 1594/1455/799
f 1597/1459/800 1588/1449/800 1587/1450/800 1596/1460/800
f 1598/1461/801 1589/1451/801 1588/1449/801 1597/1459/801
f 1599/1462/802 1590/1452/802 1589/1451/802 1598/1461/802
f 1600/1463/803 1591/1457/803 1590/1452/803 1599/1462/803
f 1593/1453/804 1601/1464/804 1596/1460/804 1587/1450/804
f 1601/1464/805 1602/1465/805 1597/1459/805 1596/1460/805
f 1603/1466/806 1595/1456/806 1591/1457/806 1600/1463/806
f 1606/1467/807 1598/1461/807 1597/1459/807 1605/1468/807
f 1607/1469/808 1599/1462/808 1598/1461/808 1606/1467/808
f 1608/1470/809 1600/1463/809 1599/1462/809 1607/1469/809
f 1602/1465/810 1610/1471/810 1605/1468/810 1597/1459/810
f 1610/1471/811 1611/1472/811 1606/1467/811 1605/1468/811
f 1612/1473/812 1603/1466/812 1600/1463/812 1608/1470/812
f 1613/1474/813 1612/1473/813 1608/1470/813 1609/1475/813
f 1613/1474/814 1604/1476/814 1603/1466/814 1612/1473/814
f 1615/1477/815 1607/1469/815 1606/1467/815 1614/1478/815
f 1616/1479/816 1608/1470/816 1607/1469/816 1615/1477/816
f 1617/1480/817 1609/1475/817 1608/1470/817 1616/1479/817
f 1619/1481/818 1611/1472/818 1610/1471/818 1618/1482/818
f 1611/1472/819 1619/1481/819 1614/1478/819 1606/1467/819
f 1620/1483/820 1613/1474/820 1609/1475/820 1617/1480/820
f 1622/1484/821 1615/1477/821 1614/1478/821 1621/1485/821
f 1623/1486/822 1616/1479/822 1615/1477/822 1622/1484/822
f 1624/1487/823 1617/1480/823 1616/1479/823 1623/1486/823
f 1619/1481/824 1625/1488/824 1621/1485/824 1614/1478/824
f 1625/1488/825 1626/1489/825 1622/1484/825 1621/1485/825
f 1628/1490/826 1623/1486/826 1622/1484/826 1627/1491/826
f 1629/1492/827 1624/1487/827 1623/1486/827 1628/1490/827
f 1631/1493/828 1626/1489/828 1625/1488/828 1630/1494/828
f 1626/1489/829 1631/1493/829 1627/1491/829 1622/1484/829
f 1633/1495/830 1628/1490/830 1627/1491/830 1632/1496/830
f 1634/1497/831 1629/1492/831 1628/1490/831 1633/1495/831
f 1631/1493/832 1635/1498/832 1632/1496/832 1627/1491/832
f 1635/1498/833 1636/1499/833 1633/1495/833 1632/1496/833
f 1638/1500/834 1634/1497/834 1633/1495/834 1637/1501/834
f 1636/1499/835 1639/1502/835 1637/1501/835 1633/1495/835
f 1641/1503/836 1620/1483/836 1617/1480/836 1640/1504/836
f 1642/1505/837 1640/1504/837 1617/1480/837 1624/1487/837
f 1643/1506/838 1641/1503/838 1640/1504/838 1642/1505/838
f 1645/1507/839 1642/1505/839 1624/1487/839 1629/1492/839
f 1647/1508/840 1643/1506/840 1642/1505/840 1645/1507/840
f 1648/1509/841 1647/1508/841 1645/1507/841 1646/1510/841
f 1648/1509/842 1644/1511/842 1643/1506/842 1647/1508/842
f 1649/1512/843 1645/1507/843 1629/1492/843 1634/1497/843
f 1650/1513/844 1646/1510/844 1645/1507/844 1649/1512/844
f 1651/1514/845 1648/1509/845 1646/1510/845 1650/1513/845
f 1653/1515/846 1649/1512/846 1634/1497/846 1638/1500/846
f 1654/1516/847 1650/1513/847 1649/1512/847 1653/1515/847
f 1656/1517/848 1651/1514/848 1650/1513/848 1654/1516/848
f 1657/1518/849 1656/1517/849 1654/1516/849 1655/1519/849
f 1657/1518/799 1652/1520/799 1651/1514/799 1656/1517/799
f 1659/1521/850 1638/1500/850 1637/1501/850 1658/1522/850
f 1639/1502/851 1660/1523/851 1658/1522/851 1637/1501/851
f 1660/1523/852 1661/1524/852 1659/1521/852 1658/1522/852
f 1661/1524/853 1663/1525/853 1662/1526/853 1659/1521/853
f 1664/1527/854 1653/1515/854 1638/1500/854 1659/1521/854
f 1665/1528/855 1654/1516/855 1653/1515/855 1664/1527/855
f 1666/1529/856 1655/1519/856 1654/1516/856 1665/1528/856
f 1667/1530/857 1668/1531/857 1665/1528/857 1664/1527/857
f 1668/1531/858 1669/1532/858 1666/1529/858 1665/1528/858
f 1669/1532/859 1657/1518/859 1655/1519/859 1666/1529/859
f 1670/1533/860 1664/1527/860 1659/1521/860 1662/1526/860
f 1663/1525/861 1671/1534/861 1670/1533/861 1662/1526/861
f 1671/1534/862 1667/1530/862 1664/1527/862 1670/1533/862
f 1672/1535/3 1674/559/3 1119/2/3 1116/1/3
f 1673/1536/271 1675/561/271 1674/559/271 1672/1535/271
f 1674/559/3 1677/562/3 1122/8/3 1119/2/3
f 1675/561/3 1678/563/3 1677/562/3 1674/559/3
f 1676/1537/272 1679/565/272 1678/563/272 1675/561/272
f 1677/562/3 1680/566/3 1125/11/3 1122/8/3
f 1678/563/3 1681/567/3 1680/566/3 1677/562/3
f 1679/565/3 1682/568/3 1681/567/3 1678/563/3
f 1680/566/3 1683/569/3 1128/14/3 1125/11/3
f 1681/567/3 1684/1538/3 1683/569/3 1680/566/3
f 1682/568/273 1685/571/273 1684/1538/273 1681/567/273
f 1683/569/3 1686/1539/3 1130/1120/3 1128/14/3
f 1684/1538/274 1687/1540/274 1686/1539/274 1683/569/274
f 1688/659/369 1672/1535/369 1116/1/369 1139/101/369
f 1689/660/370 1688/659/370 1139/101/370 1140/103/370
f 1690/661/371 1689/660/371 1140/103/371 1141/105/371
f 1691/662/155 1690/661/155 1141/105/155 1142/1123/155
f 1692/1541/155 1691/662/155 1142/1123/155 1143/1124/155
f 1693/1542/155 1692/1541/155 1143/1124/155 1144/111/155
f 1694/1543/155 1693/1542/155 1144/111/155 1145/113/155
f 1695/666/155 1694/1543/155 1145/113/155 1146/1125/155
f 1696/1544/372 1673/1536/372 1672/1535/372 1688/659/372
f 1697/1545/373 1696/1544/373 1688/659/373 1689/660/373
f 1698/669/374 1697/1545/374 1689/660/374 1690/661/374
f 1699/670/375 1698/669/375 1690/661/375 1691/662/375
f 1700/671/375 1699/670/375 1691/662/375 1692/1541/375
f 1701/672/375 1700/671/375 1692/1541/375 1693/1542/375
f 1702/673/375 1701/672/375 1693/1542/375 1694/1543/375
f 1703/674/375 1702/673/375 1694/1543/375 1695/666/375
f 1696/1544/376 1704/1546/376 1675/561/376 1673/1536/376
f 1697/1545/377 1705/1547/377 1704/1546/377 1696/1544/377
f 1698/669/377 1706/1548/377 1705/1547/377 1697/1545/377
f 1699/670/377 1707/1549/377 1706/1548/377 1698/669/377
f 1700/671/377 1708/1550/377 1707/1549/377 1699/670/377
f 1701/672/377 1709/1551/377 1708/1550/377 1700/671/377
f 1702/673/377 1710/1552/377 1709/1551/377 1701/672/377
f 1703/674/377 1711/1553/377 1710/1552/377 1702/673/377
f 1712/1554/378 1676/1537/378 1675/561/378 1704/1546/378
f 1713/1555/379 1712/1554/379 1704/1546/379 1705/1547/379
f 1714/1556/379 1713/1555/379 1705/1547/379 1706/1548/379
f 1715/686/379 1714/1556/379 1706/1548/379 1707/1549/379
f 1716/1557/379 1715/686/379 1707/1549/379 1708/1550/379
f 1717/1558/379 1716/1557/379 1708/1550/379 1709/1551/379
f 1718/1559/379 1717/1558/379 1709/1551/379 1710/1552/379
f 1719/1560/379 1718/1559/379 1710/1552/379 1711/1553/379
f 1712/1554/380 1720/691/380 1679/565/380 1676/1537/380
f 1713/1555/381 1721/692/381 1720/691/381 1712/1554/381
f 1714/1556/382 1722/693/382 1721/692/382 1713/1555/382
f 1715/686/383 1723/694/383 1722/693/383 1714/1556/383
f 1716/1557/383 1724/695/383 1723/694/383 1715/686/383
f 1717/1558/383 1725/696/383 1724/695/383 1716/1557/383
f 1718/1559/383 1726/697/383 1725/696/383 1717/1558/383
f 1719/1560/383 1727/698/383 1726/697/383 1718/1559/383
f 1720/691/384 1728/699/384 1682/568/384 1679/565/384
f 1721/692/385 1729/700/385 1728/699/385 1720/691/385
f 1722/693/386 1730/701/386 1729/700/386 1721/692/386
f 1723/694/387 1731/702/387 1730/701/387 1722/693/387
f 1724/695/387 1732/703/387 1731/702/387 1723/694/387
f 1725/696/387 1733/704/387 1732/703/387 1724/695/387
f 1726/697/387 1734/705/387 1733/704/387 1725/696/387
f 1727/698/387 1735/706/387 1734/705/387 1726/697/387
f 1685/571/388 1744/1561/388 1736/1562/388 1684/1538/388
f 1728/699/389 1744/1561/389 1685/571/389 1682/568/389
f 1744/1561/390 1745/1563/390 1737/1564/390 1736/1562/390
f 1729/700/391 1745/1563/391 1744/1561/391 1728/699/391
f 1745/1563/390 1746/1565/390 1738/1566/390 1737/1564/390
f 1730/701/392 1746/1565/392 1745/1563/392 1729/700/392
f 1746/1565/390 1747/1567/390 1739/1568/390 1738/1566/390
f 1731/702/393 1747/1567/393 1746/1565/393 1730/701/393
f 1747/1567/390 1748/715/390 1740/1569/390 1739/1568/390
f 1732/703/393 1748/715/393 1747/1567/393 1731/702/393
f 1748/715/390 1749/717/390 1741/1570/390 1740/1569/390
f 1733/704/393 1749/717/393 1748/715/393 1732/703/393
f 1749/717/390 1750/1571/390 1742/720/390 1741/1570/390
f 1734/705/393 1750/1571/393 1749/717/393 1733/704/393
f 1750/1571/390 1751/1572/390 1743/1573/390 1742/720/390
f 1735/706/393 1751/1572/393 1750/1571/393 1734/705/393
f 1686/1539/394 1752/723/394 1203/173/394 1130/1120/394
f 1752/723/395 1753/724/395 1204/174/395 1203/173/395
f 1753/724/396 1754/725/396 1205/175/396 1204/174/396
f 1754/725/397 1755/1574/397 1206/176/397 1205/175/397
f 1755/1574/397 1756/1575/397 1207/1150/397 1206/176/397
f 1756/1575/397 1757/728/397 1208/1151/397 1207/1150/397
f 1757/728/397 1758/729/397 1209/1152/397 1208/1151/397
f 1758/729/397 1759/1576/397 1210/1153/397 1209/1152/397
f 1687/1540/398 1760/731/398 1752/723/398 1686/1539/398
f 1736/1562/399 1760/731/399 1687/1540/399 1684/1538/399
f 1760/731/400 1761/732/400 1753/724/400 1752/723/400
f 1737/1564/401 1761/732/401 1760/731/401 1736/1562/401
f 1761/732/402 1762/733/402 1754/725/402 1753/724/402
f 1738/1566/401 1762/733/401 1761/732/401 1737/1564/401
f 1762/733/403 1763/734/403 1755/1574/403 1754/725/403
f 1739/1568/401 1763/734/401 1762/733/401 1738/1566/401
f 1763/734/403 1764/735/403 1756/1575/403 1755/1574/403
f 1740/1569/401 1764/735/401 1763/734/401 1739/1568/401
f 1764/735/403 1765/736/403 1757/728/403 1756/1575/403
f 1741/1570/401 1765/736/401 1764/735/401 1740/1569/401
f 1765/736/403 1766/737/403 1758/729/403 1757/728/403
f 1742/720/401 1766/737/401 1765/736/401 1741/1570/401
f 1766/737/403 1767/738/403 1759/1576/403 1758/729/403
f 1743/1573/401 1767/738/401 1766/737/401 1742/720/401
f 1768/739/155 1695/666/155 1146/1125/155 1219/1154/155
f 1769/1577/155 1768/739/155 1219/1154/155 1220/1155/155
f 1770/1578/155 1769/1577/155 1220/1155/155 1221/1156/155
f 1771/1579/155 1770/1578/155 1221/1156/155 1222/187/155
f 1772/1580/155 1771/1579/155 1222/187/155 1223/1158/155
f 1773/1581/155 1772/1580/155 1223/1158/155 1224/1159/155
f 1774/745/155 1773/1581/155 1224/1159/155 1225/193/155
f 1775/746/155 1774/745/155 1225/193/155 1226/195/155
f 1776/747/375 1703/674/375 1695/666/375 1768/739/375
f 1777/748/375 1776/747/375 1768/739/375 1769/1577/375
f 1778/749/375 1777/748/375 1769/1577/375 1770/1578/375
f 1779/1582/375 1778/749/375 1770/1578/375 1771/1579/375
f 1780/751/375 1779/1582/375 1771/1579/375 1772/1580/375
f 1781/752/375 1780/751/375 1772/1580/375 1773/1581/375
f 1782/753/375 1781/752/375 1773/1581/375 1774/745/375
f 1783/754/375 1782/753/375 1774/745/375 1775/746/375
f 1776/747/377 1784/1583/377 1711/1553/377 1703/674/377
f 1777/748/377 1785/1584/377 1784/1583/377 1776/747/377
f 1778/749/377 1786/1585/377 1785/1584/377 1777/748/377
f 1779/1582/377 1787/1586/377 1786/1585/377 1778/749/377
f 1780/751/377 1788/1587/377 1787/1586/377 1779/1582/377
f 1781/752/377 1789/1588/377 1788/1587/377 1780/751/377
f 1782/753/377 1790/761/377 1789/1588/377 1781/752/377
f 1783/754/377 1791/1589/377 1790/761/377 1782/753/377
f 1792/763/379 1719/1560/379 1711/1553/379 1784/1583/379
f 1793/1590/379 1792/763/379 1784/1583/379 1785/1584/379
f 1794/1591/379 1793/1590/379 1785/1584/379 1786/1585/379
f 1795/1592/379 1794/1591/379 1786/1585/379 1787/1586/379
f 1796/1593/379 1795/1592/379 1787/1586/379 1788/1587/379
f 1797/1594/379 1796/1593/379 1788/1587/379 1789/1588/379
f 1798/1595/379 1797/1594/379 1789/1588/379 1790/761/379
f 1799/1596/379 1798/1595/379 1790/761/379 1791/1589/379
f 1792/763/383 1800/771/383 1727/698/383 1719/1560/383
f 1793/1590/383 1801/772/383 1800/771/383 1792/763/383
f 1794/1591/383 1802/773/383 1801/772/383 1793/1590/383
f 1795/1592/383 1803/774/383 1802/773/383 1794/1591/383
f 1796/1593/383 1804/775/383 1803/774/383 1795/1592/383
f 1797/1594/383 1805/776/383 1804/775/383 1796/1593/383
f 1798/1595/383 1806/777/383 1805/776/383 1797/1594/383
f 1799/1596/383 1807/778/383 1806/777/383 1798/1595/383
f 1800/771/387 1808/779/387 1735/706/387 1727/698/387
f 1801/772/387 1809/780/387 1808/779/387 1800/771/387
f 1802/773/387 1810/781/387 1809/780/387 1801/772/387
f 1803/774/387 1811/782/387 1810/781/387 1802/773/387
f 1804/775/387 1812/783/387 1811/782/387 1803/774/387
f 1805/776/387 1813/784/387 1812/783/387 1804/775/387
f 1806/777/387 1814/785/387 1813/784/387 1805/776/387
f 1807/778/387 1815/786/387 1814/785/387 1806/777/387
f 1751/1572/390 1824/787/390 1816/1597/390 1743/1573/390
f 1808/779/393 1824/787/393 1751/1572/393 1735/706/393
f 1824/787/390 1825/789/390 1817/1598/390 1816/1597/390
f 1809/780/393 1825/789/393 1824/787/393 1808/779/393
f 1825/789/390 1826/1599/390 1818/1600/390 1817/1598/390
f 1810/781/393 1826/1599/393 1825/789/393 1809/780/393
f 1826/1599/390 1827/1601/390 1819/1602/390 1818/1600/390
f 1811/782/393 1827/1601/393 1826/1599/393 1810/781/393
f 1827/1601/390 1828/795/390 1820/1603/390 1819/1602/390
f 1812/783/393 1828/795/393 1827/1601/393 1811/782/393
f 1828/795/390 1829/1604/390 1821/1605/390 1820/1603/390
f 1813/784/393 1829/1604/393 1828/795/393 1812/783/393
f 1829/1604/390 1830/1606/390 1822/1607/390 1821/1605/390
f 1814/785/393 1830/1606/393 1829/1604/393 1813/784/393
f 1830/1606/390 1831/801/390 1823/1608/390 1822/1607/390
f 1815/786/393 1831/801/393 1830/1606/393 1814/785/393
f 1759/1576/397 1832/1609/397 1283/253/397 1210/1153/397
f 1832/1609/397 1833/1610/397 1284/1178/397 1283/253/397
f 1833/1610/397 1834/1611/397 1285/1179/397 1284/1178/397
f 1834/1611/397 1835/806/397 1286/1180/397 1285/1179/397
f 1835/806/397 1836/1612/397 1287/1181/397 1286/1180/397
f 1836/1612/397 1837/1613/397 1288/1182/397 1287/1181/397
f 1837/1613/397 1838/809/397 1289/259/397 1288/1182/397
f 1838/809/397 1839/810/397 1290/260/397 1289/259/397
f 1767/738/403 1840/811/403 1832/1609/403 1759/1576/403
f 1816/1597/401 1840/811/401 1767/738/401 1743/1573/401
f 1840/811/403 1841/812/403 1833/1610/403 1832/1609/403
f 1817/1598/401 1841/812/401 1840/811/401 1816/1597/401
f 1841/812/403 1842/813/403 1834/1611/403 1833/1610/403
f 1818/1600/401 1842/813/401 1841/812/401 1817/1598/401
f 1842/813/403 1843/814/403 1835/806/403 1834/1611/403
f 1819/1602/401 1843/814/401 1842/813/401 1818/1600/401
f 1843/814/403 1844/815/403 1836/1612/403 1835/806/403
f 1820/1603/401 1844/815/401 1843/814/401 1819/1602/401
f 1844/815/403 1845/816/403 1837/1613/403 1836/1612/403
f 1821/1605/401 1845/816/401 1844/815/401 1820/1603/401
f 1845/816/403 1846/817/403 1838/809/403 1837/1613/403
f 1822/1607/401 1846/817/401 1845/816/401 1821/1605/401
f 1846/817/403 1847/818/403 1839/810/403 1838/809/403
f 1823/1608/401 1847/818/401 1846/817/401 1822/1607/401
f 900/900/3 1848/1614/3 1293/1185/3 345/344/3
f 901/901/3 1849/1615/3 1848/1614/3 900/900/3
f 902/902/863 1850/1616/863 1849/1615/863 901/901/863
f 1851/1617/155 1775/746/155 1226/195/155 1303/1188/155
f 1852/1618/155 1851/1617/155 1303/1188/155 1304/263/155
f 1853/821/155 1852/1618/155 1304/263/155 1305/1189/155
f 1854/822/155 1853/821/155 1305/1189/155 1306/1190/155
f 1855/1619/155 1854/822/155 1306/1190/155 1307/1191/155
f 1856/1620/864 1855/1619/864 1307/1191/864 1308/1193/864
f 1857/1621/865 1856/1620/865 1308/1193/865 1309/1195/865
f 1858/1622/866 1857/1621/866 1309/1195/866 1310/1197/866
f 1848/1614/3 1858/1622/3 1310/1197/3 1293/1185/3
f 1859/827/375 1783/754/375 1775/746/375 1851/1617/375
f 1860/1623/375 1859/827/375 1851/1617/375 1852/1618/375
f 1861/829/375 1860/1623/375 1852/1618/375 1853/821/375
f 1862/830/375 1861/829/375 1853/821/375 1854/822/375
f 1863/1624/375 1862/830/375 1854/822/375 1855/1619/375
f 1864/1625/867 1863/1624/867 1855/1619/867 1856/1620/867
f 1865/1626/868 1864/1625/868 1856/1620/868 1857/1621/868
f 1866/1627/869 1865/1626/869 1857/1621/869 1858/1622/869
f 1849/1615/3 1866/1627/3 1858/1622/3 1848/1614/3
f 1850/1616/870 1867/1628/870 1866/1627/870 1849/1615/870
f 1859/827/377 1868/1629/377 1791/1589/377 1783/754/377
f 1860/1623/377 1869/836/377 1868/1629/377 1859/827/377
f 1861/829/377 1870/1630/377 1869/836/377 1860/1623/377
f 1862/830/377 1871/1631/377 1870/1630/377 1861/829/377
f 1863/1624/377 1872/1632/377 1871/1631/377 1862/830/377
f 1864/1625/377 1873/1633/377 1872/1632/377 1863/1624/377
f 1865/1626/871 1874/1634/871 1873/1633/871 1864/1625/871
f 1866/1627/872 1875/1635/872 1874/1634/872 1865/1626/872
f 1876/1636/379 1799/1596/379 1791/1589/379 1868/1629/379
f 1877/1637/379 1876/1636/379 1868/1629/379 1869/836/379
f 1878/1638/379 1877/1637/379 1869/836/379 1870/1630/379
f 1879/1639/379 1878/1638/379 1870/1630/379 1871/1631/379
f 1880/847/379 1879/1639/379 1871/1631/379 1872/1632/379
f 1881/1640/873 1880/847/873 1872/1632/873 1873/1633/873
f 1882/1641/874 1881/1640/874 1873/1633/874 1874/1634/874
f 1883/1642/875 1882/1641/875 1874/1634/875 1875/1635/875
f 1867/1628/876 1883/1642/876 1875/1635/876 1866/1627/876
f 1876/1636/383 1884/851/383 1807/778/383 1799/1596/383
f 1877/1637/383 1885/852/383 1884/851/383 1876/1636/383
f 1878/1638/383 1886/853/383 1885/852/383 1877/1637/383
f 1879/1639/383 1887/854/383 1886/853/383 1878/1638/383
f 1880/847/383 1888/855/383 1887/854/383 1879/1639/383
f 1881/1640/877 1889/1643/877 1888/855/877 1880/847/877
f 1882/1641/878 1890/1644/878 1889/1643/878 1881/1640/878
f 1883/1642/879 1891/1645/879 1890/1644/879 1882/1641/879
f 1884/851/387 1892/859/387 1815/786/387 1807/778/387
f 1885/852/387 1893/860/387 1892/859/387 1884/851/387
f 1886/853/387 1894/861/387 1893/860/387 1885/852/387
f 1887/854/387 1895/862/387 1894/861/387 1886/853/387
f 1888/855/387 1896/863/387 1895/862/387 1887/854/387
f 1889/1643/387 1897/1646/387 1896/863/387 1888/855/387
f 1890/1644/880 1898/1647/880 1897/1646/880 1889/1643/880
f 1891/1645/881 1899/1648/881 1898/1647/881 1890/1644/881
f 1831/801/390 1908/1649/390 1900/1650/390 1823/1608/390
f 1892/859/393 1908/1649/393 1831/801/393 1815/786/393
f 1908/1649/390 1909/869/390 1901/1651/390 1900/1650/390
f 1893/860/393 1909/869/393 1908/1649/393 1892/859/393
f 1909/869/390 1910/871/390 1902/1652/390 1901/1651/390
f 1894/861/393 1910/871/393 1909/869/393 1893/860/393
f 1910/871/390 1911/1653/390 1903/1654/390 1902/1652/390
f 1895/862/393 1911/1653/393 1910/871/393 1894/861/393
f 1911/1653/390 1912/1655/390 1904/1656/390 1903/1654/390
f 1896/863/393 1912/1655/393 1911/1653/393 1895/862/393
f 1912/1655/390 1913/1657/390 1905/1658/390 1904/1656/390
f 1897/1646/393 1913/1657/393 1912/1655/393 1896/863/393
f 1913/1657/390 1914/1659/390 1906/1660/390 1905/1658/390
f 1898/1647/882 1914/1659/882 1913/1657/882 1897/1646/882
f 1914/1659/883 1915/1661/883 1907/1662/883 1906/1660/883
f 1899/1648/884 1915/1661/884 1914/1659/884 1898/1647/884
f 1839/810/397 1916/1663/397 1367/334/397 1290/260/397
f 1916/1663/397 1917/884/397 1368/335/397 1367/334/397
f 1917/884/397 1918/885/397 1369/336/397 1368/335/397
f 1918/885/397 1919/1664/397 1370/337/397 1369/336/397
f 1919/1664/397 1920/1665/397 1371/1234/397 1370/337/397
f 1920/1665/397 1921/1666/397 1372/1235/397 1371/1234/397
f 1921/1666/885 1922/1667/885 1373/1236/885 1372/1235/885
f 1922/1667/886 1923/1668/886 1374/1237/886 1373/1236/886
f 1847/818/403 1924/891/403 1916/1663/403 1839/810/403
f 1900/1650/401 1924/891/401 1847/818/401 1823/1608/401
f 1924/891/403 1925/892/403 1917/884/403 1916/1663/403
f 1901/1651/401 1925/892/401 1924/891/401 1900/1650/401
f 1925/892/403 1926/893/403 1918/885/403 1917/884/403
f 1902/1652/401 1926/893/401 1925/892/401 1901/1651/401
f 1926/893/403 1927/894/403 1919/1664/403 1918/885/403
f 1903/1654/401 1927/894/401 1926/893/401 1902/1652/401
f 1927/894/403 1928/1669/403 1920/1665/403 1919/1664/403
f 1904/1656/401 1928/1669/401 1927/894/401 1903/1654/401
f 1928/1669/403 1929/1670/403 1921/1666/403 1920/1665/403
f 1905/1658/401 1929/1670/401 1928/1669/401 1904/1656/401
f 1929/1670/887 1930/1671/887 1922/1667/887 1921/1666/887
f 1906/1660/401 1930/1671/401 1929/1670/401 1905/1658/401
f 1930/1671/888 1931/1672/888 1923/1668/888 1922/1667/888
f 1907/1662/401 1931/1672/401 1930/1671/401 1906/1660/401
f 975/975/387 1932/1673/387 1850/1616/387 902/902/387
f 976/976/387 1933/1674/387 1932/1673/387 975/975/387
f 977/977/387 1934/1675/387 1933/1674/387 976/976/387
f 978/978/387 1935/1676/387 1934/1675/387 977/977/387
f 979/979/387 1936/1677/387 1935/1676/387 978/978/387
f 980/980/387 1937/1678/387 1936/1677/387 979/979/387
f 981/981/387 1938/1679/387 1937/1678/387 980/980/387
f 982/982/387 1939/1680/387 1938/1679/387 981/981/387
f 1932/1673/387 1940/1681/387 1867/1628/387 1850/1616/387
f 1933/1674/387 1941/1682/387 1940/1681/387 1932/1673/387
f 1934/1675/387 1942/1683/387 1941/1682/387 1933/1674/387
f 1935/1676/387 1943/1684/387 1942/1683/387 1934/1675/387
f 1936/1677/387 1944/1685/387 1943/1684/387 1935/1676/387
f 1937/1678/387 1945/1686/387 1944/1685/387 1936/1677/387
f 1938/1679/387 1946/1687/387 1945/1686/387 1937/1678/387
f 1939/1680/387 1947/1688/387 1946/1687/387 1938/1679/387
f 1940/1681/889 1948/1689/889 1883/1642/889 1867/1628/889
f 1941/1682/387 1949/1690/387 1948/1689/387 1940/1681/387
f 1942/1683/387 1950/1691/387 1949/1690/387 1941/1682/387
f 1943/1684/387 1951/1692/387 1950/1691/387 1942/1683/387
f 1944/1685/387 1952/1693/387 1951/1692/387 1943/1684/387
f 1945/1686/387 1953/1694/387 1952/1693/387 1944/1685/387
f 1946/1687/387 1954/1695/387 1953/1694/387 1945/1686/387
f 1947/1688/387 1955/1696/387 1954/1695/387 1946/1687/387
f 1956/1697/397 1957/1698/397 1416/1279/397 1415/1278/397
f 1957/1698/397 1958/1699/397 1417/1280/397 1416/1279/397
f 1964/1700/397 1965/1701/397 1957/1698/397 1956/1697/397
f 1965/1701/397 1966/1702/397 1958/1699/397 1957/1698/397
f 1948/1689/890 1967/1703/890 1891/1645/890 1883/1642/890
f 1967/1703/891 1968/1704/891 1960/1705/891 1959/1706/891
f 1949/1690/892 1968/1704/892 1967/1703/892 1948/1689/892
f 1968/1704/893 1969/1707/893 1961/1708/893 1960/1705/893
f 1950/1691/387 1969/1707/387 1968/1704/387 1949/1690/387
f 1969/1707/894 1970/1709/894 1962/1710/894 1961/1708/894
f 1951/1692/387 1970/1709/387 1969/1707/387 1950/1691/387
f 1970/1709/895 1971/1711/895 1963/1712/895 1962/1710/895
f 1952/1693/387 1971/1711/387 1970/1709/387 1951/1692/387
f 1971/1711/896 1972/1713/896 1964/1700/896 1963/1712/896
f 1953/1694/387 1972/1713/387 1971/1711/387 1952/1693/387
f 1972/1713/897 1973/1714/897 1965/1701/897 1964/1700/897
f 1954/1695/387 1973/1714/387 1972/1713/387 1953/1694/387
f 1973/1714/898 1974/1715/898 1966/1702/898 1965/1701/898
f 1955/1696/387 1974/1715/387 1973/1714/387 1954/1695/387
f 1975/1716/899 1976/1717/899 1426/1289/899 1425/1288/899
f 1976/1717/397 1956/1697/397 1415/1278/397 1426/1289/397
f 1960/1705/397 1978/1718/397 1977/1719/397 1959/1706/397
f 1961/1708/900 1979/1720/900 1978/1718/900 1960/1705/900
f 1962/1710/901 1980/1721/901 1979/1720/901 1961/1708/901
f 1963/1712/902 1981/1722/902 1980/1721/902 1962/1710/902
f 1981/1722/903 1982/1723/903 1976/1717/903 1975/1716/903
f 1964/1700/397 1982/1723/397 1981/1722/397 1963/1712/397
f 1982/1723/397 1964/1700/397 1956/1697/397 1976/1717/397
f 1967/1703/904 1983/1724/904 1899/1648/904 1891/1645/904
f 1983/1724/905 1967/1703/905 1959/1706/905 1977/1719/905
f 1986/1725/906 1975/1716/906 1425/1288/906 1435/1298/906
f 1987/1726/907 1988/1727/907 1985/1728/907 1984/1729/907
f 1978/1718/908 1988/1727/908 1987/1726/908 1977/1719/908
f 1979/1720/909 1989/1730/909 1988/1727/909 1978/1718/909
f 1980/1721/910 1990/1731/910 1989/1730/910 1979/1720/910
f 1981/1722/911 1991/1732/911 1990/1731/911 1980/1721/911
f 1991/1732/912 1981/1722/912 1975/1716/912 1986/1725/912
f 1915/1661/913 1992/1733/913 1987/1726/913 1907/1662/913
f 1983/1724/914 1992/1733/914 1915/1661/914 1899/1648/914
f 1992/1733/915 1983/1724/915 1977/1719/915 1987/1726/915
f 1923/1668/916 1993/1734/916 1442/1304/916 1374/1237/916
f 1993/1734/917 1994/1735/917 1443/1305/917 1442/1304/917
f 1985/1728/918 1994/1735/918 1993/1734/918 1984/1729/918
f 1995/1736/919 1986/1725/919 1435/1298/919 1444/1306/919
f 1996/1737/920 1995/1736/920 1444/1306/920 1445/1307/920
f 1931/1672/921 1997/1738/921 1993/1734/921 1923/1668/921
f 1987/1726/922 1997/1738/922 1931/1672/922 1907/1662/922
f 1997/1738/923 1987/1726/923 1984/1729/923 1993/1734/923
f 1988/1727/924 1998/1739/924 1994/1735/924 1985/1728/924
f 1989/1730/925 1999/1740/925 1998/1739/925 1988/1727/925
f 1990/1731/926 2000/1741/926 1999/1740/926 1989/1730/926
f 1991/1732/927 2001/1742/927 2000/1741/927 1990/1731/927
f 2001/1742/928 1991/1732/928 1986/1725/928 1995/1736/928
f 2002/1743/929 2001/1742/929 1995/1736/929 1996/1737/929
f 1994/1735/930 2003/1744/930 1451/1314/930 1443/1305/930
f 2005/1745/931 1996/1737/931 1445/1307/931 1453/1316/931
f 2006/1746/932 2005/1745/932 1453/1316/932 1454/1458/932
f 1998/1739/933 2007/1747/933 2003/1744/933 1994/1735/933
f 2007/1747/934 2008/1748/934 2004/1749/934 2003/1744/934
f 1999/1740/935 2008/1748/935 2007/1747/935 1998/1739/935
f 2000/1741/936 2009/1750/936 2008/1748/936 1999/1740/936
f 2001/1742/937 2010/1751/937 2009/1750/937 2000/1741/937
f 2002/1743/938 2011/1752/938 2010/1751/938 2001/1742/938
f 2011/1752/939 2002/1743/939 1996/1737/939 2005/1745/939
f 1033/1032/387 2012/1753/387 1939/1680/387 982/982/387
f 1034/1033/387 2013/1754/387 2012/1753/387 1033/1032/387
f 1035/1034/940 2014/1755/940 2013/1754/940 1034/1033/940
f 1036/1035/941 2015/1756/941 2014/1755/941 1035/1034/941
f 1037/1036/942 2016/1757/942 2015/1756/942 1036/1035/942
f 1038/1037/943 2017/1758/943 2016/1757/943 1037/1036/943
f 1039/1038/944 2018/1759/944 2017/1758/944 1038/1037/944
f 1040/1039/945 2019/1760/945 2018/1759/945 1039/1038/945
f 1041/1040/946 2020/1761/946 2019/1760/946 1040/1039/946
f 1042/1042/947 2021/1762/947 2020/1761/947 1041/1040/947
f 2012/1753/387 2027/1763/387 1947/1688/387 1939/1680/387
f 2013/1754/387 2028/1764/387 2027/1763/387 2012/1753/387
f 2014/1755/948 2029/1765/948 2028/1764/948 2013/1754/948
f 2029/1765/949 2030/1766/949 2023/1767/949 2022/1768/949
f 2015/1756/950 2030/1766/950 2029/1765/950 2014/1755/950
f 2030/1766/951 2031/1769/951 2024/1770/951 2023/1767/951
f 2016/1757/952 2031/1769/952 2030/1766/952 2015/1756/952
f 2031/1769/953 2032/1771/953 2025/1772/953 2024/1770/953
f 2017/1758/952 2032/1771/952 2031/1769/952 2016/1757/952
f 2032/1771/954 2033/1773/954 2026/1774/954 2025/1772/954
f 2018/1759/955 2033/1773/955 2032/1771/955 2017/1758/955
f 2019/1760/956 2034/1775/956 2033/1773/956 2018/1759/956
f 2020/1761/957 2035/1776/957 2034/1775/957 2019/1760/957
f 2021/1762/958 2036/1777/958 2035/1776/958 2020/1761/958
f 2037/1778/959 2038/1779/959 1493/1355/959 1492/1354/959
f 2038/1779/960 2039/1780/960 1494/1356/960 1493/1355/960
f 2039/1780/961 2040/1781/961 1495/1357/961 1494/1356/961
f 2040/1781/962 2041/1782/962 1496/1358/962 1495/1357/962
f 2042/1783/963 2043/1784/963 2038/1779/963 2037/1778/963
f 2023/1767/964 2043/1784/964 2042/1783/964 2022/1768/964
f 2043/1784/965 2044/1785/965 2039/1780/965 2038/1779/965
f 2024/1770/966 2044/1785/966 2043/1784/966 2023/1767/966
f 2044/1785/965 2045/1786/965 2040/1781/965 2039/1780/965
f 2025/1772/967 2045/1786/967 2044/1785/967 2024/1770/967
f 2045/1786/968 2046/1787/968 2041/1782/968 2040/1781/968
f 2026/1774/969 2046/1787/969 2045/1786/969 2025/1772/969
f 2027/1763/387 2047/1788/387 1955/1696/387 1947/1688/387
f 2028/1764/387 2048/1789/387 2047/1788/387 2027/1763/387
f 2029/1765/970 2049/1790/970 2048/1789/970 2028/1764/970
f 2049/1790/971 2029/1765/971 2022/1768/971 2042/1783/971
f 2033/1773/972 2050/1791/972 2046/1787/972 2026/1774/972
f 2034/1775/973 2052/1792/973 2050/1791/973 2033/1773/973
f 2052/1792/974 2053/1793/974 2051/1794/974 2050/1791/974
f 2035/1776/975 2053/1793/975 2052/1792/975 2034/1775/975
f 1958/1699/397 2054/1795/397 1508/1370/397 1417/1280/397
f 2054/1795/397 2055/1796/397 1509/1371/397 1508/1370/397
f 2055/1796/976 2056/1797/976 1510/1372/976 1509/1371/976
f 2056/1797/977 2037/1778/977 1492/1354/977 1510/1372/977
f 2041/1782/978 2057/1798/978 1511/1373/978 1496/1358/978
f 2057/1798/979 2058/1799/979 1512/1374/979 1511/1373/979
f 1966/1702/397 2059/1800/397 2054/1795/397 1958/1699/397
f 2059/1800/397 2060/1801/397 2055/1796/397 2054/1795/397
f 2060/1801/980 2061/1802/980 2056/1797/980 2055/1796/980
f 2061/1802/981 2042/1783/981 2037/1778/981 2056/1797/981
f 2046/1787/982 2062/1803/982 2057/1798/982 2041/1782/982
f 2062/1803/983 2063/1804/983 2058/1799/983 2057/1798/983
f 1974/1715/984 2064/1805/984 2059/1800/984 1966/1702/984
f 2047/1788/387 2064/1805/387 1974/1715/387 1955/1696/387
f 2064/1805/985 2065/1806/985 2060/1801/985 2059/1800/985
f 2048/1789/387 2065/1806/387 2064/1805/387 2047/1788/387
f 2065/1806/986 2066/1807/986 2061/1802/986 2060/1801/986
f 2049/1790/987 2066/1807/987 2065/1806/987 2048/1789/987
f 2066/1807/179 2049/1790/179 2042/1783/179 2061/1802/179
f 2050/1791/988 2067/1808/988 2062/1803/988 2046/1787/988
f 2067/1808/989 2068/1809/989 2063/1804/989 2062/1803/989
f 2051/1794/990 2068/1809/990 2067/1808/990 2050/1791/990
f 2053/1793/991 2069/1810/991 2068/1809/991 2051/1794/991
f 2058/1799/992 2070/1811/992 1514/1375/992 1512/1374/992
f 2063/1804/993 2071/1812/993 2070/1811/993 2058/1799/993
f 2072/1813/179 1104/1104/179 557/557/179 1525/1387/179
f 2073/1814/994 1105/1105/994 1104/1104/994 2072/1813/994
f 1107/1106/995 2075/1815/995 2074/1816/995 1106/1107/995
f 2075/1815/996 1107/1106/996 1105/1105/996 2073/1814/996
f 1109/1108/997 2077/1817/997 2076/1818/997 1108/1109/997
f 2077/1817/998 1109/1108/998 1106/1107/998 2074/1816/998
f 1110/1110/999 2078/1819/999 2021/1762/999 1042/1042/999
f 1111/1111/1000 2079/1820/1000 2078/1819/1000 1110/1110/1000
f 1112/1112/387 2080/1821/387 2079/1820/387 1111/1111/387
f 1113/1113/1001 2081/1822/1001 2080/1821/1001 1112/1112/1001
f 1114/1114/1002 2082/1823/1002 2081/1822/1002 1113/1113/1002
f 2082/1823/1003 1114/1114/1003 1108/1109/1003 2076/1818/1003
f 2083/1824/1004 2072/1813/1004 1525/1387/1004 1539/1401/1004
f 2085/1825/1005 2073/1814/1005 2072/1813/1005 2083/1824/1005
f 2086/1826/1006 2087/1827/1006 2085/1825/1006 2084/1828/1006
f 2075/1815/1007 2087/1827/1007 2086/1826/1007 2074/1816/1007
f 2087/1827/1008 2075/1815/1008 2073/1814/1008 2085/1825/1008
f 2077/1817/1009 2091/1829/1009 2090/1830/1009 2076/1818/1009
f 2091/1829/1010 2077/1817/1010 2074/1816/1010 2086/1826/1010
f 2036/1777/1011 2092/1831/1011 2088/1832/1011 2035/1776/1011
f 2078/1819/1012 2092/1831/1012 2036/1777/1012 2021/1762/1012
f 2079/1820/1013 2093/1833/1013 2092/1831/1013 2078/1819/1013
f 2080/1821/1014 2094/1834/1014 2093/1833/1014 2079/1820/1014
f 2081/1822/1015 2095/1835/1015 2094/1834/1015 2080/1821/1015
f 2095/1835/1016 2096/1836/1016 2090/1830/1016 2089/1837/1016
f 2082/1823/1017 2096/1836/1017 2095/1835/1017 2081/1822/1017
f 2096/1836/1018 2082/1823/1018 2076/1818/1018 2090/1830/1018
f 2097/1838/1019 2098/1839/1019 1555/1417/1019 1554/1416/1019
f 2098/1839/1020 2083/1824/1020 1539/1401/1020 1555/1417/1020
f 2099/1840/1021 2100/1841/1021 2098/1839/1021 2097/1838/1021
f 2085/1825/1022 2100/1841/1022 2099/1840/1022 2084/1828/1022
f 2100/1841/1023 2085/1825/1023 2083/1824/1023 2098/1839/1023
f 2102/1842/1024 2086/1826/1024 2084/1828/1024 2099/1840/1024
f 2088/1832/1025 2103/1843/1025 2053/1793/1025 2035/1776/1025
f 2090/1830/1026 2107/1844/1026 2106/1845/1026 2089/1837/1026
f 2107/1844/1027 2108/1846/1027 2102/1842/1027 2101/1847/1027
f 2091/1829/1028 2108/1846/1028 2107/1844/1028 2090/1830/1028
f 2108/1846/1029 2091/1829/1029 2086/1826/1029 2102/1842/1029
f 2092/1831/1030 2109/1848/1030 2103/1843/1030 2088/1832/1030
f 2109/1848/1031 2110/1849/1031 2104/1850/1031 2103/1843/1031
f 2093/1833/1032 2110/1849/1032 2109/1848/1032 2092/1831/1032
f 2110/1849/1033 2111/1851/1033 2105/1852/1033 2104/1850/1033
f 2094/1834/1034 2111/1851/1034 2110/1849/1034 2093/1833/1034
f 2111/1851/1035 2112/1853/1035 2106/1845/1035 2105/1852/1035
f 2095/1835/1036 2112/1853/1036 2111/1851/1036 2094/1834/1036
f 2112/1853/1037 2095/1835/1037 2089/1837/1037 2106/1845/1037
f 2113/1854/1038 2114/1855/1038 1572/1434/1038 1571/1433/1038
f 2114/1855/1039 2097/1838/1039 1554/1416/1039 1572/1434/1039
f 2117/1856/1040 2118/1857/1040 2114/1855/1040 2113/1854/1040
f 2118/1857/1041 2099/1840/1041 2097/1838/1041 2114/1855/1041
f 2068/1809/1042 2119/1858/1042 2115/1859/1042 2063/1804/1042
f 2122/1860/1043 2123/1861/1043 2117/1856/1043 2116/1862/1043
f 2123/1861/1044 2124/1863/1044 2118/1857/1044 2117/1856/1044
f 2102/1842/1045 2124/1863/1045 2123/1861/1045 2101/1847/1045
f 2124/1863/1046 2102/1842/1046 2099/1840/1046 2118/1857/1046
f 2069/1810/1047 2125/1864/1047 2119/1858/1047 2068/1809/1047
f 2103/1843/1048 2125/1864/1048 2069/1810/1048 2053/1793/1048
f 2125/1864/1049 2126/1865/1049 2120/1866/1049 2119/1858/1049
f 2104/1850/1050 2126/1865/1050 2125/1864/1050 2103/1843/1050
f 2126/1865/1051 2127/1867/1051 2121/1868/1051 2120/1866/1051
f 2105/1852/1052 2127/1867/1052 2126/1865/1052 2104/1850/1052
f 2127/1867/1053 2128/1869/1053 2122/1860/1053 2121/1868/1053
f 2106/1845/1054 2128/1869/1054 2127/1867/1054 2105/1852/1054
f 2128/1869/1055 2129/1870/1055 2123/1861/1055 2122/1860/1055
f 2107/1844/1056 2129/1870/1056 2128/1869/1056 2106/1845/1056
f 2129/1870/1057 2107/1844/1057 2101/1847/1057 2123/1861/1057
f 2070/1811/1058 2130/1871/1058 1582/1444/1058 1514/1375/1058
f 2130/1871/1059 2131/1872/1059 1583/1445/1059 1582/1444/1059
f 2131/1872/397 2132/1873/397 1584/1446/397 1583/1445/397
f 2132/1873/1060 2133/1874/1060 1585/1447/1060 1584/1446/1060
f 2133/1874/1061 2134/1875/1061 1586/1448/1061 1585/1447/1061
f 2134/1875/1062 2113/1854/1062 1571/1433/1062 1586/1448/1062
f 2071/1812/1063 2135/1876/1063 2130/1871/1063 2070/1811/1063
f 2115/1859/1064 2135/1876/1064 2071/1812/1064 2063/1804/1064
f 2135/1876/1065 2136/1877/1065 2131/1872/1065 2130/1871/1065
f 2136/1877/1066 2137/1878/1066 2132/1873/1066 2131/1872/1066
f 2137/1878/1067 2138/1879/1067 2133/1874/1067 2132/1873/1067
f 2138/1879/1068 2139/1880/1068 2134/1875/1068 2133/1874/1068
f 2117/1856/1069 2139/1880/1069 2138/1879/1069 2116/1862/1069
f 2139/1880/1070 2117/1856/1070 2113/1854/1070 2134/1875/1070
f 2119/1858/1071 2140/1881/1071 2135/1876/1071 2115/1859/1071
f 2140/1881/1072 2141/1882/1072 2136/1877/1072 2135/1876/1072
f 2120/1866/1073 2141/1882/1073 2140/1881/1073 2119/1858/1073
f 2141/1882/1074 2142/1883/1074 2137/1878/1074 2136/1877/1074
f 2121/1868/1075 2142/1883/1075 2141/1882/1075 2120/1866/1075
f 2142/1883/1076 2143/1884/1076 2138/1879/1076 2137/1878/1076
f 2122/1860/1077 2143/1884/1077 2142/1883/1077 2121/1868/1077
f 2143/1884/1078 2122/1860/1078 2116/1862/1078 2138/1879/1078
f 2003/1744/1079 2144/1885/1079 1592/1454/1079 1451/1314/1079
f 2144/1885/1080 2145/1886/1080 1593/1453/1080 1592/1454/1080
f 2004/1749/1081 2145/1886/1081 2144/1885/1081 2003/1744/1081
f 2006/1746/1082 2147/1887/1082 2146/1888/1082 2005/1745/1082
f 2147/1887/1083 2006/1746/1083 1454/1458/1083 1595/1456/1083
f 2008/1748/1084 2148/1889/1084 2145/1886/1084 2004/1749/1084
f 2009/1750/1085 2149/1890/1085 2148/1889/1085 2008/1748/1085
f 2010/1751/1086 2150/1891/1086 2149/1890/1086 2009/1750/1086
f 2011/1752/1087 2151/1892/1087 2150/1891/1087 2010/1751/1087
f 2151/1892/1088 2011/1752/1088 2005/1745/1088 2146/1888/1088
f 2152/1893/1089 2151/1892/1089 2146/1888/1089 2147/1887/1089
f 2145/1886/1090 2153/1894/1090 1601/1464/1090 1593/1453/1090
f 2153/1894/1091 2154/1895/1091 1602/1465/1091 1601/1464/1091
f 2155/1896/1092 2147/1887/1092 1595/1456/1092 1603/1466/1092
f 2156/1897/1093 2155/1896/1093 1603/1466/1093 1604/1476/1093
f 2148/1889/1094 2157/1898/1094 2153/1894/1094 2145/1886/1094
f 2157/1898/1095 2158/1899/1095 2154/1895/1095 2153/1894/1095
f 2149/1890/1096 2158/1899/1096 2157/1898/1096 2148/1889/1096
f 2150/1891/1097 2159/1900/1097 2158/1899/1097 2149/1890/1097
f 2151/1892/1098 2160/1901/1098 2159/1900/1098 2150/1891/1098
f 2152/1893/1099 2161/1902/1099 2160/1901/1099 2151/1892/1099
f 2161/1902/1100 2152/1893/1100 2147/1887/1100 2155/1896/1100
f 2154/1895/1101 2162/1903/1101 1610/1471/1101 1602/1465/1101
f 2156/1897/1102 2165/1904/1102 2164/1905/1102 2155/1896/1102
f 2165/1904/1103 2156/1897/1103 1604/1476/1103 1613/1474/1103
f 2158/1899/1104 2166/1906/1104 2162/1903/1104 2154/1895/1104
f 2166/1906/1105 2167/1907/1105 2163/1908/1105 2162/1903/1105
f 2159/1900/1106 2167/1907/1106 2166/1906/1106 2158/1899/1106
f 2160/1901/1107 2168/1909/1107 2167/1907/1107 2159/1900/1107
f 2161/1902/1108 2169/1910/1108 2168/1909/1108 2160/1901/1108
f 2169/1910/1109 2161/1902/1109 2155/1896/1109 2164/1905/1109
f 2170/1911/1110 2169/1910/1110 2164/1905/1110 2165/1904/1110
f 2162/1903/1111 2171/1912/1111 1618/1482/1111 1610/1471/1111
f 2171/1912/1112 2172/1913/1112 1619/1481/1112 1618/1482/1112
f 2163/1908/1113 2172/1913/1113 2171/1912/1113 2162/1903/1113
f 2173/1914/1114 2165/1904/1114 1613/1474/1114 1620/1483/1114
f 2167/1907/1115 2174/1915/1115 2172/1913/1115 2163/1908/1115
f 2168/1909/1116 2175/1916/1116 2174/1915/1116 2167/1907/1116
f 2169/1910/1117 2176/1917/1117 2175/1916/1117 2168/1909/1117
f 2170/1911/1118 2177/1918/1118 2176/1917/1118 2169/1910/1118
f 2177/1918/1119 2170/1911/1119 2165/1904/1119 2173/1914/1119
f 2172/1913/1120 2178/1919/1120 1625/1488/1120 1619/1481/1120
f 2174/1915/1121 2180/1920/1121 2178/1919/1121 2172/1913/1121
f 2180/1920/1122 2181/1921/1122 2179/1922/1122 2178/1919/1122
f 2175/1916/1123 2181/1921/1123 2180/1920/1123 2174/1915/1123
f 2176/1917/1124 2182/1923/1124 2181/1921/1124 2175/1916/1124
f 2177/1918/1125 2183/1924/1125 2182/1923/1125 2176/1917/1125
f 2178/1919/1126 2184/1925/1126 1630/1494/1126 1625/1488/1126
f 2184/1925/1127 2185/1926/1127 1631/1493/1127 1630/1494/1127
f 2179/1922/1128 2185/1926/1128 2184/1925/1128 2178/1919/1128
f 2181/1921/1129 2186/1927/1129 2185/1926/1129 2179/1922/1129
f 2182/1923/1130 2187/1928/1130 2186/1927/1130 2181/1921/1130
f 2183/1924/1131 2188/1929/1131 2187/1928/1131 2182/1923/1131
f 2185/1926/1132 2189/1930/1132 1635/1498/1132 1631/1493/1132
f 2189/1930/1133 2190/1931/1133 1636/1499/1133 1635/1498/1133
f 2186/1927/1134 2191/1932/1134 2189/1930/1134 2185/1926/1134
f 2191/1932/1135 2192/1933/1135 2190/1931/1135 2189/1930/1135
f 2187/1928/1136 2192/1933/1136 2191/1932/1136 2186/1927/1136
f 2188/1929/1137 2193/1934/1137 2192/1933/1137 2187/1928/1137
f 2190/1931/1138 2194/1935/1138 1639/1502/1138 1636/1499/1138
f 2192/1933/1139 2195/1936/1139 2194/1935/1139 2190/1931/1139
f 2193/1934/1140 2196/1937/1140 2195/1936/1140 2192/1933/1140
f 2197/1938/1141 2173/1914/1141 1620/1483/1141 1641/1503/1141
f 2198/1939/1142 2177/1918/1142 2173/1914/1142 2197/1938/1142
f 2199/1940/1143 2197/1938/1143 1641/1503/1143 1643/1506/1143
f 2200/1941/1144 2199/1940/1144 1643/1506/1144 1644/1511/1144
f 2198/1939/1145 2201/1942/1145 2183/1924/1145 2177/1918/1145
f 2201/1942/1146 2198/1939/1146 2197/1938/1146 2199/1940/1146
f 2200/1941/1147 2203/1943/1147 2202/1944/1147 2199/1940/1147
f 2203/1943/1148 2200/1941/1148 1644/1511/1148 1648/1509/1148
f 2201/1942/1149 2204/1945/1149 2188/1929/1149 2183/1924/1149
f 2204/1945/1150 2201/1942/1150 2199/1940/1150 2202/1944/1150
f 2205/1946/1151 2204/1945/1151 2202/1944/1151 2203/1943/1151
f 2206/1947/1152 2203/1943/1152 1648/1509/1152 1651/1514/1152
f 2207/1948/1153 2206/1947/1153 1651/1514/1153 1652/1520/1153
f 2204/1945/1154 2208/1949/1154 2193/1934/1154 2188/1929/1154
f 2205/1946/1155 2209/1950/1155 2208/1949/1155 2204/1945/1155
f 2209/1950/1156 2205/1946/1156 2203/1943/1156 2206/1947/1156
f 2207/1948/1082 2211/1951/1082 2210/1952/1082 2206/1947/1082
f 2211/1951/1157 2207/1948/1157 1652/1520/1157 1657/1518/1157
f 2208/1949/1158 2212/1953/1158 2196/1937/1158 2193/1934/1158
f 2209/1950/1159 2213/1954/1159 2212/1953/1159 2208/1949/1159
f 2213/1954/1160 2209/1950/1160 2206/1947/1160 2210/1952/1160
f 2214/1955/1161 2213/1954/1161 2210/1952/1161 2211/1951/1161
f 2194/1935/1162 2215/1956/1162 1660/1523/1162 1639/1502/1162
f 2215/1956/1163 2216/1957/1163 1661/1524/1163 1660/1523/1163
f 2195/1936/1164 2217/1958/1164 2215/1956/1164 2194/1935/1164
f 2217/1958/1165 2218/1959/1165 2216/1957/1165 2215/1956/1165
f 2196/1937/1166 2218/1959/1166 2217/1958/1166 2195/1936/1166
f 2216/1957/1167 2219/1960/1167 1663/1525/1167 1661/1524/1167
f 2218/1959/1168 2220/1961/1168 2219/1960/1168 2216/1957/1168
f 2221/1962/1169 2222/1963/1169 1668/1531/1169 1667/1530/1169
f 2222/1963/1169 2223/1964/1169 1669/1532/1169 1668/1531/1169
f 2223/1964/1170 2211/1951/1170 1657/1518/1170 1669/1532/1170
f 2212/1953/1171 2224/1965/1171 2218/1959/1171 2196/1937/1171
f 2224/1965/1172 2225/1966/1172 2222/1963/1172 2221/1962/1172
f 2213/1954/1173 2225/1966/1173 2224/1965/1173 2212/1953/1173
f 2225/1966/1174 2226/1967/1174 2223/1964/1174 2222/1963/1174
f 2214/1955/1175 2226/1967/1175 2225/1966/1175 2213/1954/1175
f 2226/1967/1176 2214/1955/1176 2211/1951/1176 2223/1964/1176
f 2219/1960/1177 2227/1968/1177 1671/1534/1177 1663/1525/1177
f 2227/1968/1169 2221/1962/1169 1667/1530/1169 1671/1534/1169
f 2220/1961/1178 2228/1969/1178 2227/1968/1178 2219/1960/1178
f 2224/1965/1179 2228/1969/1179 2220/1961/1179 2218/1959/1179
f 2228/1969/1180 2224/1965/1180 2221/1962/1180 2227/1968/1180
