# Blender 5.2.2 LTS
# www.blender.org
mtllib canine.mtl
o Cube
v -0.136201 0.500000 0.052500
v -0.160000 0.505278 0.052500
v -0.160000 0.544544 0.052500
v -0.136201 0.500000 0.017500
v -0.160000 0.505278 0.017500
v -0.160000 0.544544 0.017500
v -0.122399 0.500000 0.052500
v -0.122399 0.500000 0.017500
v -0.087500 0.500000 0.052500
v -0.087500 0.500000 0.017500
v -0.052500 0.500000 0.052500
v -0.052500 0.500000 0.017500
v -0.017500 0.500000 0.052500
v -0.017500 0.500000 0.017500
v -0.160000 0.577500 0.052500
v -0.160000 0.612500 0.052500
v -0.160000 0.647500 0.052500
v -0.160000 0.682500 0.052500
v -0.160000 0.717500 0.052500
v -0.160000 0.751556 0.052500
v -0.160000 0.785710 0.052500
v -0.144110 0.800000 0.052500
v -0.160000 0.577500 0.017500
v -0.160000 0.612500 0.017500
v -0.160000 0.647500 0.017500
v -0.160000 0.682500 0.017500
v -0.160000 0.717500 0.017500
v -0.160000 0.751556 0.017500
v -0.160000 0.785710 0.017500
v -0.144110 0.800000 0.017500
v -0.121809 0.800000 0.052500
v -0.121809 0.800000 0.017500
v -0.087500 0.800000 0.052500
v -0.087500 0.800000 0.017500
v -0.052500 0.800000 0.052500
v -0.052500 0.800000 0.017500
v -0.017500 0.800000 0.052500
v -0.017500 0.800000 0.017500
v -0.274797 0.004500 -0.387261
v -0.280371 -0.000000 -0.403175
v -0.280371 0.000000 -0.436825
v -0.274797 0.004500 -0.452739
v -0.240950 0.006872 -0.359167
v -0.257402 0.000000 -0.371761
v -0.261230 0.000000 -0.403239
v -0.261230 -0.000000 -0.436761
v -0.257402 0.000000 -0.468239
v -0.240950 0.006872 -0.480833
v -0.227016 0.005040 -0.356396
v -0.227296 -0.000000 -0.368783
v -0.227290 -0.000000 -0.403227
v -0.227290 0.000000 -0.436773
v -0.227296 -0.000000 -0.471217
v -0.227016 0.005040 -0.483604
v -0.209511 0.005400 -0.357086
v -0.195917 0.000000 -0.370142
v -0.193478 0.000000 -0.403204
v -0.193478 0.000000 -0.436796
v -0.195917 0.000000 -0.469858
v -0.209511 0.005400 -0.482914
v -0.172340 0.000000 -0.380944
v -0.168815 0.000000 -0.403373
v -0.168815 0.000000 -0.436627
v -0.172340 -0.000000 -0.459056
v -0.274475 0.018504 -0.386778
v -0.274487 0.052528 -0.386796
v -0.274510 0.087500 -0.386831
v -0.274510 0.122500 -0.386831
v -0.274510 0.157500 -0.386831
v -0.274510 0.192500 -0.386831
v -0.274510 0.227500 -0.386831
v -0.274510 0.262500 -0.386831
v -0.281747 0.018388 -0.403647
v -0.281819 0.052576 -0.404007
v -0.281826 0.087500 -0.404045
v -0.281826 0.122500 -0.404045
v -0.281826 0.157500 -0.404045
v -0.281826 0.192500 -0.404045
v -0.281826 0.227500 -0.404045
v -0.281826 0.262500 -0.404045
v -0.281747 0.018388 -0.436353
v -0.281819 0.052576 -0.435993
v -0.281826 0.087500 -0.435955
v -0.281826 0.122500 -0.435955
v -0.281826 0.157500 -0.435955
v -0.281826 0.192500 -0.435955
v -0.281826 0.227500 -0.435955
v -0.281826 0.262500 -0.435955
v -0.274475 0.018504 -0.453222
v -0.274487 0.052528 -0.453204
v -0.274510 0.087500 -0.453169
v -0.274510 0.122500 -0.453169
v -0.274510 0.157500 -0.453169
v -0.274510 0.192500 -0.453169
v -0.274510 0.227500 -0.453169
v -0.274510 0.262500 -0.453169
v -0.274510 0.297500 -0.386831
v -0.274510 0.332500 -0.386831
v -0.274510 0.367500 -0.386831
v -0.274510 0.402500 -0.386831
v -0.274510 0.437500 -0.386831
v -0.274510 0.472500 -0.386831
v -0.274510 0.507500 -0.386831
v -0.274510 0.542500 -0.386831
v -0.281826 0.297500 -0.404045
v -0.281826 0.332500 -0.404045
v -0.281826 0.367500 -0.404045
v -0.281826 0.402500 -0.404045
v -0.281826 0.437500 -0.404045
v -0.281826 0.472500 -0.404045
v -0.281826 0.507500 -0.404045
v -0.281826 0.542500 -0.404045
v -0.281826 0.297500 -0.435955
v -0.281826 0.332500 -0.435955
v -0.281826 0.367500 -0.435955
v -0.281826 0.402500 -0.435955
v -0.281826 0.437500 -0.435955
v -0.281826 0.472500 -0.435955
v -0.281826 0.507500 -0.435955
v -0.281826 0.542500 -0.435955
v -0.274510 0.297500 -0.453169
v -0.274510 0.332500 -0.453169
v -0.274510 0.367500 -0.453169
v -0.274510 0.402500 -0.453169
v -0.274510 0.437500 -0.453169
v -0.274510 0.472500 -0.453169
v -0.274510 0.507500 -0.453169
v -0.274510 0.542500 -0.453169
v -0.274510 0.577500 -0.386831
v -0.274545 0.611723 -0.386884
v -0.274918 0.631324 -0.387442
v -0.281826 0.577500 -0.404045
v -0.281794 0.611801 -0.403885
v -0.281678 0.638403 -0.403299
v -0.281826 0.577500 -0.435955
v -0.281794 0.611801 -0.436115
v -0.281678 0.638403 -0.436701
v -0.274510 0.577500 -0.453169
v -0.274545 0.611723 -0.453116
v -0.274918 0.631324 -0.452558
v -0.136201 0.500000 -0.017500
v -0.160000 0.505278 -0.017500
v -0.160000 0.544544 -0.017500
v -0.136201 0.500000 -0.052500
v -0.160000 0.505278 -0.052500
v -0.160000 0.544544 -0.052500
v -0.136201 0.500000 -0.087500
v -0.160000 0.505278 -0.087500
v -0.160000 0.544544 -0.087500
v -0.136201 0.500000 -0.122500
v -0.160000 0.505278 -0.122500
v -0.160000 0.544544 -0.122500
v -0.136201 0.500000 -0.157500
v -0.160000 0.505278 -0.157500
v -0.160000 0.544544 -0.157500
v -0.136201 0.500000 -0.192500
v -0.160000 0.505278 -0.192500
v -0.160000 0.544544 -0.192500
v -0.136201 0.500000 -0.227500
v -0.160000 0.505278 -0.227500
v -0.160000 0.544544 -0.227500
v -0.136248 0.500000 -0.262531
v -0.160000 0.505240 -0.262449
v -0.160000 0.544584 -0.262751
v -0.122399 0.500000 -0.017500
v -0.122399 0.500000 -0.052500
v -0.122399 0.500000 -0.087500
v -0.122399 0.500000 -0.122500
v -0.122399 0.500000 -0.157500
v -0.122399 0.500000 -0.192500
v -0.122399 0.500000 -0.227500
v -0.122399 0.500000 -0.262500
v -0.087500 0.500000 -0.017500
v -0.087500 0.500000 -0.052500
v -0.087500 0.500000 -0.087500
v -0.087500 0.500000 -0.122500
v -0.087500 0.500000 -0.157500
v -0.087500 0.500000 -0.192500
v -0.087500 0.500000 -0.227500
v -0.087500 0.500000 -0.262500
v -0.052500 0.500000 -0.017500
v -0.052500 0.500000 -0.052500
v -0.052500 0.500000 -0.087500
v -0.052500 0.500000 -0.122500
v -0.052500 0.500000 -0.157500
v -0.052500 0.500000 -0.192500
v -0.052500 0.500000 -0.227500
v -0.052500 0.500000 -0.262500
v -0.017500 0.500000 -0.017500
v -0.017500 0.500000 -0.052500
v -0.017500 0.500000 -0.087500
v -0.017500 0.500000 -0.122500
v -0.017500 0.500000 -0.157500
v -0.017500 0.500000 -0.192500
v -0.017500 0.500000 -0.227500
v -0.017500 0.500000 -0.262500
v -0.160000 0.577500 -0.017500
v -0.160000 0.612500 -0.017500
v -0.160000 0.647500 -0.017500
v -0.160000 0.682500 -0.017500
v -0.160000 0.717500 -0.017500
v -0.160000 0.751556 -0.017500
v -0.160000 0.785710 -0.017500
v -0.144110 0.800000 -0.017500
v -0.160000 0.577500 -0.052500
v -0.160000 0.612500 -0.052500
v -0.160000 0.647500 -0.052500
v -0.160000 0.682500 -0.052500
v -0.160000 0.717500 -0.052500
v -0.160000 0.751556 -0.052500
v -0.160000 0.785710 -0.052500
v -0.144110 0.800000 -0.052500
v -0.160000 0.577500 -0.087500
v -0.160000 0.612500 -0.087500
v -0.160000 0.647500 -0.087500
v -0.160000 0.682500 -0.087500
v -0.160000 0.717500 -0.087500
v -0.160000 0.751556 -0.087500
v -0.160000 0.785710 -0.087500
v -0.144110 0.800000 -0.087500
v -0.160000 0.577500 -0.122500
v -0.160000 0.612500 -0.122500
v -0.160000 0.647500 -0.122500
v -0.160000 0.682500 -0.122500
v -0.160000 0.717500 -0.122500
v -0.160000 0.751556 -0.122500
v -0.160000 0.785710 -0.122500
v -0.144110 0.800000 -0.122500
v -0.160000 0.577500 -0.157500
v -0.160000 0.612500 -0.157500
v -0.160000 0.647500 -0.157500
v -0.160000 0.682500 -0.157500
v -0.160000 0.717500 -0.157500
v -0.160000 0.751556 -0.157500
v -0.160000 0.785710 -0.157500
v -0.144110 0.800000 -0.157500
v -0.160000 0.577500 -0.192500
v -0.160000 0.612500 -0.192500
v -0.160000 0.647500 -0.192500
v -0.160000 0.682500 -0.192500
v -0.160000 0.717500 -0.192500
v -0.160000 0.751556 -0.192500
v -0.160000 0.785710 -0.192500
v -0.144110 0.800000 -0.192500
v -0.160000 0.577500 -0.227500
v -0.160000 0.612500 -0.227500
v -0.160000 0.647500 -0.227500
v -0.160000 0.682500 -0.227500
v -0.160000 0.717500 -0.227500
v -0.160000 0.751556 -0.227500
v -0.160000 0.785710 -0.227500
v -0.144110 0.800000 -0.227500
v -0.160000 0.577501 -0.262787
v -0.160000 0.612486 -0.262775
v -0.160000 0.647450 -0.262711
v -0.160000 0.682442 -0.262603
v -0.160000 0.717478 -0.262522
v -0.160000 0.751556 -0.262500
v -0.160000 0.785710 -0.262500
v -0.144110 0.800000 -0.262500
v -0.121809 0.800000 -0.017500
v -0.121809 0.800000 -0.052500
v -0.121809 0.800000 -0.087500
v -0.121809 0.800000 -0.122500
v -0.121809 0.800000 -0.157500
v -0.121809 0.800000 -0.192500
v -0.121809 0.800000 -0.227500
v -0.121809 0.800000 -0.262500
v -0.087500 0.800000 -0.017500
v -0.087500 0.800000 -0.052500
v -0.087500 0.800000 -0.087500
v -0.087500 0.800000 -0.122500
v -0.087500 0.800000 -0.157500
v -0.087500 0.800000 -0.192500
v -0.087500 0.800000 -0.227500
v -0.087500 0.800000 -0.262500
v -0.052500 0.800000 -0.017500
v -0.052500 0.800000 -0.052500
v -0.052500 0.800000 -0.087500
v -0.052500 0.800000 -0.122500
v -0.052500 0.800000 -0.157500
v -0.052500 0.800000 -0.192500
v -0.052500 0.800000 -0.227500
v -0.052500 0.800000 -0.262500
v -0.017500 0.800000 -0.017500
v -0.017500 0.800000 -0.052500
v -0.017500 0.800000 -0.087500
v -0.017500 0.800000 -0.122500
v -0.017500 0.800000 -0.157500
v -0.017500 0.800000 -0.192500
v -0.017500 0.800000 -0.227500
v -0.017500 0.800000 -0.262500
v -0.241282 0.018133 -0.359233
v -0.241545 0.052500 -0.359286
v -0.241545 0.087500 -0.359286
v -0.241545 0.122500 -0.359286
v -0.241545 0.157500 -0.359286
v -0.241545 0.192500 -0.359286
v -0.241545 0.227500 -0.359286
v -0.241545 0.262500 -0.359286
v -0.258505 0.018205 -0.369056
v -0.258567 0.052500 -0.369097
v -0.258567 0.087500 -0.369097
v -0.258567 0.122500 -0.369097
v -0.258567 0.157500 -0.369097
v -0.258567 0.192500 -0.369097
v -0.258567 0.227500 -0.369097
v -0.258567 0.262500 -0.369097
v -0.258505 0.018205 -0.470944
v -0.258567 0.052500 -0.470903
v -0.258567 0.087500 -0.470903
v -0.258567 0.122500 -0.470903
v -0.258567 0.157500 -0.470903
v -0.258567 0.192500 -0.470903
v -0.258567 0.227500 -0.470903
v -0.258567 0.262500 -0.470903
v -0.241282 0.018133 -0.480767
v -0.241545 0.052500 -0.480714
v -0.241545 0.087500 -0.480714
v -0.241545 0.122500 -0.480714
v -0.241545 0.157500 -0.480714
v -0.241545 0.192500 -0.480714
v -0.241545 0.227500 -0.480714
v -0.241545 0.262500 -0.480714
v -0.227073 0.017728 -0.356407
v -0.227033 0.052500 -0.356399
v -0.227033 0.087500 -0.356399
v -0.227033 0.122500 -0.356399
v -0.227033 0.157500 -0.356399
v -0.227033 0.192500 -0.356399
v -0.227033 0.227500 -0.356399
v -0.227033 0.262500 -0.356399
v -0.227073 0.017728 -0.483593
v -0.227033 0.052500 -0.483601
v -0.227033 0.087500 -0.483601
v -0.227033 0.122500 -0.483601
v -0.227033 0.157500 -0.483601
v -0.227033 0.192500 -0.483601
v -0.227033 0.227500 -0.483601
v -0.227033 0.262500 -0.483601
v -0.207977 0.018555 -0.357391
v -0.207297 0.052535 -0.357527
v -0.207237 0.087500 -0.357539
v -0.207237 0.122500 -0.357539
v -0.207237 0.157500 -0.357539
v -0.207237 0.192500 -0.357539
v -0.207237 0.227500 -0.357539
v -0.207237 0.262500 -0.357539
v -0.191257 0.018765 -0.362533
v -0.191441 0.052589 -0.362409
v -0.191388 0.087500 -0.362445
v -0.191388 0.122500 -0.362445
v -0.191388 0.157500 -0.362445
v -0.191388 0.192500 -0.362445
v -0.191388 0.227500 -0.362445
v -0.191388 0.262500 -0.362445
v -0.191257 0.018765 -0.477467
v -0.191441 0.052589 -0.477591
v -0.191388 0.087500 -0.477555
v -0.191388 0.122500 -0.477555
v -0.191388 0.157500 -0.477555
v -0.191388 0.192500 -0.477555
v -0.191388 0.227500 -0.477555
v -0.191388 0.262500 -0.477555
v -0.207977 0.018555 -0.482608
v -0.207297 0.052535 -0.482473
v -0.207237 0.087500 -0.482461
v -0.207237 0.122500 -0.482461
v -0.207237 0.157500 -0.482461
v -0.207237 0.192500 -0.482461
v -0.207237 0.227500 -0.482461
v -0.207237 0.262500 -0.482461
v -0.170888 0.018969 -0.378753
v -0.170920 0.052682 -0.378705
v -0.170892 0.087500 -0.378746
v -0.170892 0.122500 -0.378746
v -0.170892 0.157500 -0.378746
v -0.170892 0.192500 -0.378746
v -0.170892 0.227500 -0.378746
v -0.170892 0.262500 -0.378746
v -0.158220 0.019154 -0.403814
v -0.158064 0.052791 -0.404598
v -0.158056 0.087500 -0.404637
v -0.158056 0.122500 -0.404637
v -0.158056 0.157500 -0.404637
v -0.158056 0.192500 -0.404637
v -0.158056 0.227500 -0.404637
v -0.158056 0.262500 -0.404637
v -0.158220 0.019154 -0.436186
v -0.158064 0.052791 -0.435402
v -0.158056 0.087500 -0.435363
v -0.158056 0.122500 -0.435363
v -0.158056 0.157500 -0.435363
v -0.158056 0.192500 -0.435363
v -0.158056 0.227500 -0.435363
v -0.158056 0.262500 -0.435363
v -0.170888 0.018969 -0.461247
v -0.170920 0.052682 -0.461295
v -0.170892 0.087500 -0.461254
v -0.170892 0.122500 -0.461254
v -0.170892 0.157500 -0.461254
v -0.170892 0.192500 -0.461254
v -0.170892 0.227500 -0.461254
v -0.170892 0.262500 -0.461254
v -0.241545 0.297500 -0.359286
v -0.241545 0.332500 -0.359286
v -0.241545 0.367500 -0.359286
v -0.241545 0.402500 -0.359286
v -0.241545 0.437500 -0.359286
v -0.241545 0.472500 -0.359286
v -0.241545 0.507500 -0.359286
v -0.241545 0.542500 -0.359286
v -0.258567 0.297500 -0.369097
v -0.258567 0.332500 -0.369097
v -0.258567 0.367500 -0.369097
v -0.258567 0.402500 -0.369097
v -0.258567 0.437500 -0.369097
v -0.258567 0.472500 -0.369097
v -0.258567 0.507500 -0.369097
v -0.258567 0.542500 -0.369097
v -0.258567 0.297500 -0.470903
v -0.258567 0.332500 -0.470903
v -0.258567 0.367500 -0.470903
v -0.258567 0.402500 -0.470903
v -0.258567 0.437500 -0.470903
v -0.258567 0.472500 -0.470903
v -0.258567 0.507500 -0.470903
v -0.258567 0.542500 -0.470903
v -0.241545 0.297500 -0.480714
v -0.241545 0.332500 -0.480714
v -0.241545 0.367500 -0.480714
v -0.241545 0.402500 -0.480714
v -0.241545 0.437500 -0.480714
v -0.241545 0.472500 -0.480714
v -0.241545 0.507500 -0.480714
v -0.241545 0.542500 -0.480714
v -0.227033 0.297500 -0.356399
v -0.227033 0.332500 -0.356399
v -0.227033 0.367500 -0.356399
v -0.227033 0.402500 -0.356399
v -0.226819 0.437639 -0.356356
v -0.226136 0.472945 -0.356220
v -0.225371 0.507857 -0.356068
v -0.224996 0.542556 -0.355994
v -0.227033 0.297500 -0.483601
v -0.227033 0.332500 -0.483601
v -0.227033 0.367500 -0.483601
v -0.227033 0.402500 -0.483601
v -0.227033 0.437500 -0.483601
v -0.227033 0.472500 -0.483601
v -0.227033 0.507500 -0.483601
v -0.227033 0.542500 -0.483601
v -0.207237 0.297500 -0.357539
v -0.207237 0.332500 -0.357539
v -0.207237 0.367500 -0.357539
v -0.207237 0.402500 -0.357539
v -0.206915 0.438224 -0.357603
v -0.193981 0.477739 -0.360713
v -0.174771 0.515458 -0.373549
v -0.160000 0.544634 -0.384119
v -0.191388 0.297500 -0.362445
v -0.191388 0.332500 -0.362445
v -0.191388 0.367500 -0.362445
v -0.191385 0.402503 -0.362447
v -0.191374 0.438511 -0.362455
v -0.188985 0.463987 -0.364051
v -0.191388 0.297500 -0.477555
v -0.191388 0.332500 -0.477555
v -0.191388 0.367500 -0.477555
v -0.191403 0.402472 -0.477565
v -0.191198 0.437571 -0.477428
v -0.191142 0.472758 -0.477390
v -0.191124 0.507714 -0.477378
v -0.190951 0.542543 -0.477263
v -0.207237 0.297500 -0.482461
v -0.207237 0.332500 -0.482461
v -0.207237 0.367500 -0.482461
v -0.207258 0.402488 -0.482465
v -0.207273 0.437503 -0.482468
v -0.207192 0.472544 -0.482452
v -0.207059 0.507532 -0.482426
v -0.206998 0.542502 -0.482414
v -0.137171 0.500000 -0.298782
v -0.160000 0.505829 -0.296900
v -0.160000 0.544760 -0.299132
v -0.153266 0.500000 -0.340183
v -0.160000 0.511463 -0.323330
v -0.160000 0.544489 -0.324852
v -0.170892 0.297500 -0.378746
v -0.170892 0.332500 -0.378746
v -0.170892 0.367500 -0.378746
v -0.170883 0.402523 -0.378759
v -0.170797 0.438767 -0.378889
v -0.170534 0.483476 -0.379283
v -0.158056 0.297500 -0.404637
v -0.158056 0.332500 -0.404637
v -0.158056 0.367500 -0.404637
v -0.158056 0.402545 -0.404638
v -0.158060 0.438726 -0.404615
v -0.157995 0.468245 -0.404943
v -0.158056 0.297500 -0.435363
v -0.158056 0.332500 -0.435363
v -0.158056 0.367500 -0.435363
v -0.158050 0.402517 -0.435334
v -0.158019 0.438346 -0.435178
v -0.157438 0.471335 -0.432255
v -0.170892 0.297500 -0.461254
v -0.170892 0.332500 -0.461254
v -0.170892 0.367500 -0.461254
v -0.170885 0.402473 -0.461243
v -0.170693 0.437866 -0.460956
v -0.165771 0.478713 -0.453589
v -0.165010 0.509223 -0.452450
v -0.164694 0.542935 -0.451978
v -0.122700 0.500000 -0.297694
v -0.123936 0.500000 -0.333773
v -0.127756 0.500000 -0.370753
v -0.134401 0.500000 -0.403285
v -0.131202 0.500000 -0.429411
v -0.112887 0.500000 -0.441186
v -0.143479 0.500000 -0.438791
v -0.124244 0.507498 -0.450000
v -0.124088 0.542978 -0.450000
v -0.087514 0.500000 -0.297514
v -0.087748 0.500000 -0.332720
v -0.088440 0.500000 -0.367983
v -0.088991 0.500000 -0.402418
v -0.088778 0.500000 -0.426061
v -0.088217 0.500000 -0.439804
v -0.087694 0.512438 -0.450000
v -0.087500 0.543052 -0.450000
v -0.052500 0.500000 -0.297500
v -0.052500 0.500000 -0.332500
v -0.052500 0.500000 -0.367500
v -0.052500 0.500000 -0.402425
v -0.052500 0.500000 -0.426672
v -0.052500 0.500000 -0.440236
v -0.052500 0.512640 -0.450000
v -0.052500 0.543052 -0.450000
v -0.017500 0.500000 -0.297500
v -0.017500 0.500000 -0.332500
v -0.017500 0.500000 -0.367500
v -0.017500 0.500000 -0.402425
v -0.017500 0.500000 -0.426672
v -0.017500 0.500000 -0.440236
v -0.017500 0.512640 -0.450000
v -0.017500 0.543052 -0.450000
v -0.241545 0.577500 -0.359286
v -0.241318 0.611956 -0.359241
v -0.241008 0.626547 -0.359179
v -0.258567 0.577500 -0.369097
v -0.258521 0.611919 -0.369066
v -0.259217 0.639939 -0.369531
v -0.260205 0.650000 -0.403766
v -0.260205 0.650000 -0.436234
v -0.258567 0.577500 -0.470903
v -0.258521 0.611919 -0.470934
v -0.259217 0.639939 -0.470469
v -0.241545 0.577500 -0.480714
v -0.241318 0.611956 -0.480759
v -0.241008 0.626547 -0.480821
v -0.224945 0.577502 -0.355984
v -0.225040 0.612203 -0.356003
v -0.224526 0.630016 -0.355900
v -0.227728 0.650000 -0.367167
v -0.225583 0.650000 -0.404081
v -0.226216 0.650000 -0.435558
v -0.227593 0.650000 -0.472869
v -0.227033 0.577500 -0.483601
v -0.227068 0.612297 -0.483594
v -0.226682 0.629945 -0.483671
v -0.160000 0.577532 -0.380637
v -0.160000 0.610652 -0.379347
v -0.160000 0.629473 -0.372338
v -0.160000 0.659209 -0.353511
v -0.200746 0.650000 -0.370992
v -0.160000 0.654988 -0.374069
v -0.200715 0.650000 -0.403387
v -0.160000 0.650222 -0.402149
v -0.201087 0.650000 -0.434455
v -0.163116 0.650000 -0.427834
v -0.190926 0.577479 -0.477246
v -0.190922 0.611530 -0.477243
v -0.195320 0.650000 -0.475165
v -0.168255 0.650000 -0.433792
v -0.207009 0.577492 -0.482416
v -0.207569 0.611679 -0.482527
v -0.208885 0.630240 -0.482789
v -0.160000 0.577504 -0.298622
v -0.160000 0.612449 -0.298604
v -0.160000 0.647259 -0.298362
v -0.160000 0.682178 -0.297915
v -0.160000 0.717363 -0.297593
v -0.160000 0.751556 -0.297500
v -0.160000 0.785710 -0.297500
v -0.144110 0.800000 -0.297500
v -0.160000 0.577510 -0.323239
v -0.160000 0.612275 -0.323050
v -0.160000 0.645982 -0.321980
v -0.160000 0.681916 -0.332191
v -0.160000 0.717149 -0.332607
v -0.160000 0.751556 -0.332500
v -0.160000 0.785710 -0.332500
v -0.144110 0.800000 -0.332500
v -0.160000 0.692273 -0.368307
v -0.160000 0.716973 -0.367539
v -0.160000 0.751556 -0.367500
v -0.160000 0.785710 -0.367500
v -0.144110 0.800000 -0.367500
v -0.160000 0.691169 -0.401770
v -0.160000 0.716706 -0.401665
v -0.160000 0.751627 -0.401627
v -0.160000 0.785811 -0.402241
v -0.143971 0.800000 -0.402244
v -0.160000 0.690569 -0.433355
v -0.160000 0.716993 -0.435761
v -0.160000 0.752241 -0.435811
v -0.160000 0.787602 -0.437602
v -0.142438 0.800000 -0.435952
v -0.164521 0.577450 -0.451718
v -0.163764 0.611277 -0.450585
v -0.161187 0.643862 -0.446729
v -0.154487 0.680176 -0.450000
v -0.144516 0.716778 -0.450000
v -0.143971 0.752244 -0.450000
v -0.142438 0.785952 -0.450000
v -0.139931 0.800000 -0.450000
v -0.121809 0.800000 -0.297500
v -0.121809 0.800000 -0.332500
v -0.121809 0.800000 -0.367500
v -0.121830 0.800000 -0.402343
v -0.122012 0.800000 -0.436622
v -0.123992 0.577490 -0.450000
v -0.123909 0.612424 -0.450000
v -0.123471 0.647132 -0.450000
v -0.122668 0.682046 -0.450000
v -0.122004 0.717352 -0.450000
v -0.121830 0.752343 -0.450000
v -0.122012 0.786622 -0.450000
v -0.122038 0.800000 -0.450000
v -0.087500 0.800000 -0.297500
v -0.087500 0.800000 -0.332500
v -0.087500 0.800000 -0.367500
v -0.087500 0.800000 -0.402327
v -0.087500 0.800000 -0.436502
v -0.087500 0.577500 -0.450000
v -0.087500 0.612500 -0.450000
v -0.087500 0.647500 -0.450000
v -0.087500 0.682500 -0.450000
v -0.087500 0.717500 -0.450000
v -0.087500 0.752327 -0.450000
v -0.087500 0.786502 -0.450000
v -0.087500 0.800000 -0.450000
v -0.052500 0.800000 -0.297500
v -0.052500 0.800000 -0.332500
v -0.052500 0.800000 -0.367500
v -0.052500 0.800000 -0.402327
v -0.052500 0.800000 -0.436502
v -0.052500 0.577500 -0.450000
v -0.052500 0.612500 -0.450000
v -0.052500 0.647500 -0.450000
v -0.052500 0.682500 -0.450000
v -0.052500 0.717500 -0.450000
v -0.052500 0.752327 -0.450000
v -0.052500 0.786502 -0.450000
v -0.052500 0.800000 -0.450000
v -0.030142 0.837842 -0.563109
v -0.017500 0.800000 -0.297500
v -0.017500 0.800000 -0.332500
v -0.017500 0.800000 -0.367500
v -0.017500 0.800000 -0.402327
v -0.017500 0.800000 -0.436502
v -0.017500 0.577500 -0.450000
v -0.017500 0.612500 -0.450000
v -0.017500 0.647500 -0.450000
v -0.017500 0.682500 -0.450000
v -0.017500 0.717500 -0.450000
v -0.017500 0.752327 -0.450000
v -0.017500 0.786502 -0.450000
v -0.017500 0.800000 -0.450000
v -0.003887 0.806749 -0.566477
v -0.014654 0.826120 -0.558625
v -0.028386 0.947937 -0.497518
v -0.032166 0.962855 -0.493269
v -0.031593 0.977674 -0.494343
v -0.031095 0.904358 -0.525806
v -0.033815 0.933223 -0.512282
v -0.040708 0.962340 -0.508909
v -0.038876 0.985824 -0.508459
v -0.033934 0.859862 -0.554774
v -0.039017 0.891982 -0.542244
v -0.043953 0.927687 -0.542900
v -0.041783 0.961396 -0.541812
v -0.037220 0.985831 -0.541845
v -0.015785 0.940687 -0.492829
v -0.017492 0.962502 -0.480763
v -0.016154 0.977390 -0.493852
v -0.007593 0.873454 -0.529112
v -0.016822 0.894148 -0.520019
v -0.015469 0.924027 -0.502350
v -0.015578 0.987201 -0.510844
v -0.016706 0.860924 -0.539166
v -0.026468 0.881904 -0.533427
v -0.014893 1.006977 -0.545098
v 0.008447 0.987891 -0.562001
v -0.028706 0.528214 -0.740215
v -0.031840 0.545501 -0.733852
v -0.023915 0.504522 -0.774819
v -0.035621 0.512271 -0.757403
v -0.041357 0.543595 -0.753471
v -0.027856 0.500253 -0.767426
v -0.039497 0.509445 -0.783347
v -0.041201 0.542627 -0.786098
v -0.035219 0.522786 -0.806454
v -0.032502 0.541721 -0.803700
v -0.002734 0.562627 -0.707064
v -0.015573 0.520423 -0.735403
v -0.013907 0.548638 -0.718598
v -0.016178 0.502394 -0.771134
v -0.017673 0.497352 -0.749373
v -0.016907 0.500064 -0.767098
v -0.016229 0.508732 -0.782112
v -0.015794 0.523084 -0.806970
v -0.016784 0.542108 -0.816795
v -0.029101 0.771427 -0.600251
v -0.032347 0.790311 -0.593097
v -0.037153 0.824311 -0.579016
v -0.031713 0.726842 -0.629009
v -0.035243 0.756700 -0.615846
v -0.041666 0.788111 -0.613630
v -0.044089 0.822301 -0.612181
v -0.030830 0.660298 -0.666408
v -0.034981 0.684601 -0.657170
v -0.039480 0.715461 -0.646154
v -0.044780 0.752581 -0.647562
v -0.040963 0.786780 -0.646163
v -0.034083 0.816904 -0.642997
v -0.029869 0.593785 -0.703699
v -0.033524 0.614973 -0.695687
v -0.038596 0.647600 -0.682707
v -0.043635 0.682710 -0.682966
v -0.042096 0.716982 -0.681578
v -0.035953 0.749278 -0.679882
v -0.031282 0.784533 -0.664922
v -0.028317 0.801465 -0.658570
v -0.036622 0.579928 -0.719497
v -0.042489 0.612936 -0.718312
v -0.043244 0.647216 -0.716910
v -0.037933 0.681600 -0.716670
v -0.032984 0.714876 -0.703173
v -0.029515 0.734989 -0.695567
v -0.044392 0.577358 -0.752296
v -0.039265 0.613830 -0.753335
v -0.034507 0.645284 -0.741594
v -0.030519 0.668514 -0.732786
v -0.034614 0.572522 -0.783478
v -0.031442 0.602010 -0.770117
v -0.028853 0.557679 -0.798701
v 0.000836 0.740061 -0.604035
v -0.011932 0.758180 -0.597008
v -0.014527 0.793018 -0.577697
v -0.023985 0.814611 -0.569412
v -0.009806 0.696118 -0.632182
v -0.014699 0.721526 -0.619026
v -0.020173 0.747489 -0.605729
v -0.006674 0.629348 -0.669762
v -0.016285 0.649627 -0.661027
v -0.018035 0.684441 -0.641469
v -0.027953 0.704828 -0.637377
v -0.015451 0.826536 -0.652993
v -0.013975 0.581677 -0.699544
v -0.016167 0.616477 -0.680130
v -0.025872 0.637650 -0.673759
v -0.022004 0.758808 -0.690068
v -0.013011 0.780668 -0.680229
v -0.015525 0.808936 -0.663131
v -0.023210 0.570272 -0.709585
v -0.025042 0.691419 -0.725887
v -0.015434 0.712809 -0.718658
v -0.013054 0.747615 -0.699300
v -0.001156 0.766302 -0.692192
v -0.027259 0.624200 -0.762135
v -0.017439 0.644871 -0.757262
v -0.015560 0.679679 -0.737747
v -0.005430 0.699530 -0.729420
v -0.015410 0.582776 -0.793741
v -0.017543 0.611649 -0.776411
v -0.008852 0.632872 -0.766847
v -0.015642 0.565663 -0.803549
v -0.042796 0.857871 -0.578224
v -0.042937 0.892156 -0.576818
v -0.037398 0.925975 -0.576198
v -0.032516 0.959614 -0.562414
v -0.029163 0.977654 -0.555870
v -0.039096 0.858271 -0.612933
v -0.034116 0.890185 -0.600651
v -0.030263 0.912583 -0.592169
v -0.031206 0.846069 -0.629482
v -0.024331 0.935708 -0.585668
v -0.014820 0.957244 -0.577724
v -0.011525 0.990862 -0.559334
v 0.002631 1.006481 -0.553068
v -0.026726 0.868439 -0.621739
v -0.016943 0.889327 -0.616279
v -0.014951 0.924134 -0.596799
v -0.004389 0.943659 -0.588794
v -0.017053 0.856101 -0.635428
v -0.007997 0.876959 -0.626187
v 0.017500 0.500000 0.052500
v 0.017500 0.500000 0.017500
v 0.052500 0.500000 0.052500
v 0.052500 0.500000 0.017500
v 0.087500 0.500000 0.052500
v 0.087500 0.500000 0.017500
v 0.122399 0.500000 0.052500
v 0.122399 0.500000 0.017500
v 0.136201 0.500000 0.052500
v 0.160000 0.505278 0.052500
v 0.160000 0.544544 0.052500
v 0.136201 0.500000 0.017500
v 0.160000 0.505278 0.017500
v 0.160000 0.544544 0.017500
v 0.017500 0.800000 0.052500
v 0.017500 0.800000 0.017500
v 0.052500 0.800000 0.052500
v 0.052500 0.800000 0.017500
v 0.087500 0.800000 0.052500
v 0.087500 0.800000 0.017500
v 0.121809 0.800000 0.052500
v 0.121809 0.800000 0.017500
v 0.160000 0.577500 0.052500
v 0.160000 0.612500 0.052500
v 0.160000 0.647500 0.052500
v 0.160000 0.682500 0.052500
v 0.160000 0.717500 0.052500
v 0.160000 0.751556 0.052500
v 0.160000 0.785710 0.052500
v 0.144110 0.800000 0.052500
v 0.160000 0.577500 0.017500
v 0.160000 0.612500 0.017500
v 0.160000 0.647500 0.017500
v 0.160000 0.682500 0.017500
v 0.160000 0.717500 0.017500
v 0.160000 0.751556 0.017500
v 0.160000 0.785710 0.017500
v 0.144110 0.800000 0.017500
v 0.172340 0.000000 -0.380944
v 0.168815 0.000000 -0.403373
v 0.168815 0.000000 -0.436627
v 0.172340 0.000000 -0.459056
v 0.209511 0.005400 -0.357086
v 0.195917 0.000000 -0.370142
v 0.193478 -0.000000 -0.403204
v 0.193478 0.000000 -0.436796
v 0.195917 0.000000 -0.469858
v 0.209511 0.005400 -0.482914
v 0.227016 0.005040 -0.356396
v 0.227296 0.000000 -0.368783
v 0.227290 0.000000 -0.403227
v 0.227290 0.000000 -0.436773
v 0.227296 0.000000 -0.471217
v 0.227016 0.005040 -0.483604
v 0.240950 0.006872 -0.359167
v 0.257402 0.000000 -0.371761
v 0.261230 0.000000 -0.403239
v 0.261230 0.000000 -0.436761
v 0.257402 0.000000 -0.468239
v 0.240950 0.006872 -0.480833
v 0.274797 0.004500 -0.387261
v 0.280371 0.000000 -0.403175
v 0.280371 0.000000 -0.436825
v 0.274797 0.004500 -0.452739
v 0.017500 0.500000 -0.017500
v 0.017500 0.500000 -0.052500
v 0.017500 0.500000 -0.087500
v 0.017500 0.500000 -0.122500
v 0.017500 0.500000 -0.157500
v 0.017500 0.500000 -0.192500
v 0.017500 0.500000 -0.227500
v 0.017500 0.500000 -0.262500
v 0.052500 0.500000 -0.017500
v 0.052500 0.500000 -0.052500
v 0.052500 0.500000 -0.087500
v 0.052500 0.500000 -0.122500
v 0.052500 0.500000 -0.157500
v 0.052500 0.500000 -0.192500
v 0.052500 0.500000 -0.227500
v 0.052500 0.500000 -0.262500
v 0.087500 0.500000 -0.017500
v 0.087500 0.500000 -0.052500
v 0.087500 0.500000 -0.087500
v 0.087500 0.500000 -0.122500
v 0.087500 0.500000 -0.157500
v 0.087500 0.500000 -0.192500
v 0.087500 0.500000 -0.227500
v 0.087500 0.500000 -0.262500
v 0.122399 0.500000 -0.017500
v 0.122399 0.500000 -0.052500
v 0.122399 0.500000 -0.087500
v 0.122399 0.500000 -0.122500
v 0.122399 0.500000 -0.157500
v 0.122399 0.500000 -0.192500
v 0.122399 0.500000 -0.227500
v 0.122399 0.500000 -0.262500
v 0.136201 0.500000 -0.017500
v 0.160000 0.505278 -0.017500
v 0.160000 0.544544 -0.017500
v 0.136201 0.500000 -0.052500
v 0.160000 0.505278 -0.052500
v 0.160000 0.544544 -0.052500
v 0.136201 0.500000 -0.087500
v 0.160000 0.505278 -0.087500
v 0.160000 0.544544 -0.087500
v 0.136201 0.500000 -0.122500
v 0.160000 0.505278 -0.122500
v 0.160000 0.544544 -0.122500
v 0.136201 0.500000 -0.157500
v 0.160000 0.505278 -0.157500
v 0.160000 0.544544 -0.157500
v 0.136201 0.500000 -0.192500
v 0.160000 0.505278 -0.192500
v 0.160000 0.544544 -0.192500
v 0.136201 0.500000 -0.227500
v 0.160000 0.505278 -0.227500
v 0.160000 0.544544 -0.227500
v 0.136248 0.500000 -0.262531
v 0.160000 0.505240 -0.262449
v 0.160000 0.544584 -0.262751
v 0.017500 0.800000 -0.017500
v 0.017500 0.800000 -0.052500
v 0.017500 0.800000 -0.087500
v 0.017500 0.800000 -0.122500
v 0.017500 0.800000 -0.157500
v 0.017500 0.800000 -0.192500
v 0.017500 0.800000 -0.227500
v 0.017500 0.800000 -0.262500
v 0.052500 0.800000 -0.017500
v 0.052500 0.800000 -0.052500
v 0.052500 0.800000 -0.087500
v 0.052500 0.800000 -0.122500
v 0.052500 0.800000 -0.157500
v 0.052500 0.800000 -0.192500
v 0.052500 0.800000 -0.227500
v 0.052500 0.800000 -0.262500
v 0.087500 0.800000 -0.017500
v 0.087500 0.800000 -0.052500
v 0.087500 0.800000 -0.087500
v 0.087500 0.800000 -0.122500
v 0.087500 0.800000 -0.157500
v 0.087500 0.800000 -0.192500
v 0.087500 0.800000 -0.227500
v 0.087500 0.800000 -0.262500
v 0.121809 0.800000 -0.017500
v 0.121809 0.800000 -0.052500
v 0.121809 0.800000 -0.087500
v 0.121809 0.800000 -0.122500
v 0.121809 0.800000 -0.157500
v 0.121809 0.800000 -0.192500
v 0.121809 0.800000 -0.227500
v 0.121809 0.800000 -0.262500
v 0.160000 0.577500 -0.017500
v 0.160000 0.612500 -0.017500
v 0.160000 0.647500 -0.017500
v 0.160000 0.682500 -0.017500
v 0.160000 0.717500 -0.017500
v 0.160000 0.751556 -0.017500
v 0.160000 0.785710 -0.017500
v 0.144110 0.800000 -0.017500
v 0.160000 0.577500 -0.052500
v 0.160000 0.612500 -0.052500
v 0.160000 0.647500 -0.052500
v 0.160000 0.682500 -0.052500
v 0.160000 0.717500 -0.052500
v 0.160000 0.751556 -0.052500
v 0.160000 0.785710 -0.052500
v 0.144110 0.800000 -0.052500
v 0.160000 0.577500 -0.087500
v 0.160000 0.612500 -0.087500
v 0.160000 0.647500 -0.087500
v 0.160000 0.682500 -0.087500
v 0.160000 0.717500 -0.087500
v 0.160000 0.751556 -0.087500
v 0.160000 0.785710 -0.087500
v 0.144110 0.800000 -0.087500
v 0.160000 0.577500 -0.122500
v 0.160000 0.612500 -0.122500
v 0.160000 0.647500 -0.122500
v 0.160000 0.682500 -0.122500
v 0.160000 0.717500 -0.122500
v 0.160000 0.751556 -0.122500
v 0.160000 0.785710 -0.122500
v 0.144110 0.800000 -0.122500
v 0.160000 0.577500 -0.157500
v 0.160000 0.612500 -0.157500
v 0.160000 0.647500 -0.157500
v 0.160000 0.682500 -0.157500
v 0.160000 0.717500 -0.157500
v 0.160000 0.751556 -0.157500
v 0.160000 0.785710 -0.157500
v 0.144110 0.800000 -0.157500
v 0.160000 0.577500 -0.192500
v 0.160000 0.612500 -0.192500
v 0.160000 0.647500 -0.192500
v 0.160000 0.682500 -0.192500
v 0.160000 0.717500 -0.192500
v 0.160000 0.751556 -0.192500
v 0.160000 0.785710 -0.192500
v 0.144110 0.800000 -0.192500
v 0.160000 0.577500 -0.227500
v 0.160000 0.612500 -0.227500
v 0.160000 0.647500 -0.227500
v 0.160000 0.682500 -0.227500
v 0.160000 0.717500 -0.227500
v 0.160000 0.751556 -0.227500
v 0.160000 0.785710 -0.227500
v 0.144110 0.800000 -0.227500
v 0.160000 0.577501 -0.262787
v 0.160000 0.612486 -0.262775
v 0.160000 0.647450 -0.262711
v 0.160000 0.682442 -0.262603
v 0.160000 0.717478 -0.262522
v 0.160000 0.751556 -0.262500
v 0.160000 0.785710 -0.262500
v 0.144110 0.800000 -0.262500
v 0.170888 0.018969 -0.378753
v 0.170920 0.052682 -0.378705
v 0.170892 0.087500 -0.378746
v 0.170892 0.122500 -0.378746
v 0.170892 0.157500 -0.378746
v 0.170892 0.192500 -0.378746
v 0.170892 0.227500 -0.378746
v 0.170892 0.262500 -0.378746
v 0.158220 0.019154 -0.403814
v 0.158064 0.052791 -0.404598
v 0.158056 0.087500 -0.404637
v 0.158056 0.122500 -0.404637
v 0.158056 0.157500 -0.404637
v 0.158056 0.192500 -0.404637
v 0.158056 0.227500 -0.404637
v 0.158056 0.262500 -0.404637
v 0.158220 0.019154 -0.436186
v 0.158064 0.052791 -0.435402
v 0.158056 0.087500 -0.435363
v 0.158056 0.122500 -0.435363
v 0.158056 0.157500 -0.435363
v 0.158056 0.192500 -0.435363
v 0.158056 0.227500 -0.435363
v 0.158056 0.262500 -0.435363
v 0.170888 0.018969 -0.461247
v 0.170920 0.052682 -0.461295
v 0.170892 0.087500 -0.461254
v 0.170892 0.122500 -0.461254
v 0.170892 0.157500 -0.461254
v 0.170892 0.192500 -0.461254
v 0.170892 0.227500 -0.461254
v 0.170892 0.262500 -0.461254
v 0.207977 0.018555 -0.357391
v 0.207297 0.052535 -0.357527
v 0.207237 0.087500 -0.357539
v 0.207237 0.122500 -0.357539
v 0.207237 0.157500 -0.357539
v 0.207237 0.192500 -0.357539
v 0.207237 0.227500 -0.357539
v 0.207237 0.262500 -0.357539
v 0.191257 0.018765 -0.362533
v 0.191441 0.052589 -0.362409
v 0.191388 0.087500 -0.362445
v 0.191388 0.122500 -0.362445
v 0.191388 0.157500 -0.362445
v 0.191388 0.192500 -0.362445
v 0.191388 0.227500 -0.362445
v 0.191388 0.262500 -0.362445
v 0.191257 0.018765 -0.477467
v 0.191441 0.052589 -0.477591
v 0.191388 0.087500 -0.477555
v 0.191388 0.122500 -0.477555
v 0.191388 0.157500 -0.477555
v 0.191388 0.192500 -0.477555
v 0.191388 0.227500 -0.477555
v 0.191388 0.262500 -0.477555
v 0.207977 0.018555 -0.482608
v 0.207297 0.052535 -0.482473
v 0.207237 0.087500 -0.482461
v 0.207237 0.122500 -0.482461
v 0.207237 0.157500 -0.482461
v 0.207237 0.192500 -0.482461
v 0.207237 0.227500 -0.482461
v 0.207237 0.262500 -0.482461
v 0.227073 0.017728 -0.356407
v 0.227033 0.052500 -0.356399
v 0.227033 0.087500 -0.356399
v 0.227033 0.122500 -0.356399
v 0.227033 0.157500 -0.356399
v 0.227033 0.192500 -0.356399
v 0.227033 0.227500 -0.356399
v 0.227033 0.262500 -0.356399
v 0.227073 0.017728 -0.483593
v 0.227033 0.052500 -0.483601
v 0.227033 0.087500 -0.483601
v 0.227033 0.122500 -0.483601
v 0.227033 0.157500 -0.483601
v 0.227033 0.192500 -0.483601
v 0.227033 0.227500 -0.483601
v 0.227033 0.262500 -0.483601
v 0.241282 0.018133 -0.359233
v 0.241545 0.052500 -0.359286
v 0.241545 0.087500 -0.359286
v 0.241545 0.122500 -0.359286
v 0.241545 0.157500 -0.359286
v 0.241545 0.192500 -0.359286
v 0.241545 0.227500 -0.359286
v 0.241545 0.262500 -0.359286
v 0.258505 0.018205 -0.369056
v 0.258567 0.052500 -0.369097
v 0.258567 0.087500 -0.369097
v 0.258567 0.122500 -0.369097
v 0.258567 0.157500 -0.369097
v 0.258567 0.192500 -0.369097
v 0.258567 0.227500 -0.369097
v 0.258567 0.262500 -0.369097
v 0.258505 0.018205 -0.470944
v 0.258567 0.052500 -0.470903
v 0.258567 0.087500 -0.470903
v 0.258567 0.122500 -0.470903
v 0.258567 0.157500 -0.470903
v 0.258567 0.192500 -0.470903
v 0.258567 0.227500 -0.470903
v 0.258567 0.262500 -0.470903
v 0.241282 0.018133 -0.480767
v 0.241545 0.052500 -0.480714
v 0.241545 0.087500 -0.480714
v 0.241545 0.122500 -0.480714
v 0.241545 0.157500 -0.480714
v 0.241545 0.192500 -0.480714
v 0.241545 0.227500 -0.480714
v 0.241545 0.262500 -0.480714
v 0.017500 0.500000 -0.297500
v 0.017500 0.500000 -0.332500
v 0.017500 0.500000 -0.367500
v 0.017500 0.500000 -0.402425
v 0.017500 0.500000 -0.426672
v 0.017500 0.500000 -0.440236
v 0.017500 0.512640 -0.450000
v 0.017500 0.543052 -0.450000
v 0.052500 0.500000 -0.297500
v 0.052500 0.500000 -0.332500
v 0.052500 0.500000 -0.367500
v 0.052500 0.500000 -0.402425
v 0.052500 0.500000 -0.426672
v 0.052500 0.500000 -0.440236
v 0.052500 0.512640 -0.450000
v 0.052500 0.543052 -0.450000
v 0.087514 0.500000 -0.297514
v 0.087748 0.500000 -0.332720
v 0.088440 0.500000 -0.367983
v 0.088991 0.500000 -0.402418
v 0.088778 0.500000 -0.426061
v 0.088217 0.500000 -0.439804
v 0.087694 0.512438 -0.450000
v 0.087500 0.543052 -0.450000
v 0.122700 0.500000 -0.297694
v 0.123936 0.500000 -0.333773
v 0.127756 0.500000 -0.370753
v 0.134401 0.500000 -0.403285
v 0.131202 0.500000 -0.429411
v 0.112887 0.500000 -0.441186
v 0.143479 0.500000 -0.438791
v 0.124244 0.507498 -0.450000
v 0.124088 0.542978 -0.450000
v 0.137171 0.500000 -0.298782
v 0.160000 0.505829 -0.296900
v 0.160000 0.544760 -0.299132
v 0.153266 0.500000 -0.340183
v 0.160000 0.511463 -0.323330
v 0.160000 0.544489 -0.324852
v 0.170892 0.297500 -0.378746
v 0.170892 0.332500 -0.378746
v 0.170892 0.367500 -0.378746
v 0.170883 0.402523 -0.378759
v 0.170797 0.438767 -0.378889
v 0.170534 0.483476 -0.379283
v 0.158056 0.297500 -0.404637
v 0.158056 0.332500 -0.404637
v 0.158056 0.367500 -0.404637
v 0.158056 0.402545 -0.404638
v 0.158060 0.438726 -0.404615
v 0.157995 0.468245 -0.404943
v 0.158056 0.297500 -0.435363
v 0.158056 0.332500 -0.435363
v 0.158056 0.367500 -0.435363
v 0.158050 0.402517 -0.435334
v 0.158019 0.438346 -0.435178
v 0.157438 0.471335 -0.432255
v 0.170892 0.297500 -0.461254
v 0.170892 0.332500 -0.461254
v 0.170892 0.367500 -0.461254
v 0.170885 0.402473 -0.461243
v 0.170693 0.437866 -0.460956
v 0.165771 0.478712 -0.453589
v 0.165010 0.509223 -0.452450
v 0.164694 0.542935 -0.451978
v 0.207237 0.297500 -0.357539
v 0.207237 0.332500 -0.357539
v 0.207237 0.367500 -0.357539
v 0.207237 0.402500 -0.357539
v 0.206915 0.438224 -0.357603
v 0.193981 0.477739 -0.360713
v 0.174771 0.515458 -0.373549
v 0.160000 0.544634 -0.384119
v 0.191388 0.297500 -0.362445
v 0.191388 0.332500 -0.362445
v 0.191388 0.367500 -0.362445
v 0.191385 0.402503 -0.362447
v 0.191374 0.438511 -0.362455
v 0.188985 0.463987 -0.364051
v 0.191388 0.297500 -0.477555
v 0.191388 0.332500 -0.477555
v 0.191388 0.367500 -0.477555
v 0.191403 0.402472 -0.477565
v 0.191198 0.437571 -0.477428
v 0.191142 0.472758 -0.477390
v 0.191124 0.507714 -0.477378
v 0.190951 0.542543 -0.477263
v 0.207237 0.297500 -0.482461
v 0.207237 0.332500 -0.482461
v 0.207237 0.367500 -0.482461
v 0.207258 0.402488 -0.482465
v 0.207273 0.437503 -0.482468
v 0.207192 0.472544 -0.482452
v 0.207059 0.507532 -0.482426
v 0.206998 0.542502 -0.482414
v 0.227033 0.297500 -0.356399
v 0.227033 0.332500 -0.356399
v 0.227033 0.367500 -0.356399
v 0.227033 0.402500 -0.356399
v 0.226819 0.437639 -0.356356
v 0.226136 0.472945 -0.356220
v 0.225371 0.507857 -0.356068
v 0.224996 0.542556 -0.355994
v 0.227033 0.297500 -0.483601
v 0.227033 0.332500 -0.483601
v 0.227033 0.367500 -0.483601
v 0.227033 0.402500 -0.483601
v 0.227033 0.437500 -0.483601
v 0.227033 0.472500 -0.483601
v 0.227033 0.507500 -0.483601
v 0.227033 0.542500 -0.483601
v 0.241545 0.297500 -0.359286
v 0.241545 0.332500 -0.359286
v 0.241545 0.367500 -0.359286
v 0.241545 0.402500 -0.359286
v 0.241545 0.437500 -0.359286
v 0.241545 0.472500 -0.359286
v 0.241545 0.507500 -0.359286
v 0.241545 0.542500 -0.359286
v 0.258567 0.297500 -0.369097
v 0.258567 0.332500 -0.369097
v 0.258567 0.367500 -0.369097
v 0.258567 0.402500 -0.369097
v 0.258567 0.437500 -0.369097
v 0.258567 0.472500 -0.369097
v 0.258567 0.507500 -0.369097
v 0.258567 0.542500 -0.369097
v 0.258567 0.297500 -0.470903
v 0.258567 0.332500 -0.470903
v 0.258567 0.367500 -0.470903
v 0.258567 0.402500 -0.470903
v 0.258567 0.437500 -0.470903
v 0.258567 0.472500 -0.470903
v 0.258567 0.507500 -0.470903
v 0.258567 0.542500 -0.470903
v 0.241545 0.297500 -0.480714
v 0.241545 0.332500 -0.480714
v 0.241545 0.367500 -0.480714
v 0.241545 0.402500 -0.480714
v 0.241545 0.437500 -0.480714
v 0.241545 0.472500 -0.480714
v 0.241545 0.507500 -0.480714
v 0.241545 0.542500 -0.480714
v 0.017500 0.800000 -0.297500
v 0.017500 0.800000 -0.332500
v 0.017500 0.800000 -0.367500
v 0.017500 0.800000 -0.402327
v 0.017500 0.800000 -0.436502
v 0.017500 0.577500 -0.450000
v 0.017500 0.612500 -0.450000
v 0.017500 0.647500 -0.450000
v 0.017500 0.682500 -0.450000
v 0.017500 0.717500 -0.450000
v 0.017500 0.752327 -0.450000
v 0.017500 0.786502 -0.450000
v 0.017500 0.800000 -0.450000
v 0.003887 0.806749 -0.566477
v 0.014654 0.826120 -0.558625
v 0.052500 0.800000 -0.297500
v 0.052500 0.800000 -0.332500
v 0.052500 0.800000 -0.367500
v 0.052500 0.800000 -0.402327
v 0.052500 0.800000 -0.436502
v 0.052500 0.577500 -0.450000
v 0.052500 0.612500 -0.450000
v 0.052500 0.647500 -0.450000
v 0.052500 0.682500 -0.450000
v 0.052500 0.717500 -0.450000
v 0.052500 0.752327 -0.450000
v 0.052500 0.786502 -0.450000
v 0.052500 0.800000 -0.450000
v 0.030142 0.837842 -0.563109
v 0.087500 0.800000 -0.297500
v 0.087500 0.800000 -0.332500
v 0.087500 0.800000 -0.367500
v 0.087500 0.800000 -0.402327
v 0.087500 0.800000 -0.436502
v 0.087500 0.577500 -0.450000
v 0.087500 0.612500 -0.450000
v 0.087500 0.647500 -0.450000
v 0.087500 0.682500 -0.450000
v 0.087500 0.717500 -0.450000
v 0.087500 0.752327 -0.450000
v 0.087500 0.786502 -0.450000
v 0.087500 0.800000 -0.450000
v 0.121809 0.800000 -0.297500
v 0.121809 0.800000 -0.332500
v 0.121809 0.800000 -0.367500
v 0.121830 0.800000 -0.402343
v 0.122012 0.800000 -0.436622
v 0.123992 0.577490 -0.450000
v 0.123909 0.612424 -0.450000
v 0.123471 0.647132 -0.450000
v 0.122668 0.682046 -0.450000
v 0.122004 0.717352 -0.450000
v 0.121830 0.752343 -0.450000
v 0.122012 0.786622 -0.450000
v 0.122038 0.800000 -0.450000
v 0.160000 0.577504 -0.298622
v 0.160000 0.612449 -0.298604
v 0.160000 0.647259 -0.298362
v 0.160000 0.682178 -0.297915
v 0.160000 0.717363 -0.297593
v 0.160000 0.751556 -0.297500
v 0.160000 0.785710 -0.297500
v 0.144110 0.800000 -0.297500
v 0.160000 0.577510 -0.323239
v 0.160000 0.612275 -0.323050
v 0.160000 0.645982 -0.321980
v 0.160000 0.681916 -0.332191
v 0.160000 0.717149 -0.332607
v 0.160000 0.751556 -0.332500
v 0.160000 0.785710 -0.332500
v 0.144110 0.800000 -0.332500
v 0.160000 0.692273 -0.368307
v 0.160000 0.716973 -0.367539
v 0.160000 0.751556 -0.367500
v 0.160000 0.785710 -0.367500
v 0.144110 0.800000 -0.367500
v 0.160000 0.691169 -0.401770
v 0.160000 0.716706 -0.401665
v 0.160000 0.751627 -0.401627
v 0.160000 0.785811 -0.402241
v 0.143971 0.800000 -0.402244
v 0.160000 0.690569 -0.433355
v 0.160000 0.716993 -0.435761
v 0.160000 0.752241 -0.435811
v 0.160000 0.787602 -0.437602
v 0.142438 0.800000 -0.435952
v 0.164521 0.577450 -0.451718
v 0.163764 0.611277 -0.450585
v 0.161187 0.643862 -0.446729
v 0.154487 0.680176 -0.450000
v 0.144516 0.716778 -0.450000
v 0.143971 0.752244 -0.450000
v 0.142438 0.785952 -0.450000
v 0.139931 0.800000 -0.450000
v 0.160000 0.577532 -0.380637
v 0.160000 0.610652 -0.379347
v 0.160000 0.629473 -0.372338
v 0.160000 0.659209 -0.353511
v 0.200746 0.650000 -0.370992
v 0.160000 0.654988 -0.374069
v 0.200715 0.650000 -0.403387
v 0.160000 0.650222 -0.402149
v 0.201087 0.650000 -0.434455
v 0.163116 0.650000 -0.427834
v 0.190926 0.577479 -0.477246
v 0.190922 0.611530 -0.477243
v 0.195320 0.650000 -0.475165
v 0.168255 0.650000 -0.433792
v 0.207009 0.577492 -0.482416
v 0.207569 0.611679 -0.482527
v 0.208885 0.630240 -0.482789
v 0.224945 0.577502 -0.355984
v 0.225040 0.612203 -0.356003
v 0.224526 0.630016 -0.355900
v 0.227728 0.650000 -0.367167
v 0.225583 0.650000 -0.404081
v 0.226216 0.650000 -0.435558
v 0.227593 0.650000 -0.472869
v 0.227033 0.577500 -0.483601
v 0.227068 0.612297 -0.483594
v 0.226682 0.629945 -0.483671
v 0.241545 0.577500 -0.359286
v 0.241318 0.611956 -0.359241
v 0.241008 0.626547 -0.359179
v 0.258567 0.577500 -0.369097
v 0.258521 0.611919 -0.369066
v 0.259217 0.639939 -0.369531
v 0.260205 0.650000 -0.403766
v 0.260205 0.650000 -0.436234
v 0.258567 0.577500 -0.470903
v 0.258521 0.611919 -0.470934
v 0.259217 0.639939 -0.470469
v 0.241545 0.577500 -0.480714
v 0.241318 0.611956 -0.480759
v 0.241008 0.626547 -0.480821
v 0.015785 0.940687 -0.492829
v 0.017492 0.962502 -0.480763
v 0.016154 0.977390 -0.493852
v 0.007593 0.873454 -0.529112
v 0.016822 0.894148 -0.520019
v 0.015469 0.924027 -0.502350
v 0.015578 0.987201 -0.510844
v 0.016706 0.860924 -0.539165
v 0.026468 0.881904 -0.533427
v 0.014893 1.006977 -0.545098
v -0.008447 0.987892 -0.562001
v 0.028386 0.947937 -0.497518
v 0.032166 0.962855 -0.493269
v 0.031593 0.977674 -0.494343
v 0.031095 0.904358 -0.525806
v 0.033815 0.933223 -0.512282
v 0.040708 0.962340 -0.508909
v 0.038876 0.985824 -0.508459
v 0.033934 0.859862 -0.554774
v 0.039017 0.891982 -0.542244
v 0.043953 0.927687 -0.542900
v 0.041783 0.961396 -0.541812
v 0.037220 0.985831 -0.541845
v 0.002734 0.562627 -0.707064
v 0.015573 0.520423 -0.735403
v 0.013907 0.548638 -0.718598
v 0.016178 0.502394 -0.771134
v 0.017673 0.497352 -0.749373
v 0.016907 0.500064 -0.767098
v 0.016229 0.508732 -0.782112
v 0.015794 0.523084 -0.806969
v 0.016784 0.542108 -0.816795
v 0.028706 0.528214 -0.740215
v 0.031840 0.545501 -0.733852
v 0.023915 0.504522 -0.774819
v 0.035621 0.512271 -0.757403
v 0.041357 0.543595 -0.753471
v 0.027856 0.500253 -0.767426
v 0.039497 0.509445 -0.783347
v 0.041201 0.542627 -0.786098
v 0.035219 0.522786 -0.806454
v 0.032502 0.541721 -0.803700
v -0.000836 0.740061 -0.604035
v 0.011932 0.758180 -0.597008
v 0.014527 0.793018 -0.577697
v 0.023985 0.814611 -0.569412
v 0.009806 0.696118 -0.632182
v 0.014699 0.721526 -0.619026
v 0.020173 0.747489 -0.605729
v 0.006674 0.629348 -0.669762
v 0.016285 0.649627 -0.661027
v 0.018035 0.684441 -0.641469
v 0.027953 0.704828 -0.637377
v 0.015451 0.826536 -0.652993
v 0.013975 0.581677 -0.699544
v 0.016167 0.616477 -0.680130
v 0.025872 0.637650 -0.673759
v 0.022004 0.758808 -0.690068
v 0.013011 0.780668 -0.680229
v 0.015525 0.808936 -0.663131
v 0.023210 0.570272 -0.709585
v 0.025042 0.691419 -0.725886
v 0.015434 0.712809 -0.718658
v 0.013054 0.747615 -0.699300
v 0.001156 0.766302 -0.692192
v 0.027259 0.624200 -0.762135
v 0.017439 0.644871 -0.757262
v 0.015560 0.679679 -0.737747
v 0.005430 0.699530 -0.729420
v 0.015410 0.582776 -0.793741
v 0.017543 0.611649 -0.776411
v 0.008852 0.632872 -0.766847
v 0.015642 0.565663 -0.803549
v 0.029101 0.771427 -0.600251
v 0.032347 0.790311 -0.593097
v 0.037153 0.824311 -0.579016
v 0.031713 0.726842 -0.629009
v 0.035243 0.756700 -0.615846
v 0.041666 0.788111 -0.613630
v 0.044089 0.822301 -0.612181
v 0.030830 0.660298 -0.666408
v 0.034981 0.684601 -0.657170
v 0.039480 0.715461 -0.646154
v 0.044780 0.752581 -0.647562
v 0.040963 0.786780 -0.646163
v 0.034083 0.816904 -0.642997
v 0.029869 0.593785 -0.703699
v 0.033524 0.614973 -0.695687
v 0.038596 0.647600 -0.682707
v 0.043635 0.682710 -0.682966
v 0.042096 0.716982 -0.681578
v 0.035953 0.749278 -0.679882
v 0.031282 0.784533 -0.664922
v 0.028317 0.801465 -0.658570
v 0.036622 0.579928 -0.719497
v 0.042489 0.612936 -0.718312
v 0.043244 0.647216 -0.716910
v 0.037933 0.681600 -0.716670
v 0.032984 0.714876 -0.703173
v 0.029515 0.734989 -0.695567
v 0.044392 0.577358 -0.752296
v 0.039265 0.613830 -0.753335
v 0.034507 0.645284 -0.741594
v 0.030519 0.668514 -0.732786
v 0.034614 0.572522 -0.783478
v 0.031442 0.602010 -0.770117
v 0.028853 0.557679 -0.798701
v 0.024331 0.935708 -0.585667
v 0.014820 0.957244 -0.577724
v 0.011525 0.990862 -0.559334
v -0.002631 1.006481 -0.553068
v 0.026726 0.868440 -0.621739
v 0.016943 0.889327 -0.616279
v 0.014951 0.924134 -0.596799
v 0.004389 0.943659 -0.588794
v 0.017053 0.856101 -0.635428
v 0.007997 0.876959 -0.626187
v 0.042796 0.857871 -0.578224
v 0.042937 0.892156 -0.576818
v 0.037398 0.925975 -0.576198
v 0.032516 0.959614 -0.562414
v 0.029163 0.977654 -0.555870
v 0.039096 0.858271 -0.612933
v 0.034116 0.890185 -0.600651
v 0.030263 0.912583 -0.592169
v 0.031206 0.846069 -0.629482
v 0.274475 0.018504 -0.386778
v 0.274487 0.052528 -0.386796
v 0.274510 0.087500 -0.386831
v 0.274510 0.122500 -0.386831
v 0.274510 0.157500 -0.386831
v 0.274510 0.192500 -0.386831
v 0.274510 0.227500 -0.386831
v 0.274510 0.262500 -0.386831
v 0.281747 0.018388 -0.403647
v 0.281819 0.052576 -0.404007
v 0.281826 0.087500 -0.404045
v 0.281826 0.122500 -0.404045
v 0.281826 0.157500 -0.404045
v 0.281826 0.192500 -0.404045
v 0.281826 0.227500 -0.404045
v 0.281826 0.262500 -0.404045
v 0.281747 0.018388 -0.436353
v 0.281819 0.052576 -0.435993
v 0.281826 0.087500 -0.435955
v 0.281826 0.122500 -0.435955
v 0.281826 0.157500 -0.435955
v 0.281826 0.192500 -0.435955
v 0.281826 0.227500 -0.435955
v 0.281826 0.262500 -0.435955
v 0.274475 0.018504 -0.453222
v 0.274487 0.052528 -0.453204
v 0.274510 0.087500 -0.453169
v 0.274510 0.122500 -0.453169
v 0.274510 0.157500 -0.453169
v 0.274510 0.192500 -0.453169
v 0.274510 0.227500 -0.453169
v 0.274510 0.262500 -0.453169
v 0.274510 0.297500 -0.386831
v 0.274510 0.332500 -0.386831
v 0.274510 0.367500 -0.386831
v 0.274510 0.402500 -0.386831
v 0.274510 0.437500 -0.386831
v 0.274510 0.472500 -0.386831
v 0.274510 0.507500 -0.386831
v 0.274510 0.542500 -0.386831
v 0.281826 0.297500 -0.404045
v 0.281826 0.332500 -0.404045
v 0.281826 0.367500 -0.404045
v 0.281826 0.402500 -0.404045
v 0.281826 0.437500 -0.404045
v 0.281826 0.472500 -0.404045
v 0.281826 0.507500 -0.404045
v 0.281826 0.542500 -0.404045
v 0.281826 0.297500 -0.435955
v 0.281826 0.332500 -0.435955
v 0.281826 0.367500 -0.435955
v 0.281826 0.402500 -0.435955
v 0.281826 0.437500 -0.435955
v 0.281826 0.472500 -0.435955
v 0.281826 0.507500 -0.435955
v 0.281826 0.542500 -0.435955
v 0.274510 0.297500 -0.453169
v 0.274510 0.332500 -0.453169
v 0.274510 0.367500 -0.453169
v 0.274510 0.402500 -0.453169
v 0.274510 0.437500 -0.453169
v 0.274510 0.472500 -0.453169
v 0.274510 0.507500 -0.453169
v 0.274510 0.542500 -0.453169
v 0.274510 0.577500 -0.386831
v 0.274545 0.611723 -0.386884
v 0.274918 0.631324 -0.387442
v 0.281826 0.577500 -0.404045
v 0.281794 0.611801 -0.403885
v 0.281678 0.638403 -0.403299
v 0.281826 0.577500 -0.435955
v 0.281794 0.611801 -0.436115
v 0.281678 0.638403 -0.436701
v 0.274510 0.577500 -0.453169
v 0.274545 0.611723 -0.453116
v 0.274918 0.631324 -0.452558
v -0.276338 0.003137 0.350434
v -0.280315 0.000000 0.332060
v -0.280247 0.000000 0.298266
v -0.273269 0.005660 0.284974
v -0.244775 0.003878 0.380072
v -0.258485 0.000000 0.363763
v -0.261135 -0.000000 0.332096
v -0.261293 0.000000 0.298439
v -0.227250 0.001001 0.383558
v -0.227322 0.000000 0.366091
v -0.227341 -0.000000 0.332099
v -0.227232 0.000000 0.298488
v -0.204896 0.002336 0.381996
v -0.193832 0.000000 0.365945
v -0.193565 0.000000 0.332007
v -0.193431 0.000000 0.298343
v -0.171891 0.000000 0.356070
v -0.168751 0.000000 0.331826
v -0.169586 0.000000 0.298503
v -0.261201 0.000000 0.275619
v -0.227042 0.000000 0.269731
v -0.193770 0.000000 0.272153
v -0.172961 -0.000000 0.277412
v -0.275692 0.018707 0.351399
v -0.275612 0.052523 0.351519
v -0.275629 0.087500 0.351494
v -0.275629 0.122500 0.351494
v -0.275629 0.157500 0.351494
v -0.275629 0.192500 0.351494
v -0.275629 0.227500 0.351494
v -0.275629 0.262500 0.351494
v -0.282654 0.018397 0.331793
v -0.282701 0.052562 0.331560
v -0.282706 0.087500 0.331531
v -0.282706 0.122500 0.331531
v -0.282706 0.157500 0.331531
v -0.282706 0.192500 0.331531
v -0.282706 0.227500 0.331531
v -0.282706 0.262500 0.331531
v -0.280800 0.018214 0.298884
v -0.280874 0.052556 0.299259
v -0.280881 0.087500 0.299290
v -0.280881 0.122500 0.299290
v -0.280881 0.157500 0.299290
v -0.280881 0.192500 0.299290
v -0.280881 0.227500 0.299290
v -0.280881 0.262500 0.299290
v -0.275629 0.297500 0.351494
v -0.275629 0.332500 0.351494
v -0.275629 0.367500 0.351494
v -0.275629 0.402500 0.351494
v -0.275629 0.437500 0.351494
v -0.275629 0.472500 0.351494
v -0.275629 0.507500 0.351494
v -0.275629 0.542500 0.351494
v -0.282706 0.297500 0.331531
v -0.282706 0.332500 0.331531
v -0.282706 0.367500 0.331531
v -0.282706 0.402500 0.331531
v -0.282706 0.437500 0.331531
v -0.282706 0.472500 0.331531
v -0.282706 0.507500 0.331531
v -0.282706 0.542500 0.331531
v -0.280881 0.297500 0.299290
v -0.280881 0.332500 0.299290
v -0.280881 0.367500 0.299290
v -0.280881 0.402500 0.299290
v -0.280881 0.437500 0.299290
v -0.280881 0.472500 0.299290
v -0.280881 0.507500 0.299290
v -0.280881 0.542500 0.299290
v -0.275629 0.577500 0.351494
v -0.275730 0.611587 0.351342
v -0.276393 0.633374 0.350350
v -0.282706 0.577500 0.331531
v -0.282683 0.611793 0.331646
v -0.282593 0.639889 0.332100
v -0.280881 0.577500 0.299290
v -0.280846 0.611926 0.299117
v -0.280726 0.636407 0.298514
v -0.273090 0.018466 0.284706
v -0.273003 0.052564 0.284576
v -0.272994 0.087500 0.284562
v -0.272994 0.122500 0.284562
v -0.272994 0.157500 0.284562
v -0.272994 0.192500 0.284562
v -0.272994 0.227500 0.284562
v -0.272994 0.262500 0.284562
v -0.272994 0.297500 0.284562
v -0.272994 0.332500 0.284562
v -0.272994 0.367500 0.284562
v -0.272994 0.402500 0.284562
v -0.272994 0.437500 0.284562
v -0.272994 0.472500 0.284562
v -0.272994 0.507500 0.284562
v -0.272994 0.542500 0.284562
v -0.272994 0.577500 0.284562
v -0.273045 0.611776 0.284639
v -0.273206 0.628698 0.284879
v -0.075872 0.730000 0.950000
v -0.076482 0.753016 0.950000
v -0.076545 0.787508 0.950000
v -0.076539 0.822300 0.950000
v -0.076482 0.730000 0.926984
v -0.080000 0.753995 0.926005
v -0.080000 0.787582 0.925567
v -0.080000 0.821892 0.925637
v -0.076545 0.730000 0.892491
v -0.080000 0.754435 0.892415
v -0.080000 0.787659 0.892336
v -0.080000 0.821694 0.892335
v -0.076710 0.730000 0.857367
v -0.080000 0.754748 0.856657
v -0.080000 0.787699 0.856333
v -0.080000 0.821765 0.856202
v -0.052039 0.730000 0.950000
v -0.051187 0.753876 0.950000
v -0.050998 0.787500 0.950000
v -0.051070 0.821960 0.950000
v -0.051187 0.730000 0.926124
v -0.050998 0.730000 0.892500
v -0.051031 0.730000 0.857474
v -0.017500 0.730000 0.950000
v -0.017500 0.754075 0.950000
v -0.017500 0.787500 0.950000
v -0.017500 0.821907 0.950000
v -0.017500 0.730000 0.925925
v -0.017500 0.730000 0.892500
v -0.017500 0.730000 0.857500
v -0.076153 0.857259 0.950000
v -0.067711 0.870000 0.941702
v -0.080000 0.856342 0.926833
v -0.068413 0.870000 0.926558
v -0.080000 0.855951 0.892455
v -0.068709 0.870000 0.892477
v -0.080000 0.855983 0.856752
v -0.068439 0.870000 0.855523
v -0.051802 0.856104 0.950000
v -0.051697 0.870000 0.941995
v -0.051797 0.870000 0.926767
v -0.051679 0.870000 0.892500
v -0.051501 0.870000 0.855339
v -0.017500 0.855932 0.950000
v -0.017500 0.870000 0.942134
v -0.017500 0.870000 0.926645
v -0.017500 0.870000 0.892500
v -0.017500 0.870000 0.855254
v -0.080000 0.768693 0.795634
v -0.080000 0.788626 0.795912
v -0.080000 0.822211 0.795304
v -0.100082 0.740000 0.775002
v -0.110000 0.753132 0.788033
v -0.110000 0.787740 0.786296
v -0.110000 0.822497 0.786237
v -0.101090 0.740000 0.752035
v -0.110000 0.753950 0.752007
v -0.110000 0.788101 0.751622
v -0.110000 0.822498 0.751627
v -0.101764 0.740000 0.717618
v -0.110000 0.754068 0.717500
v -0.110000 0.788093 0.717500
v -0.110000 0.822500 0.717500
v -0.102050 0.740000 0.682537
v -0.110000 0.754068 0.682500
v -0.110000 0.788093 0.682500
v -0.110000 0.822500 0.682500
v -0.101570 0.740000 0.647206
v -0.110000 0.754066 0.647499
v -0.110000 0.788093 0.647500
v -0.110000 0.822500 0.647500
v -0.099121 0.740000 0.611153
v -0.110000 0.753979 0.612384
v -0.110000 0.788050 0.612458
v -0.110000 0.822500 0.612500
v -0.100427 0.665372 0.557245
v -0.098795 0.671361 0.556608
v -0.086305 0.740000 0.572226
v -0.110000 0.753827 0.577203
v -0.110000 0.787912 0.577526
v -0.110000 0.822540 0.577583
v -0.079649 0.730000 0.822123
v -0.080000 0.758766 0.814466
v -0.080000 0.788009 0.818873
v -0.080000 0.821768 0.818322
v -0.083704 0.740000 0.786184
v -0.080000 0.755816 0.790255
v -0.084910 0.740000 0.752777
v -0.086011 0.740000 0.718007
v -0.086443 0.740000 0.682553
v -0.085506 0.740000 0.646204
v -0.079885 0.740000 0.606565
v -0.085423 0.661873 0.565398
v -0.086657 0.683879 0.570358
v -0.067498 0.726090 0.562495
v -0.051151 0.730000 0.822465
v -0.051481 0.730000 0.787712
v -0.052065 0.730000 0.753041
v -0.052231 0.740000 0.718506
v -0.052180 0.740000 0.682297
v -0.050905 0.740000 0.644169
v -0.045223 0.689076 0.600672
v -0.043880 0.740000 0.589977
v -0.050961 0.663731 0.568616
v -0.055584 0.678830 0.594769
v -0.057572 0.713247 0.577568
v -0.017481 0.730000 0.822519
v -0.017444 0.730000 0.787911
v -0.017458 0.730000 0.753292
v -0.017476 0.740000 0.718706
v -0.017309 0.740000 0.681870
v -0.016380 0.740000 0.641164
v -0.017453 0.684436 0.604478
v -0.012965 0.740000 0.595027
v -0.017154 0.664529 0.569998
v -0.016646 0.673630 0.585762
v -0.080000 0.854687 0.792377
v -0.083949 0.872003 0.790000
v -0.110000 0.857399 0.786224
v -0.110000 0.891258 0.788410
v -0.110000 0.926831 0.781570
v -0.110000 0.952095 0.778915
v -0.110000 0.857412 0.751539
v -0.110000 0.892394 0.751352
v -0.110000 0.926231 0.751381
v -0.110000 0.953543 0.752063
v -0.110000 0.857500 0.717500
v -0.110000 0.892500 0.717500
v -0.110000 0.926091 0.717500
v -0.110000 0.953603 0.717500
v -0.110000 0.857500 0.682500
v -0.110000 0.892500 0.682500
v -0.110000 0.926091 0.682500
v -0.110000 0.953603 0.682500
v -0.110000 0.857500 0.647500
v -0.110000 0.892500 0.647500
v -0.110000 0.926091 0.647500
v -0.110000 0.953603 0.647500
v -0.110000 0.857500 0.612500
v -0.110000 0.892500 0.612500
v -0.110000 0.926091 0.612500
v -0.110000 0.953603 0.612500
v -0.110000 0.857521 0.577521
v -0.110000 0.892500 0.577500
v -0.110000 0.926091 0.577500
v -0.110000 0.953603 0.577500
v -0.080000 0.853774 0.817383
v -0.066408 0.870000 0.795924
v -0.067834 0.902922 0.790000
v -0.086086 0.897141 0.790000
v -0.080936 0.920087 0.790000
v -0.088530 0.960000 0.787131
v -0.085461 0.960000 0.751108
v -0.085204 0.960000 0.717500
v -0.085204 0.960000 0.682500
v -0.085204 0.960000 0.647500
v -0.085204 0.960000 0.612500
v -0.085204 0.960000 0.577500
v -0.049758 0.870000 0.806366
v -0.051576 0.902345 0.790000
v -0.052131 0.923427 0.790000
v -0.052582 0.960000 0.786822
v -0.052241 0.960000 0.750538
v -0.052215 0.960000 0.717500
v -0.052215 0.960000 0.682500
v -0.052215 0.960000 0.647500
v -0.052215 0.960000 0.612500
v -0.052215 0.960000 0.577500
v -0.017500 0.870000 0.807032
v -0.017500 0.901948 0.790000
v -0.017500 0.923525 0.790000
v -0.017500 0.960000 0.786800
v -0.017500 0.960000 0.750507
v -0.017500 0.960000 0.717500
v -0.017500 0.960000 0.682500
v -0.017500 0.960000 0.647500
v -0.017500 0.960000 0.612500
v -0.017500 0.960000 0.577500
v -0.245764 0.018543 0.379457
v -0.246007 0.052500 0.379295
v -0.246007 0.087500 0.379295
v -0.246007 0.122500 0.379295
v -0.246007 0.157500 0.379295
v -0.246007 0.192500 0.379295
v -0.246007 0.227500 0.379295
v -0.246007 0.262500 0.379295
v -0.262433 0.018580 0.368320
v -0.262460 0.052500 0.368302
v -0.262460 0.087500 0.368302
v -0.262460 0.122500 0.368302
v -0.262460 0.157500 0.368302
v -0.262460 0.192500 0.368302
v -0.262460 0.227500 0.368302
v -0.262460 0.262500 0.368302
v -0.227154 0.018102 0.383577
v -0.227117 0.052500 0.383584
v -0.227117 0.087500 0.383584
v -0.227117 0.122500 0.383584
v -0.227117 0.157500 0.383584
v -0.227117 0.192500 0.383584
v -0.227117 0.227500 0.383584
v -0.227117 0.262500 0.383584
v -0.201788 0.018817 0.381377
v -0.201122 0.052530 0.381245
v -0.201069 0.087500 0.381234
v -0.201069 0.122500 0.381234
v -0.201069 0.157500 0.381234
v -0.201069 0.192500 0.381234
v -0.201069 0.227500 0.381234
v -0.201069 0.262500 0.381234
v -0.186267 0.019378 0.374133
v -0.186436 0.052611 0.374246
v -0.186360 0.087500 0.374195
v -0.186360 0.122500 0.374195
v -0.186360 0.157500 0.374195
v -0.186360 0.192500 0.374195
v -0.186360 0.227500 0.374195
v -0.186360 0.262500 0.374195
v -0.169739 0.019028 0.359528
v -0.169800 0.052695 0.359619
v -0.169764 0.087500 0.359565
v -0.169764 0.122500 0.359565
v -0.169764 0.157500 0.359565
v -0.169764 0.192500 0.359565
v -0.169764 0.227500 0.359565
v -0.169764 0.262500 0.359565
v -0.157301 0.019069 0.331570
v -0.157178 0.052810 0.330952
v -0.157174 0.087500 0.330932
v -0.157174 0.122500 0.330932
v -0.157174 0.157500 0.330932
v -0.157174 0.192500 0.330932
v -0.157174 0.227500 0.330932
v -0.157174 0.262500 0.330932
v -0.159201 0.018899 0.298881
v -0.159025 0.052739 0.299763
v -0.159013 0.087500 0.299824
v -0.159013 0.122500 0.299824
v -0.159013 0.157500 0.299824
v -0.159013 0.192500 0.299824
v -0.159013 0.227500 0.299824
v -0.159013 0.262500 0.299824
v -0.246007 0.297500 0.379295
v -0.246007 0.332500 0.379295
v -0.246007 0.367500 0.379295
v -0.246007 0.402500 0.379295
v -0.246007 0.437500 0.379295
v -0.246007 0.472500 0.379295
v -0.246007 0.507500 0.379295
v -0.246007 0.542500 0.379295
v -0.262460 0.297500 0.368302
v -0.262460 0.332500 0.368302
v -0.262460 0.367500 0.368302
v -0.262460 0.402500 0.368302
v -0.262460 0.437500 0.368302
v -0.262460 0.472500 0.368302
v -0.262460 0.507500 0.368302
v -0.262460 0.542500 0.368302
v -0.227117 0.297500 0.383584
v -0.227117 0.332500 0.383584
v -0.227117 0.367500 0.383584
v -0.227117 0.402500 0.383584
v -0.227117 0.437500 0.383584
v -0.227117 0.472500 0.383584
v -0.227117 0.507500 0.383584
v -0.227117 0.542500 0.383584
v -0.201069 0.297500 0.381234
v -0.201069 0.332500 0.381234
v -0.201069 0.367500 0.381234
v -0.201071 0.402499 0.381235
v -0.201052 0.437511 0.381231
v -0.200985 0.472526 0.381218
v -0.200915 0.507513 0.381204
v -0.200891 0.542500 0.381199
v -0.186360 0.297500 0.374195
v -0.186360 0.332500 0.374195
v -0.186360 0.367500 0.374195
v -0.186357 0.402501 0.374193
v -0.186207 0.437634 0.374093
v -0.186006 0.472818 0.373959
v -0.185693 0.507735 0.373750
v -0.185415 0.542545 0.373564
v -0.169764 0.297500 0.359565
v -0.169764 0.332500 0.359565
v -0.169764 0.367500 0.359565
v -0.169755 0.402519 0.359552
v -0.169561 0.437926 0.359262
v -0.165022 0.477127 0.352469
v -0.165200 0.509066 0.352734
v -0.164875 0.542951 0.352248
v -0.157174 0.297500 0.330932
v -0.157174 0.332500 0.330932
v -0.157174 0.367500 0.330932
v -0.157172 0.402552 0.330921
v -0.157133 0.438441 0.330725
v -0.156721 0.470224 0.328652
v -0.159013 0.297500 0.299824
v -0.159013 0.332500 0.299824
v -0.159013 0.367500 0.299824
v -0.159011 0.402545 0.299836
v -0.159013 0.438685 0.299827
v -0.158797 0.469759 0.300910
v -0.129183 0.500000 0.336082
v -0.123751 0.508655 0.350000
v -0.123967 0.543186 0.350000
v -0.132341 0.500000 0.327987
v -0.133215 0.500000 0.299615
v -0.088399 0.500000 0.341376
v -0.087538 0.508712 0.350000
v -0.086866 0.544010 0.350000
v -0.088809 0.500000 0.331778
v -0.088952 0.500000 0.297712
v -0.052497 0.500000 0.342455
v -0.052343 0.508961 0.350000
v -0.050877 0.545918 0.350000
v -0.052500 0.500000 0.332395
v -0.052500 0.500000 0.297500
v -0.017498 0.500000 0.342465
v -0.017386 0.509242 0.350000
v -0.016068 0.549642 0.350000
v -0.017500 0.500000 0.332395
v -0.017500 0.500000 0.297500
v -0.246007 0.577500 0.379295
v -0.245794 0.611684 0.379438
v -0.244797 0.632138 0.380068
v -0.262460 0.577500 0.368302
v -0.262437 0.611666 0.368317
v -0.262584 0.646088 0.368219
v -0.259729 0.650000 0.331678
v -0.260971 0.650000 0.298569
v -0.227117 0.577500 0.383584
v -0.227150 0.612017 0.383578
v -0.227072 0.636885 0.383593
v -0.226985 0.650000 0.365118
v -0.226376 0.650000 0.331348
v -0.225694 0.650000 0.299805
v -0.200897 0.577497 0.381200
v -0.201423 0.611534 0.381305
v -0.204530 0.634401 0.381923
v -0.185371 0.577488 0.373534
v -0.185290 0.611206 0.373480
v -0.193599 0.650000 0.369822
v -0.166416 0.650000 0.330989
v -0.201810 0.650000 0.330094
v -0.161735 0.650000 0.323418
v -0.200309 0.650000 0.299370
v -0.160000 0.651945 0.298556
v -0.164614 0.577569 0.351858
v -0.163245 0.611695 0.349810
v -0.158190 0.644968 0.350000
v -0.154151 0.681573 0.350000
v -0.146394 0.717179 0.350000
v -0.143837 0.752840 0.350000
v -0.138851 0.785158 0.350000
v -0.131146 0.800000 0.348592
v -0.160000 0.690796 0.328474
v -0.160000 0.716851 0.330004
v -0.160000 0.752224 0.330087
v -0.160000 0.786006 0.331406
v -0.137597 0.800000 0.331365
v -0.160000 0.691473 0.297222
v -0.160000 0.716836 0.297138
v -0.160000 0.751767 0.297245
v -0.160000 0.785506 0.297550
v -0.141312 0.800000 0.298551
v -0.101543 0.636468 0.521395
v -0.112267 0.648596 0.540759
v -0.104314 0.682569 0.540600
v -0.093323 0.718869 0.538636
v -0.110000 0.753107 0.542125
v -0.110000 0.787455 0.543012
v -0.110000 0.822441 0.543499
v -0.108090 0.627263 0.505451
v -0.118190 0.648607 0.506368
v -0.114952 0.682456 0.505623
v -0.111442 0.717216 0.505930
v -0.101177 0.751716 0.506098
v -0.088798 0.785094 0.508221
v -0.077156 0.820678 0.510000
v -0.101912 0.599454 0.457285
v -0.112158 0.612581 0.471134
v -0.116144 0.649381 0.473026
v -0.119402 0.682751 0.472674
v -0.117285 0.717223 0.472006
v -0.113936 0.751739 0.471517
v -0.109633 0.786431 0.471444
v -0.096965 0.821746 0.472947
v -0.100549 0.600010 0.453063
v -0.102365 0.615764 0.447106
v -0.106659 0.646447 0.436811
v -0.113734 0.683561 0.439302
v -0.117002 0.718010 0.438388
v -0.119742 0.752515 0.437365
v -0.116511 0.786946 0.436244
v -0.113211 0.821389 0.435513
v -0.097044 0.657695 0.413702
v -0.098257 0.684162 0.400516
v -0.110708 0.718647 0.402124
v -0.114184 0.753485 0.401548
v -0.117480 0.787695 0.400929
v -0.119147 0.821667 0.400893
v -0.123198 0.578108 0.350000
v -0.121899 0.613854 0.350000
v -0.118071 0.649652 0.350000
v -0.098835 0.686218 0.350000
v -0.097692 0.720690 0.350000
v -0.094373 0.756726 0.351910
v -0.111205 0.787175 0.364799
v -0.113988 0.816279 0.364153
v -0.103621 0.811617 0.336200
v -0.093537 0.800000 0.310655
v -0.086316 0.636953 0.522236
v -0.085862 0.647482 0.540471
v -0.094484 0.694333 0.550795
v -0.091148 0.706560 0.549502
v -0.086039 0.625650 0.502657
v -0.074149 0.831650 0.496418
v -0.085891 0.600044 0.458307
v -0.085635 0.609363 0.474447
v -0.084805 0.833044 0.487392
v -0.087170 0.588681 0.438626
v -0.093142 0.616464 0.430763
v -0.096011 0.634491 0.425313
v -0.070511 0.596089 0.417136
v -0.073275 0.619431 0.405792
v -0.087934 0.649159 0.402886
v -0.087491 0.675322 0.387015
v -0.084629 0.580210 0.350000
v -0.065798 0.628601 0.350000
v -0.051462 0.666850 0.350000
v -0.073320 0.683626 0.368764
v -0.086566 0.828566 0.296941
v -0.052430 0.637182 0.522632
v -0.052186 0.647274 0.540113
v -0.052487 0.625391 0.502209
v -0.051983 0.599973 0.458185
v -0.052440 0.609740 0.475101
v -0.050894 0.587184 0.436033
v -0.048160 0.590830 0.402928
v -0.052207 0.613207 0.393130
v -0.036918 0.598134 0.350000
v -0.018106 0.646252 0.350000
v -0.017500 0.637242 0.522735
v -0.017500 0.647390 0.540312
v -0.017500 0.625383 0.502196
v -0.017401 0.599643 0.457612
v -0.017500 0.609715 0.475057
v -0.016723 0.586090 0.434138
v -0.015927 0.578927 0.401184
v -0.008903 0.605860 0.350000
v -0.110000 0.857544 0.543688
v -0.110000 0.892484 0.543703
v -0.110000 0.926224 0.543604
v -0.110000 0.953566 0.542908
v -0.108687 0.857482 0.510000
v -0.109284 0.892433 0.510000
v -0.110000 0.926931 0.511788
v -0.110000 0.952100 0.516529
v -0.094833 0.847645 0.461677
v -0.105026 0.858456 0.437822
v -0.100972 0.889957 0.426640
v -0.097920 0.912857 0.418692
v -0.115775 0.856216 0.400526
v -0.112337 0.891131 0.400325
v -0.104348 0.924728 0.400730
v -0.102542 0.946675 0.391180
v -0.118574 0.856629 0.367482
v -0.118008 0.891552 0.367160
v -0.114646 0.925317 0.367184
v -0.110688 0.951823 0.367606
v -0.112897 0.856678 0.334494
v -0.116393 0.891949 0.334426
v -0.119766 0.930749 0.331607
v -0.103793 0.940955 0.348783
v -0.101678 0.857094 0.306587
v -0.106756 0.889370 0.296727
v -0.106382 0.912908 0.300203
v -0.085164 0.960000 0.543498
v -0.032629 0.855577 0.510000
v -0.057491 0.888371 0.510000
v -0.074475 0.917501 0.510000
v -0.083238 0.948035 0.510000
v -0.084517 0.857464 0.473515
v -0.060390 0.885076 0.476188
v -0.023568 0.899734 0.484022
v -0.038002 0.907054 0.476481
v -0.093042 0.870946 0.451319
v -0.090278 0.889586 0.445335
v -0.085776 0.924122 0.433176
v -0.069114 0.951893 0.430881
v -0.067459 0.974418 0.419152
v -0.094754 0.934634 0.411590
v -0.088892 0.966088 0.403561
v -0.070868 0.978371 0.414240
v -0.085277 0.953292 0.370150
v -0.085753 0.930327 0.330375
v -0.085981 0.940330 0.347699
v -0.092870 0.857841 0.290933
v -0.096680 0.876909 0.286509
v -0.086068 0.914193 0.302429
v -0.051863 0.960000 0.543292
v -0.049056 0.948263 0.510000
v -0.036923 0.921862 0.468179
v -0.047957 0.961477 0.441671
v -0.051324 0.980962 0.427823
v -0.050936 0.968182 0.395941
v -0.051149 0.977137 0.411452
v -0.051804 0.954402 0.372073
v -0.052497 0.930182 0.330124
v -0.052439 0.940262 0.347583
v -0.052489 0.914415 0.302813
v -0.017403 0.960000 0.542848
v -0.010926 0.864832 0.507077
v -0.013144 0.942542 0.461701
v -0.006107 0.965463 0.450084
v -0.025882 0.964537 0.446077
v -0.017708 0.981005 0.438446
v -0.017369 0.967831 0.395332
v -0.017253 0.976537 0.410413
v -0.017474 0.954776 0.372720
v -0.017500 0.930181 0.330122
v -0.017500 0.940298 0.347644
v -0.017500 0.914410 0.302804
v -0.259794 0.018677 0.269917
v -0.258900 0.052603 0.269319
v -0.258853 0.087500 0.269288
v -0.258853 0.122500 0.269288
v -0.258853 0.157500 0.269288
v -0.258853 0.192500 0.269288
v -0.258853 0.227500 0.269288
v -0.258853 0.262500 0.269288
v -0.226779 0.019369 0.256348
v -0.226487 0.052693 0.256290
v -0.226484 0.087500 0.256290
v -0.226484 0.122500 0.256290
v -0.226484 0.157500 0.256290
v -0.226484 0.192500 0.256290
v -0.226484 0.227500 0.256290
v -0.226484 0.262500 0.256290
v -0.194262 0.018926 0.260525
v -0.194873 0.052629 0.260116
v -0.194893 0.087500 0.260103
v -0.194893 0.122500 0.260103
v -0.194893 0.157500 0.260103
v -0.194893 0.192500 0.260103
v -0.194893 0.227500 0.260103
v -0.194893 0.262500 0.260103
v -0.172381 0.018974 0.276519
v -0.172378 0.052658 0.276523
v -0.172361 0.087500 0.276548
v -0.172361 0.122500 0.276548
v -0.172361 0.157500 0.276548
v -0.172361 0.192500 0.276548
v -0.172361 0.227500 0.276548
v -0.172361 0.262500 0.276548
v -0.258853 0.297500 0.269288
v -0.258853 0.332500 0.269288
v -0.258853 0.367500 0.269288
v -0.258853 0.402500 0.269288
v -0.258852 0.437500 0.269288
v -0.258851 0.472502 0.269287
v -0.258848 0.507502 0.269285
v -0.258846 0.542501 0.269283
v -0.226484 0.297500 0.256290
v -0.226484 0.332500 0.256290
v -0.226484 0.367500 0.256290
v -0.226482 0.402502 0.256289
v -0.226337 0.437652 0.256260
v -0.225921 0.472760 0.256178
v -0.225446 0.507617 0.256083
v -0.225231 0.542505 0.256041
v -0.194893 0.297500 0.260103
v -0.194893 0.332500 0.260103
v -0.194893 0.367500 0.260103
v -0.194890 0.402506 0.260105
v -0.194639 0.438034 0.260273
v -0.195549 0.475827 0.259864
v -0.204436 0.508720 0.258096
v -0.203491 0.542604 0.258284
v -0.160000 0.529607 0.292685
v -0.160000 0.519870 0.273797
v -0.160000 0.544167 0.265057
v -0.172361 0.297500 0.276548
v -0.172361 0.332500 0.276548
v -0.172361 0.367500 0.276548
v -0.172354 0.402523 0.276559
v -0.172226 0.438749 0.276749
v -0.171029 0.488929 0.278542
v -0.152099 0.500000 0.233481
v -0.160000 0.510968 0.218349
v -0.160000 0.544214 0.219665
v -0.137043 0.500000 0.193617
v -0.160000 0.505513 0.191845
v -0.160000 0.544471 0.193722
v -0.136218 0.500000 0.157511
v -0.160000 0.505265 0.157482
v -0.160000 0.544558 0.157589
v -0.136201 0.500000 0.122500
v -0.160000 0.505278 0.122500
v -0.160000 0.544544 0.122500
v -0.136201 0.500000 0.087500
v -0.160000 0.505278 0.087500
v -0.160000 0.544544 0.087500
v -0.126849 0.500000 0.265401
v -0.123662 0.500000 0.228562
v -0.122630 0.500000 0.192623
v -0.122399 0.500000 0.157500
v -0.122399 0.500000 0.122500
v -0.122399 0.500000 0.087500
v -0.088293 0.500000 0.262957
v -0.087672 0.500000 0.227672
v -0.087500 0.500000 0.192500
v -0.087500 0.500000 0.157500
v -0.087500 0.500000 0.122500
v -0.087500 0.500000 0.087500
v -0.052500 0.500000 0.262500
v -0.052500 0.500000 0.227500
v -0.052500 0.500000 0.192500
v -0.052500 0.500000 0.157500
v -0.052500 0.500000 0.122500
v -0.052500 0.500000 0.087500
v -0.017500 0.500000 0.262500
v -0.017500 0.500000 0.227500
v -0.017500 0.500000 0.192500
v -0.017500 0.500000 0.157500
v -0.017500 0.500000 0.122500
v -0.017500 0.500000 0.087500
v -0.258846 0.577498 0.269284
v -0.259122 0.611525 0.269468
v -0.262458 0.639567 0.271697
v -0.225230 0.577493 0.256040
v -0.225195 0.610885 0.256033
v -0.229302 0.650000 0.259042
v -0.203387 0.577491 0.258304
v -0.201807 0.610224 0.258619
v -0.206927 0.650000 0.259372
v -0.160000 0.657537 0.269534
v -0.160000 0.577528 0.262876
v -0.160000 0.610309 0.259677
v -0.160000 0.639249 0.252574
v -0.160000 0.661173 0.248169
v -0.160000 0.692286 0.263380
v -0.160000 0.716994 0.262550
v -0.160000 0.751591 0.262536
v -0.160000 0.785735 0.262551
v -0.142849 0.800000 0.263169
v -0.160000 0.577512 0.218295
v -0.160000 0.612351 0.218177
v -0.160000 0.646385 0.217494
v -0.160000 0.682204 0.227573
v -0.160000 0.717203 0.227620
v -0.160000 0.751556 0.227500
v -0.160000 0.785710 0.227500
v -0.143858 0.800000 0.227675
v -0.160000 0.577502 0.193267
v -0.160000 0.612472 0.193256
v -0.160000 0.647376 0.193104
v -0.160000 0.682320 0.192816
v -0.160000 0.717414 0.192577
v -0.160000 0.751556 0.192500
v -0.160000 0.785710 0.192500
v -0.144110 0.800000 0.192500
v -0.160000 0.577501 0.157603
v -0.160000 0.612492 0.157595
v -0.160000 0.647479 0.157565
v -0.160000 0.682482 0.157527
v -0.160000 0.717495 0.157505
v -0.160000 0.751556 0.157500
v -0.160000 0.785710 0.157500
v -0.144110 0.800000 0.157500
v -0.160000 0.577500 0.122500
v -0.160000 0.612500 0.122500
v -0.160000 0.647500 0.122500
v -0.160000 0.682500 0.122500
v -0.160000 0.717500 0.122500
v -0.160000 0.751556 0.122500
v -0.160000 0.785710 0.122500
v -0.144110 0.800000 0.122500
v -0.160000 0.577500 0.087500
v -0.160000 0.612500 0.087500
v -0.160000 0.647500 0.087500
v -0.160000 0.682500 0.087500
v -0.160000 0.717500 0.087500
v -0.160000 0.751556 0.087500
v -0.160000 0.785710 0.087500
v -0.144110 0.800000 0.087500
v -0.116691 0.800000 0.266054
v -0.120642 0.800000 0.228631
v -0.121633 0.800000 0.192675
v -0.121809 0.800000 0.157500
v -0.121809 0.800000 0.122500
v -0.121809 0.800000 0.087500
v -0.063763 0.800000 0.288745
v -0.084478 0.800000 0.231625
v -0.086915 0.800000 0.193404
v -0.087490 0.800000 0.157510
v -0.087500 0.800000 0.122500
v -0.087500 0.800000 0.087500
v -0.047761 0.826017 0.266835
v -0.039992 0.800000 0.251580
v -0.051802 0.800000 0.194491
v -0.052433 0.800000 0.157587
v -0.052500 0.800000 0.122500
v -0.052500 0.800000 0.087500
v -0.014265 0.800000 0.253849
v -0.017196 0.800000 0.195516
v -0.017444 0.800000 0.157710
v -0.017500 0.800000 0.122500
v -0.017500 0.800000 0.087500
v -0.101737 0.898028 0.283054
v -0.099479 0.904976 0.286465
v -0.075883 0.860302 0.268737
v -0.088591 0.887896 0.266187
v -0.085815 0.904208 0.285134
v -0.065665 0.874296 0.252774
v -0.065779 0.873552 0.253292
v -0.054757 0.849919 0.258432
v -0.051413 0.892205 0.264345
v -0.051943 0.903329 0.283613
v -0.047697 0.859300 0.247569
v -0.052152 0.879233 0.241877
v -0.017146 0.892750 0.265289
v -0.017404 0.902845 0.282774
v -0.016396 0.855442 0.241646
v -0.016876 0.879372 0.242117
v 0.171891 0.000000 0.356070
v 0.168751 0.000000 0.331826
v 0.169586 0.000000 0.298503
v 0.204896 0.002336 0.381996
v 0.193832 0.000000 0.365945
v 0.193565 0.000000 0.332007
v 0.193431 0.000000 0.298343
v 0.227250 0.001001 0.383558
v 0.227322 0.000000 0.366091
v 0.227341 -0.000000 0.332099
v 0.227232 0.000000 0.298488
v 0.244775 0.003878 0.380072
v 0.258485 0.000000 0.363763
v 0.261135 0.000000 0.332096
v 0.261293 0.000000 0.298439
v 0.172961 0.000000 0.277412
v 0.193770 0.000000 0.272153
v 0.227042 0.000000 0.269731
v 0.261201 -0.000000 0.275619
v 0.276338 0.003137 0.350434
v 0.280315 0.000000 0.332060
v 0.280247 0.000000 0.298266
v 0.273269 0.005660 0.284974
v 0.017500 0.730000 0.950000
v 0.017500 0.754075 0.950000
v 0.017500 0.787500 0.950000
v 0.017500 0.821907 0.950000
v 0.017500 0.730000 0.925925
v 0.017500 0.730000 0.892500
v 0.017500 0.730000 0.857500
v 0.052039 0.730000 0.950000
v 0.051187 0.753876 0.950000
v 0.050998 0.787500 0.950000
v 0.051070 0.821960 0.950000
v 0.051187 0.730000 0.926124
v 0.050998 0.730000 0.892500
v 0.051031 0.730000 0.857474
v 0.075872 0.730000 0.950000
v 0.076482 0.753016 0.950000
v 0.076545 0.787508 0.950000
v 0.076539 0.822300 0.950000
v 0.076482 0.730000 0.926984
v 0.080000 0.753995 0.926005
v 0.080000 0.787582 0.925567
v 0.080000 0.821892 0.925637
v 0.076545 0.730000 0.892491
v 0.080000 0.754435 0.892415
v 0.080000 0.787659 0.892336
v 0.080000 0.821694 0.892335
v 0.076710 0.730000 0.857367
v 0.080000 0.754748 0.856657
v 0.080000 0.787699 0.856333
v 0.080000 0.821765 0.856202
v 0.017500 0.855932 0.950000
v 0.017500 0.870000 0.942134
v 0.017500 0.870000 0.926645
v 0.017500 0.870000 0.892500
v 0.017500 0.870000 0.855254
v 0.051802 0.856104 0.950000
v 0.051697 0.870000 0.941995
v 0.051797 0.870000 0.926767
v 0.051679 0.870000 0.892500
v 0.051501 0.870000 0.855339
v 0.076153 0.857259 0.950000
v 0.067711 0.870000 0.941702
v 0.080000 0.856342 0.926833
v 0.068413 0.870000 0.926558
v 0.080000 0.855951 0.892455
v 0.068709 0.870000 0.892477
v 0.080000 0.855983 0.856752
v 0.068439 0.870000 0.855523
v 0.017481 0.730000 0.822519
v 0.017444 0.730000 0.787911
v 0.017458 0.730000 0.753292
v 0.017476 0.740000 0.718706
v 0.017309 0.740000 0.681870
v 0.016380 0.740000 0.641164
v 0.017453 0.684436 0.604478
v 0.012965 0.740000 0.595027
v 0.017154 0.664529 0.569998
v 0.016646 0.673630 0.585762
v 0.051151 0.730000 0.822465
v 0.051481 0.730000 0.787712
v 0.052065 0.730000 0.753041
v 0.052231 0.740000 0.718506
v 0.052180 0.740000 0.682297
v 0.050905 0.740000 0.644169
v 0.045223 0.689076 0.600672
v 0.043880 0.740000 0.589977
v 0.050961 0.663731 0.568616
v 0.055584 0.678830 0.594769
v 0.057572 0.713247 0.577568
v 0.079649 0.730000 0.822123
v 0.080000 0.758766 0.814466
v 0.080000 0.788009 0.818873
v 0.080000 0.821768 0.818322
v 0.083704 0.740000 0.786184
v 0.080000 0.755816 0.790255
v 0.084910 0.740000 0.752777
v 0.086011 0.740000 0.718007
v 0.086443 0.740000 0.682553
v 0.085506 0.740000 0.646204
v 0.079885 0.740000 0.606565
v 0.085423 0.661873 0.565398
v 0.086657 0.683879 0.570358
v 0.067498 0.726090 0.562495
v 0.080000 0.768693 0.795634
v 0.080000 0.788626 0.795912
v 0.080000 0.822211 0.795304
v 0.100082 0.740000 0.775002
v 0.110000 0.753132 0.788033
v 0.110000 0.787740 0.786296
v 0.110000 0.822497 0.786237
v 0.101090 0.740000 0.752035
v 0.110000 0.753950 0.752007
v 0.110000 0.788101 0.751622
v 0.110000 0.822498 0.751627
v 0.101764 0.740000 0.717618
v 0.110000 0.754068 0.717500
v 0.110000 0.788093 0.717500
v 0.110000 0.822500 0.717500
v 0.102050 0.740000 0.682537
v 0.110000 0.754068 0.682500
v 0.110000 0.788093 0.682500
v 0.110000 0.822500 0.682500
v 0.101570 0.740000 0.647206
v 0.110000 0.754066 0.647499
v 0.110000 0.788093 0.647500
v 0.110000 0.822500 0.647500
v 0.099121 0.740000 0.611153
v 0.110000 0.753979 0.612384
v 0.110000 0.788050 0.612458
v 0.110000 0.822500 0.612500
v 0.100427 0.665372 0.557245
v 0.098795 0.671361 0.556608
v 0.086305 0.740000 0.572226
v 0.110000 0.753827 0.577203
v 0.110000 0.787912 0.577526
v 0.110000 0.822540 0.577583
v 0.017500 0.870000 0.807032
v 0.017500 0.901948 0.790000
v 0.017500 0.923525 0.790000
v 0.017500 0.960000 0.786800
v 0.017500 0.960000 0.750507
v 0.017500 0.960000 0.717500
v 0.017500 0.960000 0.682500
v 0.017500 0.960000 0.647500
v 0.017500 0.960000 0.612500
v 0.017500 0.960000 0.577500
v 0.049758 0.870000 0.806366
v 0.051576 0.902345 0.790000
v 0.052131 0.923427 0.790000
v 0.052582 0.960000 0.786822
v 0.052241 0.960000 0.750538
v 0.052215 0.960000 0.717500
v 0.052215 0.960000 0.682500
v 0.052215 0.960000 0.647500
v 0.052215 0.960000 0.612500
v 0.052215 0.960000 0.577500
v 0.080000 0.853774 0.817383
v 0.066408 0.870000 0.795924
v 0.067834 0.902922 0.790000
v 0.086086 0.897141 0.790000
v 0.080936 0.920087 0.790000
v 0.088530 0.960000 0.787131
v 0.085461 0.960000 0.751108
v 0.085204 0.960000 0.717500
v 0.085204 0.960000 0.682500
v 0.085204 0.960000 0.647500
v 0.085204 0.960000 0.612500
v 0.085204 0.960000 0.577500
v 0.080000 0.854687 0.792377
v 0.083949 0.872003 0.790000
v 0.110000 0.857399 0.786224
v 0.110000 0.891258 0.788410
v 0.110000 0.926831 0.781570
v 0.110000 0.952095 0.778915
v 0.110000 0.857412 0.751539
v 0.110000 0.892394 0.751352
v 0.110000 0.926231 0.751381
v 0.110000 0.953543 0.752063
v 0.110000 0.857500 0.717500
v 0.110000 0.892500 0.717500
v 0.110000 0.926091 0.717500
v 0.110000 0.953603 0.717500
v 0.110000 0.857500 0.682500
v 0.110000 0.892500 0.682500
v 0.110000 0.926091 0.682500
v 0.110000 0.953603 0.682500
v 0.110000 0.857500 0.647500
v 0.110000 0.892500 0.647500
v 0.110000 0.926091 0.647500
v 0.110000 0.953603 0.647500
v 0.110000 0.857500 0.612500
v 0.110000 0.892500 0.612500
v 0.110000 0.926091 0.612500
v 0.110000 0.953603 0.612500
v 0.110000 0.857521 0.577521
v 0.110000 0.892500 0.577500
v 0.110000 0.926091 0.577500
v 0.110000 0.953603 0.577500
v 0.169739 0.019028 0.359528
v 0.169800 0.052695 0.359619
v 0.169764 0.087500 0.359565
v 0.169764 0.122500 0.359565
v 0.169764 0.157500 0.359565
v 0.169764 0.192500 0.359565
v 0.169764 0.227500 0.359565
v 0.169764 0.262500 0.359565
v 0.157301 0.019069 0.331570
v 0.157178 0.052810 0.330952
v 0.157174 0.087500 0.330932
v 0.157174 0.122500 0.330932
v 0.157174 0.157500 0.330932
v 0.157174 0.192500 0.330932
v 0.157174 0.227500 0.330932
v 0.157174 0.262500 0.330932
v 0.159201 0.018899 0.298881
v 0.159025 0.052739 0.299763
v 0.159013 0.087500 0.299824
v 0.159013 0.122500 0.299824
v 0.159013 0.157500 0.299824
v 0.159013 0.192500 0.299824
v 0.159013 0.227500 0.299824
v 0.159013 0.262500 0.299824
v 0.201788 0.018817 0.381377
v 0.201122 0.052530 0.381245
v 0.201069 0.087500 0.381234
v 0.201069 0.122500 0.381234
v 0.201069 0.157500 0.381234
v 0.201069 0.192500 0.381234
v 0.201069 0.227500 0.381234
v 0.201069 0.262500 0.381234
v 0.186267 0.019378 0.374133
v 0.186436 0.052611 0.374246
v 0.186360 0.087500 0.374195
v 0.186360 0.122500 0.374195
v 0.186360 0.157500 0.374195
v 0.186360 0.192500 0.374195
v 0.186360 0.227500 0.374195
v 0.186360 0.262500 0.374195
v 0.227154 0.018102 0.383577
v 0.227117 0.052500 0.383584
v 0.227117 0.087500 0.383584
v 0.227117 0.122500 0.383584
v 0.227117 0.157500 0.383584
v 0.227117 0.192500 0.383584
v 0.227117 0.227500 0.383584
v 0.227117 0.262500 0.383584
v 0.245764 0.018543 0.379457
v 0.246007 0.052500 0.379295
v 0.246007 0.087500 0.379295
v 0.246007 0.122500 0.379295
v 0.246007 0.157500 0.379295
v 0.246007 0.192500 0.379295
v 0.246007 0.227500 0.379295
v 0.246007 0.262500 0.379295
v 0.262433 0.018580 0.368320
v 0.262460 0.052500 0.368302
v 0.262460 0.087500 0.368302
v 0.262460 0.122500 0.368302
v 0.262460 0.157500 0.368302
v 0.262460 0.192500 0.368302
v 0.262460 0.227500 0.368302
v 0.262460 0.262500 0.368302
v 0.017498 0.500000 0.342465
v 0.017386 0.509242 0.350000
v 0.016068 0.549642 0.350000
v 0.017500 0.500000 0.332395
v 0.017500 0.500000 0.297500
v 0.052497 0.500000 0.342455
v 0.052343 0.508961 0.350000
v 0.050877 0.545918 0.350000
v 0.052500 0.500000 0.332395
v 0.052500 0.500000 0.297500
v 0.088399 0.500000 0.341376
v 0.087538 0.508712 0.350000
v 0.086866 0.544010 0.350000
v 0.088809 0.500000 0.331778
v 0.088952 0.500000 0.297712
v 0.129183 0.500000 0.336082
v 0.123751 0.508655 0.350000
v 0.123954 0.543173 0.350000
v 0.132341 0.500000 0.327987
v 0.133215 0.500000 0.299615
v 0.169764 0.297500 0.359565
v 0.169764 0.332500 0.359565
v 0.169764 0.367500 0.359565
v 0.169755 0.402519 0.359552
v 0.169561 0.437926 0.359262
v 0.165022 0.477127 0.352469
v 0.165200 0.509066 0.352734
v 0.164861 0.542885 0.352228
v 0.157174 0.297500 0.330932
v 0.157174 0.332500 0.330932
v 0.157174 0.367500 0.330932
v 0.157172 0.402552 0.330921
v 0.157133 0.438441 0.330725
v 0.156721 0.470224 0.328652
v 0.159013 0.297500 0.299824
v 0.159013 0.332500 0.299824
v 0.159013 0.367500 0.299824
v 0.159011 0.402545 0.299836
v 0.159013 0.438685 0.299827
v 0.158797 0.469759 0.300910
v 0.201069 0.297500 0.381234
v 0.201069 0.332500 0.381234
v 0.201069 0.367500 0.381234
v 0.201071 0.402499 0.381235
v 0.201052 0.437511 0.381231
v 0.200985 0.472526 0.381218
v 0.200915 0.507513 0.381204
v 0.200909 0.542490 0.381202
v 0.186360 0.297500 0.374195
v 0.186360 0.332500 0.374195
v 0.186360 0.367500 0.374195
v 0.186357 0.402501 0.374193
v 0.186207 0.437634 0.374093
v 0.186006 0.472818 0.373959
v 0.185693 0.507735 0.373750
v 0.185432 0.542513 0.373575
v 0.227117 0.297500 0.383584
v 0.227117 0.332500 0.383584
v 0.227117 0.367500 0.383584
v 0.227117 0.402500 0.383584
v 0.227117 0.437500 0.383584
v 0.227117 0.472500 0.383584
v 0.227117 0.507500 0.383584
v 0.227117 0.542500 0.383584
v 0.246007 0.297500 0.379295
v 0.246007 0.332500 0.379295
v 0.246007 0.367500 0.379295
v 0.246007 0.402500 0.379295
v 0.246007 0.437500 0.379295
v 0.246007 0.472500 0.379295
v 0.246007 0.507500 0.379295
v 0.246007 0.542500 0.379295
v 0.262460 0.297500 0.368302
v 0.262460 0.332500 0.368302
v 0.262460 0.367500 0.368302
v 0.262460 0.402500 0.368302
v 0.262460 0.437500 0.368302
v 0.262460 0.472500 0.368302
v 0.262460 0.507500 0.368302
v 0.262460 0.542500 0.368302
v 0.017500 0.637242 0.522736
v 0.017500 0.647390 0.540312
v 0.017500 0.625383 0.502196
v 0.017401 0.599643 0.457612
v 0.017500 0.609715 0.475057
v 0.016723 0.586090 0.434138
v 0.015927 0.578927 0.401184
v 0.008903 0.605860 0.350000
v 0.052430 0.637182 0.522632
v 0.052186 0.647274 0.540113
v 0.052487 0.625391 0.502209
v 0.051983 0.599973 0.458185
v 0.052440 0.609740 0.475101
v 0.050894 0.587184 0.436033
v 0.048160 0.590830 0.402928
v 0.052207 0.613207 0.393130
v 0.036918 0.598134 0.350000
v 0.018106 0.646253 0.350000
v 0.086316 0.636953 0.522236
v 0.085862 0.647482 0.540471
v 0.094484 0.694333 0.550795
v 0.091148 0.706560 0.549502
v 0.086039 0.625650 0.502657
v 0.074149 0.831650 0.496418
v 0.085891 0.600044 0.458307
v 0.085635 0.609363 0.474447
v 0.084805 0.833044 0.487392
v 0.087170 0.588681 0.438626
v 0.093142 0.616464 0.430763
v 0.096011 0.634491 0.425313
v 0.070511 0.596089 0.417136
v 0.073275 0.619431 0.405792
v 0.087934 0.649159 0.402886
v 0.087491 0.675322 0.387015
v 0.084629 0.580210 0.350000
v 0.065798 0.628601 0.350000
v 0.051462 0.666850 0.350000
v 0.073320 0.683626 0.368764
v 0.086566 0.828566 0.296941
v 0.101543 0.636468 0.521395
v 0.112267 0.648596 0.540759
v 0.104314 0.682569 0.540600
v 0.093323 0.718869 0.538636
v 0.110000 0.753107 0.542125
v 0.110000 0.787455 0.543012
v 0.110000 0.822441 0.543499
v 0.108090 0.627263 0.505451
v 0.118190 0.648607 0.506368
v 0.114952 0.682456 0.505623
v 0.111442 0.717216 0.505930
v 0.101177 0.751716 0.506098
v 0.088797 0.785094 0.508221
v 0.077156 0.820678 0.510000
v 0.101912 0.599454 0.457285
v 0.112158 0.612581 0.471134
v 0.116144 0.649381 0.473026
v 0.119402 0.682751 0.472674
v 0.117285 0.717223 0.472006
v 0.113936 0.751739 0.471517
v 0.109633 0.786431 0.471444
v 0.096965 0.821746 0.472947
v 0.100549 0.600010 0.453063
v 0.102365 0.615764 0.447106
v 0.106659 0.646447 0.436811
v 0.113734 0.683561 0.439302
v 0.117002 0.718010 0.438388
v 0.119742 0.752515 0.437365
v 0.116511 0.786946 0.436244
v 0.113211 0.821389 0.435513
v 0.097044 0.657695 0.413702
v 0.098257 0.684162 0.400516
v 0.110708 0.718647 0.402124
v 0.114184 0.753485 0.401548
v 0.117480 0.787695 0.400929
v 0.119147 0.821667 0.400893
v 0.123150 0.578082 0.350000
v 0.121818 0.613854 0.350000
v 0.117984 0.649696 0.350000
v 0.098790 0.686259 0.350000
v 0.097692 0.720690 0.350000
v 0.094373 0.756726 0.351910
v 0.111205 0.787175 0.364799
v 0.113988 0.816279 0.364153
v 0.103621 0.811617 0.336200
v 0.093537 0.800000 0.310655
v 0.164471 0.577441 0.351643
v 0.163013 0.611725 0.349462
v 0.158110 0.645139 0.350000
v 0.154149 0.681603 0.350000
v 0.146394 0.717179 0.350000
v 0.143837 0.752840 0.350000
v 0.138851 0.785158 0.350000
v 0.131146 0.800000 0.348592
v 0.160000 0.690796 0.328474
v 0.160000 0.716851 0.330004
v 0.160000 0.752224 0.330087
v 0.160000 0.786006 0.331406
v 0.137597 0.800000 0.331365
v 0.160000 0.691473 0.297222
v 0.160000 0.716836 0.297138
v 0.160000 0.751767 0.297245
v 0.160000 0.785506 0.297550
v 0.141312 0.800000 0.298551
v 0.200966 0.577478 0.381214
v 0.201521 0.611531 0.381324
v 0.204589 0.634396 0.381935
v 0.185318 0.577428 0.373499
v 0.185149 0.611282 0.373386
v 0.193603 0.650000 0.369609
v 0.166363 0.650000 0.330750
v 0.201811 0.650000 0.330087
v 0.161716 0.650000 0.323402
v 0.200309 0.650000 0.299370
v 0.160000 0.651945 0.298556
v 0.227117 0.577500 0.383584
v 0.227150 0.612017 0.383578
v 0.227076 0.636881 0.383592
v 0.226990 0.650000 0.365118
v 0.226379 0.650000 0.331347
v 0.225694 0.650000 0.299805
v 0.246007 0.577500 0.379295
v 0.245794 0.611684 0.379438
v 0.244797 0.632138 0.380068
v 0.262460 0.577500 0.368302
v 0.262437 0.611666 0.368317
v 0.262584 0.646088 0.368219
v 0.259729 0.650000 0.331678
v 0.260971 0.650000 0.298569
v 0.017403 0.960000 0.542848
v 0.010926 0.864832 0.507077
v 0.013144 0.942542 0.461701
v 0.006107 0.965463 0.450084
v 0.025882 0.964537 0.446077
v 0.017708 0.981005 0.438446
v 0.017369 0.967831 0.395332
v 0.017253 0.976537 0.410413
v 0.017474 0.954776 0.372720
v 0.017500 0.930181 0.330122
v 0.017500 0.940298 0.347644
v 0.017500 0.914410 0.302805
v 0.051863 0.960000 0.543292
v 0.049056 0.948263 0.510000
v 0.036923 0.921862 0.468179
v 0.047957 0.961477 0.441671
v 0.051324 0.980962 0.427823
v 0.050936 0.968182 0.395941
v 0.051149 0.977137 0.411452
v 0.051804 0.954402 0.372073
v 0.052497 0.930182 0.330124
v 0.052439 0.940262 0.347583
v 0.052489 0.914415 0.302813
v 0.085164 0.960000 0.543498
v 0.032629 0.855577 0.510000
v 0.057491 0.888371 0.510000
v 0.074475 0.917501 0.510000
v 0.083238 0.948035 0.510000
v 0.084517 0.857464 0.473515
v 0.060390 0.885076 0.476188
v 0.023568 0.899734 0.484022
v 0.038002 0.907054 0.476481
v 0.093042 0.870946 0.451319
v 0.090278 0.889586 0.445335
v 0.085776 0.924122 0.433176
v 0.069114 0.951893 0.430881
v 0.067459 0.974418 0.419152
v 0.094754 0.934634 0.411590
v 0.088892 0.966088 0.403561
v 0.070868 0.978371 0.414240
v 0.085277 0.953292 0.370150
v 0.085753 0.930327 0.330375
v 0.085981 0.940330 0.347699
v 0.092870 0.857841 0.290933
v 0.096680 0.876909 0.286509
v 0.086068 0.914193 0.302429
v 0.110000 0.857544 0.543688
v 0.110000 0.892484 0.543703
v 0.110000 0.926224 0.543604
v 0.110000 0.953566 0.542908
v 0.108687 0.857482 0.510000
v 0.109284 0.892433 0.510000
v 0.110000 0.926931 0.511788
v 0.110000 0.952100 0.516529
v 0.094833 0.847645 0.461677
v 0.105026 0.858455 0.437822
v 0.100972 0.889957 0.426640
v 0.097920 0.912857 0.418692
v 0.115775 0.856216 0.400526
v 0.112337 0.891131 0.400325
v 0.104348 0.924728 0.400730
v 0.102542 0.946675 0.391180
v 0.118574 0.856629 0.367482
v 0.118008 0.891552 0.367160
v 0.114646 0.925317 0.367184
v 0.110688 0.951823 0.367606
v 0.112897 0.856678 0.334494
v 0.116393 0.891949 0.334426
v 0.119766 0.930749 0.331607
v 0.103793 0.940955 0.348783
v 0.101678 0.857094 0.306587
v 0.106756 0.889370 0.296727
v 0.106382 0.912908 0.300203
v 0.172381 0.018974 0.276519
v 0.172378 0.052658 0.276523
v 0.172361 0.087500 0.276548
v 0.172361 0.122500 0.276548
v 0.172361 0.157500 0.276548
v 0.172361 0.192500 0.276548
v 0.172361 0.227500 0.276548
v 0.172361 0.262500 0.276548
v 0.194262 0.018926 0.260525
v 0.194873 0.052629 0.260116
v 0.194893 0.087500 0.260103
v 0.194893 0.122500 0.260103
v 0.194893 0.157500 0.260103
v 0.194893 0.192500 0.260103
v 0.194893 0.227500 0.260103
v 0.194893 0.262500 0.260103
v 0.226779 0.019369 0.256348
v 0.226487 0.052693 0.256290
v 0.226484 0.087500 0.256290
v 0.226484 0.122500 0.256290
v 0.226484 0.157500 0.256290
v 0.226484 0.192500 0.256290
v 0.226484 0.227500 0.256290
v 0.226484 0.262500 0.256290
v 0.259794 0.018677 0.269917
v 0.258900 0.052603 0.269319
v 0.258853 0.087500 0.269288
v 0.258853 0.122500 0.269288
v 0.258853 0.157500 0.269288
v 0.258853 0.192500 0.269288
v 0.258853 0.227500 0.269288
v 0.258853 0.262500 0.269288
v 0.017500 0.500000 0.262500
v 0.017500 0.500000 0.227500
v 0.017500 0.500000 0.192500
v 0.017500 0.500000 0.157500
v 0.017500 0.500000 0.122500
v 0.017500 0.500000 0.087500
v 0.052500 0.500000 0.262500
v 0.052500 0.500000 0.227500
v 0.052500 0.500000 0.192500
v 0.052500 0.500000 0.157500
v 0.052500 0.500000 0.122500
v 0.052500 0.500000 0.087500
v 0.088293 0.500000 0.262957
v 0.087672 0.500000 0.227672
v 0.087500 0.500000 0.192500
v 0.087500 0.500000 0.157500
v 0.087500 0.500000 0.122500
v 0.087500 0.500000 0.087500
v 0.126849 0.500000 0.265401
v 0.123662 0.500000 0.228562
v 0.122630 0.500000 0.192623
v 0.122399 0.500000 0.157500
v 0.122399 0.500000 0.122500
v 0.122399 0.500000 0.087500
v 0.172361 0.297500 0.276548
v 0.172361 0.332500 0.276548
v 0.172361 0.367500 0.276548
v 0.172354 0.402523 0.276559
v 0.172226 0.438749 0.276749
v 0.171029 0.488929 0.278542
v 0.152099 0.500000 0.233481
v 0.160000 0.510968 0.218349
v 0.160000 0.544214 0.219665
v 0.137043 0.500000 0.193617
v 0.160000 0.505513 0.191845
v 0.160000 0.544471 0.193722
v 0.136218 0.500000 0.157511
v 0.160000 0.505265 0.157482
v 0.160000 0.544558 0.157589
v 0.136201 0.500000 0.122500
v 0.160000 0.505278 0.122500
v 0.160000 0.544544 0.122500
v 0.136201 0.500000 0.087500
v 0.160000 0.505278 0.087500
v 0.160000 0.544544 0.087500
v 0.194893 0.297500 0.260103
v 0.194893 0.332500 0.260103
v 0.194893 0.367500 0.260103
v 0.194890 0.402506 0.260105
v 0.194639 0.438034 0.260273
v 0.195549 0.475827 0.259864
v 0.204436 0.508720 0.258096
v 0.203491 0.542604 0.258284
v 0.160000 0.529607 0.292685
v 0.160000 0.519870 0.273797
v 0.160000 0.544167 0.265057
v 0.226484 0.297500 0.256290
v 0.226484 0.332500 0.256290
v 0.226484 0.367500 0.256290
v 0.226482 0.402502 0.256289
v 0.226337 0.437652 0.256260
v 0.225921 0.472760 0.256178
v 0.225446 0.507617 0.256083
v 0.225231 0.542505 0.256041
v 0.258853 0.297500 0.269288
v 0.258853 0.332500 0.269288
v 0.258853 0.367500 0.269288
v 0.258853 0.402500 0.269288
v 0.258852 0.437500 0.269288
v 0.258851 0.472502 0.269287
v 0.258848 0.507502 0.269285
v 0.258846 0.542501 0.269283
v 0.014265 0.800000 0.253849
v 0.017196 0.800000 0.195516
v 0.017444 0.800000 0.157710
v 0.017500 0.800000 0.122500
v 0.017500 0.800000 0.087500
v 0.047761 0.826017 0.266835
v 0.039992 0.800000 0.251580
v 0.051802 0.800000 0.194491
v 0.052433 0.800000 0.157587
v 0.052500 0.800000 0.122500
v 0.052500 0.800000 0.087500
v 0.063763 0.800000 0.288745
v 0.084478 0.800000 0.231625
v 0.086915 0.800000 0.193404
v 0.087490 0.800000 0.157510
v 0.087500 0.800000 0.122500
v 0.087500 0.800000 0.087500
v 0.116691 0.800000 0.266054
v 0.120642 0.800000 0.228631
v 0.121633 0.800000 0.192675
v 0.121809 0.800000 0.157500
v 0.121809 0.800000 0.122500
v 0.121809 0.800000 0.087500
v 0.160000 0.692286 0.263380
v 0.160000 0.716994 0.262550
v 0.160000 0.751591 0.262536
v 0.160000 0.785735 0.262551
v 0.142849 0.800000 0.263169
v 0.160000 0.577512 0.218295
v 0.160000 0.612351 0.218177
v 0.160000 0.646385 0.217494
v 0.160000 0.682204 0.227573
v 0.160000 0.717203 0.227620
v 0.160000 0.751556 0.227500
v 0.160000 0.785710 0.227500
v 0.143858 0.800000 0.227675
v 0.160000 0.577502 0.193267
v 0.160000 0.612472 0.193256
v 0.160000 0.647376 0.193104
v 0.160000 0.682320 0.192816
v 0.160000 0.717414 0.192577
v 0.160000 0.751556 0.192500
v 0.160000 0.785710 0.192500
v 0.144110 0.800000 0.192500
v 0.160000 0.577501 0.157603
v 0.160000 0.612492 0.157595
v 0.160000 0.647479 0.157565
v 0.160000 0.682482 0.157527
v 0.160000 0.717495 0.157505
v 0.160000 0.751556 0.157500
v 0.160000 0.785710 0.157500
v 0.144110 0.800000 0.157500
v 0.160000 0.577500 0.122500
v 0.160000 0.612500 0.122500
v 0.160000 0.647500 0.122500
v 0.160000 0.682500 0.122500
v 0.160000 0.717500 0.122500
v 0.160000 0.751556 0.122500
v 0.160000 0.785710 0.122500
v 0.144110 0.800000 0.122500
v 0.160000 0.577500 0.087500
v 0.160000 0.612500 0.087500
v 0.160000 0.647500 0.087500
v 0.160000 0.682500 0.087500
v 0.160000 0.717500 0.087500
v 0.160000 0.751556 0.087500
v 0.160000 0.785710 0.087500
v 0.144110 0.800000 0.087500
v 0.203387 0.577491 0.258304
v 0.201807 0.610224 0.258619
v 0.206927 0.650000 0.259372
v 0.160000 0.657537 0.269534
v 0.160000 0.577528 0.262876
v 0.160000 0.610309 0.259677
v 0.160000 0.639249 0.252574
v 0.160000 0.661173 0.248169
v 0.225230 0.577493 0.256040
v 0.225195 0.610885 0.256033
v 0.229302 0.650000 0.259042
v 0.258846 0.577498 0.269284
v 0.259122 0.611525 0.269468
v 0.262458 0.639567 0.271697
v 0.017146 0.892750 0.265289
v 0.017404 0.902845 0.282774
v 0.016396 0.855442 0.241646
v 0.016876 0.879372 0.242117
v 0.054757 0.849919 0.258432
v 0.051413 0.892205 0.264345
v 0.051943 0.903329 0.283613
v 0.047697 0.859300 0.247569
v 0.052152 0.879233 0.241877
v 0.075883 0.860302 0.268737
v 0.088591 0.887896 0.266187
v 0.085815 0.904208 0.285134
v 0.065665 0.874296 0.252774
v 0.065779 0.873552 0.253292
v 0.101737 0.898028 0.283054
v 0.099479 0.904976 0.286465
v 0.275692 0.018707 0.351399
v 0.275612 0.052523 0.351519
v 0.275629 0.087500 0.351494
v 0.275629 0.122500 0.351494
v 0.275629 0.157500 0.351494
v 0.275629 0.192500 0.351494
v 0.275629 0.227500 0.351494
v 0.275629 0.262500 0.351494
v 0.282654 0.018397 0.331793
v 0.282701 0.052562 0.331560
v 0.282706 0.087500 0.331531
v 0.282706 0.122500 0.331531
v 0.282706 0.157500 0.331531
v 0.282706 0.192500 0.331531
v 0.282706 0.227500 0.331531
v 0.282706 0.262500 0.331531
v 0.280800 0.018214 0.298884
v 0.280874 0.052556 0.299259
v 0.280881 0.087500 0.299290
v 0.280881 0.122500 0.299290
v 0.280881 0.157500 0.299290
v 0.280881 0.192500 0.299290
v 0.280881 0.227500 0.299290
v 0.280881 0.262500 0.299290
v 0.275629 0.297500 0.351494
v 0.275629 0.332500 0.351494
v 0.275629 0.367500 0.351494
v 0.275629 0.402500 0.351494
v 0.275629 0.437500 0.351494
v 0.275629 0.472500 0.351494
v 0.275629 0.507500 0.351494
v 0.275629 0.542500 0.351494
v 0.282706 0.297500 0.331531
v 0.282706 0.332500 0.331531
v 0.282706 0.367500 0.331531
v 0.282706 0.402500 0.331531
v 0.282706 0.437500 0.331531
v 0.282706 0.472500 0.331531
v 0.282706 0.507500 0.331531
v 0.282706 0.542500 0.331531
v 0.280881 0.297500 0.299290
v 0.280881 0.332500 0.299290
v 0.280881 0.367500 0.299290
v 0.280881 0.402500 0.299290
v 0.280881 0.437500 0.299290
v 0.280881 0.472500 0.299290
v 0.280881 0.507500 0.299290
v 0.280881 0.542500 0.299290
v 0.275629 0.577500 0.351494
v 0.275730 0.611587 0.351342
v 0.276393 0.633374 0.350350
v 0.282706 0.577500 0.331531
v 0.282683 0.611793 0.331646
v 0.282593 0.639889 0.332100
v 0.280881 0.577500 0.299290
v 0.280846 0.611926 0.299117
v 0.280726 0.636407 0.298514
v 0.273090 0.018466 0.284706
v 0.273003 0.052564 0.284576
v 0.272994 0.087500 0.284562
v 0.272994 0.122500 0.284562
v 0.272994 0.157500 0.284562
v 0.272994 0.192500 0.284562
v 0.272994 0.227500 0.284562
v 0.272994 0.262500 0.284562
v 0.272994 0.297500 0.284562
v 0.272994 0.332500 0.284562
v 0.272994 0.367500 0.284562
v 0.272994 0.402500 0.284562
v 0.272994 0.437500 0.284562
v 0.272994 0.472500 0.284562
v 0.272994 0.507500 0.284562
v 0.272994 0.542500 0.284562
v 0.272994 0.577500 0.284562
v 0.273045 0.611776 0.284639
v 0.273206 0.628698 0.284879
vn 0.5679 0.7479 -0.3437
vn 0.7474 -0.0025 -0.6643
vn 0.9203 -0.0053 -0.3912
vn 0.7436 0.0003 -0.6686
vn 0.9201 -0.0007 -0.3917
vn 0.7437 -0.0000 -0.6686
vn 0.9203 -0.0000 -0.3912
vn 0.4752 0.8799 -0.0000
vn 1.0000 0.0044 -0.0000
vn 1.0000 0.0009 -0.0000
vn 1.0000 -0.0000 -0.0000
vn 0.5679 0.7479 0.3437
vn 0.9203 -0.0053 0.3912
vn 0.9201 -0.0007 0.3917
vn 0.9203 -0.0000 0.3912
vn 0.7474 -0.0025 0.6643
vn 0.7436 0.0003 0.6686
vn 0.7437 -0.0000 0.6686
vn 0.7436 0.0001 -0.6686
vn 0.9202 -0.0000 -0.3916
vn 0.7432 -0.0002 -0.6691
vn 0.9192 0.0011 -0.3939
vn 0.7092 -0.0864 -0.6997
vn 0.9292 -0.0304 -0.3684
vn 1.0000 -0.0002 -0.0000
vn 1.0000 -0.0021 -0.0000
vn 0.9972 -0.0746 -0.0000
vn 0.9202 -0.0000 0.3915
vn 0.9192 0.0011 0.3939
vn 0.9292 -0.0304 0.3684
vn 0.7436 0.0001 0.6686
vn 0.7432 -0.0002 0.6691
vn 0.7092 -0.0864 0.6997
vn 0.6482 0.3617 -0.6701
vn 0.5813 0.3904 -0.7139
vn 0.8937 0.1878 -0.4075
vn 0.6160 0.3556 -0.7029
vn 0.5761 0.4057 -0.7096
vn 0.8745 0.2164 -0.4341
vn 0.6558 0.3987 -0.6410
vn 0.9708 0.1145 -0.2107
vn 0.9988 -0.0094 0.0478
vn 0.5499 0.5105 -0.6611
vn 0.5229 0.4242 -0.7393
vn 0.8417 0.2316 -0.4877
vn 0.6279 0.4215 -0.6543
vn 0.9439 0.1623 -0.2876
vn 0.9992 0.0086 -0.0390
vn 0.9685 -0.1218 0.2172
vn 0.8715 -0.2199 0.4382
vn -0.0000 0.6252 -0.7804
vn -0.0000 0.4050 -0.9143
vn 0.3975 0.4592 -0.7944
vn -0.0000 0.5108 -0.8597
vn -0.0000 0.6317 -0.7752
vn -0.0000 0.3793 -0.9253
vn 0.3178 0.4743 -0.8210
vn -0.0000 0.4884 -0.8726
vn -0.0000 0.4331 -0.9013
vn -0.0000 0.3723 -0.9281
vn -0.1830 0.9206 0.3451
vn -0.0000 0.4799 -0.8773
vn 0.5712 0.4426 -0.6912
vn 0.5638 0.4016 -0.7217
vn 0.8282 0.2668 -0.4929
vn 0.6618 0.3611 -0.6570
vn 0.5874 0.3849 -0.7120
vn 0.8995 0.1870 -0.3950
vn 0.9851 0.0645 -0.1592
vn 0.6237 0.3584 -0.6947
vn 0.5874 0.4021 -0.7023
vn 0.8805 0.2089 -0.4255
vn 0.6675 0.3890 -0.6348
vn 0.9754 0.0988 -0.1971
vn 0.9977 -0.0108 0.0671
vn 0.9295 -0.1799 0.3219
vn 0.5899 0.3536 -0.7260
vn 0.5418 0.4162 -0.7302
vn 0.8545 0.2386 -0.4614
vn 0.6345 0.4159 -0.6514
vn 0.9528 0.1497 -0.2640
vn 0.9999 0.0039 -0.0156
vn 0.9623 -0.1346 0.2363
vn 0.8645 -0.2279 0.4479
vn 0.6038 -0.3503 0.7160
vn 0.6180 -0.4297 0.6584
vn 0.5642 0.4443 -0.6959
vn 0.5271 0.3955 -0.7522
vn 0.8165 0.2736 -0.5084
vn 0.6046 0.4345 -0.6676
vn 0.9152 0.1949 -0.3528
vn 0.9957 0.0125 -0.0916
vn 0.9803 -0.0790 0.1809
vn 0.8873 -0.2000 0.4155
vn 0.6329 -0.3609 0.6850
vn 0.6426 -0.4095 0.6477
vn 0.5583 -0.4113 0.7205
vn 0.9814 0.0805 -0.1745
vn 0.9890 -0.0470 0.1400
vn 0.9061 -0.1861 0.3799
vn 0.6452 -0.3653 0.6710
vn 0.6818 -0.3767 0.6270
vn 0.6009 -0.3977 0.6933
vn 0.9399 -0.1674 0.2976
vn 0.8419 -0.2509 0.4778
vn 0.5670 -0.3789 0.7314
vn 0.6106 -0.4175 0.6730
vn 0.6123 -0.3541 0.7069
vn 0.6247 -0.4241 0.6556
vn 0.5221 -0.4219 0.7412
vn -0.0000 0.4973 -0.8676
vn -0.0000 0.4902 -0.8716
vn -0.0000 0.6241 -0.7813
vn -0.0000 0.4109 -0.9117
vn 0.4159 0.4551 -0.7873
vn -0.0000 0.5146 -0.8574
vn -0.0000 0.6296 -0.7769
vn -0.0000 0.3868 -0.9222
vn 0.3412 0.4703 -0.8139
vn -0.0000 0.4890 -0.8723
vn -0.0000 0.6399 -0.7685
vn -0.0000 0.3555 -0.9347
vn 0.2588 0.4830 -0.8365
vn -0.0000 0.4861 -0.8739
vn 0.2815 -0.4798 0.8310
vn -0.0000 0.4991 -0.8665
vn -0.0000 0.5176 -0.8557
vn 0.3687 -0.4651 0.8048
vn -0.0000 -0.6273 0.7788
vn -0.0000 -0.4872 0.8733
vn -0.0000 -0.3672 0.9301
vn 0.4352 -0.4372 0.7871
vn -0.0000 -0.6225 0.7826
vn -0.0000 -0.4898 0.8718
vn -0.0000 -0.3956 0.9184
vn 0.2398 -0.4866 0.8401
vn -0.0000 -0.6288 0.7775
vn -0.0000 -0.4598 0.8880
vn 0.3066 -0.4761 0.8242
vn -0.0000 -0.6327 0.7744
vn -0.0000 -0.4848 0.8746
vn -0.0000 -0.3616 0.9323
vn 0.3541 -0.1557 -0.9222
vn 0.9542 0.0186 -0.2985
vn -0.0000 -0.8660 -0.5000
vn 0.9908 -0.1156 0.0704
vn 0.4933 -0.7226 0.4842
vn -0.0000 0.8660 0.5000
vn 0.8303 -0.2563 0.4950
vn 0.5900 -0.4162 0.6919
vn 0.5128 -0.8509 -0.1140
vn 0.5394 -0.3958 0.7432
vn -0.0000 -0.4589 -0.8885
vn -0.0000 -0.5180 0.8554
vn -0.0000 -0.9742 -0.2257
vn -0.0000 -0.6361 0.7716
vn -0.0000 -0.5117 0.8592
vn 0.4049 0.8813 0.2437
vn 0.9911 0.1324 -0.0106
vn 0.9795 -0.0865 0.1817
vn 0.8909 -0.1880 0.4135
vn 0.6418 -0.3618 0.6762
vn 0.6503 -0.4033 0.6438
vn 0.5706 -0.4074 0.7130
vn 0.8744 0.0627 0.4811
vn 0.8088 -0.2850 0.5144
vn 0.5649 -0.4455 0.6945
vn 0.5783 -0.3931 0.7149
vn 0.3519 0.4211 0.8359
vn 0.5658 -0.4038 0.7189
vn -0.0000 0.6630 -0.7486
vn 0.3888 -0.4610 0.7977
vn -0.0000 -0.6258 0.7800
vn -0.0000 -0.4880 0.8728
vn -0.0000 -0.4962 0.8682
vn -0.0000 -0.5090 0.8608
vn -0.0000 -0.4023 0.9155
vn -0.0000 0.6603 0.7510
vn -0.0000 -0.4840 0.8750
vn 0.2248 0.4258 -0.8764
vn 0.1951 -0.0000 -0.9808
vn 0.4940 0.0038 -0.8695
vn 0.4977 0.0010 -0.8674
vn 0.4994 -0.0000 -0.8664
vn 0.1537 0.9786 -0.1368
vn -0.0000 1.0000 -0.0000
vn 0.1532 0.9788 0.1359
vn 0.2231 0.4251 0.8772
vn 0.4940 0.0038 0.8694
vn 0.4977 0.0010 0.8674
vn 0.4994 -0.0000 0.8664
vn 0.1951 -0.0000 0.9808
vn 0.0281 0.4272 -0.9037
vn -0.0521 -0.0080 -0.9986
vn -0.0569 -0.0010 -0.9984
vn -0.0591 -0.0000 -0.9983
vn -0.1976 0.4301 0.8809
vn -0.2856 -0.1865 0.9400
vn -0.3462 -0.0171 0.9380
vn -0.3765 -0.0479 0.9252
vn -0.3559 0.0653 -0.9322
vn -0.3043 0.0010 -0.9526
vn -0.3058 0.0001 -0.9521
vn 0.9740 0.1993 -0.1078
vn 0.2690 0.8050 -0.5289
vn -0.6710 0.0788 -0.7373
vn -0.6978 0.0042 -0.7162
vn -0.6944 0.0009 -0.7196
vn 0.9977 0.0415 0.0537
vn 0.0024 1.0000 -0.0038
vn 0.0654 0.9948 -0.0784
vn 0.4053 0.0619 0.9121
vn -0.0000 -0.0000 -1.0000
vn 0.6579 0.5325 -0.5325
vn 0.6208 -0.0066 -0.7839
vn 0.6698 0.0046 -0.7425
vn 0.8052 0.1051 -0.5836
vn 0.0439 -0.0412 -0.9982
vn 0.0379 0.0589 -0.9975
vn -0.0284 0.0161 -0.9995
vn -0.0455 0.0036 -0.9990
vn 0.6208 0.7839 0.0066
vn 0.6658 0.7462 -0.0002
vn 0.6687 0.7435 -0.0000
vn -0.0000 -0.3757 0.9268
vn -0.0589 0.0001 -0.9983
vn -0.0583 0.0003 -0.9983
vn -0.0575 0.0002 -0.9983
vn -0.0573 -0.0000 -0.9984
vn -0.0574 -0.0000 -0.9984
vn -0.0575 -0.0000 -0.9983
vn -0.3613 0.0672 0.9300
vn -0.2409 0.1023 0.9651
vn -0.1075 0.0199 0.9940
vn -0.0600 -0.0002 0.9982
vn -0.0575 -0.0000 0.9983
vn -0.3038 0.0007 -0.9527
vn -0.3014 -0.0001 -0.9535
vn -0.3000 0.0001 -0.9539
vn -0.2973 0.0010 -0.9548
vn -0.2955 -0.0000 -0.9553
vn -0.2957 -0.0000 -0.9553
vn -0.6921 0.0013 -0.7218
vn -0.6870 0.0046 -0.7266
vn -0.6571 0.0303 -0.7532
vn -0.6244 0.0012 -0.7811
vn -0.6225 0.0001 -0.7826
vn -0.6225 -0.0000 -0.7826
vn -0.5042 -0.7653 0.4002
vn -0.6306 -0.0018 0.7761
vn -0.3605 -0.0175 0.9326
vn -0.6233 0.0006 0.7819
vn -0.2969 -0.0004 0.9549
vn -0.6225 0.0001 0.7826
vn -0.2958 -0.0000 0.9553
vn -0.6225 -0.0000 0.7826
vn -0.2957 -0.0000 0.9553
vn 0.9571 0.2543 0.1387
vn 0.7964 0.1543 0.5848
vn -0.0545 0.0064 -0.9985
vn -0.3568 -0.4101 -0.8393
vn -0.6815 -0.4614 -0.5681
vn -0.9127 -0.0111 -0.4086
vn -0.8967 -0.0001 -0.4426
vn -0.8960 0.0001 -0.4440
vn -0.8959 -0.0000 -0.4442
vn -0.7707 -0.6369 0.0174
vn -0.9999 -0.0108 0.0098
vn -1.0000 -0.0004 0.0008
vn -1.0000 -0.0001 0.0001
vn -1.0000 -0.0000 -0.0000
vn -0.5406 -0.7988 0.2638
vn -0.8974 0.0003 0.4413
vn -0.8961 -0.0004 0.4439
vn -0.8960 -0.0000 0.4442
vn -0.8959 -0.0000 0.4442
vn -0.1893 -0.9691 0.1580
vn 0.4843 -0.8739 0.0423
vn -0.0000 -1.0000 -0.0000
vn 0.2314 -0.9728 -0.0051
vn -0.0706 -0.6680 -0.7408
vn 0.0274 -0.9363 -0.3502
vn 0.0030 -0.6227 -0.7824
vn -0.0000 -0.6113 -0.7914
vn 0.4974 -0.0012 -0.8675
vn 0.5370 -0.1012 -0.8375
vn 0.4974 -0.0012 0.8675
vn 0.5370 -0.1012 0.8375
vn -0.0573 0.0001 -0.9984
vn -0.0543 0.0013 -0.9985
vn -0.0454 0.0096 -0.9989
vn -0.0573 0.0001 0.9984
vn -0.0543 0.0013 0.9985
vn -0.0454 0.0096 0.9989
vn -0.2950 0.0002 -0.9555
vn -0.2941 -0.0020 -0.9558
vn -0.4579 -0.2818 -0.8432
vn -0.6222 0.0001 -0.7829
vn -0.6224 -0.0000 -0.7827
vn -0.5018 -0.2927 -0.8139
vn -0.6225 -0.0000 0.7827
vn -0.6222 0.0001 0.7829
vn -0.2950 0.0002 0.9555
vn -0.6224 -0.0000 0.7827
vn -0.2941 -0.0020 0.9558
vn -0.5018 -0.2927 0.8139
vn -0.4579 -0.2818 0.8432
vn -0.8958 0.0001 -0.4445
vn -0.8941 0.0032 -0.4479
vn -0.9034 -0.2996 -0.3069
vn -1.0000 -0.0002 -0.0000
vn -1.0000 -0.0046 -0.0000
vn -0.8750 -0.4840 -0.0000
vn -0.8958 0.0001 0.4444
vn -0.8941 0.0032 0.4479
vn -0.9034 -0.2996 0.3069
vn -0.2165 -0.9763 -0.0000
vn 0.2160 -0.9764 0.0007
vn -0.6687 0.7435 -0.0000
vn 0.2165 -0.9763 -0.0000
vn -0.1740 -0.9765 0.1272
vn -0.1740 -0.9765 -0.1272
vn -0.0991 -0.8708 0.4816
vn -0.0991 -0.8708 -0.4816
vn 0.0231 -0.9206 0.3898
vn 0.0231 -0.9206 -0.3898
vn -0.9292 -0.0304 0.3684
vn -0.9192 0.0011 0.3939
vn -0.9202 -0.0000 0.3915
vn -0.9203 -0.0000 0.3912
vn -0.9972 -0.0746 -0.0000
vn -1.0000 -0.0021 -0.0000
vn -0.9292 -0.0304 -0.3684
vn -0.9192 0.0011 -0.3939
vn -0.9202 -0.0000 -0.3916
vn -0.9203 -0.0000 -0.3912
vn -0.9201 -0.0007 0.3917
vn -0.9203 -0.0053 0.3912
vn -1.0000 0.0009 -0.0000
vn -1.0000 0.0044 -0.0000
vn -0.9201 -0.0007 -0.3917
vn -0.9203 -0.0053 -0.3912
vn -0.2160 -0.9764 0.0007
vn -0.5370 -0.1012 0.8375
vn -0.7092 -0.0864 0.6997
vn -0.4974 -0.0012 0.8675
vn -0.7432 -0.0002 0.6691
vn -0.4994 -0.0000 0.8664
vn -0.7436 0.0001 0.6686
vn -0.7437 -0.0000 0.6686
vn -0.7092 -0.0864 -0.6997
vn -0.7432 -0.0002 -0.6691
vn -0.7436 0.0001 -0.6686
vn -0.7437 -0.0000 -0.6686
vn -0.5370 -0.1012 -0.8375
vn -0.4974 -0.0012 -0.8675
vn -0.4994 -0.0000 -0.8664
vn -0.1951 -0.0000 0.9808
vn -0.1951 -0.0000 -0.9808
vn 0.0454 0.0096 0.9989
vn 0.0543 0.0013 0.9985
vn 0.0573 0.0001 0.9984
vn 0.0575 -0.0000 0.9983
vn 0.4579 -0.2818 0.8432
vn 0.2941 -0.0020 0.9558
vn 0.2950 0.0002 0.9555
vn 0.2957 -0.0000 0.9553
vn 0.4579 -0.2818 -0.8432
vn 0.0454 0.0096 -0.9989
vn 0.2941 -0.0020 -0.9558
vn 0.0543 0.0013 -0.9985
vn 0.2950 0.0002 -0.9555
vn 0.0573 0.0001 -0.9984
vn 0.2957 -0.0000 -0.9553
vn 0.0575 -0.0000 -0.9983
vn 0.5018 -0.2927 0.8139
vn 0.6224 -0.0000 0.7827
vn 0.6222 0.0001 0.7829
vn 0.6225 -0.0000 0.7826
vn 0.9034 -0.2996 0.3069
vn 0.8941 0.0032 0.4479
vn 0.8958 0.0001 0.4445
vn 0.8959 -0.0000 0.4442
vn 0.8750 -0.4840 -0.0000
vn 1.0000 -0.0046 -0.0000
vn 0.9034 -0.2996 -0.3069
vn 0.5018 -0.2927 -0.8139
vn 0.8941 0.0032 -0.4479
vn 0.6224 -0.0000 -0.7827
vn 0.8958 0.0001 -0.4445
vn 0.6222 0.0001 -0.7829
vn 0.8959 -0.0000 -0.4442
vn 0.6225 -0.0000 -0.7826
vn 0.0600 -0.0002 0.9982
vn 0.1075 0.0199 0.9940
vn 0.2409 0.1023 0.9651
vn 0.3613 0.0672 0.9300
vn 0.2958 -0.0000 0.9553
vn 0.2969 -0.0004 0.9549
vn 0.3605 -0.0175 0.9326
vn 0.2955 -0.0000 -0.9553
vn 0.0574 -0.0000 -0.9984
vn 0.2973 0.0010 -0.9548
vn 0.0573 -0.0000 -0.9984
vn 0.3000 0.0001 -0.9539
vn 0.0575 0.0002 -0.9983
vn 0.3014 -0.0001 -0.9535
vn 0.0583 0.0003 -0.9983
vn 0.3038 0.0007 -0.9527
vn 0.0589 0.0001 -0.9983
vn -0.2314 -0.9728 -0.0051
vn -0.4843 -0.8739 0.0423
vn -0.7964 0.1543 0.5848
vn -0.9571 0.2543 0.1387
vn 0.6225 0.0001 0.7826
vn 0.6233 0.0006 0.7819
vn 0.6306 -0.0018 0.7761
vn 0.5042 -0.7653 0.4002
vn 0.8960 -0.0000 0.4442
vn 0.8961 -0.0004 0.4439
vn 0.8974 0.0003 0.4413
vn 1.0000 -0.0001 0.0001
vn 1.0000 -0.0004 0.0008
vn 0.9999 -0.0108 0.0098
vn 0.8960 0.0001 -0.4440
vn 0.6225 0.0001 -0.7826
vn 0.8967 -0.0001 -0.4426
vn 0.6244 0.0012 -0.7811
vn 0.9127 -0.0111 -0.4086
vn 0.6571 0.0303 -0.7532
vn 0.6870 0.0046 -0.7266
vn 0.6921 0.0013 -0.7218
vn 0.1893 -0.9691 0.1580
vn 0.5406 -0.7988 0.2638
vn 0.7707 -0.6369 0.0174
vn 0.6815 -0.4614 -0.5681
vn -0.0274 -0.9363 -0.3502
vn 0.3568 -0.4101 -0.8393
vn 0.0545 0.0064 -0.9985
vn 0.0706 -0.6680 -0.7408
vn -0.0030 -0.6227 -0.7824
vn -0.4977 0.0010 0.8674
vn -0.7436 0.0003 0.6686
vn -0.4940 0.0038 0.8694
vn -0.7474 -0.0025 0.6643
vn -0.5679 0.7479 0.3437
vn -0.4752 0.8799 -0.0000
vn -0.7436 0.0003 -0.6686
vn -0.7474 -0.0025 -0.6643
vn -0.5679 0.7479 -0.3437
vn -0.4977 0.0010 -0.8674
vn -0.4940 0.0038 -0.8695
vn -0.2231 0.4251 0.8772
vn -0.1532 0.9788 0.1359
vn -0.1537 0.9786 -0.1368
vn -0.2248 0.4258 -0.8764
vn 0.3765 -0.0479 0.9252
vn 0.3462 -0.0171 0.9380
vn 0.2856 -0.1865 0.9400
vn 0.1976 0.4301 0.8809
vn -0.4053 0.0619 0.9121
vn -0.0654 0.9948 -0.0784
vn -0.0024 1.0000 -0.0038
vn 0.3058 0.0001 -0.9521
vn 0.0591 -0.0000 -0.9983
vn 0.3043 0.0010 -0.9526
vn 0.0569 -0.0010 -0.9984
vn 0.3559 0.0653 -0.9322
vn 0.0521 -0.0080 -0.9986
vn -0.0281 0.4271 -0.9037
vn -0.6658 0.7462 -0.0002
vn -0.9977 0.0415 0.0537
vn -0.6208 0.7839 0.0066
vn 0.6944 0.0009 -0.7196
vn 0.6978 0.0042 -0.7162
vn 0.6710 0.0788 -0.7373
vn -0.2690 0.8050 -0.5289
vn -0.9740 0.1993 -0.1078
vn -0.8052 0.1051 -0.5836
vn -0.6698 0.0046 -0.7425
vn -0.6208 -0.0066 -0.7839
vn -0.6579 0.5325 -0.5325
vn 0.0455 0.0036 -0.9990
vn 0.0284 0.0161 -0.9995
vn -0.0379 0.0589 -0.9975
vn -0.0439 -0.0412 -0.9982
vn -0.8088 -0.2850 0.5144
vn -0.8744 0.0627 0.4811
vn -0.8909 -0.1880 0.4135
vn -0.9795 -0.0865 0.1817
vn -0.9911 0.1324 -0.0106
vn -0.5658 -0.4038 0.7189
vn -0.3519 0.4211 0.8359
vn -0.5783 -0.3931 0.7149
vn -0.5649 -0.4455 0.6945
vn -0.5706 -0.4074 0.7130
vn -0.3888 -0.4610 0.7977
vn -0.6502 -0.4033 0.6438
vn -0.6418 -0.3618 0.6762
vn -0.4049 0.8813 0.2437
vn -0.8303 -0.2563 0.4950
vn -0.4933 -0.7226 0.4842
vn -0.9908 -0.1156 0.0704
vn -0.9542 0.0186 -0.2985
vn -0.5394 -0.3958 0.7432
vn -0.5128 -0.8509 -0.1140
vn -0.5900 -0.4162 0.6919
vn -0.3541 -0.1557 -0.9222
vn -0.8419 -0.2509 0.4778
vn -0.9399 -0.1674 0.2976
vn -0.9061 -0.1861 0.3799
vn -0.9890 -0.0470 0.1400
vn -0.9814 0.0805 -0.1745
vn -0.8873 -0.2000 0.4154
vn -0.9803 -0.0790 0.1809
vn -0.9957 0.0125 -0.0916
vn -0.9152 0.1949 -0.3528
vn -0.8165 0.2736 -0.5084
vn -0.8645 -0.2279 0.4479
vn -0.9623 -0.1346 0.2363
vn -0.9999 0.0039 -0.0156
vn -0.9528 0.1497 -0.2640
vn -0.8545 0.2386 -0.4614
vn -0.9295 -0.1799 0.3219
vn -0.9977 -0.0108 0.0671
vn -0.9754 0.0988 -0.1971
vn -0.8805 0.2089 -0.4255
vn -0.9851 0.0645 -0.1592
vn -0.8995 0.1870 -0.3950
vn -0.8282 0.2668 -0.4929
vn -0.5221 -0.4219 0.7412
vn -0.3066 -0.4761 0.8242
vn -0.6247 -0.4241 0.6556
vn -0.6123 -0.3541 0.7069
vn -0.2398 -0.4866 0.8401
vn -0.6106 -0.4175 0.6730
vn -0.5670 -0.3789 0.7314
vn -0.6009 -0.3977 0.6933
vn -0.4352 -0.4372 0.7871
vn -0.6818 -0.3767 0.6271
vn -0.6452 -0.3653 0.6710
vn -0.5583 -0.4113 0.7205
vn -0.3687 -0.4651 0.8048
vn -0.6426 -0.4095 0.6477
vn -0.6329 -0.3609 0.6850
vn -0.6046 0.4345 -0.6676
vn -0.5271 0.3955 -0.7522
vn -0.5642 0.4443 -0.6959
vn -0.2815 -0.4798 0.8310
vn -0.6180 -0.4297 0.6584
vn -0.6038 -0.3503 0.7160
vn -0.6345 0.4159 -0.6514
vn -0.5418 0.4162 -0.7302
vn -0.5899 0.3536 -0.7260
vn -0.2588 0.4830 -0.8365
vn -0.6675 0.3890 -0.6348
vn -0.5874 0.4021 -0.7023
vn -0.6237 0.3584 -0.6947
vn -0.3411 0.4703 -0.8139
vn -0.5874 0.3849 -0.7120
vn -0.6618 0.3611 -0.6570
vn -0.4159 0.4551 -0.7873
vn -0.5638 0.4016 -0.7217
vn -0.5712 0.4426 -0.6912
vn -0.8715 -0.2199 0.4382
vn -0.9685 -0.1218 0.2172
vn -0.9992 0.0086 -0.0390
vn -0.9439 0.1623 -0.2876
vn -0.8417 0.2316 -0.4877
vn -0.9988 -0.0094 0.0478
vn -0.9708 0.1145 -0.2107
vn -0.8745 0.2164 -0.4341
vn -0.8937 0.1878 -0.4075
vn -0.6279 0.4215 -0.6543
vn -0.5229 0.4242 -0.7393
vn -0.5499 0.5105 -0.6611
vn 0.1830 0.9206 0.3451
vn -0.6558 0.3987 -0.6410
vn -0.5761 0.4057 -0.7096
vn -0.6160 0.3556 -0.7029
vn -0.3178 0.4743 -0.8210
vn -0.5813 0.3904 -0.7139
vn -0.6482 0.3617 -0.6701
vn -0.3975 0.4592 -0.7944
vn 0.1740 -0.9765 -0.1272
vn 0.1740 -0.9765 0.1272
vn 0.0991 -0.8708 -0.4816
vn 0.0991 -0.8708 0.4816
vn -0.0231 -0.9206 -0.3898
vn -0.0231 -0.9206 0.3898
vn -0.0000 -0.0000 1.0000
vn 0.0005 0.4936 0.8697
vn -0.0087 0.5200 0.8541
vn 0.9884 0.0029 0.1519
vn 0.7819 0.6186 0.0780
vn 0.7711 0.6367 -0.0003
vn 0.7755 0.6313 -0.0026
vn -0.0000 -0.9607 -0.2778
vn -0.0000 0.1677 0.9858
vn -0.0000 -0.8660 0.5000
vn -0.0018 -0.9606 -0.2779
vn 0.1317 0.1912 0.9727
vn 0.0586 -0.7474 0.6618
vn 0.7659 0.1945 0.6129
vn 0.9974 -0.0624 0.0346
vn 0.1573 -0.9791 -0.1287
vn 0.9938 0.0809 0.0765
vn 0.2940 -0.9558 0.0077
vn 0.1454 -0.9796 -0.1387
vn 0.3255 -0.6372 0.6986
vn 0.5565 0.3683 0.7447
vn 0.2026 -0.7925 0.5752
vn 0.2070 -0.5302 0.8222
vn 0.5952 -0.3097 0.7415
vn 0.2822 0.0256 0.9590
vn 0.2974 0.0093 0.9547
vn 0.8197 -0.5728 0.0061
vn 0.8530 -0.5219 0.0075
vn 0.8668 -0.4986 0.0035
vn 0.8642 -0.5031 -0.0059
vn 0.8241 -0.5658 -0.0277
vn 0.6008 -0.1136 0.7913
vn 0.3227 -0.9446 0.0603
vn 0.6348 -0.7651 -0.1082
vn -0.0000 0.4704 0.8824
vn -0.0000 0.0874 0.9962
vn 0.0062 0.4608 0.8875
vn -0.0002 0.0870 0.9962
vn 0.7794 0.6258 -0.0300
vn 0.2840 0.2972 0.9116
vn 0.0341 0.1076 0.9936
vn -0.0007 0.0789 0.9969
vn 0.7155 0.5295 0.4557
vn 0.2437 0.0423 0.9689
vn 0.1396 -0.0071 0.9902
vn 0.1770 -0.0150 0.9841
vn 0.1822 0.1300 0.9746
vn 0.3135 0.0439 0.9486
vn 0.2990 0.9542 0.0074
vn 0.2521 0.9677 -0.0001
vn 0.2498 0.9683 -0.0000
vn -0.8999 -0.3438 0.2683
vn -0.9145 0.0023 0.4047
vn -0.9153 -0.0001 0.4027
vn -0.9154 -0.0000 0.4025
vn -0.8664 -0.4981 -0.0346
vn -0.9983 -0.0042 -0.0585
vn -0.9983 -0.0002 -0.0591
vn -0.9983 -0.0000 -0.0590
vn -0.6087 -0.3332 0.7201
vn -0.4976 -0.3646 0.7871
vn -0.4265 -0.0029 0.9045
vn -0.6612 -0.0000 0.7502
vn -0.4310 -0.0000 0.9024
vn -0.6608 0.0001 0.7506
vn -0.4317 -0.0000 0.9020
vn -0.6613 -0.0000 0.7501
vn -0.0781 0.0103 0.9969
vn -0.0880 0.0009 0.9961
vn -0.0897 0.0001 0.9960
vn -0.0899 -0.0000 0.9960
vn 0.2048 0.0126 0.9787
vn 0.2188 0.0016 0.9758
vn 0.2214 -0.0000 0.9752
vn 0.6461 -0.1838 0.7408
vn 0.5556 -0.0000 0.8315
vn -0.0000 -0.6319 0.7751
vn -0.0025 -0.6380 0.7701
vn 0.0088 -0.6747 0.7380
vn 0.0418 -0.7858 0.6171
vn -0.3194 -0.3491 0.8810
vn -0.0602 0.0073 0.9982
vn -0.9155 -0.0000 0.4024
vn -0.9162 -0.0003 0.4008
vn -0.9288 -0.0186 0.3700
vn -0.6763 -0.6899 0.2582
vn -0.9983 -0.0001 -0.0590
vn -0.9982 -0.0007 -0.0599
vn -0.9977 -0.0110 -0.0673
vn -0.7675 -0.6401 -0.0351
vn -0.6614 -0.0000 0.7501
vn -0.4325 0.0003 0.9016
vn -0.6633 0.0009 0.7483
vn -0.4347 0.0002 0.9006
vn -0.6928 0.0230 0.7207
vn -0.4380 0.0005 0.8990
vn -0.7158 -0.0020 0.6983
vn -0.4409 0.0006 0.8975
vn -0.7180 0.0006 0.6960
vn -0.0901 0.0001 0.9959
vn -0.0903 0.0001 0.9959
vn -0.0905 -0.0000 0.9959
vn -0.0000 -0.9772 0.2124
vn -0.0000 -0.8850 -0.4657
vn 0.1897 -0.9809 0.0421
vn 0.0748 -0.9433 -0.3233
vn 0.9168 0.1401 -0.3739
vn 0.7135 0.3925 0.5804
vn 0.1831 -0.9489 -0.2571
vn 0.6953 -0.3539 -0.6256
vn 0.5556 -0.4157 -0.7201
vn 0.7340 -0.3692 -0.5701
vn -0.0882 -0.9290 -0.3594
vn 0.9251 -0.0206 -0.3792
vn 0.7152 -0.3146 -0.6241
vn 0.0198 -0.8587 0.5120
vn 0.2028 -0.7526 0.6265
vn 0.8758 0.2186 0.4304
vn 0.8315 0.2778 0.4811
vn 0.5536 -0.4117 0.7239
vn 0.7108 -0.6460 0.2782
vn 0.7219 -0.6268 0.2933
vn 0.9600 0.1614 0.2289
vn 0.9048 0.1935 0.3794
vn 0.9855 -0.0993 0.1377
vn 0.9017 0.1823 -0.3920
vn 0.7713 0.1471 -0.6193
vn 0.1085 -0.8129 0.5722
vn 0.0933 -0.8900 0.4463
vn 0.9681 -0.2383 0.0779
vn 0.9993 0.0003 0.0362
vn 0.9851 0.0809 0.1520
vn 0.9478 0.1881 0.2574
vn 0.8842 0.2041 0.4202
vn 0.8407 0.2664 0.4715
vn 0.7231 0.4730 0.5034
vn 0.1436 -0.9020 0.4072
vn 0.8845 -0.2644 -0.3843
vn 0.8151 -0.3026 -0.4940
vn 0.9410 -0.1530 -0.3018
vn 0.8315 -0.2778 -0.4811
vn 0.9689 -0.1358 -0.2068
vn 0.9959 -0.0187 -0.0889
vn 0.9966 0.0106 0.0815
vn 0.9774 0.1097 0.1808
vn 0.9315 0.2099 0.2970
vn 0.8981 -0.1842 -0.3993
vn 0.9378 -0.2111 -0.2755
vn 0.9823 -0.0918 -0.1636
vn 0.9979 -0.0026 -0.0644
vn 0.9948 0.0248 0.0986
vn 0.1373 -0.3348 0.9322
vn 0.2700 -0.9427 -0.1961
vn 0.9794 -0.1584 -0.1255
vn 0.9518 0.0037 -0.3068
vn 0.9281 -0.2339 -0.2897
vn 0.9863 -0.0712 -0.1490
vn -0.0469 0.0076 0.9989
vn -0.0124 0.0306 0.9995
vn 0.0060 -0.0070 1.0000
vn 0.0175 -0.0252 0.9995
vn 0.1890 -0.2316 0.9543
vn 0.5865 0.1032 0.8033
vn 0.8924 0.1014 0.4398
vn 0.8016 0.0282 0.5972
vn 0.7175 0.0402 0.6954
vn 0.5966 0.6468 0.4750
vn 0.4345 0.8913 -0.1296
vn 0.5700 0.8213 0.0256
vn 0.0961 0.9742 -0.2044
vn -0.4421 0.0005 0.8969
vn -0.7219 0.0013 0.6920
vn -0.4392 0.0025 0.8984
vn -0.7290 0.0056 0.6845
vn -0.5360 0.1431 0.8320
vn -0.6047 0.0654 0.7938
vn 0.4471 0.8029 0.3944
vn 0.9831 0.1584 0.0915
vn 0.0210 0.9992 0.0338
vn 0.9993 0.0227 -0.0295
vn -0.0904 -0.0001 0.9959
vn -0.0889 -0.0007 0.9960
vn -0.0805 -0.0080 0.9967
vn 0.0020 0.7317 0.6816
vn 0.2191 -0.0014 0.9757
vn 0.2050 -0.0091 0.9787
vn 0.5548 0.0005 0.8320
vn 0.1200 0.7048 0.6992
vn 0.0540 0.9971 0.0528
vn -0.0000 0.3518 -0.9361
vn -0.0000 0.5042 0.8636
vn -0.0000 0.4521 0.8920
vn 0.1951 0.4904 0.8494
vn -0.0000 0.5994 0.8005
vn -0.0000 0.8660 -0.5000
vn -0.0000 0.9875 -0.1574
vn -0.5328 0.4914 -0.6890
vn -0.6741 0.6006 0.4301
vn 0.2170 0.4926 0.8428
vn 0.2493 0.5210 0.8163
vn -0.0341 0.9825 -0.1830
vn 0.0042 0.9423 -0.3347
vn 0.5111 0.4464 0.7345
vn 0.7879 -0.0368 0.6148
vn 0.6375 0.4060 -0.6549
vn 0.6560 -0.5124 -0.5541
vn 0.3977 0.5124 -0.7611
vn 0.6576 0.4268 0.6209
vn 0.4938 0.4786 0.7260
vn 0.5993 0.2511 0.7601
vn 0.5159 0.3926 0.7614
vn 0.5556 0.4157 0.7201
vn 0.7050 0.3732 0.6031
vn 0.6362 0.3799 0.6715
vn 0.1162 0.8086 -0.5767
vn 0.1511 0.9881 0.0289
vn 0.0742 0.9032 -0.4226
vn 0.2503 0.9682 -0.0007
vn 0.8340 -0.3646 -0.4141
vn 0.1913 0.2441 -0.9507
vn 0.9995 -0.0085 -0.0301
vn 0.9999 -0.0102 -0.0110
vn 0.0169 0.0234 -0.9996
vn 0.1181 0.0658 -0.9908
vn 0.0701 0.9729 -0.2205
vn 0.8292 0.2813 0.4831
vn 0.8856 0.2044 0.4169
vn 0.8293 0.2790 0.4842
vn 0.9640 0.1496 0.2196
vn 0.9332 0.1604 0.3217
vn 0.8784 0.2277 0.4201
vn 0.9994 -0.0149 -0.0327
vn 0.9902 0.0577 0.1274
vn 0.9594 0.1602 0.2321
vn 0.9325 0.1709 0.3182
vn 0.4445 0.8918 -0.0843
vn 0.9587 -0.1510 -0.2410
vn 0.9930 -0.0421 -0.1105
vn 0.9987 0.0018 0.0514
vn 0.8599 0.5044 -0.0784
vn 0.0051 0.8639 -0.5037
vn 0.9265 -0.1767 -0.3322
vn 0.7663 -0.1994 -0.6108
vn 0.9418 -0.1628 -0.2940
vn 0.9516 -0.0426 -0.3044
vn 0.0047 0.8674 -0.4976
vn -0.9008 -0.2655 -0.3437
vn -0.8643 0.0043 -0.5029
vn -0.8673 0.0003 -0.4978
vn -0.8675 -0.0000 -0.4975
vn -0.4275 -0.2845 -0.8581
vn -0.5897 0.0005 -0.8076
vn -0.5894 0.0002 -0.8078
vn -0.5895 -0.0000 -0.8077
vn -0.0801 -0.5447 -0.8348
vn -0.1238 -0.0063 -0.9923
vn -0.1200 -0.0002 -0.9928
vn -0.1198 -0.0000 -0.9928
vn 0.2477 -0.4257 -0.8703
vn 0.3766 -0.0024 -0.9264
vn 0.3728 -0.0002 -0.9279
vn 0.3726 -0.0000 -0.9280
vn -0.0000 0.4880 0.8728
vn -0.8675 -0.0000 -0.4974
vn -0.8677 -0.0003 -0.4971
vn -0.8729 0.0021 -0.4879
vn -0.4297 -0.8407 -0.3294
vn -0.1257 -0.9871 -0.0995
vn 0.4577 -0.8886 -0.0308
vn 0.2247 -0.9744 0.0008
vn 0.2163 -0.9763 -0.0002
vn -0.5896 0.0001 -0.8077
vn -0.5910 0.0009 -0.8067
vn -0.5975 0.0106 -0.8018
vn 0.6282 0.4020 -0.6662
vn -0.6717 -0.3327 -0.6619
vn 0.7678 -0.6215 0.1558
vn -0.2646 -0.1445 -0.9535
vn -0.1199 -0.0000 -0.9928
vn -0.1227 0.0013 -0.9924
vn -0.1234 -0.0059 -0.9923
vn -0.1113 -0.0135 -0.9937
vn -0.0990 0.0004 -0.9951
vn 0.3723 0.0004 -0.9281
vn 0.3709 0.0011 -0.9287
vn 0.3687 0.0012 -0.9295
vn 0.3670 0.0006 -0.9302
vn 0.9907 -0.1358 0.0017
vn 0.3894 0.8867 -0.2491
vn 0.3294 0.8313 -0.4476
vn 0.6262 0.7795 0.0162
vn 0.6511 0.7589 0.0090
vn 0.6658 0.7462 0.0024
vn 0.9898 -0.1425 -0.0000
vn 0.9901 -0.0001 0.1403
vn 0.9898 -0.0000 0.1425
vn 0.9927 -0.0854 0.0854
vn 0.1173 0.9889 0.0914
vn -0.1300 -0.0316 -0.9910
vn -0.0659 -0.0455 -0.9968
vn 0.0759 -0.0974 -0.9924
vn 0.3193 0.6444 -0.6948
vn -0.1029 0.0001 -0.9947
vn -0.1066 0.0020 -0.9943
vn -0.0643 0.0550 -0.9964
vn 0.3665 -0.0000 -0.9304
vn 0.3673 0.0011 -0.9301
vn 0.3663 0.0319 -0.9299
vn 0.1717 0.9755 -0.1375
vn -0.0000 -0.2150 -0.9766
vn -0.0000 0.0197 -0.9998
vn 0.9017 -0.2153 -0.3749
vn 0.0731 -0.1457 -0.9866
vn 0.0914 -0.1278 -0.9876
vn 0.6999 -0.3282 -0.6344
vn 0.5115 -0.3767 -0.7723
vn 0.7542 -0.3500 -0.5555
vn 0.0667 0.8124 -0.5793
vn 0.6187 -0.3488 -0.7039
vn 0.5141 -0.3353 -0.7895
vn 0.3090 0.6496 -0.6947
vn 0.9059 0.1662 -0.3896
vn 0.1823 0.7016 -0.6889
vn 0.6954 -0.1798 0.6958
vn 0.7871 -0.0003 0.6168
vn 0.7871 -0.0000 0.6168
vn 0.7872 -0.0000 0.6167
vn 0.9583 -0.0536 0.2809
vn 0.9423 0.0010 0.3346
vn 0.9424 -0.0000 0.3344
vn 0.9425 -0.0000 0.3341
vn 0.9965 -0.0785 -0.0285
vn 0.9984 -0.0016 -0.0564
vn 0.9984 -0.0002 -0.0565
vn 0.9984 -0.0000 -0.0565
vn 0.7872 0.0003 0.6167
vn 0.7894 0.0005 0.6138
vn 0.9427 -0.0009 0.3335
vn 0.9452 -0.0073 0.3263
vn 0.5815 0.7920 0.1862
vn 0.9984 0.0008 -0.0565
vn 0.9984 0.0038 -0.0561
vn 0.4858 0.8726 -0.0501
vn 0.8814 -0.0053 -0.4724
vn 0.6972 -0.0995 -0.7100
vn 0.8800 0.0019 -0.4750
vn 0.7389 0.0035 -0.6738
vn 0.8815 0.0002 -0.4723
vn 0.7341 0.0001 -0.6791
vn 0.8816 -0.0000 -0.4721
vn 0.7338 -0.0000 -0.6794
vn 0.7337 -0.0000 -0.6794
vn 0.8810 -0.0009 -0.4732
vn 0.7353 -0.0009 -0.6778
vn 0.8786 -0.0050 -0.4774
vn 0.7501 -0.0220 -0.6609
vn 0.6726 0.6328 -0.3836
vn 0.2315 -0.9531 -0.1947
vn 0.1117 -0.9908 0.0769
vn 0.0788 -0.9816 0.1739
vn -0.0271 -0.9938 0.1078
vn -0.0914 -0.1278 -0.9876
vn -0.0731 -0.1457 -0.9866
vn -0.3090 0.6496 -0.6947
vn -0.5141 -0.3353 -0.7895
vn -0.5556 -0.4157 -0.7201
vn -0.9017 -0.2153 -0.3749
vn -0.0667 0.8124 -0.5793
vn -0.5115 -0.3767 -0.7723
vn -0.6187 -0.3488 -0.7039
vn -0.1823 0.7016 -0.6889
vn -0.8315 -0.2778 -0.4811
vn -0.7542 -0.3500 -0.5555
vn -0.6999 -0.3282 -0.6344
vn -0.9059 0.1662 -0.3896
vn -0.3894 0.8867 -0.2491
vn -0.3294 0.8313 -0.4476
vn -0.6658 0.7462 0.0024
vn -0.6511 0.7589 0.0090
vn -0.6262 0.7795 0.0162
vn -0.3193 0.6444 -0.6948
vn -0.0759 -0.0974 -0.9924
vn 0.0659 -0.0455 -0.9968
vn 0.1300 -0.0316 -0.9910
vn -0.1173 0.9889 0.0914
vn 0.0643 0.0550 -0.9964
vn 0.1066 0.0020 -0.9943
vn 0.1029 0.0001 -0.9947
vn -0.1717 0.9755 -0.1375
vn -0.3663 0.0319 -0.9299
vn -0.3673 0.0011 -0.9301
vn -0.3665 -0.0000 -0.9304
vn -0.6726 0.6328 -0.3836
vn -0.7501 -0.0220 -0.6609
vn -0.7353 -0.0009 -0.6778
vn -0.7337 -0.0000 -0.6794
vn 0.1257 -0.9871 -0.0995
vn 0.4297 -0.8407 -0.3294
vn -0.2163 -0.9763 -0.0002
vn -0.2247 -0.9744 0.0008
vn -0.4577 -0.8886 -0.0308
vn -0.7678 -0.6215 0.1558
vn -0.6282 0.4020 -0.6662
vn 0.5975 0.0106 -0.8018
vn 0.8729 0.0021 -0.4879
vn 0.5910 0.0009 -0.8067
vn 0.8677 -0.0003 -0.4971
vn 0.5896 0.0001 -0.8077
vn 0.8675 -0.0000 -0.4974
vn 0.5895 -0.0000 -0.8077
vn 0.8675 -0.0000 -0.4975
vn 0.2646 -0.1445 -0.9535
vn 0.6717 -0.3327 -0.6619
vn 0.0990 0.0004 -0.9951
vn 0.1113 -0.0135 -0.9937
vn 0.1234 -0.0059 -0.9923
vn 0.1227 0.0013 -0.9924
vn 0.1199 -0.0000 -0.9928
vn 0.1198 -0.0000 -0.9928
vn -0.3670 0.0006 -0.9302
vn -0.3687 0.0012 -0.9295
vn -0.3709 0.0011 -0.9287
vn -0.3723 0.0004 -0.9281
vn -0.3726 -0.0000 -0.9280
vn -0.7338 -0.0000 -0.6794
vn 0.5894 0.0002 -0.8078
vn 0.8673 0.0003 -0.4978
vn 0.5897 0.0005 -0.8076
vn 0.8643 0.0043 -0.5029
vn 0.4275 -0.2845 -0.8581
vn 0.9008 -0.2655 -0.3437
vn 0.1200 -0.0002 -0.9928
vn 0.1238 -0.0063 -0.9923
vn 0.0801 -0.5447 -0.8348
vn -0.3728 -0.0002 -0.9279
vn -0.3766 -0.0024 -0.9264
vn -0.2477 -0.4257 -0.8703
vn -0.7341 0.0001 -0.6791
vn -0.7389 0.0035 -0.6738
vn -0.6972 -0.0995 -0.7100
vn 0.0341 0.9825 -0.1830
vn -0.2493 0.5210 0.8163
vn -0.1951 0.4904 0.8494
vn -0.2170 0.4926 0.8428
vn 0.6741 0.6006 0.4301
vn 0.5328 0.4914 -0.6890
vn -0.0742 0.9032 -0.4226
vn -0.1511 0.9881 0.0289
vn -0.1162 0.8086 -0.5767
vn -0.5556 0.4157 0.7201
vn -0.5159 0.3926 0.7614
vn -0.3977 0.5124 -0.7611
vn -0.0042 0.9423 -0.3347
vn -0.0047 0.8674 -0.4976
vn -0.7663 -0.1994 -0.6108
vn -0.0051 0.8639 -0.5037
vn -0.4445 0.8918 -0.0843
vn -0.6362 0.3799 0.6715
vn -0.8315 0.2778 0.4811
vn -0.7050 0.3732 0.6031
vn -0.5993 0.2511 0.7601
vn -0.4938 0.4786 0.7260
vn -0.6576 0.4268 0.6209
vn -0.8293 0.2790 0.4842
vn -0.6560 -0.5124 -0.5541
vn -0.6375 0.4060 -0.6549
vn -0.7879 -0.0368 0.6148
vn -0.8292 0.2813 0.4831
vn -0.5111 0.4464 0.7345
vn -0.0700 0.9729 -0.2205
vn -0.1181 0.0658 -0.9908
vn -0.0169 0.0234 -0.9996
vn -0.1913 0.2441 -0.9507
vn -0.2503 0.9682 -0.0007
vn -0.9516 -0.0426 -0.3044
vn -0.9418 -0.1628 -0.2940
vn -0.9265 -0.1767 -0.3322
vn -0.8599 0.5044 -0.0784
vn -0.9987 0.0018 0.0514
vn -0.9930 -0.0421 -0.1105
vn -0.9587 -0.1510 -0.2410
vn -0.9325 0.1709 0.3182
vn -0.9594 0.1602 0.2321
vn -0.9902 0.0577 0.1274
vn -0.9994 -0.0149 -0.0327
vn -0.8784 0.2277 0.4201
vn -0.9332 0.1604 0.3217
vn -0.9640 0.1496 0.2196
vn -0.8856 0.2044 0.4169
vn -0.9999 -0.0102 -0.0110
vn -0.9995 -0.0085 -0.0301
vn -0.8340 -0.3646 -0.4141
vn -0.0748 -0.9433 -0.3233
vn -0.1897 -0.9809 0.0421
vn 0.0882 -0.9290 -0.3594
vn -0.9168 0.1401 -0.3739
vn -0.1831 -0.9489 -0.2571
vn -0.2689 -0.9432 -0.1952
vn -0.1368 -0.3347 0.9323
vn -0.7152 -0.3146 -0.6241
vn -0.9251 -0.0206 -0.3792
vn -0.7340 -0.3692 -0.5701
vn -0.6953 -0.3539 -0.6256
vn -0.8151 -0.3026 -0.4940
vn -0.1436 -0.9020 0.4072
vn -0.7231 0.4730 0.5034
vn -0.0933 -0.8900 0.4463
vn -0.1085 -0.8129 0.5722
vn -0.5536 -0.4117 0.7239
vn -0.7135 0.3925 0.5804
vn -0.2028 -0.7526 0.6265
vn -0.0198 -0.8587 0.5120
vn -0.0961 0.9742 -0.2044
vn -0.4345 0.8913 -0.1296
vn -0.5865 0.1032 0.8033
vn -0.9863 -0.0712 -0.1490
vn -0.1890 -0.2316 0.9543
vn -0.9281 -0.2339 -0.2897
vn -0.0175 -0.0252 0.9995
vn -0.9518 0.0037 -0.3068
vn -0.9795 -0.1577 -0.1250
vn -0.0021 -0.0025 1.0000
vn 0.0192 0.0286 0.9994
vn 0.0498 0.0049 0.9987
vn -0.9948 0.0248 0.0986
vn -0.9979 -0.0026 -0.0644
vn -0.9823 -0.0918 -0.1636
vn -0.9378 -0.2111 -0.2755
vn -0.8981 -0.1842 -0.3993
vn -0.9315 0.2099 0.2970
vn -0.9774 0.1097 0.1808
vn -0.9966 0.0106 0.0815
vn -0.9959 -0.0187 -0.0889
vn -0.9689 -0.1358 -0.2068
vn -0.9410 -0.1530 -0.3018
vn -0.8845 -0.2644 -0.3843
vn -0.8407 0.2664 0.4715
vn -0.8842 0.2041 0.4202
vn -0.9478 0.1881 0.2574
vn -0.9851 0.0809 0.1520
vn -0.9993 0.0003 0.0362
vn -0.9681 -0.2383 0.0779
vn -0.7713 0.1471 -0.6193
vn -0.9017 0.1823 -0.3920
vn -0.9855 -0.0993 0.1377
vn -0.9048 0.1935 0.3794
vn -0.9600 0.1614 0.2289
vn -0.7219 -0.6268 0.2933
vn -0.7108 -0.6460 0.2782
vn -0.8758 0.2186 0.4304
vn -0.5700 0.8213 0.0256
vn -0.9993 0.0230 -0.0298
vn -0.5966 0.6468 0.4750
vn -0.7175 0.0402 0.6954
vn -0.8016 0.0282 0.5972
vn -0.8923 0.1014 0.4398
vn -0.9830 0.1602 0.0902
vn -0.4400 0.8026 0.4028
vn 0.6056 0.0655 0.7931
vn 0.7272 0.0057 0.6864
vn 0.7212 0.0010 0.6928
vn -0.0210 0.9992 0.0337
vn -0.0047 0.7298 0.6837
vn 0.5346 0.1401 0.8334
vn 0.4395 0.0022 0.8982
vn 0.4426 0.0001 0.8967
vn 0.0809 -0.0081 0.9967
vn 0.0893 -0.0007 0.9960
vn 0.0906 -0.0000 0.9959
vn -0.0539 0.9971 0.0528
vn -0.1200 0.7048 0.6991
vn -0.2050 -0.0091 0.9787
vn -0.2191 -0.0014 0.9757
vn -0.2214 -0.0000 0.9752
vn -0.4858 0.8726 -0.0501
vn -0.5815 0.7920 0.1862
vn -0.7894 0.0005 0.6138
vn -0.5548 0.0005 0.8320
vn -0.7872 0.0003 0.6167
vn -0.5556 -0.0000 0.8315
vn -0.7872 -0.0000 0.6167
vn 0.0025 -0.6380 0.7701
vn -0.0088 -0.6747 0.7380
vn -0.0418 -0.7858 0.6171
vn 0.7675 -0.6401 -0.0351
vn 0.6763 -0.6899 0.2582
vn 0.0604 0.0070 0.9981
vn 0.3194 -0.3491 0.8810
vn 0.9977 -0.0110 -0.0673
vn 0.9982 -0.0007 -0.0599
vn 0.9983 -0.0001 -0.0590
vn 0.9983 -0.0000 -0.0590
vn 0.9288 -0.0186 0.3700
vn 0.9162 -0.0003 0.4008
vn 0.9155 -0.0000 0.4024
vn 0.9154 -0.0000 0.4025
vn 0.7180 0.0005 0.6960
vn 0.7158 -0.0020 0.6983
vn 0.6928 0.0230 0.7207
vn 0.6633 0.0009 0.7483
vn 0.6614 -0.0000 0.7501
vn 0.6613 -0.0000 0.7501
vn 0.4411 0.0005 0.8974
vn 0.4380 0.0005 0.8990
vn 0.4347 0.0002 0.9006
vn 0.4325 0.0003 0.9016
vn 0.4317 -0.0000 0.9020
vn 0.0905 -0.0000 0.9959
vn 0.0903 0.0001 0.9959
vn 0.0901 0.0001 0.9959
vn 0.0899 -0.0000 0.9960
vn 0.9983 -0.0002 -0.0591
vn 0.9983 -0.0042 -0.0585
vn 0.8664 -0.4981 -0.0346
vn 0.9153 -0.0001 0.4027
vn 0.9145 0.0023 0.4047
vn 0.8999 -0.3438 0.2683
vn 0.6608 0.0001 0.7506
vn 0.6612 -0.0000 0.7502
vn 0.4976 -0.3646 0.7871
vn 0.4310 -0.0000 0.9024
vn 0.4265 -0.0029 0.9045
vn 0.6087 -0.3332 0.7201
vn 0.0897 0.0001 0.9960
vn 0.0880 0.0009 0.9961
vn 0.0781 0.0103 0.9969
vn -0.2188 0.0016 0.9758
vn -0.2048 0.0126 0.9787
vn -0.7871 -0.0000 0.6168
vn -0.7871 -0.0003 0.6168
vn -0.6954 -0.1798 0.6958
vn -0.6461 -0.1838 0.7408
vn 0.0002 0.0870 0.9962
vn -0.0062 0.4608 0.8875
vn 0.0007 0.0789 0.9969
vn -0.2840 0.2972 0.9116
vn -0.2498 0.9683 -0.0000
vn -0.2521 0.9677 -0.0001
vn -0.2990 0.9542 0.0074
vn -0.3135 0.0439 0.9486
vn -0.1822 0.1300 0.9746
vn -0.0341 0.1076 0.9936
vn -0.1770 -0.0150 0.9841
vn -0.7155 0.5295 0.4557
vn -0.7794 0.6258 -0.0300
vn -0.1396 -0.0071 0.9902
vn -0.2437 0.0423 0.9689
vn -0.0586 -0.7474 0.6618
vn -0.1317 0.1912 0.9727
vn 0.0018 -0.9606 -0.2779
vn -0.2026 -0.7925 0.5752
vn -0.5565 0.3683 0.7447
vn -0.7659 0.1945 0.6129
vn -0.3255 -0.6372 0.6986
vn -0.1454 -0.9796 -0.1387
vn -0.2940 -0.9558 0.0077
vn -0.1573 -0.9791 -0.1287
vn -0.3227 -0.9446 0.0603
vn -0.6008 -0.1136 0.7913
vn -0.5952 -0.3097 0.7415
vn -0.2070 -0.5302 0.8222
vn -0.9938 0.0809 0.0765
vn -0.9974 -0.0624 0.0346
vn -0.6348 -0.7651 -0.1082
vn -0.8241 -0.5658 -0.0277
vn -0.8642 -0.5031 -0.0059
vn -0.8668 -0.4986 0.0035
vn -0.8530 -0.5219 0.0075
vn -0.8197 -0.5728 0.0061
vn -0.2974 0.0093 0.9547
vn -0.2822 0.0256 0.9590
vn -0.0005 0.4936 0.8697
vn 0.0087 0.5200 0.8541
vn -0.7755 0.6313 -0.0026
vn -0.7711 0.6367 -0.0003
vn -0.7819 0.6186 0.0780
vn -0.9884 0.0029 0.1519
vn -0.9907 -0.1358 0.0017
vn -0.9898 -0.1425 -0.0000
vn -0.9901 -0.0001 0.1403
vn -0.9898 -0.0000 0.1425
vn -0.9927 -0.0854 0.0854
vn -0.8786 -0.0050 -0.4774
vn -0.8810 -0.0009 -0.4732
vn -0.8816 -0.0000 -0.4721
vn -0.8815 0.0002 -0.4723
vn -0.8800 0.0019 -0.4750
vn -0.8814 -0.0053 -0.4724
vn -0.9984 0.0038 -0.0561
vn -0.9984 0.0008 -0.0565
vn -0.9984 -0.0000 -0.0565
vn -0.9452 -0.0073 0.3263
vn -0.9427 -0.0009 0.3335
vn -0.9425 -0.0000 0.3341
vn -0.9984 -0.0002 -0.0565
vn -0.9984 -0.0016 -0.0564
vn -0.9965 -0.0785 -0.0285
vn -0.9424 -0.0000 0.3344
vn -0.9423 0.0010 0.3346
vn -0.9583 -0.0536 0.2809
vn -0.2315 -0.9531 -0.1947
vn 0.0271 -0.9938 0.1078
vn -0.0788 -0.9816 0.1739
vn -0.1117 -0.9908 0.0769
vt 0.835274 0.985634
vt 0.894990 0.992261
vt 0.398448 0.309939
vt 0.791964 0.991079
vt 0.836927 0.970556
vt 0.897054 0.970707
vt 0.790491 0.970616
vt 0.837083 0.944231
vt 0.896917 0.944231
vt 0.790089 0.944231
vt 0.837083 0.917308
vt 0.896917 0.917308
vt 0.790089 0.917308
vt 0.398448 0.190061
vt 0.708036 0.991079
vt 0.709509 0.970616
vt 0.709911 0.944231
vt 0.709911 0.917308
vt 0.605010 0.992261
vt 0.664726 0.985634
vt 0.663073 0.970556
vt 0.662917 0.944231
vt 0.662917 0.917308
vt 0.602946 0.970707
vt 0.603083 0.944231
vt 0.603083 0.917308
vt 0.837083 0.890385
vt 0.896917 0.890385
vt 0.790089 0.890385
vt 0.837083 0.863462
vt 0.896917 0.863461
vt 0.790089 0.863462
vt 0.837083 0.836538
vt 0.896917 0.836538
vt 0.790089 0.836539
vt 0.837083 0.809615
vt 0.896917 0.809615
vt 0.790089 0.809615
vt 0.837083 0.782692
vt 0.896917 0.782692
vt 0.790089 0.782692
vt 0.837083 0.755769
vt 0.896917 0.755769
vt 0.790089 0.755769
vt 0.837084 0.728846
vt 0.896917 0.728846
vt 0.790089 0.728846
vt 0.837083 0.701923
vt 0.896917 0.701923
vt 0.790089 0.701923
vt 0.709911 0.890385
vt 0.709911 0.863461
vt 0.709911 0.836539
vt 0.709911 0.809615
vt 0.709911 0.782692
vt 0.709911 0.755769
vt 0.709911 0.728846
vt 0.709911 0.701923
vt 0.662917 0.890385
vt 0.662917 0.863462
vt 0.662917 0.836538
vt 0.662917 0.809615
vt 0.662917 0.782692
vt 0.662917 0.755769
vt 0.662917 0.728846
vt 0.662917 0.701923
vt 0.603083 0.890385
vt 0.603083 0.863462
vt 0.603083 0.836538
vt 0.603083 0.809615
vt 0.603083 0.782692
vt 0.603083 0.755769
vt 0.603083 0.728846
vt 0.603083 0.701923
vt 0.837083 0.675000
vt 0.896917 0.675000
vt 0.790089 0.675000
vt 0.837083 0.648077
vt 0.896917 0.648077
vt 0.790089 0.648077
vt 0.837083 0.621154
vt 0.896917 0.621154
vt 0.790089 0.621154
vt 0.837083 0.594231
vt 0.896917 0.594231
vt 0.790089 0.594231
vt 0.837083 0.567308
vt 0.896917 0.567308
vt 0.790089 0.567308
vt 0.837187 0.540406
vt 0.896917 0.540385
vt 0.790185 0.540443
vt 0.837240 0.514234
vt 0.897101 0.514004
vt 0.791090 0.514145
vt 0.835809 0.503461
vt 0.888100 0.428114
vt 0.972907 0.312123
vt 0.709911 0.675000
vt 0.709911 0.648077
vt 0.709911 0.621154
vt 0.709911 0.594231
vt 0.709911 0.567308
vt 0.709815 0.540443
vt 0.708911 0.514145
vt 0.972907 0.187877
vt 0.662917 0.675000
vt 0.662917 0.648077
vt 0.662917 0.621154
vt 0.662917 0.594231
vt 0.662917 0.567308
vt 0.662813 0.540406
vt 0.662760 0.514234
vt 0.664191 0.503461
vt 0.603083 0.675000
vt 0.603083 0.648077
vt 0.603083 0.621154
vt 0.603083 0.594231
vt 0.603083 0.567308
vt 0.603083 0.540385
vt 0.602899 0.514004
vt 0.888100 0.071887
vt 0.872621 0.834961
vt 0.936839 0.840157
vt 0.895287 0.856093
vt 0.831607 0.852090
vt 0.858062 0.805856
vt 0.942775 0.808896
vt 0.762587 0.824113
vt 0.877390 0.904288
vt 0.944625 0.911277
vt 0.907403 0.925449
vt 0.841291 0.922091
vt 0.857895 0.882799
vt 0.937249 0.875019
vt 0.778521 0.895184
vt 0.719539 0.867552
vt 0.657466 0.840770
vt 0.882958 0.972017
vt 0.957317 0.980842
vt 0.329431 0.450749
vt 0.842191 0.984830
vt 0.865991 0.954840
vt 0.945111 0.946015
vt 0.794461 0.965607
vt 0.735528 0.938574
vt 0.667304 0.910762
vt 0.641180 0.879779
vt 0.621998 0.858653
vt 0.970380 0.860779
vt 0.029620 0.860778
vt 0.062751 0.875019
vt 0.063161 0.840157
vt 0.057225 0.808896
vt 0.983744 0.930288
vt 0.016256 0.930288
vt 0.054889 0.946015
vt 0.055375 0.911277
vt 0.009745 0.995986
vt 0.990255 0.995986
vt 0.968713 0.977290
vt 0.031287 0.977291
vt 0.042684 0.980842
vt 0.884526 0.530995
vt 0.942067 0.535078
vt 0.942926 0.553009
vt 0.855376 0.549601
vt 0.866061 0.516160
vt 0.937838 0.510512
vt 0.802511 0.524873
vt 0.871427 0.578889
vt 0.935026 0.583617
vt 0.892589 0.599988
vt 0.829278 0.595823
vt 0.758406 0.567581
vt 0.699651 0.540466
vt 0.876094 0.648216
vt 0.942370 0.654752
vt 0.903805 0.669385
vt 0.838586 0.665844
vt 0.855921 0.625924
vt 0.935413 0.618477
vt 0.774274 0.638665
vt 0.715290 0.611040
vt 0.654780 0.584514
vt 0.630587 0.550884
vt 0.881178 0.717470
vt 0.951651 0.725713
vt 0.918505 0.738721
vt 0.848602 0.735849
vt 0.863626 0.698177
vt 0.942838 0.689512
vt 0.790141 0.709652
vt 0.731127 0.682038
vt 0.664768 0.654515
vt 0.639107 0.622927
vt 0.620615 0.602604
vt 0.586923 0.581417
vt 0.551761 0.594960
vt 0.551509 0.560288
vt 0.887237 0.786623
vt 0.942499 0.790431
vt 0.872235 0.770405
vt 0.951810 0.760404
vt 0.805804 0.780701
vt 0.746959 0.753140
vt 0.673702 0.724556
vt 0.646480 0.695253
vt 0.625478 0.671920
vt 0.600394 0.650748
vt 0.560316 0.665965
vt 0.559878 0.631182
vt 0.703920 0.796537
vt 0.647803 0.770799
vt 0.629947 0.741309
vt 0.610924 0.720174
vt 0.554439 0.741662
vt 0.566795 0.702264
vt 0.633154 0.807601
vt 0.616728 0.789483
vt 0.574714 0.768146
vt 0.544192 0.780527
vt 0.590849 0.837499
vt 0.554275 0.851463
vt 0.553802 0.816733
vt 0.057933 0.535078
vt 0.057074 0.553008
vt 0.062162 0.510512
vt 0.967214 0.604674
vt 0.032786 0.604674
vt 0.064587 0.618477
vt 0.064974 0.583617
vt 0.979889 0.674165
vt 0.020111 0.674165
vt 0.057162 0.689512
vt 0.057630 0.654752
vt 0.995720 0.743657
vt 0.004280 0.743657
vt 0.048190 0.760404
vt 0.048349 0.725713
vt 0.510126 0.576544
vt 0.057501 0.790431
vt 0.524718 0.646029
vt 0.440122 0.631182
vt 0.475282 0.646029
vt 0.448240 0.594960
vt 0.489874 0.576544
vt 0.536320 0.715678
vt 0.433205 0.702264
vt 0.463680 0.715678
vt 0.439684 0.665965
vt 0.496905 0.763068
vt 0.445561 0.741662
vt 0.503096 0.763068
vt 0.514396 0.832644
vt 0.446198 0.816733
vt 0.485604 0.832644
vt 0.455808 0.780527
vt 0.937832 0.366725
vt 0.834235 0.369901
vt 0.960652 0.224424
vt 0.836556 0.216821
vt 0.649717 0.514017
vt 0.898566 0.126379
vt 0.840172 0.124357
vt 0.877549 0.171907
vt 0.836281 0.149209
vt 0.614734 0.534382
vt 0.565455 0.505921
vt 0.557678 0.530435
vt 0.665765 0.369901
vt 0.663444 0.216821
vt 0.659828 0.124357
vt 0.663719 0.149209
vt 0.434545 0.505921
vt 0.442322 0.530435
vt 0.448491 0.560288
vt 0.333085 0.239799
vt 0.457341 0.225113
vt 0.690673 0.981306
vt 0.640582 0.956850
vt 0.626819 0.927977
vt 0.603410 0.906836
vt 0.562303 0.922569
vt 0.561875 0.887709
vt 0.336153 0.135156
vt 0.418497 0.138181
vt 0.632235 0.988821
vt 0.613114 0.975145
vt 0.557292 0.954125
vt 0.558464 0.971569
vt 0.564785 0.994228
vt 0.170569 0.450749
vt 0.166915 0.239799
vt 0.528122 0.902144
vt 0.438125 0.887709
vt 0.471879 0.902144
vt 0.445725 0.851463
vt 0.163847 0.135156
vt 0.442708 0.954125
vt 0.441536 0.971569
vt 0.437697 0.922569
vt 0.435216 0.994228
vt 0.947216 0.981959
vt 0.983211 0.984573
vt 0.278035 0.445208
vt 0.946435 0.970736
vt 0.982240 0.970998
vt 0.945865 0.944231
vt 0.982328 0.944231
vt 0.945865 0.917308
vt 0.982328 0.917308
vt 0.272952 0.307446
vt 0.270616 0.191221
vt 0.278536 0.054925
vt 0.511373 0.984628
vt 0.552784 0.981959
vt 0.553565 0.970736
vt 0.554135 0.944231
vt 0.554135 0.917308
vt 0.512665 0.970926
vt 0.512425 0.944232
vt 0.512554 0.917351
vt 0.027928 0.984800
vt 0.158873 0.453688
vt 0.031233 0.970522
vt 0.032642 0.944224
vt 0.032668 0.917310
vt 0.180168 0.303373
vt 0.178792 0.188659
vt 0.178907 0.069049
vt 0.482894 0.524269
vt 0.467210 0.522079
vt 0.439610 0.521676
vt 0.412195 0.520588
vt 0.074960 0.970408
vt 0.074948 0.944215
vt 0.074872 0.917341
vt 0.058941 0.300925
vt 0.525147 0.495693
vt 0.533808 0.505202
vt 0.039966 0.278924
vt 0.182003 0.995278
vt 0.170575 0.970213
vt 0.167215 0.944192
vt 0.166447 0.917642
vt 0.534308 0.515072
vt 0.500185 0.514953
vt 0.535227 0.525529
vt 0.504156 0.523729
vt 0.526597 0.536815
vt 0.507674 0.530153
vt 0.496652 0.540006
vt 0.468562 0.539672
vt 0.439592 0.539613
vt 0.412074 0.539109
vt 0.640679 0.500000
vt 0.654658 0.500000
vt 0.654678 0.504181
vt 0.638720 0.504390
vt 0.613293 0.486280
vt 0.613852 0.470322
vt 0.614668 0.503874
vt 0.585203 0.487477
vt 0.585286 0.470179
vt 0.585201 0.504434
vt 0.555649 0.487903
vt 0.556127 0.470316
vt 0.555827 0.504450
vt 0.526705 0.470834
vt 0.497610 0.471462
vt 0.468687 0.471804
vt 0.439575 0.471869
vt 0.410815 0.471944
vt 0.654821 0.514893
vt 0.637523 0.514924
vt 0.613176 0.514925
vt 0.584689 0.515117
vt 0.555589 0.515105
vt 0.654837 0.525781
vt 0.637414 0.525781
vt 0.613091 0.525781
vt 0.584630 0.525781
vt 0.555811 0.525769
vt 0.654837 0.536719
vt 0.637414 0.536719
vt 0.613091 0.536719
vt 0.584630 0.536719
vt 0.555958 0.536685
vt 0.654837 0.547656
vt 0.637414 0.547656
vt 0.613091 0.547656
vt 0.584630 0.547656
vt 0.556136 0.547627
vt 0.526815 0.547527
vt 0.497716 0.547387
vt 0.468708 0.547311
vt 0.439587 0.547306
vt 0.412300 0.547146
vt 0.654837 0.558594
vt 0.637414 0.558594
vt 0.613091 0.558594
vt 0.584630 0.558594
vt 0.556231 0.558587
vt 0.527035 0.558562
vt 0.497875 0.558528
vt 0.468739 0.558508
vt 0.439584 0.558504
vt 0.412154 0.558515
vt 0.681641 0.500000
vt 0.681641 0.504218
vt 0.613752 0.443359
vt 0.585273 0.443359
vt 0.556250 0.443359
vt 0.527083 0.443359
vt 0.497917 0.443359
vt 0.468750 0.443359
vt 0.439583 0.443359
vt 0.410877 0.443359
vt 0.681641 0.514898
vt 0.681641 0.525781
vt 0.681641 0.536719
vt 0.681641 0.547656
vt 0.681641 0.558594
vt 0.708984 0.500000
vt 0.708984 0.504218
vt 0.613752 0.416016
vt 0.585273 0.416016
vt 0.556250 0.416016
vt 0.527083 0.416016
vt 0.497917 0.416016
vt 0.468750 0.416016
vt 0.439583 0.416016
vt 0.410877 0.416016
vt 0.708984 0.514898
vt 0.708984 0.525781
vt 0.708984 0.536719
vt 0.708984 0.547656
vt 0.708984 0.558594
vt 0.736328 0.500000
vt 0.736328 0.504218
vt 0.613752 0.388672
vt 0.585273 0.388672
vt 0.556250 0.388672
vt 0.527083 0.388672
vt 0.497917 0.388672
vt 0.468750 0.388672
vt 0.439583 0.388672
vt 0.410877 0.388672
vt 0.736328 0.514898
vt 0.736328 0.525781
vt 0.736328 0.536719
vt 0.736328 0.547656
vt 0.736328 0.558594
vt 0.763672 0.500000
vt 0.763672 0.504218
vt 0.613752 0.361328
vt 0.585273 0.361328
vt 0.556250 0.361328
vt 0.527083 0.361328
vt 0.497917 0.361328
vt 0.468750 0.361328
vt 0.439583 0.361328
vt 0.410877 0.361328
vt 0.763672 0.514898
vt 0.763672 0.525781
vt 0.763672 0.536719
vt 0.763672 0.547656
vt 0.763672 0.558594
vt 0.945865 0.890385
vt 0.982328 0.890385
vt 0.945865 0.863462
vt 0.982328 0.863461
vt 0.945865 0.836538
vt 0.982328 0.836539
vt 0.945865 0.809615
vt 0.982328 0.809615
vt 0.945865 0.782692
vt 0.982328 0.782692
vt 0.945865 0.755769
vt 0.982328 0.755769
vt 0.945865 0.728846
vt 0.982328 0.728846
vt 0.945865 0.701923
vt 0.982328 0.701923
vt 0.554135 0.890385
vt 0.554135 0.863462
vt 0.554135 0.836539
vt 0.554135 0.809615
vt 0.554135 0.782692
vt 0.554135 0.755769
vt 0.554135 0.728846
vt 0.554135 0.701923
vt 0.513495 0.890659
vt 0.515417 0.863804
vt 0.517133 0.836646
vt 0.517672 0.809615
vt 0.517672 0.782692
vt 0.517672 0.755769
vt 0.517672 0.728846
vt 0.517672 0.701923
vt 0.032517 0.890409
vt 0.032183 0.863495
vt 0.031978 0.836541
vt 0.032017 0.809606
vt 0.032069 0.782692
vt 0.032069 0.755769
vt 0.032069 0.728846
vt 0.032069 0.701923
vt 0.377171 0.896506
vt 0.434107 0.867492
vt 0.467121 0.837095
vt 0.467931 0.809615
vt 0.467931 0.782692
vt 0.467931 0.755769
vt 0.467931 0.728846
vt 0.467931 0.701923
vt 0.074361 0.890550
vt 0.074308 0.863660
vt 0.074140 0.836593
vt 0.073533 0.809594
vt 0.073579 0.782692
vt 0.073579 0.755769
vt 0.073579 0.728846
vt 0.073579 0.701923
vt 0.165046 0.891710
vt 0.161671 0.868240
vt 0.139837 0.836820
vt 0.138986 0.809595
vt 0.138953 0.782692
vt 0.138953 0.755769
vt 0.138953 0.728846
vt 0.138953 0.701923
vt 0.359455 0.871904
vt 0.419301 0.856913
vt 0.369739 0.534318
vt 0.360622 0.837513
vt 0.426380 0.837316
vt 0.361007 0.809633
vt 0.426412 0.809618
vt 0.361047 0.782692
vt 0.426421 0.782692
vt 0.361047 0.755769
vt 0.426421 0.755769
vt 0.361047 0.728846
vt 0.426421 0.728846
vt 0.361047 0.701923
vt 0.426421 0.701923
vt 0.384553 0.539585
vt 0.381248 0.472066
vt 0.362093 0.503503
vt 0.219208 0.862566
vt 0.352502 0.506434
vt 0.211863 0.837189
vt 0.211472 0.809628
vt 0.211398 0.782692
vt 0.211398 0.755769
vt 0.211398 0.728846
vt 0.211398 0.701923
vt 0.287833 0.860189
vt 0.355001 0.514599
vt 0.288657 0.837482
vt 0.288598 0.809650
vt 0.288602 0.782692
vt 0.288602 0.755769
vt 0.288602 0.728846
vt 0.288601 0.701923
vt 0.349809 0.524765
vt 0.346825 0.536321
vt 0.379858 0.547844
vt 0.357165 0.547256
vt 0.345859 0.547596
vt 0.379367 0.558610
vt 0.356444 0.558584
vt 0.345624 0.558594
vt 0.385365 0.443511
vt 0.338193 0.502755
vt 0.318919 0.503186
vt 0.319358 0.507481
vt 0.319524 0.514869
vt 0.319093 0.525630
vt 0.318553 0.536650
vt 0.318370 0.547652
vt 0.318359 0.558594
vt 0.385533 0.416016
vt 0.291016 0.503051
vt 0.291016 0.507290
vt 0.291016 0.514867
vt 0.291016 0.525781
vt 0.291016 0.536719
vt 0.291016 0.547656
vt 0.291016 0.558594
vt 0.385533 0.388672
vt 0.263672 0.503051
vt 0.263672 0.507290
vt 0.263672 0.514867
vt 0.263672 0.525781
vt 0.263672 0.536719
vt 0.263672 0.547656
vt 0.263672 0.558594
vt 0.385533 0.361328
vt 0.236328 0.503051
vt 0.236328 0.507290
vt 0.236328 0.514867
vt 0.236328 0.525781
vt 0.236328 0.536719
vt 0.236328 0.547656
vt 0.236328 0.558594
vt 0.945865 0.675000
vt 0.982328 0.675000
vt 0.945865 0.648077
vt 0.982328 0.648077
vt 0.945865 0.621154
vt 0.982328 0.621154
vt 0.945865 0.594231
vt 0.982328 0.594231
vt 0.945865 0.567308
vt 0.982328 0.567308
vt 0.945865 0.540385
vt 0.982328 0.540385
vt 0.946527 0.513949
vt 0.982227 0.513637
vt 0.947360 0.505286
vt 0.982371 0.503877
vt 0.554135 0.675000
vt 0.554135 0.648077
vt 0.554135 0.621154
vt 0.554135 0.594231
vt 0.554135 0.567308
vt 0.554135 0.540385
vt 0.553473 0.513949
vt 0.552640 0.505286
vt 0.517672 0.675000
vt 0.517672 0.648077
vt 0.517672 0.621154
vt 0.517672 0.594231
vt 0.517672 0.567308
vt 0.517672 0.540385
vt 0.517773 0.513637
vt 0.517629 0.503877
vt 0.032069 0.675000
vt 0.032069 0.648077
vt 0.032069 0.621154
vt 0.032069 0.594231
vt 0.032069 0.567308
vt 0.031918 0.540411
vt 0.030209 0.514273
vt 0.026356 0.504154
vt 0.467931 0.675000
vt 0.467931 0.648077
vt 0.467931 0.621154
vt 0.467931 0.594231
vt 0.467931 0.567308
vt 0.468082 0.540411
vt 0.469791 0.514273
vt 0.473644 0.504154
vt 0.073579 0.675000
vt 0.073579 0.648077
vt 0.073579 0.621154
vt 0.073579 0.594231
vt 0.073579 0.567308
vt 0.073419 0.540453
vt 0.073965 0.514434
vt 0.661079 0.434092
vt 0.138953 0.675000
vt 0.138953 0.648077
vt 0.138953 0.621154
vt 0.138953 0.594231
vt 0.138953 0.567308
vt 0.138833 0.540525
vt 0.138974 0.514592
vt 0.574025 0.394206
vt 0.361047 0.675000
vt 0.426421 0.675000
vt 0.361047 0.648077
vt 0.426421 0.648077
vt 0.361047 0.621154
vt 0.426421 0.621154
vt 0.361047 0.594231
vt 0.426421 0.594231
vt 0.361047 0.567308
vt 0.426421 0.567308
vt 0.361167 0.540525
vt 0.426581 0.540453
vt 0.361025 0.514592
vt 0.426035 0.514434
vt 0.574025 0.105794
vt 0.661079 0.065908
vt 0.211398 0.675000
vt 0.211398 0.648077
vt 0.211398 0.621154
vt 0.211398 0.594231
vt 0.211398 0.567308
vt 0.211300 0.540609
vt 0.209331 0.514734
vt 0.561008 0.311394
vt 0.288602 0.675000
vt 0.288601 0.648077
vt 0.288602 0.621154
vt 0.288602 0.594231
vt 0.288601 0.567308
vt 0.288700 0.540609
vt 0.290669 0.514734
vt 0.561008 0.188606
vt 0.654837 0.569531
vt 0.637414 0.569531
vt 0.613091 0.569531
vt 0.584630 0.569531
vt 0.556250 0.569531
vt 0.527083 0.569531
vt 0.497917 0.569531
vt 0.468750 0.569531
vt 0.379398 0.103906
vt 0.143593 0.646094
vt 0.143593 0.657031
vt 0.379398 0.092969
vt 0.412120 0.103906
vt 0.412120 0.092969
vt 0.439583 0.569531
vt 0.412120 0.569531
vt 0.654837 0.580469
vt 0.637414 0.580469
vt 0.613091 0.580469
vt 0.584630 0.580469
vt 0.556250 0.580469
vt 0.527083 0.580469
vt 0.154376 0.646094
vt 0.154376 0.657031
vt 0.497917 0.580469
vt 0.468750 0.580469
vt 0.439583 0.580469
vt 0.412120 0.580469
vt 0.654837 0.591406
vt 0.637414 0.591406
vt 0.613091 0.591406
vt 0.584630 0.591406
vt 0.181641 0.646094
vt 0.181641 0.657031
vt 0.556250 0.591406
vt 0.527083 0.591406
vt 0.497917 0.591406
vt 0.468750 0.591406
vt 0.439583 0.591406
vt 0.412120 0.591406
vt 0.654837 0.602344
vt 0.637414 0.602344
vt 0.208984 0.646094
vt 0.208984 0.657031
vt 0.613091 0.602344
vt 0.584630 0.602344
vt 0.556250 0.602344
vt 0.527083 0.602344
vt 0.497917 0.602344
vt 0.468750 0.602344
vt 0.439583 0.602344
vt 0.236328 0.646094
vt 0.236328 0.657031
vt 0.412120 0.602344
vt 0.654837 0.613281
vt 0.637414 0.613281
vt 0.613091 0.613281
vt 0.584630 0.613281
vt 0.556250 0.613281
vt 0.527083 0.613281
vt 0.497917 0.613281
vt 0.468750 0.613281
vt 0.439583 0.613281
vt 0.412120 0.613281
vt 0.654837 0.624219
vt 0.637414 0.624219
vt 0.613091 0.624219
vt 0.584630 0.624219
vt 0.556250 0.624219
vt 0.527083 0.624219
vt 0.497917 0.624219
vt 0.468750 0.624219
vt 0.439583 0.624219
vt 0.412120 0.624219
vt 0.654837 0.635156
vt 0.637414 0.635156
vt 0.613091 0.635156
vt 0.584630 0.635156
vt 0.556250 0.635156
vt 0.527083 0.635156
vt 0.497917 0.635156
vt 0.468750 0.635156
vt 0.439583 0.635156
vt 0.412120 0.635156
vt 0.654837 0.646094
vt 0.637414 0.646094
vt 0.613091 0.646094
vt 0.584630 0.646094
vt 0.556250 0.646094
vt 0.527083 0.646094
vt 0.497917 0.646094
vt 0.468750 0.646094
vt 0.439583 0.646094
vt 0.412120 0.646094
vt 0.681641 0.569531
vt 0.681641 0.580469
vt 0.681641 0.591406
vt 0.681641 0.602344
vt 0.681641 0.613281
vt 0.681641 0.624219
vt 0.681641 0.635156
vt 0.681641 0.646094
vt 0.708984 0.569531
vt 0.708984 0.580469
vt 0.708984 0.591406
vt 0.708984 0.602344
vt 0.708984 0.613281
vt 0.708984 0.624219
vt 0.708984 0.635156
vt 0.708984 0.646094
vt 0.736328 0.569531
vt 0.736328 0.580469
vt 0.736328 0.591406
vt 0.736328 0.602344
vt 0.736328 0.613281
vt 0.736328 0.624219
vt 0.736328 0.635156
vt 0.736328 0.646094
vt 0.763672 0.569531
vt 0.763672 0.580469
vt 0.763672 0.591406
vt 0.763672 0.602344
vt 0.763672 0.613281
vt 0.763672 0.624219
vt 0.763672 0.635156
vt 0.763672 0.646094
vt 0.379398 0.569531
vt 0.356407 0.569531
vt 0.439583 0.103906
vt 0.439583 0.092969
vt 0.468750 0.103906
vt 0.468750 0.092969
vt 0.497917 0.103906
vt 0.497917 0.092969
vt 0.527083 0.103906
vt 0.527083 0.092969
vt 0.556250 0.103906
vt 0.556250 0.092969
vt 0.584630 0.103906
vt 0.584630 0.092969
vt 0.613091 0.103906
vt 0.613091 0.092969
vt 0.862586 0.646094
vt 0.862586 0.657031
vt 0.345624 0.569531
vt 0.379398 0.580469
vt 0.356407 0.580469
vt 0.345624 0.580469
vt 0.379398 0.591406
vt 0.356407 0.591406
vt 0.345624 0.591406
vt 0.845163 0.646094
vt 0.845163 0.657031
vt 0.379398 0.602344
vt 0.356407 0.602344
vt 0.345624 0.602344
vt 0.379398 0.613281
vt 0.356407 0.613281
vt 0.345624 0.613281
vt 0.379398 0.624219
vt 0.818359 0.646094
vt 0.818359 0.657031
vt 0.356407 0.624219
vt 0.345624 0.624219
vt 0.379398 0.635156
vt 0.356407 0.635156
vt 0.345624 0.635156
vt 0.379398 0.646094
vt 0.791016 0.646094
vt 0.791016 0.657031
vt 0.356407 0.646094
vt 0.345624 0.646094
vt 0.318359 0.569531
vt 0.318359 0.580469
vt 0.318359 0.591406
vt 0.763672 0.657031
vt 0.318359 0.602344
vt 0.318359 0.613281
vt 0.318359 0.624219
vt 0.318359 0.635156
vt 0.318359 0.646094
vt 0.291016 0.569531
vt 0.291016 0.580469
vt 0.291016 0.591406
vt 0.291016 0.602344
vt 0.291016 0.613281
vt 0.291016 0.624219
vt 0.291016 0.635156
vt 0.291016 0.646094
vt 0.263672 0.569531
vt 0.263672 0.580469
vt 0.263672 0.591406
vt 0.263672 0.602344
vt 0.263672 0.613281
vt 0.263672 0.624219
vt 0.527093 0.187877
vt 0.597766 0.188112
vt 0.611900 0.071887
vt 0.335809 0.503461
vt 0.527093 0.312123
vt 0.597766 0.311888
vt 0.164191 0.503461
vt 0.611900 0.428114
vt 0.723060 0.060890
vt 0.482371 0.503877
vt 0.447360 0.505286
vt 0.723084 0.188068
vt 0.723084 0.311932
vt 0.723060 0.439110
vt 0.052640 0.505286
vt 0.017629 0.503877
vt 0.838921 0.065908
vt 0.526356 0.504154
vt 0.847927 0.187983
vt 0.847927 0.312017
vt 0.838921 0.434092
vt 0.973644 0.504154
vt 0.938992 0.188606
vt 0.925975 0.105794
vt 0.938992 0.311394
vt 0.925975 0.394206
vt 0.291090 0.514145
vt 0.337240 0.514234
vt 0.290185 0.540443
vt 0.337187 0.540406
vt 0.290089 0.567308
vt 0.337083 0.567308
vt 0.290089 0.594231
vt 0.337083 0.594231
vt 0.290089 0.621154
vt 0.337083 0.621154
vt 0.290089 0.648077
vt 0.337083 0.648077
vt 0.290089 0.675000
vt 0.337083 0.675000
vt 0.290089 0.701923
vt 0.337083 0.701923
vt 0.208910 0.514145
vt 0.209815 0.540443
vt 0.209911 0.567308
vt 0.209911 0.594231
vt 0.209911 0.621154
vt 0.209911 0.648077
vt 0.209911 0.675000
vt 0.209911 0.701923
vt 0.162760 0.514234
vt 0.162813 0.540406
vt 0.162917 0.567308
vt 0.162917 0.594231
vt 0.162917 0.621154
vt 0.162917 0.648077
vt 0.162917 0.675000
vt 0.162917 0.701923
vt 0.290089 0.728846
vt 0.337083 0.728846
vt 0.290089 0.755769
vt 0.337083 0.755769
vt 0.290089 0.782692
vt 0.337083 0.782692
vt 0.290089 0.809615
vt 0.337083 0.809615
vt 0.290089 0.836539
vt 0.337083 0.836538
vt 0.290089 0.863462
vt 0.337083 0.863462
vt 0.290089 0.890385
vt 0.337083 0.890385
vt 0.290089 0.917308
vt 0.337083 0.917308
vt 0.209911 0.728846
vt 0.209911 0.755769
vt 0.209911 0.782692
vt 0.209911 0.809615
vt 0.209911 0.836539
vt 0.209911 0.863461
vt 0.209911 0.890385
vt 0.209911 0.917308
vt 0.162917 0.728846
vt 0.162917 0.755769
vt 0.162917 0.782692
vt 0.162917 0.809615
vt 0.162917 0.836538
vt 0.162917 0.863462
vt 0.162917 0.890385
vt 0.162917 0.917308
vt 0.290089 0.944231
vt 0.337083 0.944231
vt 0.290491 0.970616
vt 0.336927 0.970556
vt 0.291964 0.991079
vt 0.335274 0.985634
vt 0.209911 0.944231
vt 0.209509 0.970616
vt 0.208036 0.991079
vt 0.162917 0.944231
vt 0.163073 0.970556
vt 0.164726 0.985634
vt 0.379398 0.114844
vt 0.143593 0.635156
vt 0.412120 0.114844
vt 0.379398 0.125781
vt 0.143593 0.624219
vt 0.412120 0.125781
vt 0.379398 0.136719
vt 0.143593 0.613281
vt 0.412120 0.136719
vt 0.379398 0.147656
vt 0.143593 0.602344
vt 0.412120 0.147656
vt 0.379398 0.158594
vt 0.143593 0.591406
vt 0.412120 0.158594
vt 0.379398 0.169531
vt 0.143593 0.580469
vt 0.412120 0.169531
vt 0.379398 0.180469
vt 0.143593 0.569531
vt 0.412120 0.180469
vt 0.379367 0.191390
vt 0.143556 0.558584
vt 0.412154 0.191485
vt 0.154376 0.635156
vt 0.154376 0.624219
vt 0.154376 0.613281
vt 0.154376 0.602344
vt 0.154376 0.591406
vt 0.154376 0.580469
vt 0.154376 0.569531
vt 0.154376 0.558594
vt 0.181641 0.635156
vt 0.181641 0.624219
vt 0.181641 0.613281
vt 0.181641 0.602344
vt 0.181641 0.591406
vt 0.181641 0.580469
vt 0.181641 0.569531
vt 0.181641 0.558594
vt 0.208984 0.635156
vt 0.208984 0.624219
vt 0.208984 0.613281
vt 0.208984 0.602344
vt 0.208984 0.591406
vt 0.208984 0.580469
vt 0.208984 0.569531
vt 0.208984 0.558594
vt 0.236328 0.635156
vt 0.236328 0.624219
vt 0.236328 0.613281
vt 0.236328 0.602344
vt 0.236328 0.591406
vt 0.236328 0.580469
vt 0.236328 0.569531
vt 0.439583 0.114844
vt 0.468750 0.114844
vt 0.497917 0.114844
vt 0.527083 0.114844
vt 0.556250 0.114844
vt 0.584630 0.114844
vt 0.613091 0.114844
vt 0.862586 0.635156
vt 0.439583 0.125781
vt 0.468750 0.125781
vt 0.497917 0.125781
vt 0.527083 0.125781
vt 0.556250 0.125781
vt 0.584630 0.125781
vt 0.613091 0.125781
vt 0.862586 0.624219
vt 0.439583 0.136719
vt 0.468750 0.136719
vt 0.497917 0.136719
vt 0.527083 0.136719
vt 0.556250 0.136719
vt 0.584630 0.136719
vt 0.613091 0.136719
vt 0.862586 0.613281
vt 0.439583 0.147656
vt 0.468750 0.147656
vt 0.497917 0.147656
vt 0.527083 0.147656
vt 0.556250 0.147656
vt 0.584630 0.147656
vt 0.613091 0.147656
vt 0.862586 0.602344
vt 0.439583 0.158594
vt 0.468750 0.158594
vt 0.497917 0.158594
vt 0.527083 0.158594
vt 0.556250 0.158594
vt 0.584630 0.158594
vt 0.613091 0.158594
vt 0.862586 0.591406
vt 0.439583 0.169531
vt 0.468750 0.169531
vt 0.497917 0.169531
vt 0.527083 0.169531
vt 0.556250 0.169531
vt 0.584630 0.169531
vt 0.613091 0.169531
vt 0.862586 0.580469
vt 0.439583 0.180469
vt 0.468750 0.180469
vt 0.497917 0.180469
vt 0.527083 0.180469
vt 0.556250 0.180469
vt 0.584630 0.180469
vt 0.613091 0.180469
vt 0.862586 0.569531
vt 0.439584 0.191496
vt 0.468739 0.191492
vt 0.497875 0.191472
vt 0.527035 0.191438
vt 0.556231 0.191413
vt 0.584630 0.191406
vt 0.613091 0.191406
vt 0.862586 0.558594
vt 0.845163 0.635156
vt 0.845163 0.624219
vt 0.845163 0.613281
vt 0.845163 0.602344
vt 0.845163 0.591406
vt 0.845163 0.580469
vt 0.845163 0.569531
vt 0.845163 0.558594
vt 0.818359 0.635156
vt 0.818359 0.624219
vt 0.818359 0.613281
vt 0.818359 0.602344
vt 0.818359 0.591406
vt 0.818359 0.580469
vt 0.818359 0.569531
vt 0.818359 0.558594
vt 0.791016 0.635156
vt 0.791016 0.624219
vt 0.791016 0.613281
vt 0.791016 0.602344
vt 0.791016 0.591406
vt 0.791016 0.580469
vt 0.791016 0.569531
vt 0.791016 0.558594
vt 0.397101 0.514004
vt 0.446527 0.513949
vt 0.396917 0.540385
vt 0.445865 0.540385
vt 0.396917 0.567308
vt 0.445865 0.567308
vt 0.396917 0.594231
vt 0.445865 0.594231
vt 0.396917 0.621154
vt 0.445865 0.621154
vt 0.396917 0.648077
vt 0.445865 0.648077
vt 0.396917 0.675000
vt 0.445865 0.675000
vt 0.396917 0.701923
vt 0.445865 0.701923
vt 0.102899 0.514004
vt 0.103083 0.540385
vt 0.103083 0.567308
vt 0.103083 0.594231
vt 0.103083 0.621154
vt 0.103083 0.648077
vt 0.103083 0.675000
vt 0.103083 0.701923
vt 0.053473 0.513949
vt 0.054135 0.540385
vt 0.054135 0.567308
vt 0.054135 0.594231
vt 0.054135 0.621154
vt 0.054135 0.648077
vt 0.054135 0.675000
vt 0.054135 0.701923
vt 0.482227 0.513637
vt 0.482328 0.540385
vt 0.482328 0.567308
vt 0.482328 0.594231
vt 0.482328 0.621154
vt 0.482328 0.648077
vt 0.482328 0.675000
vt 0.482328 0.701923
vt 0.017773 0.513637
vt 0.017672 0.540385
vt 0.017672 0.567308
vt 0.017672 0.594231
vt 0.017672 0.621154
vt 0.017672 0.648077
vt 0.017672 0.675000
vt 0.017672 0.701923
vt 0.530209 0.514273
vt 0.531918 0.540411
vt 0.532069 0.567308
vt 0.532069 0.594231
vt 0.532069 0.621154
vt 0.532069 0.648077
vt 0.532069 0.675000
vt 0.532069 0.701923
vt 0.573965 0.514434
vt 0.573419 0.540453
vt 0.573579 0.567308
vt 0.573579 0.594231
vt 0.573579 0.621154
vt 0.573579 0.648077
vt 0.573579 0.675000
vt 0.573579 0.701923
vt 0.969791 0.514273
vt 0.926035 0.514434
vt 0.968082 0.540411
vt 0.926581 0.540453
vt 0.967931 0.567308
vt 0.926421 0.567308
vt 0.967931 0.594231
vt 0.926421 0.594231
vt 0.967931 0.621154
vt 0.926421 0.621154
vt 0.967931 0.648077
vt 0.926421 0.648077
vt 0.967931 0.675000
vt 0.926421 0.675000
vt 0.967931 0.701923
vt 0.926421 0.701923
vt 0.638974 0.514592
vt 0.638833 0.540525
vt 0.638953 0.567308
vt 0.638953 0.594231
vt 0.638953 0.621154
vt 0.638953 0.648077
vt 0.638953 0.675000
vt 0.638953 0.701923
vt 0.709331 0.514734
vt 0.711300 0.540609
vt 0.711399 0.567308
vt 0.711399 0.594231
vt 0.711399 0.621154
vt 0.711399 0.648077
vt 0.711398 0.675000
vt 0.711399 0.701923
vt 0.790669 0.514734
vt 0.788700 0.540609
vt 0.788602 0.567308
vt 0.788602 0.594231
vt 0.788602 0.621154
vt 0.788602 0.648077
vt 0.788602 0.675000
vt 0.788602 0.701923
vt 0.861026 0.514592
vt 0.861167 0.540525
vt 0.861047 0.567308
vt 0.861047 0.594231
vt 0.861047 0.621154
vt 0.861047 0.648077
vt 0.861047 0.675000
vt 0.861047 0.701923
vt 0.396917 0.728846
vt 0.445865 0.728846
vt 0.396917 0.755769
vt 0.445865 0.755769
vt 0.396917 0.782692
vt 0.445865 0.782692
vt 0.396917 0.809615
vt 0.445865 0.809615
vt 0.396917 0.836538
vt 0.445865 0.836538
vt 0.396917 0.863461
vt 0.445865 0.863462
vt 0.396917 0.890385
vt 0.445865 0.890385
vt 0.396917 0.917308
vt 0.445865 0.917308
vt 0.103083 0.728846
vt 0.103083 0.755769
vt 0.103083 0.782692
vt 0.103083 0.809615
vt 0.103083 0.836538
vt 0.103083 0.863461
vt 0.103083 0.890385
vt 0.103083 0.917308
vt 0.054135 0.728846
vt 0.054135 0.755769
vt 0.054135 0.782692
vt 0.054135 0.809615
vt 0.054135 0.836539
vt 0.054135 0.863462
vt 0.054135 0.890385
vt 0.054135 0.917308
vt 0.482328 0.728846
vt 0.482328 0.755769
vt 0.482328 0.782692
vt 0.482328 0.809615
vt 0.482867 0.836646
vt 0.484583 0.863804
vt 0.486505 0.890659
vt 0.487447 0.917351
vt 0.017672 0.728846
vt 0.017672 0.755769
vt 0.017672 0.782692
vt 0.017672 0.809615
vt 0.017672 0.836538
vt 0.017672 0.863462
vt 0.017672 0.890385
vt 0.017672 0.917308
vt 0.532069 0.728846
vt 0.532069 0.755769
vt 0.532069 0.782692
vt 0.532069 0.809615
vt 0.532879 0.837095
vt 0.565893 0.867492
vt 0.622829 0.896506
vt 0.412195 0.229412
vt 0.573579 0.728846
vt 0.573579 0.755769
vt 0.573579 0.782692
vt 0.573588 0.809618
vt 0.573620 0.837316
vt 0.580699 0.856913
vt 0.967931 0.728846
vt 0.926421 0.728846
vt 0.967931 0.755769
vt 0.926421 0.755769
vt 0.967931 0.782692
vt 0.926421 0.782692
vt 0.967983 0.809606
vt 0.926467 0.809594
vt 0.968023 0.836541
vt 0.925860 0.836593
vt 0.967817 0.863495
vt 0.925692 0.863660
vt 0.967483 0.890409
vt 0.925639 0.890550
vt 0.967332 0.917310
vt 0.925128 0.917341
vt 0.379858 0.202156
vt 0.142835 0.547256
vt 0.412300 0.202854
vt 0.384553 0.210416
vt 0.130261 0.534318
vt 0.412074 0.210891
vt 0.638953 0.728846
vt 0.638953 0.755769
vt 0.638953 0.782692
vt 0.638993 0.809633
vt 0.639379 0.837513
vt 0.640545 0.871905
vt 0.711399 0.728846
vt 0.711399 0.755769
vt 0.711399 0.782692
vt 0.711402 0.809650
vt 0.711343 0.837482
vt 0.712167 0.860189
vt 0.788602 0.728846
vt 0.788602 0.755769
vt 0.788602 0.782692
vt 0.788528 0.809628
vt 0.788137 0.837189
vt 0.780792 0.862566
vt 0.861047 0.728846
vt 0.861047 0.755769
vt 0.861047 0.782692
vt 0.861014 0.809595
vt 0.860163 0.836820
vt 0.838330 0.868240
vt 0.834954 0.891710
vt 0.833553 0.917642
vt 0.154141 0.547596
vt 0.153175 0.536321
vt 0.150191 0.524765
vt 0.144999 0.514598
vt 0.147498 0.506434
vt 0.137907 0.503503
vt 0.381248 0.277934
vt 0.161807 0.502755
vt 0.410815 0.278056
vt 0.181630 0.547652
vt 0.181447 0.536650
vt 0.180907 0.525630
vt 0.180476 0.514869
vt 0.180642 0.507481
vt 0.181081 0.503186
vt 0.385365 0.306489
vt 0.410877 0.306641
vt 0.208984 0.547656
vt 0.208984 0.536719
vt 0.208984 0.525781
vt 0.208984 0.514867
vt 0.208984 0.507290
vt 0.208984 0.503051
vt 0.385533 0.333984
vt 0.410877 0.333984
vt 0.396917 0.944231
vt 0.445865 0.944231
vt 0.397054 0.970707
vt 0.446435 0.970736
vt 0.394990 0.992261
vt 0.447216 0.981959
vt 0.101552 0.190061
vt 0.101552 0.309939
vt 0.103083 0.944231
vt 0.102946 0.970707
vt 0.105010 0.992261
vt 0.054135 0.944231
vt 0.053565 0.970736
vt 0.052784 0.981959
vt 0.487575 0.944232
vt 0.487335 0.970925
vt 0.488627 0.984628
vt 0.221464 0.054925
vt 0.229384 0.191221
vt 0.227048 0.307446
vt 0.221965 0.445208
vt 0.017672 0.944231
vt 0.017760 0.970998
vt 0.016789 0.984573
vt 0.439610 0.228324
vt 0.467210 0.227921
vt 0.482894 0.225731
vt 0.321093 0.069049
vt 0.504156 0.226271
vt 0.507674 0.219847
vt 0.321208 0.188659
vt 0.500185 0.235047
vt 0.319832 0.303373
vt 0.460034 0.278924
vt 0.341127 0.453688
vt 0.441059 0.300925
vt 0.967359 0.944224
vt 0.925052 0.944215
vt 0.968767 0.970522
vt 0.925040 0.970408
vt 0.972072 0.984800
vt 0.439587 0.202695
vt 0.468708 0.202689
vt 0.497716 0.202613
vt 0.526815 0.202473
vt 0.556136 0.202373
vt 0.584630 0.202344
vt 0.613091 0.202344
vt 0.862586 0.547656
vt 0.439592 0.210387
vt 0.468562 0.210328
vt 0.496652 0.209994
vt 0.526597 0.213185
vt 0.555958 0.213315
vt 0.584630 0.213281
vt 0.613091 0.213281
vt 0.862586 0.536719
vt 0.535227 0.224471
vt 0.555811 0.224231
vt 0.584630 0.224219
vt 0.613091 0.224219
vt 0.862586 0.525781
vt 0.534308 0.234928
vt 0.555589 0.234895
vt 0.584689 0.234883
vt 0.613176 0.235075
vt 0.862477 0.514924
vt 0.533808 0.244799
vt 0.555827 0.245550
vt 0.585201 0.245566
vt 0.614668 0.246126
vt 0.861280 0.504390
vt 0.832785 0.944192
vt 0.829425 0.970213
vt 0.817997 0.995278
vt 0.525147 0.254307
vt 0.555649 0.262097
vt 0.585204 0.262523
vt 0.613293 0.263720
vt 0.859321 0.500000
vt 0.845163 0.547656
vt 0.845163 0.536719
vt 0.845163 0.525781
vt 0.845179 0.514893
vt 0.845322 0.504180
vt 0.439575 0.278131
vt 0.468687 0.278196
vt 0.497610 0.278538
vt 0.526705 0.279166
vt 0.556127 0.279684
vt 0.585286 0.279821
vt 0.613852 0.279678
vt 0.845342 0.500000
vt 0.818359 0.547656
vt 0.818359 0.536719
vt 0.818359 0.525781
vt 0.818359 0.514898
vt 0.818359 0.504218
vt 0.439583 0.306641
vt 0.468750 0.306641
vt 0.497917 0.306641
vt 0.527083 0.306641
vt 0.556250 0.306641
vt 0.585273 0.306641
vt 0.613752 0.306641
vt 0.818359 0.500000
vt 0.791016 0.547656
vt 0.791016 0.536719
vt 0.791016 0.525781
vt 0.791016 0.514898
vt 0.791016 0.504218
vt 0.439583 0.333984
vt 0.468750 0.333984
vt 0.497917 0.333984
vt 0.527083 0.333984
vt 0.556250 0.333984
vt 0.585273 0.333984
vt 0.613752 0.333984
vt 0.791016 0.500000
vt 0.309327 0.981306
vt 0.359418 0.956850
vt 0.386886 0.975145
vt 0.367766 0.988821
vt 0.042659 0.225112
vt 0.081503 0.138181
vt 0.264473 0.938574
vt 0.332697 0.910762
vt 0.373181 0.927977
vt 0.205539 0.965607
vt 0.157809 0.984830
vt 0.358820 0.879779
vt 0.378002 0.858653
vt 0.396590 0.906835
vt 0.300349 0.540466
vt 0.350283 0.514017
vt 0.385266 0.534382
vt 0.369413 0.550884
vt 0.539348 0.224424
vt 0.601434 0.126379
vt 0.622451 0.171907
vt 0.197489 0.524873
vt 0.133939 0.516160
vt 0.562168 0.366725
vt 0.296080 0.796536
vt 0.352197 0.770799
vt 0.383272 0.789483
vt 0.366846 0.807601
vt 0.237413 0.824113
vt 0.342534 0.840770
vt 0.253041 0.753140
vt 0.326298 0.724556
vt 0.370053 0.741309
vt 0.194196 0.780700
vt 0.141938 0.805857
vt 0.268873 0.682038
vt 0.335232 0.654514
vt 0.374523 0.671920
vt 0.353521 0.695252
vt 0.209859 0.709652
vt 0.151398 0.735849
vt 0.127765 0.770405
vt 0.112763 0.786623
vt 0.284710 0.611040
vt 0.345221 0.584514
vt 0.379385 0.602604
vt 0.360893 0.622927
vt 0.225726 0.638665
vt 0.161414 0.665844
vt 0.136375 0.698177
vt 0.118822 0.717470
vt 0.241594 0.567581
vt 0.170722 0.595823
vt 0.144079 0.625924
vt 0.123906 0.648216
vt 0.144624 0.549601
vt 0.128573 0.578889
vt 0.115474 0.530995
vt 0.409152 0.837499
vt 0.425287 0.768146
vt 0.389076 0.720174
vt 0.399606 0.650748
vt 0.081495 0.738721
vt 0.413077 0.581417
vt 0.096194 0.669385
vt 0.107411 0.599988
vt 0.280462 0.867552
vt 0.221479 0.895184
vt 0.158709 0.922091
vt 0.134009 0.954840
vt 0.117042 0.972017
vt 0.168393 0.852090
vt 0.142105 0.882799
vt 0.122610 0.904288
vt 0.127380 0.834961
vt 0.092596 0.925449
vt 0.104713 0.856093
vt 0.263672 0.635156
vt 0.263672 0.646094
vt 0.902234 0.311888
vt 0.902234 0.188112
vt 0.776940 0.439110
vt 0.776916 0.311932
vt 0.776916 0.188068
vt 0.776940 0.060890
vt 0.652073 0.312017
vt 0.652073 0.187983
vt 0.654837 0.657031
vt 0.637414 0.657031
vt 0.613091 0.657031
vt 0.584630 0.657031
vt 0.556250 0.657031
vt 0.527083 0.657031
vt 0.497917 0.657031
vt 0.468750 0.657031
vt 0.439583 0.657031
vt 0.412120 0.657031
vt 0.681641 0.657031
vt 0.708984 0.657031
vt 0.736328 0.657031
vt 0.379398 0.657031
vt 0.356407 0.657031
vt 0.345624 0.657031
vt 0.318359 0.657031
vt 0.291016 0.657031
vt 0.263672 0.657031
vt 0.600187 0.794059
vt 0.599878 0.847656
vt 0.539120 0.847656
vt 0.539214 0.795203
vt 0.669223 0.739994
vt 0.722656 0.740168
vt 0.669068 0.720959
vt 0.722656 0.720806
vt 0.669251 0.678125
vt 0.722656 0.678125
vt 0.669530 0.631674
vt 0.722656 0.631568
vt 0.602248 0.756010
vt 0.539821 0.755408
vt 0.644202 0.739627
vt 0.539093 0.719546
vt 0.600611 0.721041
vt 0.643105 0.720697
vt 0.538739 0.677919
vt 0.599913 0.678068
vt 0.642642 0.678096
vt 0.538867 0.632752
vt 0.599970 0.633440
vt 0.643063 0.631904
vt 0.222685 0.590648
vt 0.277315 0.590648
vt 0.277344 0.634375
vt 0.222656 0.634375
vt 0.222743 0.547389
vt 0.277257 0.547389
vt 0.222722 0.504115
vt 0.277278 0.504115
vt 0.230140 0.686345
vt 0.269860 0.686345
vt 0.230330 0.653455
vt 0.269670 0.653455
vt 0.231386 0.617111
vt 0.268614 0.617111
vt 0.264732 0.575917
vt 0.235268 0.575917
vt 0.715095 0.026040
vt 0.784906 0.026040
vt 0.783292 0.069261
vt 0.716708 0.069261
vt 0.715692 0.105667
vt 0.784308 0.105667
vt 0.329924 0.590581
vt 0.329736 0.634343
vt 0.330439 0.547140
vt 0.331352 0.503802
vt 0.309353 0.686166
vt 0.309296 0.653837
vt 0.307846 0.619794
vt 0.299864 0.571408
vt 0.561549 0.508459
vt 0.861167 0.048461
vt 0.851923 0.108859
vt 0.581204 0.554866
vt 0.374451 0.590154
vt 0.369860 0.634209
vt 0.426368 0.580583
vt 0.419192 0.633321
vt 0.478588 0.586091
vt 0.478033 0.632916
vt 0.538871 0.585403
vt 0.345118 0.746593
vt 0.421099 0.550319
vt 0.346489 0.716765
vt 0.347739 0.685721
vt 0.348230 0.654065
vt 0.347166 0.621611
vt 0.340779 0.586219
vt 0.629335 0.523682
vt 0.920846 0.116290
vt 0.597138 0.581522
vt 0.479689 0.557391
vt 0.444094 0.557042
vt 0.539662 0.556629
vt 0.389922 0.748244
vt 0.363730 0.736609
vt 0.429250 0.746693
vt 0.468746 0.746640
vt 0.364875 0.716103
vt 0.390852 0.716078
vt 0.429660 0.715734
vt 0.468748 0.715739
vt 0.365641 0.685373
vt 0.390987 0.685268
vt 0.429651 0.685268
vt 0.468750 0.685268
vt 0.365966 0.654051
vt 0.390987 0.654018
vt 0.429651 0.654018
vt 0.468750 0.654018
vt 0.365420 0.622506
vt 0.390985 0.622767
vt 0.429651 0.622768
vt 0.468750 0.622768
vt 0.362638 0.590316
vt 0.390886 0.591414
vt 0.429603 0.591480
vt 0.468750 0.591518
vt 0.658498 0.518017
vt 0.662421 0.510153
vt 0.348074 0.555559
vt 0.390712 0.560003
vt 0.429445 0.560291
vt 0.468795 0.560342
vt 0.722656 0.571290
vt 0.777344 0.571290
vt 0.777344 0.631568
vt 0.559032 0.855114
vt 0.559032 0.894886
vt 0.583551 0.855114
vt 0.583551 0.894886
vt 0.730114 0.747143
vt 0.769886 0.747143
vt 0.730114 0.714738
vt 0.769886 0.714738
vt 0.730114 0.685268
vt 0.769886 0.685268
vt 0.730114 0.654018
vt 0.769886 0.654018
vt 0.730114 0.622768
vt 0.769886 0.622768
vt 0.730114 0.591518
vt 0.769886 0.591518
vt 0.730114 0.560268
vt 0.769886 0.560268
vt 0.672254 0.570457
vt 0.559483 0.816391
vt 0.583439 0.815761
vt 0.690248 0.747162
vt 0.690635 0.714766
vt 0.690665 0.685268
vt 0.690665 0.654018
vt 0.690664 0.622768
vt 0.690665 0.591518
vt 0.690665 0.560268
vt 0.596024 0.584229
vt 0.646237 0.557405
vt 0.560138 0.797916
vt 0.553569 0.777175
vt 0.579644 0.783027
vt 0.649398 0.747438
vt 0.652885 0.715275
vt 0.653178 0.685268
vt 0.653177 0.654018
vt 0.653177 0.622768
vt 0.653177 0.591518
vt 0.653177 0.560268
vt 0.597655 0.552972
vt 0.525003 0.779603
vt 0.508408 0.746629
vt 0.546884 0.748580
vt 0.587307 0.742473
vt 0.616017 0.740103
vt 0.508422 0.715659
vt 0.548174 0.715493
vt 0.586627 0.715519
vt 0.617662 0.716128
vt 0.508523 0.685268
vt 0.548295 0.685268
vt 0.586467 0.685268
vt 0.617731 0.685268
vt 0.508523 0.654018
vt 0.548295 0.654018
vt 0.586467 0.654018
vt 0.617731 0.654018
vt 0.508523 0.622768
vt 0.548295 0.622768
vt 0.586467 0.622768
vt 0.617731 0.622768
vt 0.508523 0.591518
vt 0.548295 0.591518
vt 0.586467 0.591518
vt 0.617731 0.591518
vt 0.508547 0.560287
vt 0.548295 0.560268
vt 0.586467 0.560268
vt 0.617731 0.560268
vt 0.279071 0.514669
vt 0.560772 0.206336
vt 0.572368 0.116817
vt 0.355930 0.514637
vt 0.277518 0.540623
vt 0.356200 0.540534
vt 0.277467 0.567308
vt 0.356041 0.567308
vt 0.277467 0.594231
vt 0.356041 0.594231
vt 0.277467 0.621154
vt 0.356041 0.621154
vt 0.277467 0.648077
vt 0.356041 0.648077
vt 0.277467 0.675000
vt 0.356041 0.675000
vt 0.277467 0.701923
vt 0.356041 0.701923
vt 0.196935 0.514538
vt 0.563855 0.329374
vt 0.199151 0.540569
vt 0.199304 0.567308
vt 0.199304 0.594231
vt 0.199304 0.621154
vt 0.199304 0.648077
vt 0.199304 0.675000
vt 0.199304 0.701923
vt 0.411244 0.514906
vt 0.653380 0.080357
vt 0.462050 0.501797
vt 0.454240 0.514475
vt 0.411745 0.540470
vt 0.452566 0.540408
vt 0.411520 0.567308
vt 0.452434 0.567308
vt 0.411520 0.594231
vt 0.452434 0.594231
vt 0.411520 0.621154
vt 0.452434 0.621154
vt 0.411520 0.648077
vt 0.452434 0.648077
vt 0.411520 0.675000
vt 0.452434 0.675000
vt 0.411520 0.701923
vt 0.452434 0.701923
vt 0.517976 0.513924
vt 0.518216 0.500770
vt 0.517881 0.540385
vt 0.517881 0.567308
vt 0.517881 0.594231
vt 0.517881 0.621154
vt 0.517881 0.648077
vt 0.517881 0.675000
vt 0.517881 0.701923
vt 0.565138 0.514264
vt 0.562251 0.502983
vt 0.565856 0.540385
vt 0.565856 0.567308
vt 0.565856 0.594231
vt 0.565856 0.621154
vt 0.565856 0.648077
vt 0.565856 0.675000
vt 0.565856 0.701923
vt 0.892097 0.088414
vt 0.614540 0.514292
vt 0.614621 0.540385
vt 0.614621 0.567308
vt 0.614621 0.594231
vt 0.614621 0.621154
vt 0.614621 0.648077
vt 0.614621 0.675000
vt 0.614621 0.701923
vt 0.382702 0.861417
vt 0.382702 0.888583
vt 0.236330 0.747645
vt 0.263670 0.747645
vt 0.416368 0.862446
vt 0.416368 0.887553
vt 0.236328 0.744498
vt 0.263672 0.744498
vt 0.236328 0.733594
vt 0.263672 0.733594
vt 0.382467 0.834107
vt 0.291013 0.747642
vt 0.413265 0.835252
vt 0.291016 0.744498
vt 0.291016 0.733594
vt 0.382260 0.806611
vt 0.319062 0.747305
vt 0.411675 0.807136
vt 0.319382 0.744306
vt 0.319494 0.733660
vt 0.382213 0.778319
vt 0.350924 0.745651
vt 0.410978 0.778161
vt 0.353391 0.743121
vt 0.354074 0.734255
vt 0.335795 0.891589
vt 0.335009 0.867021
vt 0.334295 0.917604
vt 0.277467 0.728846
vt 0.356041 0.728846
vt 0.277467 0.755769
vt 0.356041 0.755769
vt 0.277467 0.782692
vt 0.356041 0.782692
vt 0.277440 0.809656
vt 0.356002 0.809630
vt 0.276947 0.837263
vt 0.355142 0.836866
vt 0.271739 0.861710
vt 0.199304 0.728846
vt 0.199304 0.755769
vt 0.199304 0.782692
vt 0.199336 0.809650
vt 0.199313 0.837450
vt 0.202034 0.861353
vt 0.411520 0.728846
vt 0.452434 0.728846
vt 0.411520 0.755769
vt 0.452434 0.755769
vt 0.411520 0.782692
vt 0.452434 0.782692
vt 0.411510 0.809616
vt 0.452438 0.809615
vt 0.411067 0.836641
vt 0.452391 0.836547
vt 0.410471 0.863706
vt 0.452224 0.863481
vt 0.409543 0.890565
vt 0.452047 0.890395
vt 0.408770 0.917318
vt 0.452031 0.917300
vt 0.517881 0.728846
vt 0.517881 0.755769
vt 0.517881 0.782692
vt 0.517881 0.809615
vt 0.517881 0.836538
vt 0.517881 0.863461
vt 0.517881 0.890385
vt 0.517881 0.917308
vt 0.565856 0.728846
vt 0.565856 0.755769
vt 0.565856 0.782692
vt 0.565856 0.809615
vt 0.565856 0.836538
vt 0.565856 0.863461
vt 0.565856 0.890385
vt 0.565856 0.917308
vt 0.614621 0.728846
vt 0.614621 0.755769
vt 0.614621 0.782692
vt 0.614621 0.809615
vt 0.614621 0.836538
vt 0.614621 0.863462
vt 0.614621 0.890385
vt 0.614621 0.917308
vt 0.785000 0.174224
vt 0.715000 0.174224
vt 0.715000 0.214815
vt 0.785000 0.214815
vt 0.715000 0.262249
vt 0.785000 0.262248
vt 0.785000 0.324923
vt 0.715000 0.324923
vt 0.715199 0.365211
vt 0.784802 0.365211
vt 0.716555 0.419423
vt 0.783445 0.419423
vt 0.021676 0.514676
vt 0.978324 0.514676
vt 0.463216 0.868044
vt 0.463216 0.881955
vt 0.854371 0.174684
vt 0.854861 0.215055
vt 0.854973 0.262219
vt 0.854880 0.324821
vt 0.853967 0.363888
vt 0.851787 0.415047
vt 0.933907 0.528158
vt 0.456778 0.846158
vt 0.496877 0.860855
vt 0.927410 0.562840
vt 0.921723 0.173856
vt 0.922632 0.215968
vt 0.648142 0.550589
vt 0.640124 0.566640
vt 0.922079 0.261184
vt 0.921270 0.326332
vt 0.921783 0.363606
vt 0.924339 0.409057
vt 0.898024 0.524515
vt 0.893587 0.561495
vt 0.855083 0.539989
vt 0.867597 0.600351
vt 0.848191 0.566184
vt 0.441842 0.808883
vt 0.482167 0.823595
vt 0.514042 0.834795
vt 0.893516 0.667365
vt 0.868662 0.644055
vt 0.697086 0.501173
vt 0.953086 0.217911
vt 0.671759 0.543318
vt 0.645350 0.589630
vt 0.389894 0.528683
vt 0.428926 0.529475
vt 0.468683 0.529910
vt 0.966179 0.254732
vt 0.737614 0.525752
vt 0.715458 0.568162
vt 0.691442 0.610946
vt 0.664223 0.653509
vt 0.634478 0.693287
vt 0.466680 0.462677
vt 0.803659 0.506348
vt 0.953824 0.365967
vt 0.776386 0.550525
vt 0.754093 0.592062
vt 0.731423 0.635187
vt 0.708510 0.678238
vt 0.684538 0.721210
vt 0.654101 0.763828
vt 0.624923 0.767488
vt 0.607816 0.759316
vt 0.837287 0.503704
vt 0.832923 0.527450
vt 0.822608 0.572763
vt 0.792876 0.616900
vt 0.770511 0.660172
vt 0.748236 0.703593
vt 0.726127 0.746991
vt 0.703550 0.790125
vt 0.845709 0.603185
vt 0.842795 0.645348
vt 0.812878 0.686864
vt 0.789793 0.730377
vt 0.767241 0.773142
vt 0.744166 0.815197
vt 0.440069 0.778789
vt 0.469878 0.779830
vt 0.499747 0.782825
vt 0.530216 0.797820
vt 0.558909 0.798678
vt 0.852126 0.769842
vt 0.810180 0.798306
vt 0.791136 0.834774
vt 0.332562 0.944185
vt 0.326097 0.970557
vt 0.495950 0.751477
vt 0.526336 0.754571
vt 0.555982 0.760630
vt 0.585700 0.762628
vt 0.612631 0.766523
vt 0.647542 0.749560
vt 0.533997 0.743273
vt 0.555709 0.743751
vt 0.585187 0.743777
vt 0.613338 0.744189
vt 0.642503 0.744177
vt 0.829907 0.848973
vt 0.534561 0.733507
vt 0.555696 0.733481
vt 0.584806 0.733514
vt 0.612922 0.733609
vt 0.639600 0.733922
vt 0.676924 0.737705
vt 0.408431 0.944175
vt 0.452175 0.944214
vt 0.407932 0.970217
vt 0.453570 0.970409
vt 0.152533 0.066829
vt 0.461279 0.987997
vt 0.051954 0.210308
vt 0.182841 0.212757
vt 0.034799 0.237439
vt 0.177294 0.326171
vt 0.501621 0.733924
vt 0.517881 0.944231
vt 0.517967 0.970783
vt 0.517779 0.989908
vt 0.275810 0.083411
vt 0.273552 0.208104
vt 0.271024 0.324567
vt 0.565856 0.944231
vt 0.565225 0.970526
vt 0.562305 0.986260
vt 0.614621 0.944231
vt 0.614553 0.970512
vt 0.614990 0.996991
vt 0.396692 0.206882
vt 0.401278 0.329129
vt 0.730223 0.529328
vt 0.769777 0.529328
vt 0.514871 0.792754
vt 0.485129 0.792754
vt 0.517889 0.921307
vt 0.482111 0.921307
vt 0.508312 0.957962
vt 0.491688 0.957962
vt 0.535226 0.959679
vt 0.524101 0.985503
vt 0.475899 0.985503
vt 0.215494 0.070068
vt 0.284506 0.070068
vt 0.284738 0.104895
vt 0.215262 0.104895
vt 0.284948 0.157115
vt 0.215052 0.157115
vt 0.215000 0.215026
vt 0.285000 0.215026
vt 0.285000 0.255492
vt 0.215000 0.255492
vt 0.285000 0.318579
vt 0.215000 0.318579
vt 0.691065 0.529725
vt 0.611662 0.430745
vt 0.550253 0.891096
vt 0.565767 0.959040
vt 0.571172 0.993038
vt 0.352297 0.067668
vt 0.351872 0.103490
vt 0.353608 0.158610
vt 0.354878 0.215168
vt 0.354994 0.255488
vt 0.354978 0.318559
vt 0.653223 0.529909
vt 0.611404 0.469589
vt 0.624461 0.807612
vt 0.506338 0.412078
vt 0.585728 0.839863
vt 0.543603 0.440331
vt 0.532076 0.852402
vt 0.576706 0.459631
vt 0.551721 0.866845
vt 0.644677 0.840146
vt 0.638034 0.867481
vt 0.627217 0.918893
vt 0.599732 0.954890
vt 0.597076 0.991136
vt 0.648790 0.947317
vt 0.634706 0.991966
vt 0.602548 0.999534
vt 0.420554 0.163050
vt 0.421963 0.214898
vt 0.421506 0.254908
vt 0.422136 0.319446
vt 0.508573 0.530078
vt 0.548277 0.530092
vt 0.586619 0.530003
vt 0.617689 0.529382
vt 0.508502 0.498508
vt 0.548220 0.499187
vt 0.587422 0.501597
vt 0.616023 0.505830
vt 0.648979 0.803919
vt 0.673469 0.834334
vt 0.663728 0.881294
vt 0.656397 0.915303
vt 0.721088 0.858204
vt 0.697566 0.901543
vt 0.671841 0.942819
vt 0.667501 0.976792
vt 0.759754 0.882317
vt 0.736370 0.925752
vt 0.713364 0.967508
vt 0.471375 0.168926
vt 0.798603 0.905941
vt 0.774681 0.949626
vt 0.751600 0.999641
vt 0.457586 0.212396
vt 0.834574 0.926389
vt 0.855738 0.938494
vt 0.870884 0.897985
vt 0.822374 0.973362
vt 0.846583 0.965244
vt 0.462764 0.324587
vt 0.132352 0.514596
vt 0.576319 0.407247
vt 0.132364 0.540506
vt 0.132440 0.567308
vt 0.132440 0.594231
vt 0.132440 0.621154
vt 0.132440 0.648077
vt 0.132440 0.675000
vt 0.132440 0.701923
vt 0.065059 0.514559
vt 0.653151 0.426665
vt 0.063248 0.540484
vt 0.063189 0.567308
vt 0.063189 0.594231
vt 0.063189 0.621154
vt 0.063189 0.648077
vt 0.063189 0.675000
vt 0.063189 0.701923
vt 0.982966 0.514899
vt 0.776001 0.435610
vt 0.983701 0.540533
vt 0.983709 0.567308
vt 0.983709 0.594231
vt 0.983709 0.621154
vt 0.983709 0.648077
vt 0.983709 0.675000
vt 0.983709 0.701923
vt 0.893280 0.514367
vt 0.902127 0.413867
vt 0.895932 0.540464
vt 0.896071 0.567308
vt 0.896071 0.594231
vt 0.896071 0.621154
vt 0.896071 0.648077
vt 0.896071 0.675000
vt 0.896071 0.701923
vt 0.236328 0.722656
vt 0.263672 0.722656
vt 0.236328 0.711719
vt 0.263672 0.711719
vt 0.236328 0.700781
vt 0.263672 0.700781
vt 0.236328 0.689844
vt 0.263672 0.689844
vt 0.236328 0.678906
vt 0.263672 0.678906
vt 0.236328 0.667969
vt 0.263672 0.667969
vt 0.777344 0.678125
vt 0.291016 0.722656
vt 0.291016 0.711719
vt 0.291016 0.700781
vt 0.291016 0.689844
vt 0.291016 0.678906
vt 0.291016 0.667969
vt 0.777344 0.720806
vt 0.318979 0.722799
vt 0.318494 0.711772
vt 0.318359 0.700781
vt 0.318359 0.689844
vt 0.318359 0.678906
vt 0.318359 0.667969
vt 0.777344 0.740168
vt 0.349101 0.723563
vt 0.346611 0.712051
vt 0.345805 0.700819
vt 0.345624 0.689844
vt 0.345624 0.678906
vt 0.345624 0.667969
vt 0.599878 0.902344
vt 0.132440 0.728846
vt 0.132440 0.755769
vt 0.132440 0.782692
vt 0.132471 0.809633
vt 0.133036 0.837499
vt 0.138348 0.876099
vt 0.368827 0.713588
vt 0.357065 0.701130
vt 0.379594 0.700577
vt 0.384140 0.708859
vt 0.412059 0.701163
vt 0.411845 0.709270
vt 0.356420 0.689847
vt 0.379387 0.689838
vt 0.412132 0.689872
vt 0.356407 0.678906
vt 0.379398 0.678906
vt 0.412120 0.678906
vt 0.356407 0.667969
vt 0.379398 0.667969
vt 0.412120 0.667969
vt 0.539120 0.902344
vt 0.477963 0.677919
vt 0.418634 0.678019
vt 0.063189 0.728846
vt 0.063189 0.755769
vt 0.063189 0.782692
vt 0.063197 0.809620
vt 0.063943 0.836949
vt 0.061437 0.866021
vt 0.399673 0.732089
vt 0.391558 0.726187
vt 0.039107 0.891323
vt 0.411806 0.723455
vt 0.041481 0.917388
vt 0.983709 0.728846
vt 0.983709 0.755769
vt 0.983709 0.782692
vt 0.983714 0.809617
vt 0.984079 0.836655
vt 0.985124 0.863661
vt 0.986316 0.890475
vt 0.986856 0.917312
vt 0.896071 0.728846
vt 0.896071 0.755769
vt 0.896071 0.782692
vt 0.896071 0.809615
vt 0.896071 0.836539
vt 0.896075 0.863463
vt 0.896084 0.890386
vt 0.896092 0.917309
vt 0.736565 0.701724
vt 0.763435 0.701724
vt 0.761144 0.719953
vt 0.738856 0.719953
vt 0.736372 0.689909
vt 0.763628 0.689909
vt 0.736328 0.678906
vt 0.763672 0.678906
vt 0.736328 0.667969
vt 0.763672 0.667969
vt 0.369602 0.678114
vt 0.709530 0.701403
vt 0.718756 0.719244
vt 0.709036 0.689871
vt 0.708984 0.678906
vt 0.708984 0.667969
vt 0.329685 0.678125
vt 0.684002 0.713008
vt 0.934548 0.916335
vt 0.700185 0.730858
vt 0.682098 0.701064
vt 0.681649 0.689847
vt 0.681641 0.678906
vt 0.681641 0.667969
vt 0.477824 0.719458
vt 0.658835 0.723767
vt 0.655748 0.712072
vt 0.654974 0.700836
vt 0.654837 0.689844
vt 0.654837 0.678906
vt 0.654837 0.667969
vt 0.417849 0.720006
vt 0.535239 0.722931
vt 0.555829 0.722672
vt 0.584660 0.722668
vt 0.613113 0.722672
vt 0.638399 0.722865
vt 0.526837 0.711741
vt 0.556003 0.711756
vt 0.584630 0.711719
vt 0.613091 0.711719
vt 0.637611 0.711774
vt 0.439585 0.701021
vt 0.439593 0.708842
vt 0.468726 0.701018
vt 0.468626 0.708805
vt 0.497813 0.700970
vt 0.496987 0.708592
vt 0.526933 0.700880
vt 0.556179 0.700805
vt 0.584630 0.700781
vt 0.613091 0.700781
vt 0.637414 0.700781
vt 0.439584 0.689876
vt 0.468743 0.689873
vt 0.497899 0.689864
vt 0.527069 0.689852
vt 0.556246 0.689845
vt 0.584630 0.689844
vt 0.613091 0.689844
vt 0.637414 0.689844
vt 0.439583 0.678906
vt 0.468750 0.678906
vt 0.497917 0.678906
vt 0.527083 0.678906
vt 0.556250 0.678906
vt 0.584630 0.678906
vt 0.613091 0.678906
vt 0.637414 0.678906
vt 0.439583 0.667969
vt 0.468750 0.667969
vt 0.497917 0.667969
vt 0.527083 0.667969
vt 0.556250 0.667969
vt 0.584630 0.667969
vt 0.613091 0.667969
vt 0.637414 0.667969
vt 0.369503 0.721230
vt 0.329980 0.720155
vt 0.477693 0.755399
vt 0.416099 0.755497
vt 0.368550 0.750000
vt 0.331311 0.750000
vt 0.477679 0.795315
vt 0.417636 0.795020
vt 0.201732 0.473855
vt 0.506281 0.724854
vt 0.439607 0.722774
vt 0.041741 0.944224
vt 0.466924 0.721774
vt 0.045713 0.969403
vt 0.491041 0.719554
vt 0.509311 0.718178
vt 0.986858 0.944225
vt 0.986948 0.969912
vt 0.284345 0.475077
vt 0.896090 0.944229
vt 0.895272 0.970404
vt 0.885384 0.991975
vt 0.215193 0.364837
vt 0.284807 0.364837
vt 0.284291 0.405218
vt 0.215709 0.405218
vt 0.022315 0.970731
vt 0.977685 0.970731
vt 0.216247 0.458730
vt 0.283753 0.458730
vt 0.353885 0.362901
vt 0.352827 0.407398
vt 0.934650 0.971274
vt 0.923316 0.951908
vt 0.354305 0.459284
vt 0.889400 0.957393
vt 0.866018 0.993353
vt 0.421629 0.359386
vt 0.905805 0.986108
vt 0.905622 0.984818
vt 0.834434 0.993840
vt 0.448957 0.356313
vt 0.668161 0.514390
vt 0.671023 0.502413
vt 0.667806 0.540402
vt 0.667882 0.567308
vt 0.667882 0.594231
vt 0.667882 0.621154
vt 0.667882 0.648077
vt 0.667882 0.675000
vt 0.667882 0.701923
vt 0.972700 0.205472
vt 0.720370 0.514151
vt 0.720955 0.540433
vt 0.721026 0.567308
vt 0.721026 0.594231
vt 0.721026 0.621154
vt 0.721026 0.648077
vt 0.721026 0.675000
vt 0.721026 0.701923
vt 0.972450 0.330248
vt 0.803055 0.514011
vt 0.802115 0.540428
vt 0.802037 0.567308
vt 0.802036 0.594231
vt 0.802036 0.621154
vt 0.802036 0.648077
vt 0.802036 0.675000
vt 0.802036 0.701923
vt 0.667882 0.728846
vt 0.667882 0.755769
vt 0.667882 0.782692
vt 0.667882 0.809615
vt 0.667882 0.836538
vt 0.667882 0.863461
vt 0.667882 0.890385
vt 0.667882 0.917308
vt 0.721026 0.728846
vt 0.721026 0.755769
vt 0.721026 0.782692
vt 0.721026 0.809615
vt 0.721026 0.836538
vt 0.721026 0.863461
vt 0.721026 0.890385
vt 0.721026 0.917308
vt 0.802036 0.728846
vt 0.802036 0.755769
vt 0.802036 0.782692
vt 0.802036 0.809615
vt 0.802036 0.836539
vt 0.802036 0.863461
vt 0.802036 0.890385
vt 0.802036 0.917308
vt 0.667882 0.944231
vt 0.668330 0.970451
vt 0.671270 0.987211
vt 0.721026 0.944231
vt 0.720738 0.970610
vt 0.719596 0.992222
vt 0.802036 0.944231
vt 0.802470 0.970712
vt 0.803986 0.989544
vt 0.842587 0.504354
vt 0.843383 0.514205
vt 0.843766 0.540434
vt 0.843808 0.567308
vt 0.843808 0.594231
vt 0.843808 0.621154
vt 0.843808 0.648077
vt 0.843808 0.675000
vt 0.843808 0.701923
vt 0.843808 0.728846
vt 0.843808 0.755769
vt 0.843808 0.782692
vt 0.843809 0.809615
vt 0.843808 0.836538
vt 0.843808 0.863462
vt 0.843808 0.890385
vt 0.843809 0.917308
vt 0.843808 0.944231
vt 0.843580 0.970597
vt 0.842868 0.983614
vt 0.277344 0.678125
vt 0.277344 0.719906
vt 0.277344 0.750000
vt 0.477679 0.847656
vt 0.417991 0.847656
vt 0.222656 0.678125
vt 0.222656 0.719906
vt 0.222656 0.750000
vt 0.477679 0.902344
vt 0.417991 0.902344
vt 0.902465 0.329610
vt 0.901885 0.205338
vt 0.776702 0.329430
vt 0.651900 0.329964
vt 0.777105 0.205326
vt 0.777035 0.079817
vt 0.652396 0.205667
vt 0.145695 0.459284
vt 0.147173 0.407398
vt 0.065350 0.971274
vt 0.781244 0.719244
vt 0.146115 0.362901
vt 0.145022 0.318559
vt 0.094379 0.984818
vt 0.133982 0.993353
vt 0.094195 0.986108
vt 0.076684 0.951908
vt 0.110600 0.957393
vt 0.065452 0.916335
vt 0.078371 0.359386
vt 0.077864 0.319446
vt 0.799815 0.730858
vt 0.051043 0.356313
vt 0.037236 0.324587
vt 0.165566 0.993840
vt 0.153417 0.965244
vt 0.177626 0.973362
vt 0.144262 0.938494
vt 0.129116 0.897984
vt 0.791016 0.667969
vt 0.791016 0.678906
vt 0.790964 0.689871
vt 0.790470 0.701404
vt 0.818359 0.667969
vt 0.818359 0.678906
vt 0.818351 0.689847
vt 0.817902 0.701064
vt 0.815998 0.713008
vt 0.845163 0.667969
vt 0.845163 0.678906
vt 0.845163 0.689844
vt 0.845026 0.700836
vt 0.844252 0.712072
vt 0.841165 0.723767
vt 0.823076 0.737705
vt 0.862586 0.667969
vt 0.862586 0.678906
vt 0.862586 0.689844
vt 0.862586 0.700781
vt 0.862389 0.711773
vt 0.861601 0.722865
vt 0.860400 0.733922
vt 0.613091 0.082031
vt 0.584630 0.082031
vt 0.556250 0.082031
vt 0.527083 0.082031
vt 0.497917 0.082031
vt 0.468750 0.082031
vt 0.439583 0.082031
vt 0.412120 0.082031
vt 0.613091 0.071094
vt 0.584630 0.071094
vt 0.556250 0.071094
vt 0.527083 0.071094
vt 0.497917 0.071094
vt 0.468750 0.071094
vt 0.439583 0.071094
vt 0.412120 0.071094
vt 0.613091 0.060156
vt 0.584630 0.060156
vt 0.556246 0.060155
vt 0.527069 0.060148
vt 0.497899 0.060136
vt 0.468743 0.060127
vt 0.439584 0.060124
vt 0.412132 0.060128
vt 0.613091 0.049219
vt 0.584630 0.049219
vt 0.556179 0.049195
vt 0.526933 0.049120
vt 0.497813 0.049030
vt 0.468726 0.048982
vt 0.439585 0.048979
vt 0.412059 0.048837
vt 0.613091 0.038281
vt 0.584630 0.038281
vt 0.556003 0.038244
vt 0.526837 0.038259
vt 0.496987 0.041408
vt 0.468626 0.041195
vt 0.439593 0.041158
vt 0.411845 0.040730
vt 0.613113 0.027328
vt 0.584660 0.027332
vt 0.555829 0.027328
vt 0.535239 0.027069
vt 0.509311 0.031822
vt 0.506281 0.025146
vt 0.491041 0.030446
vt 0.466924 0.028226
vt 0.439607 0.027226
vt 0.411806 0.026545
vt 0.612922 0.016391
vt 0.584806 0.016486
vt 0.555696 0.016519
vt 0.534561 0.016493
vt 0.501621 0.016076
vt 0.298268 0.473855
vt 0.954288 0.969403
vt 0.958259 0.944224
vt 0.958519 0.917388
vt 0.322707 0.326171
vt 0.215655 0.475077
vt 0.228976 0.324567
vt 0.013052 0.969912
vt 0.013142 0.944225
vt 0.013145 0.917312
vt 0.114616 0.991975
vt 0.098722 0.329129
vt 0.104728 0.970403
vt 0.103910 0.944229
vt 0.103908 0.917309
vt 0.157132 0.983614
vt 0.196014 0.989544
vt 0.156420 0.970597
vt 0.156192 0.944231
vt 0.156192 0.917308
vt 0.208984 0.667969
vt 0.208984 0.678906
vt 0.208984 0.689844
vt 0.208984 0.700781
vt 0.208984 0.711719
vt 0.208984 0.722656
vt 0.208984 0.733594
vt 0.181641 0.667969
vt 0.181641 0.678906
vt 0.181641 0.689844
vt 0.181641 0.700781
vt 0.181506 0.711773
vt 0.181021 0.722799
vt 0.180506 0.733660
vt 0.154376 0.667969
vt 0.154376 0.678906
vt 0.154376 0.689844
vt 0.154195 0.700820
vt 0.153389 0.712051
vt 0.150899 0.723563
vt 0.145926 0.734255
vt 0.143593 0.667969
vt 0.143593 0.678906
vt 0.143580 0.689847
vt 0.142935 0.701130
vt 0.131173 0.713588
vt 0.861652 0.876100
vt 0.797966 0.861353
vt 0.379398 0.082031
vt 0.379398 0.071094
vt 0.379387 0.060162
vt 0.379594 0.049423
vt 0.384140 0.041141
vt 0.391558 0.023813
vt 0.399673 0.017911
vt 0.938563 0.866021
vt 0.866964 0.837499
vt 0.936057 0.836949
vt 0.800687 0.837450
vt 0.867529 0.809633
vt 0.936803 0.809620
vt 0.800664 0.809650
vt 0.867560 0.782692
vt 0.936811 0.782692
vt 0.800696 0.782692
vt 0.867560 0.755769
vt 0.936810 0.755769
vt 0.800696 0.755769
vt 0.867560 0.728846
vt 0.936810 0.728846
vt 0.800696 0.728846
vt 0.867560 0.701923
vt 0.936810 0.701923
vt 0.800696 0.701923
vt 0.960894 0.891323
vt 0.013684 0.890475
vt 0.014876 0.863661
vt 0.015921 0.836655
vt 0.016286 0.809617
vt 0.016292 0.782692
vt 0.016292 0.755769
vt 0.016292 0.728846
vt 0.016292 0.701923
vt 0.103916 0.890386
vt 0.103924 0.863463
vt 0.103928 0.836539
vt 0.103929 0.809615
vt 0.103929 0.782692
vt 0.103929 0.755769
vt 0.103929 0.728846
vt 0.103929 0.701923
vt 0.156192 0.890385
vt 0.156192 0.863461
vt 0.156192 0.836538
vt 0.156192 0.809615
vt 0.156192 0.782692
vt 0.156192 0.755769
vt 0.156192 0.728846
vt 0.156192 0.701923
vt 0.867560 0.675000
vt 0.936811 0.675000
vt 0.800696 0.675000
vt 0.867560 0.648077
vt 0.936811 0.648077
vt 0.800696 0.648077
vt 0.867560 0.621154
vt 0.936811 0.621154
vt 0.800696 0.621154
vt 0.867560 0.594231
vt 0.936810 0.594231
vt 0.800696 0.594231
vt 0.867560 0.567308
vt 0.936810 0.567308
vt 0.800696 0.567308
vt 0.867636 0.540506
vt 0.936752 0.540484
vt 0.800849 0.540569
vt 0.867648 0.514596
vt 0.934941 0.514559
vt 0.803065 0.514538
vt 0.923681 0.407247
vt 0.846849 0.426665
vt 0.936145 0.329374
vt 0.016292 0.675000
vt 0.016292 0.648077
vt 0.016292 0.621154
vt 0.016292 0.594231
vt 0.016292 0.567308
vt 0.016299 0.540533
vt 0.017034 0.514899
vt 0.723999 0.435610
vt 0.103929 0.675000
vt 0.103929 0.648077
vt 0.103929 0.621154
vt 0.103929 0.594231
vt 0.103929 0.567308
vt 0.104068 0.540464
vt 0.106720 0.514367
vt 0.597873 0.413867
vt 0.156192 0.675000
vt 0.156192 0.648077
vt 0.156192 0.621154
vt 0.156192 0.594231
vt 0.156192 0.567308
vt 0.156234 0.540434
vt 0.156617 0.514205
vt 0.157413 0.504354
vt 0.145006 0.255488
vt 0.145122 0.215168
vt 0.146392 0.158610
vt 0.148128 0.103490
vt 0.147703 0.067668
vt 0.428828 0.993038
vt 0.434233 0.959040
vt 0.464774 0.959679
vt 0.449747 0.891096
vt 0.611662 0.319255
vt 0.808935 0.529725
vt 0.809335 0.560268
vt 0.078494 0.254908
vt 0.078037 0.214898
vt 0.079446 0.163050
vt 0.365294 0.991966
vt 0.397452 0.999534
vt 0.402924 0.991136
vt 0.400268 0.954891
vt 0.448279 0.866845
vt 0.611404 0.280411
vt 0.846777 0.529909
vt 0.846822 0.560268
vt 0.248400 0.999641
vt 0.165426 0.926389
vt 0.042414 0.212396
vt 0.028625 0.168926
vt 0.332499 0.976792
vt 0.328159 0.942819
vt 0.351210 0.947317
vt 0.372783 0.918893
vt 0.343603 0.915303
vt 0.467924 0.852402
vt 0.336271 0.881294
vt 0.361965 0.867481
vt 0.414272 0.839863
vt 0.326531 0.834334
vt 0.355323 0.840145
vt 0.375539 0.807612
vt 0.351021 0.803919
vt 0.576706 0.290369
vt 0.543603 0.309669
vt 0.506337 0.337922
vt 0.345899 0.763828
vt 0.375077 0.767488
vt 0.392184 0.759316
vt 0.616023 0.244170
vt 0.617689 0.220618
vt 0.587422 0.248403
vt 0.548220 0.250813
vt 0.508502 0.251492
vt 0.466680 0.287323
vt 0.617731 0.189732
vt 0.225319 0.949626
vt 0.201397 0.905941
vt 0.170093 0.848973
vt 0.286636 0.967508
vt 0.263630 0.925752
vt 0.240246 0.882317
vt 0.208864 0.834774
vt 0.302434 0.901543
vt 0.278912 0.858204
vt 0.255833 0.815197
vt 0.296450 0.790125
vt 0.586619 0.219997
vt 0.548277 0.219908
vt 0.508573 0.219922
vt 0.468683 0.220090
vt 0.586467 0.189732
vt 0.548295 0.189732
vt 0.508547 0.189713
vt 0.468795 0.189658
vt 0.456778 0.903843
vt 0.066093 0.528158
vt 0.413265 0.914748
vt 0.648212 0.415047
vt 0.646033 0.363888
vt 0.645120 0.324821
vt 0.645027 0.262219
vt 0.645139 0.215055
vt 0.645629 0.174684
vt 0.648077 0.108859
vt 0.482167 0.926405
vt 0.496877 0.889145
vt 0.072590 0.562840
vt 0.106413 0.561495
vt 0.441842 0.941117
vt 0.411675 0.942864
vt 0.101975 0.524516
vt 0.575661 0.409057
vt 0.578217 0.363606
vt 0.578730 0.326332
vt 0.577922 0.261184
vt 0.577367 0.215968
vt 0.578276 0.173856
vt 0.579154 0.116290
vt 0.530182 0.952215
vt 0.106484 0.667365
vt 0.131338 0.644055
vt 0.157205 0.645348
vt 0.499710 0.967243
vt 0.514042 0.915205
vt 0.132403 0.600351
vt 0.469879 0.970234
vt 0.440090 0.971248
vt 0.410989 0.971849
vt 0.154291 0.603185
vt 0.151809 0.566184
vt 0.177392 0.572763
vt 0.144917 0.539989
vt 0.167077 0.527450
vt 0.162713 0.503704
vt 0.546176 0.365967
vt 0.196341 0.506348
vt 0.533820 0.254732
vt 0.546914 0.217911
vt 0.354650 0.589630
vt 0.359876 0.566640
vt 0.402862 0.581522
vt 0.151926 0.555559
vt 0.328241 0.543318
vt 0.351858 0.550589
vt 0.370665 0.523683
vt 0.341502 0.518017
vt 0.302914 0.501173
vt 0.337579 0.510152
vt 0.857497 0.744177
vt 0.852458 0.749560
vt 0.612631 0.983477
vt 0.189820 0.798306
vt 0.232759 0.773142
vt 0.585700 0.987372
vt 0.147874 0.769842
vt 0.210207 0.730377
vt 0.555982 0.989370
vt 0.558909 0.951322
vt 0.187122 0.686864
vt 0.526311 0.995430
vt 0.495807 0.998586
vt 0.672873 0.970535
vt 0.666802 0.944284
vt 0.665645 0.917655
vt 0.273873 0.746991
vt 0.251764 0.703593
vt 0.229489 0.660173
vt 0.207124 0.616900
vt 0.315462 0.721210
vt 0.291490 0.678238
vt 0.268577 0.635187
vt 0.245907 0.592062
vt 0.223614 0.550525
vt 0.365522 0.693287
vt 0.335777 0.653509
vt 0.308558 0.610946
vt 0.284542 0.568162
vt 0.262386 0.525752
vt 0.428926 0.220525
vt 0.389894 0.221317
vt 0.429445 0.189709
vt 0.390712 0.189997
vt 0.613338 0.005811
vt 0.585187 0.006223
vt 0.555709 0.006249
vt 0.533997 0.006727
vt 0.465133 0.237381
vt 0.447849 0.209426
vt 0.347481 0.066042
vt 0.591650 0.970158
vt 0.591411 0.944222
vt 0.591280 0.917343
vt 0.317163 0.212732
vt 0.226457 0.208099
vt 0.224208 0.083411
vt 0.482231 0.989912
vt 0.538870 0.988001
vt 0.546676 0.970411
vt 0.547998 0.944228
vt 0.548014 0.917308
vt 0.482034 0.970783
vt 0.482119 0.944231
vt 0.482119 0.917308
vt 0.103308 0.206882
vt 0.385010 0.996991
vt 0.437695 0.986260
vt 0.434775 0.970526
vt 0.434144 0.944231
vt 0.434144 0.917308
vt 0.280404 0.992222
vt 0.328730 0.987211
vt 0.331670 0.970451
vt 0.385447 0.970512
vt 0.332118 0.944231
vt 0.385379 0.944231
vt 0.332118 0.917308
vt 0.385379 0.917308
vt 0.208984 0.744498
vt 0.208987 0.747642
vt 0.382467 0.915893
vt 0.180618 0.744306
vt 0.180938 0.747305
vt 0.382260 0.943389
vt 0.146609 0.743121
vt 0.149076 0.745651
vt 0.382213 0.971681
vt 0.728261 0.861711
vt 0.664991 0.867021
vt 0.664205 0.891589
vt 0.723053 0.837263
vt 0.722560 0.809656
vt 0.722533 0.782692
vt 0.722533 0.755769
vt 0.722533 0.728846
vt 0.722533 0.701923
vt 0.644858 0.836866
vt 0.643998 0.809630
vt 0.643959 0.782692
vt 0.643959 0.755769
vt 0.643959 0.728846
vt 0.643959 0.701923
vt 0.590457 0.890565
vt 0.589529 0.863706
vt 0.588933 0.836641
vt 0.588489 0.809616
vt 0.588480 0.782692
vt 0.588480 0.755769
vt 0.588480 0.728846
vt 0.588480 0.701923
vt 0.547953 0.890395
vt 0.547776 0.863481
vt 0.547609 0.836547
vt 0.547562 0.809615
vt 0.547566 0.782692
vt 0.547566 0.755769
vt 0.547566 0.728846
vt 0.547566 0.701923
vt 0.482119 0.890385
vt 0.482119 0.863462
vt 0.482119 0.836538
vt 0.482119 0.809615
vt 0.482119 0.782692
vt 0.482119 0.755769
vt 0.482119 0.728846
vt 0.482119 0.701923
vt 0.434144 0.890385
vt 0.434144 0.863462
vt 0.434144 0.836538
vt 0.434144 0.809615
vt 0.434144 0.782692
vt 0.434144 0.755769
vt 0.434144 0.728846
vt 0.434144 0.701923
vt 0.332118 0.890385
vt 0.385379 0.890385
vt 0.332118 0.863462
vt 0.385379 0.863462
vt 0.332118 0.836538
vt 0.385379 0.836538
vt 0.332118 0.809615
vt 0.385379 0.809615
vt 0.332118 0.782692
vt 0.385379 0.782692
vt 0.332118 0.755769
vt 0.385379 0.755769
vt 0.332118 0.728846
vt 0.385379 0.728846
vt 0.332118 0.701923
vt 0.385379 0.701923
vt 0.722533 0.675000
vt 0.722533 0.648077
vt 0.722533 0.621154
vt 0.722533 0.594231
vt 0.722533 0.567308
vt 0.722482 0.540623
vt 0.720930 0.514669
vt 0.939228 0.206336
vt 0.643959 0.675000
vt 0.643959 0.648077
vt 0.643959 0.621154
vt 0.643959 0.594231
vt 0.643959 0.567308
vt 0.643800 0.540534
vt 0.644070 0.514637
vt 0.927632 0.116817
vt 0.588480 0.675000
vt 0.588480 0.648077
vt 0.588480 0.621154
vt 0.588480 0.594231
vt 0.588480 0.567308
vt 0.588255 0.540470
vt 0.588756 0.514906
vt 0.846620 0.080357
vt 0.547566 0.675000
vt 0.547566 0.648077
vt 0.547566 0.621154
vt 0.547566 0.594231
vt 0.547567 0.567308
vt 0.547434 0.540408
vt 0.545760 0.514475
vt 0.537951 0.501797
vt 0.482119 0.675000
vt 0.482119 0.648077
vt 0.482119 0.621154
vt 0.482119 0.594231
vt 0.482119 0.567308
vt 0.482119 0.540385
vt 0.482024 0.513924
vt 0.481784 0.500770
vt 0.434144 0.675000
vt 0.434144 0.648077
vt 0.434144 0.621154
vt 0.434144 0.594231
vt 0.434144 0.567308
vt 0.434144 0.540385
vt 0.434862 0.514264
vt 0.437749 0.502983
vt 0.332118 0.675000
vt 0.385379 0.675000
vt 0.332118 0.648077
vt 0.385379 0.648077
vt 0.332118 0.621154
vt 0.385379 0.621154
vt 0.332118 0.594231
vt 0.385379 0.594231
vt 0.332118 0.567308
vt 0.385379 0.567308
vt 0.332195 0.540402
vt 0.385379 0.540385
vt 0.331839 0.514390
vt 0.385460 0.514292
vt 0.328977 0.502413
vt 0.607903 0.088414
vt 0.809335 0.591518
vt 0.809335 0.622768
vt 0.809335 0.654018
vt 0.809336 0.685268
vt 0.809365 0.714767
vt 0.809752 0.747162
vt 0.583439 0.934239
vt 0.559483 0.933609
vt 0.827746 0.570457
vt 0.830470 0.631674
vt 0.846822 0.591518
vt 0.846822 0.622768
vt 0.846822 0.654018
vt 0.846822 0.685268
vt 0.847115 0.715275
vt 0.850602 0.747438
vt 0.579644 0.966973
vt 0.560138 0.952084
vt 0.853763 0.557405
vt 0.856937 0.631904
vt 0.617731 0.158482
vt 0.617731 0.127232
vt 0.617731 0.095982
vt 0.617731 0.064732
vt 0.617662 0.033872
vt 0.616017 0.009897
vt 0.587307 0.007527
vt 0.546884 0.001420
vt 0.553569 0.972825
vt 0.525003 0.970397
vt 0.597655 0.197028
vt 0.596024 0.165771
vt 0.599970 0.116560
vt 0.539662 0.193371
vt 0.538871 0.164597
vt 0.538866 0.117248
vt 0.586467 0.158482
vt 0.548295 0.158482
vt 0.508523 0.158482
vt 0.468750 0.158482
vt 0.586467 0.127232
vt 0.548295 0.127232
vt 0.508523 0.127232
vt 0.468750 0.127232
vt 0.586467 0.095982
vt 0.548295 0.095982
vt 0.508523 0.095982
vt 0.468750 0.095982
vt 0.586467 0.064732
vt 0.548295 0.064732
vt 0.508523 0.064732
vt 0.468750 0.064732
vt 0.586626 0.034481
vt 0.548174 0.034507
vt 0.508422 0.034340
vt 0.468748 0.034261
vt 0.508408 0.003371
vt 0.468746 0.003360
vt 0.638833 0.048461
vt 0.438451 0.508459
vt 0.200136 0.571408
vt 0.192154 0.619794
vt 0.190704 0.653837
vt 0.190647 0.686166
vt 0.168648 0.503802
vt 0.169561 0.547140
vt 0.170076 0.590581
vt 0.170264 0.634343
vt 0.418796 0.554866
vt 0.159221 0.586219
vt 0.152834 0.621611
vt 0.151770 0.654065
vt 0.152261 0.685721
vt 0.153511 0.716765
vt 0.154882 0.746593
vt 0.125549 0.590154
vt 0.130140 0.634209
vt 0.137362 0.590316
vt 0.134580 0.622506
vt 0.134034 0.654051
vt 0.134359 0.685373
vt 0.135125 0.716103
vt 0.136270 0.736609
vt 0.389922 0.001756
vt 0.421099 0.199681
vt 0.426368 0.169417
vt 0.444094 0.192958
vt 0.479689 0.192609
vt 0.478588 0.163909
vt 0.478033 0.117084
vt 0.419192 0.116679
vt 0.429603 0.158520
vt 0.390886 0.158586
vt 0.429651 0.127232
vt 0.390985 0.127233
vt 0.429651 0.095982
vt 0.390987 0.095982
vt 0.429651 0.064732
vt 0.390987 0.064732
vt 0.429660 0.034266
vt 0.390852 0.033922
vt 0.429250 0.003307
vt 0.830749 0.678125
vt 0.830932 0.720959
vt 0.830777 0.739994
vt 0.600187 0.955941
vt 0.539214 0.954797
vt 0.857358 0.678096
vt 0.856895 0.720697
vt 0.855798 0.739627
vt 0.602248 0.993990
vt 0.539821 0.994593
vt 0.599913 0.071932
vt 0.538739 0.072081
vt 0.600611 0.028959
vt 0.539093 0.030454
vt 0.170315 0.678125
vt 0.170020 0.720154
vt 0.168689 0.750000
vt 0.477679 0.954685
vt 0.417636 0.954980
vt 0.130398 0.678114
vt 0.130497 0.721230
vt 0.131450 0.750000
vt 0.477693 0.994601
vt 0.416099 0.994503
vt 0.477963 0.072081
vt 0.418634 0.071981
vt 0.477824 0.030542
vt 0.417849 0.029994
vt 0.197530 0.970713
vt 0.197964 0.944231
vt 0.197964 0.917308
vt 0.197964 0.890385
vt 0.197964 0.863462
vt 0.197964 0.836539
vt 0.197964 0.809615
vt 0.197964 0.782692
vt 0.197964 0.755769
vt 0.197964 0.728846
vt 0.197964 0.701923
vt 0.197964 0.675000
vt 0.197964 0.648077
vt 0.197964 0.621154
vt 0.197964 0.594231
vt 0.197964 0.567308
vt 0.197885 0.540428
vt 0.196945 0.514011
vt 0.527550 0.330248
vt 0.279262 0.970610
vt 0.278974 0.944231
vt 0.278974 0.917308
vt 0.278974 0.890385
vt 0.278974 0.863462
vt 0.278974 0.836539
vt 0.278974 0.809615
vt 0.278974 0.782692
vt 0.278974 0.755769
vt 0.278974 0.728846
vt 0.278974 0.701923
vt 0.278974 0.675000
vt 0.278974 0.648077
vt 0.278974 0.621154
vt 0.278974 0.594231
vt 0.278974 0.567308
vt 0.279045 0.540433
vt 0.279630 0.514151
vt 0.527300 0.205472
vt 0.848101 0.329964
vt 0.723298 0.329430
vt 0.597535 0.329610
vt 0.847604 0.205667
vt 0.722895 0.205326
vt 0.722965 0.079817
vt 0.598115 0.205338
s 0
f 1616/1/1 1411/2/1 1408/3/1 1613/4/1
f 1411/2/2 1616/1/2 1615/5/2 1410/6/2
f 1615/5/3 1616/1/3 1613/4/3 1612/7/3
f 1410/6/4 1615/5/4 1614/8/4 1409/9/4
f 1614/8/5 1615/5/5 1612/7/5 1611/10/5
f 1409/9/6 1614/8/6 1604/11/6 1271/12/6
f 1604/11/7 1614/8/7 1611/10/7 1596/13/7
f 1613/4/8 1408/3/8 1407/14/8 1610/15/8
f 1612/7/9 1613/4/9 1610/15/9 1609/16/9
f 1611/10/10 1612/7/10 1609/16/10 1608/17/10
f 1596/13/11 1611/10/11 1608/17/11 1588/18/11
f 1610/15/12 1407/14/12 1406/19/12 1607/20/12
f 1609/16/13 1610/15/13 1607/20/13 1606/21/13
f 1608/17/14 1609/16/14 1606/21/14 1605/22/14
f 1588/18/15 1608/17/15 1605/22/15 1580/23/15
f 1607/20/16 1406/19/16 1405/24/16 1606/21/16
f 1606/21/17 1405/24/17 1404/25/17 1605/22/17
f 1605/22/18 1404/25/18 1263/26/18 1580/23/18
f 1271/12/6 1604/11/6 1603/27/6 1270/28/6
f 1603/27/7 1604/11/7 1596/13/7 1595/29/7
f 1270/28/6 1603/27/6 1602/30/6 1269/31/6
f 1602/30/7 1603/27/7 1595/29/7 1594/32/7
f 1269/31/6 1602/30/6 1601/33/6 1268/34/6
f 1601/33/7 1602/30/7 1594/32/7 1593/35/7
f 1268/34/6 1601/33/6 1600/36/6 1267/37/6
f 1600/36/7 1601/33/7 1593/35/7 1592/38/7
f 1267/37/6 1600/36/6 1599/39/6 1266/40/6
f 1599/39/7 1600/36/7 1592/38/7 1591/41/7
f 1266/40/6 1599/39/6 1598/42/6 1265/43/6
f 1598/42/7 1599/39/7 1591/41/7 1590/44/7
f 1265/43/6 1598/42/6 1597/45/6 1264/46/6
f 1597/45/7 1598/42/7 1590/44/7 1589/47/7
f 1264/46/6 1597/45/6 1572/48/6 1128/49/6
f 1572/48/7 1597/45/7 1589/47/7 1564/50/7
f 1595/29/11 1596/13/11 1588/18/11 1587/51/11
f 1594/32/11 1595/29/11 1587/51/11 1586/52/11
f 1593/35/11 1594/32/11 1586/52/11 1585/53/11
f 1592/38/11 1593/35/11 1585/53/11 1584/54/11
f 1591/41/11 1592/38/11 1584/54/11 1583/55/11
f 1590/44/11 1591/41/11 1583/55/11 1582/56/11
f 1589/47/11 1590/44/11 1582/56/11 1581/57/11
f 1564/50/11 1589/47/11 1581/57/11 1556/58/11
f 1587/51/15 1588/18/15 1580/23/15 1579/59/15
f 1586/52/15 1587/51/15 1579/59/15 1578/60/15
f 1585/53/15 1586/52/15 1578/60/15 1577/61/15
f 1584/54/15 1585/53/15 1577/61/15 1576/62/15
f 1583/55/15 1584/54/15 1576/62/15 1575/63/15
f 1582/56/15 1583/55/15 1575/63/15 1574/64/15
f 1581/57/15 1582/56/15 1574/64/15 1573/65/15
f 1556/58/15 1581/57/15 1573/65/15 1548/66/15
f 1580/23/18 1263/26/18 1262/67/18 1579/59/18
f 1579/59/18 1262/67/18 1261/68/18 1578/60/18
f 1578/60/18 1261/68/18 1260/69/18 1577/61/18
f 1577/61/18 1260/69/18 1259/70/18 1576/62/18
f 1576/62/18 1259/70/18 1258/71/18 1575/63/18
f 1575/63/18 1258/71/18 1257/72/18 1574/64/18
f 1574/64/18 1257/72/18 1256/73/18 1573/65/18
f 1573/65/18 1256/73/18 1120/74/18 1548/66/18
f 1128/49/6 1572/48/6 1571/75/6 1127/76/6
f 1571/75/7 1572/48/7 1564/50/7 1563/77/7
f 1127/76/6 1571/75/6 1570/78/6 1126/79/6
f 1570/78/7 1571/75/7 1563/77/7 1562/80/7
f 1126/79/6 1570/78/6 1569/81/6 1125/82/6
f 1569/81/7 1570/78/7 1562/80/7 1561/83/7
f 1125/82/6 1569/81/6 1568/84/6 1124/85/6
f 1568/84/7 1569/81/7 1561/83/7 1560/86/7
f 1124/85/6 1568/84/6 1567/87/6 1123/88/6
f 1567/87/7 1568/84/7 1560/86/7 1559/89/7
f 1123/88/19 1567/87/19 1566/90/19 1122/91/19
f 1566/90/20 1567/87/20 1559/89/20 1558/92/20
f 1122/91/21 1566/90/21 1565/93/21 1121/94/21
f 1565/93/22 1566/90/22 1558/92/22 1557/95/22
f 1121/94/23 1565/93/23 872/96/23 867/97/23
f 872/96/24 1565/93/24 1557/95/24 871/98/24
f 1563/77/11 1564/50/11 1556/58/11 1555/99/11
f 1562/80/11 1563/77/11 1555/99/11 1554/100/11
f 1561/83/11 1562/80/11 1554/100/11 1553/101/11
f 1560/86/11 1561/83/11 1553/101/11 1552/102/11
f 1559/89/11 1560/86/11 1552/102/11 1551/103/11
f 1558/92/25 1559/89/25 1551/103/25 1550/104/25
f 1557/95/26 1558/92/26 1550/104/26 1549/105/26
f 871/98/27 1557/95/27 1549/105/27 870/106/27
f 1555/99/15 1556/58/15 1548/66/15 1547/107/15
f 1554/100/15 1555/99/15 1547/107/15 1546/108/15
f 1553/101/15 1554/100/15 1546/108/15 1545/109/15
f 1552/102/15 1553/101/15 1545/109/15 1544/110/15
f 1551/103/15 1552/102/15 1544/110/15 1543/111/15
f 1550/104/28 1551/103/28 1543/111/28 1542/112/28
f 1549/105/29 1550/104/29 1542/112/29 1541/113/29
f 870/106/30 1549/105/30 1541/113/30 869/114/30
f 1548/66/18 1120/74/18 1119/115/18 1547/107/18
f 1547/107/18 1119/115/18 1118/116/18 1546/108/18
f 1546/108/18 1118/116/18 1117/117/18 1545/109/18
f 1545/109/18 1117/117/18 1116/118/18 1544/110/18
f 1544/110/18 1116/118/18 1115/119/18 1543/111/18
f 1543/111/31 1115/119/31 1114/120/31 1542/112/31
f 1542/112/32 1114/120/32 1113/121/32 1541/113/32
f 1541/113/33 1113/121/33 864/122/33 869/114/33
f 1540/123/34 1530/124/34 1526/125/34 1537/126/34
f 1530/124/35 1540/123/35 1500/127/35 1468/128/35
f 1500/127/36 1540/123/36 1537/126/36 1494/129/36
f 1539/130/37 1528/131/37 1522/132/37 1534/133/37
f 1528/131/38 1539/130/38 1538/134/38 1527/135/38
f 1538/134/39 1539/130/39 1534/133/39 1533/136/39
f 1527/135/40 1538/134/40 1537/126/40 1526/125/40
f 1537/126/41 1538/134/41 1533/136/41 1532/137/41
f 1494/129/42 1537/126/42 1532/137/42 1490/138/42
f 1536/139/43 1524/140/43 1424/141/43 1437/142/43
f 1524/140/44 1536/139/44 1535/143/44 1523/144/44
f 1535/143/45 1536/139/45 1437/142/45 1436/145/45
f 1523/144/46 1535/143/46 1534/133/46 1522/132/46
f 1534/133/47 1535/143/47 1436/145/47 1435/146/47
f 1533/136/48 1534/133/48 1435/146/48 1434/147/48
f 1532/137/49 1533/136/49 1434/147/49 1433/148/49
f 1490/138/50 1532/137/50 1433/148/50 1308/149/50
f 1531/150/51 808/151/51 804/152/51 1527/135/51
f 808/151/52 1531/150/52 1530/124/52 807/153/52
f 1530/124/53 1531/150/53 1527/135/53 1526/125/53
f 807/153/54 1530/124/54 1468/128/54 770/154/54
f 1529/155/55 806/156/55 800/157/55 1523/144/55
f 806/156/56 1529/155/56 1528/131/56 805/158/56
f 1528/131/57 1529/155/57 1523/144/57 1522/132/57
f 805/158/58 1528/131/58 1527/135/58 804/152/58
f 1525/159/59 802/160/59 705/161/59 1425/162/59
f 802/160/60 1525/159/60 1524/140/60 801/163/60
f 1524/140/61 1525/159/61 1425/162/61 1424/141/61
f 801/163/62 1524/140/62 1523/144/62 800/157/62
f 1521/164/63 1487/165/63 1484/166/63 1519/167/63
f 1487/165/64 1521/164/64 1456/168/64 1446/169/64
f 1456/168/65 1521/164/65 1519/167/65 1454/170/65
f 1520/171/66 1485/172/66 1480/173/66 1516/174/66
f 1485/172/67 1520/171/67 1519/167/67 1484/166/67
f 1519/167/68 1520/171/68 1516/174/68 1515/175/68
f 1454/170/69 1519/167/69 1515/175/69 1451/176/69
f 1518/177/70 1482/178/70 1476/179/70 1512/180/70
f 1482/178/71 1518/177/71 1517/181/71 1481/182/71
f 1517/181/72 1518/177/72 1512/180/72 1511/183/72
f 1481/182/73 1517/181/73 1516/174/73 1480/173/73
f 1516/174/74 1517/181/74 1511/183/74 1510/184/74
f 1515/175/75 1516/174/75 1510/184/75 1509/185/75
f 1451/176/76 1515/175/76 1509/185/76 1448/186/76
f 1514/187/77 1478/188/77 1472/189/77 1506/190/77
f 1478/188/78 1514/187/78 1513/191/78 1477/192/78
f 1513/191/79 1514/187/79 1506/190/79 1505/193/79
f 1477/192/80 1513/191/80 1512/180/80 1476/179/80
f 1512/180/81 1513/191/81 1505/193/81 1504/194/81
f 1511/183/82 1512/180/82 1504/194/82 1503/195/82
f 1510/184/83 1511/183/83 1503/195/83 1502/196/83
f 1509/185/84 1510/184/84 1502/196/84 1501/197/84
f 1475/198/85 1509/185/85 1501/197/85 1469/199/85
f 1509/185/86 1475/198/86 1440/200/86 1448/186/86
f 1508/201/87 1474/202/87 1468/128/87 1500/127/87
f 1474/202/88 1508/201/88 1507/203/88 1473/204/88
f 1507/203/89 1508/201/89 1500/127/89 1499/205/89
f 1473/204/90 1507/203/90 1506/190/90 1472/189/90
f 1506/190/91 1507/203/91 1499/205/91 1498/206/91
f 1505/193/92 1506/190/92 1498/206/92 1497/207/92
f 1504/194/93 1505/193/93 1497/207/93 1496/208/93
f 1503/195/94 1504/194/94 1496/208/94 1495/209/94
f 1471/210/95 1503/195/95 1495/209/95 1465/211/95
f 1503/195/96 1471/210/96 1470/212/96 1502/196/96
f 1502/196/97 1470/212/97 1469/199/97 1501/197/97
f 1499/205/98 1500/127/98 1494/129/98 1493/213/98
f 1498/206/99 1499/205/99 1493/213/99 1492/214/99
f 1497/207/100 1498/206/100 1492/214/100 1491/215/100
f 1467/216/101 1497/207/101 1491/215/101 1462/217/101
f 1497/207/102 1467/216/102 1466/218/102 1496/208/102
f 1496/208/103 1466/218/103 1465/211/103 1495/209/103
f 1493/213/104 1494/129/104 1490/138/104 1489/219/104
f 1492/214/105 1493/213/105 1489/219/105 1488/220/105
f 1463/221/106 1492/214/106 1488/220/106 1458/222/106
f 1492/214/107 1463/221/107 1462/217/107 1491/215/107
f 1460/223/108 1490/138/108 1308/149/108 1294/224/108
f 1490/138/109 1460/223/109 1459/225/109 1489/219/109
f 1489/219/110 1459/225/110 1458/222/110 1488/220/110
f 1487/165/111 789/226/111 786/227/111 1484/166/111
f 789/226/112 1487/165/112 1446/169/112 724/228/112
f 1486/229/113 788/230/113 783/231/113 1481/182/113
f 788/230/114 1486/229/114 1485/172/114 787/232/114
f 1485/172/115 1486/229/115 1481/182/115 1480/173/115
f 787/232/116 1485/172/116 1484/166/116 786/227/116
f 1483/233/117 785/234/117 779/235/117 1477/192/117
f 785/234/118 1483/233/118 1482/178/118 784/236/118
f 1482/178/119 1483/233/119 1477/192/119 1476/179/119
f 784/236/120 1482/178/120 1481/182/120 783/231/120
f 1479/237/121 781/238/121 775/239/121 1473/204/121
f 781/238/122 1479/237/122 1478/188/122 780/240/122
f 1478/188/123 1479/237/123 1473/204/123 1472/189/123
f 780/240/124 1478/188/124 1477/192/124 779/235/124
f 1440/200/125 1475/198/125 1469/199/125 1438/241/125
f 1474/202/126 776/242/126 770/154/126 1468/128/126
f 776/242/127 1474/202/127 1473/204/127 775/239/127
f 1470/212/128 1471/210/128 1465/211/128 1464/243/128
f 772/244/129 1470/212/129 1464/243/129 766/245/129
f 1470/212/130 772/244/130 771/246/130 1469/199/130
f 1469/199/131 771/246/131 716/247/131 1438/241/131
f 1466/218/132 1467/216/132 1462/217/132 1461/248/132
f 768/249/133 1466/218/133 1461/248/133 763/250/133
f 1466/218/134 768/249/134 767/251/134 1465/211/134
f 1465/211/135 767/251/135 766/245/135 1464/243/135
f 1462/217/136 1463/221/136 1458/222/136 1457/252/136
f 764/253/137 1462/217/137 1457/252/137 759/254/137
f 1462/217/138 764/253/138 763/250/138 1461/248/138
f 1459/225/139 1460/223/139 1294/224/139 1293/255/139
f 761/256/140 1459/225/140 1293/255/140 681/257/140
f 1459/225/141 761/256/141 760/258/141 1458/222/141
f 1458/222/142 760/258/142 759/254/142 1457/252/142
f 1446/169/143 1456/168/143 1455/259/143 1445/260/143
f 1455/259/144 1456/168/144 1454/170/144 1453/261/144
f 1445/260/145 1455/259/145 1453/261/145 1444/262/145
f 1453/261/146 1454/170/146 1451/176/146 1450/263/146
f 1444/262/145 1453/261/145 1452/264/145 1443/265/145
f 1452/264/147 1453/261/147 1450/263/147 1449/266/147
f 1443/265/148 1452/264/148 1449/266/148 1441/267/148
f 1450/263/149 1451/176/149 1448/186/149 1447/268/149
f 1442/269/150 1450/263/150 1447/268/150 1439/270/150
f 1450/263/151 1442/269/151 1441/267/151 1449/266/151
f 1448/186/152 1440/200/152 1439/270/152 1447/268/152
f 724/228/153 1446/169/153 1445/260/153 723/271/153
f 723/271/145 1445/260/145 1444/262/145 722/272/145
f 722/272/145 1444/262/145 1443/265/145 721/273/145
f 721/273/148 1443/265/148 1441/267/148 719/274/148
f 720/275/154 1442/269/154 1439/270/154 717/276/154
f 1442/269/155 720/275/155 719/274/155 1441/267/155
f 718/277/156 1440/200/156 1438/241/156 716/247/156
f 1440/200/157 718/277/157 717/276/157 1439/270/157
f 1437/142/158 1424/141/158 1421/278/158 1432/279/158
f 1436/145/159 1437/142/159 1432/279/159 1431/280/159
f 1435/146/160 1436/145/160 1431/280/160 1430/281/160
f 1434/147/161 1435/146/161 1430/281/161 1429/282/161
f 1423/283/162 1434/147/162 1429/282/162 1419/284/162
f 1434/147/163 1423/283/163 1422/285/163 1433/148/163
f 1433/148/164 1422/285/164 1294/224/164 1308/149/164
f 1432/279/148 1421/278/148 1417/286/148 1428/287/148
f 1431/280/165 1432/279/165 1428/287/165 1427/288/165
f 1430/281/166 1431/280/166 1427/288/166 1426/289/166
f 1420/290/167 1430/281/167 1426/289/167 1415/291/167
f 1430/281/168 1420/290/168 1419/284/168 1429/282/168
f 1428/287/169 1417/286/169 1416/292/169 1427/288/169
f 1427/288/170 1416/292/170 1415/291/170 1426/289/170
f 1425/162/171 705/161/171 704/293/171 1424/141/171
f 1424/141/148 704/293/148 701/294/148 1421/278/148
f 1422/285/172 1423/283/172 1419/284/172 1418/295/172
f 702/296/173 1422/285/173 1418/295/173 698/297/173
f 1422/285/174 702/296/174 682/298/174 1294/224/174
f 1421/278/148 701/294/148 697/299/148 1417/286/148
f 700/300/175 1420/290/175 1415/291/175 695/301/175
f 1420/290/176 700/300/176 699/302/176 1419/284/176
f 1419/284/177 699/302/177 698/297/177 1418/295/177
f 1417/286/178 697/299/178 696/303/178 1416/292/178
f 1416/292/179 696/303/179 695/301/179 1415/291/179
f 1414/304/180 1400/305/180 1397/306/180 1411/2/180
f 1400/305/181 1414/304/181 1413/307/181 1399/308/181
f 1413/307/182 1414/304/182 1411/2/182 1410/6/182
f 1399/308/181 1413/307/181 1412/309/181 1398/310/181
f 1412/309/183 1413/307/183 1410/6/183 1409/9/183
f 1398/310/181 1412/309/181 1279/311/181 1247/312/181
f 1279/311/184 1412/309/184 1409/9/184 1271/12/184
f 1411/2/185 1397/306/185 1396/313/185 1408/3/185
f 1408/3/186 1396/313/186 1395/314/186 1407/14/186
f 1407/14/187 1395/314/187 1394/315/187 1406/19/187
f 1406/19/188 1394/315/188 1393/316/188 1403/317/188
f 1405/24/189 1406/19/189 1403/317/189 1402/318/189
f 1404/25/190 1405/24/190 1402/318/190 1401/319/190
f 1263/26/191 1404/25/191 1401/319/191 1255/320/191
f 1403/317/192 1393/316/192 1392/321/192 1402/318/192
f 1402/318/192 1392/321/192 1391/322/192 1401/319/192
f 1401/319/192 1391/322/192 1239/323/192 1255/320/192
f 1400/305/193 1390/324/193 1386/325/193 1397/306/193
f 1390/324/194 1400/305/194 1399/308/194 1389/326/194
f 1389/326/195 1399/308/195 1398/310/195 1388/327/195
f 1388/327/196 1398/310/196 1247/312/196 1231/328/196
f 1397/306/186 1386/325/186 1382/329/186 1396/313/186
f 1396/313/186 1382/329/186 1380/330/186 1395/314/186
f 1395/314/186 1380/330/186 1378/331/186 1394/315/186
f 1394/315/197 1378/331/197 1376/332/197 1393/316/197
f 1393/316/198 1376/332/198 1375/333/198 1392/321/198
f 1392/321/199 1375/333/199 1374/334/199 1391/322/199
f 1391/322/200 1374/334/200 1209/335/200 1239/323/200
f 1390/324/201 1389/326/201 1385/336/201 1386/325/201
f 1389/326/202 1388/327/202 1384/337/202 1385/336/202
f 1388/327/203 1231/328/203 1223/338/203 1384/337/203
f 1387/339/204 1369/340/204 1361/341/204 1383/342/204
f 1369/340/205 1387/339/205 1386/325/205 1368/343/205
f 1386/325/186 1387/339/186 1383/342/186 1382/329/186
f 1368/343/206 1386/325/206 1385/336/206 1367/344/206
f 1367/344/207 1385/336/207 1384/337/207 1366/345/207
f 1366/345/208 1384/337/208 1223/338/208 1201/346/208
f 1383/342/209 1361/341/209 1356/347/209 1381/348/209
f 1382/329/210 1383/342/210 1381/348/210 1380/330/210
f 1381/348/11 1356/347/11 1351/349/11 1379/350/11
f 1380/330/211 1381/348/211 1379/350/211 1378/331/211
f 1379/350/11 1351/349/11 1346/351/11 1377/352/11
f 1378/331/212 1379/350/212 1377/352/212 1376/332/212
f 1377/352/11 1346/351/11 1345/353/11 1376/332/11
f 1376/332/11 1345/353/11 1344/354/11 1375/333/11
f 1375/333/11 1344/354/11 1343/355/11 1374/334/11
f 1374/334/11 1343/355/11 1175/356/11 1209/335/11
f 1373/357/186 1334/358/186 1326/359/186 1365/360/186
f 1334/358/213 1373/357/213 1372/361/213 1333/362/213
f 1372/361/214 1373/357/214 1365/360/214 1364/363/214
f 1333/362/213 1372/361/213 1371/364/213 1332/365/213
f 1371/364/215 1372/361/215 1364/363/215 1363/366/215
f 1332/365/213 1371/364/213 1370/367/213 1331/368/213
f 1370/367/216 1371/364/216 1363/366/216 1362/369/216
f 1331/368/213 1370/367/213 1369/340/213 1330/370/213
f 1369/340/217 1370/367/217 1362/369/217 1361/341/217
f 1330/370/218 1369/340/218 1368/343/218 1329/371/218
f 1329/371/219 1368/343/219 1367/344/219 1328/372/219
f 1328/372/220 1367/344/220 1366/345/220 1327/373/220
f 1327/373/221 1366/345/221 1201/346/221 1169/374/221
f 1365/360/186 1326/359/186 1325/375/186 1360/376/186
f 1364/363/222 1365/360/222 1360/376/222 1359/377/222
f 1363/366/11 1364/363/11 1359/377/11 1358/378/11
f 1362/369/11 1363/366/11 1358/378/11 1357/379/11
f 1361/341/11 1362/369/11 1357/379/11 1356/347/11
f 1360/376/186 1325/375/186 1324/380/186 1355/381/186
f 1359/377/223 1360/376/223 1355/381/223 1354/382/223
f 1358/378/11 1359/377/11 1354/382/11 1353/383/11
f 1357/379/11 1358/378/11 1353/383/11 1352/384/11
f 1356/347/11 1357/379/11 1352/384/11 1351/349/11
f 1355/381/186 1324/380/186 1323/385/186 1350/386/186
f 1354/382/224 1355/381/224 1350/386/224 1349/387/224
f 1353/383/11 1354/382/11 1349/387/11 1348/388/11
f 1352/384/11 1353/383/11 1348/388/11 1347/389/11
f 1351/349/11 1352/384/11 1347/389/11 1346/351/11
f 1350/386/186 1323/385/186 1322/390/186 1342/391/186
f 1349/387/224 1350/386/224 1342/391/224 1341/392/224
f 1348/388/11 1349/387/11 1341/392/11 1340/393/11
f 1347/389/11 1348/388/11 1340/393/11 1339/394/11
f 1346/351/11 1347/389/11 1339/394/11 1338/395/11
f 1345/353/11 1346/351/11 1338/395/11 1337/396/11
f 1344/354/11 1345/353/11 1337/396/11 1336/397/11
f 1343/355/11 1344/354/11 1336/397/11 1335/398/11
f 1175/356/11 1343/355/11 1335/398/11 1172/399/11
f 1342/391/186 1322/390/186 960/400/186 1024/401/186
f 1341/392/224 1342/391/224 1024/401/224 1023/402/224
f 1340/393/11 1341/392/11 1023/402/11 1022/403/11
f 1339/394/11 1340/393/11 1022/403/11 1021/404/11
f 1338/395/11 1339/394/11 1021/404/11 1020/405/11
f 1337/396/11 1338/395/11 1020/405/11 1019/406/11
f 1336/397/11 1337/396/11 1019/406/11 1018/407/11
f 1335/398/11 1336/397/11 1018/407/11 1017/408/11
f 1172/399/11 1335/398/11 1017/408/11 928/409/11
f 1334/358/186 1321/410/186 1313/411/186 1326/359/186
f 1321/410/213 1334/358/213 1333/362/213 1320/412/213
f 1320/412/213 1333/362/213 1332/365/213 1319/413/213
f 1319/413/213 1332/365/213 1331/368/213 1318/414/213
f 1318/414/213 1331/368/213 1330/370/213 1317/415/213
f 1317/415/213 1330/370/213 1329/371/213 1316/416/213
f 1316/416/213 1329/371/213 1328/372/213 1315/417/213
f 1315/417/213 1328/372/213 1327/373/213 1314/418/213
f 1314/418/213 1327/373/213 1169/374/213 1160/419/213
f 1326/359/186 1313/411/186 1312/420/186 1325/375/186
f 1325/375/186 1312/420/186 1311/421/186 1324/380/186
f 1324/380/186 1311/421/186 1310/422/186 1323/385/186
f 1323/385/186 1310/422/186 1309/423/186 1322/390/186
f 1322/390/186 1309/423/186 952/424/186 960/400/186
f 1321/410/186 1307/425/186 1299/426/186 1313/411/186
f 1307/425/213 1321/410/213 1320/412/213 1306/427/213
f 1306/427/213 1320/412/213 1319/413/213 1305/428/213
f 1305/428/213 1319/413/213 1318/414/213 1304/429/213
f 1304/429/213 1318/414/213 1317/415/213 1303/430/213
f 1303/430/213 1317/415/213 1316/416/213 1302/431/213
f 1302/431/213 1316/416/213 1315/417/213 1301/432/213
f 1301/432/213 1315/417/213 1314/418/213 1300/433/213
f 1300/433/213 1314/418/213 1160/419/213 1152/434/213
f 1313/411/186 1299/426/186 1298/435/186 1312/420/186
f 1312/420/186 1298/435/186 1297/436/186 1311/421/186
f 1311/421/186 1297/436/186 1296/437/186 1310/422/186
f 1310/422/186 1296/437/186 1295/438/186 1309/423/186
f 1309/423/186 1295/438/186 944/439/186 952/424/186
f 1307/425/186 1292/440/186 1284/441/186 1299/426/186
f 1292/440/213 1307/425/213 1306/427/213 1291/442/213
f 1291/442/213 1306/427/213 1305/428/213 1290/443/213
f 1290/443/213 1305/428/213 1304/429/213 1289/444/213
f 1289/444/213 1304/429/213 1303/430/213 1288/445/213
f 1288/445/213 1303/430/213 1302/431/213 1287/446/213
f 1287/446/213 1302/431/213 1301/432/213 1286/447/213
f 1286/447/213 1301/432/213 1300/433/213 1285/448/213
f 1285/448/213 1300/433/213 1152/434/213 1144/449/213
f 1299/426/186 1284/441/186 1283/450/186 1298/435/186
f 1298/435/186 1283/450/186 1282/451/186 1297/436/186
f 1297/436/186 1282/451/186 1281/452/186 1296/437/186
f 1296/437/186 1281/452/186 1280/453/186 1295/438/186
f 1295/438/186 1280/453/186 936/454/186 944/439/186
f 1294/224/225 682/298/225 681/257/225 1293/255/225
f 1292/440/186 680/455/186 672/456/186 1284/441/186
f 680/455/213 1292/440/213 1291/442/213 679/457/213
f 679/457/213 1291/442/213 1290/443/213 678/458/213
f 678/458/213 1290/443/213 1289/444/213 677/459/213
f 677/459/213 1289/444/213 1288/445/213 676/460/213
f 676/460/213 1288/445/213 1287/446/213 675/461/213
f 675/461/213 1287/446/213 1286/447/213 674/462/213
f 674/462/213 1286/447/213 1285/448/213 673/463/213
f 673/463/213 1285/448/213 1144/449/213 547/464/213
f 1284/441/186 672/456/186 671/465/186 1283/450/186
f 1283/450/186 671/465/186 670/466/186 1282/451/186
f 1282/451/186 670/466/186 669/467/186 1281/452/186
f 1281/452/186 669/467/186 668/468/186 1280/453/186
f 1280/453/186 668/468/186 292/469/186 936/454/186
f 1247/312/181 1279/311/181 1278/470/181 1246/471/181
f 1278/470/184 1279/311/184 1271/12/184 1270/28/184
f 1246/471/181 1278/470/181 1277/472/181 1245/473/181
f 1277/472/184 1278/470/184 1270/28/184 1269/31/184
f 1245/473/181 1277/472/181 1276/474/181 1244/475/181
f 1276/474/184 1277/472/184 1269/31/184 1268/34/184
f 1244/475/181 1276/474/181 1275/476/181 1243/477/181
f 1275/476/184 1276/474/184 1268/34/184 1267/37/184
f 1243/477/181 1275/476/181 1274/478/181 1242/479/181
f 1274/478/184 1275/476/184 1267/37/184 1266/40/184
f 1242/479/181 1274/478/181 1273/480/181 1241/481/181
f 1273/480/184 1274/478/184 1266/40/184 1265/43/184
f 1241/481/181 1273/480/181 1272/482/181 1240/483/181
f 1272/482/184 1273/480/184 1265/43/184 1264/46/184
f 1240/483/181 1272/482/181 1136/484/181 1104/485/181
f 1136/484/184 1272/482/184 1264/46/184 1128/49/184
f 1262/67/191 1263/26/191 1255/320/191 1254/486/191
f 1261/68/191 1262/67/191 1254/486/191 1253/487/191
f 1260/69/191 1261/68/191 1253/487/191 1252/488/191
f 1259/70/191 1260/69/191 1252/488/191 1251/489/191
f 1258/71/191 1259/70/191 1251/489/191 1250/490/191
f 1257/72/191 1258/71/191 1250/490/191 1249/491/191
f 1256/73/191 1257/72/191 1249/491/191 1248/492/191
f 1120/74/191 1256/73/191 1248/492/191 1112/493/191
f 1255/320/192 1239/323/192 1238/494/192 1254/486/192
f 1254/486/192 1238/494/192 1237/495/192 1253/487/192
f 1253/487/192 1237/495/192 1236/496/192 1252/488/192
f 1252/488/192 1236/496/192 1235/497/192 1251/489/192
f 1251/489/192 1235/497/192 1234/498/192 1250/490/192
f 1250/490/192 1234/498/192 1233/499/192 1249/491/192
f 1249/491/192 1233/499/192 1232/500/192 1248/492/192
f 1248/492/192 1232/500/192 1096/501/192 1112/493/192
f 1231/328/226 1247/312/226 1246/471/226 1230/502/226
f 1230/502/227 1246/471/227 1245/473/227 1229/503/227
f 1229/503/228 1245/473/228 1244/475/228 1228/504/228
f 1228/504/229 1244/475/229 1243/477/229 1227/505/229
f 1227/505/230 1243/477/230 1242/479/230 1226/506/230
f 1226/506/231 1242/479/231 1241/481/231 1225/507/231
f 1225/507/231 1241/481/231 1240/483/231 1224/508/231
f 1224/508/231 1240/483/231 1104/485/231 1088/509/231
f 1239/323/232 1209/335/232 1208/510/232 1238/494/232
f 1238/494/233 1208/510/233 1207/511/233 1237/495/233
f 1237/495/234 1207/511/234 1206/512/234 1236/496/234
f 1236/496/235 1206/512/235 1205/513/235 1235/497/235
f 1235/497/236 1205/513/236 1204/514/236 1234/498/236
f 1234/498/236 1204/514/236 1203/515/236 1233/499/236
f 1233/499/236 1203/515/236 1202/516/236 1232/500/236
f 1232/500/236 1202/516/236 1064/517/236 1096/501/236
f 1231/328/237 1230/502/237 1222/518/237 1223/338/237
f 1230/502/238 1229/503/238 1221/519/238 1222/518/238
f 1229/503/239 1228/504/239 1220/520/239 1221/519/239
f 1228/504/240 1227/505/240 1219/521/240 1220/520/240
f 1227/505/241 1226/506/241 1218/522/241 1219/521/241
f 1226/506/242 1225/507/242 1217/523/242 1218/522/242
f 1225/507/242 1224/508/242 1216/524/242 1217/523/242
f 1224/508/242 1088/509/242 1080/525/242 1216/524/242
f 1201/346/243 1223/338/243 1222/518/243 1200/526/243
f 1200/526/244 1222/518/244 1221/519/244 1199/527/244
f 1199/527/245 1221/519/245 1220/520/245 1198/528/245
f 1198/528/246 1220/520/246 1219/521/246 1197/529/246
f 1197/529/247 1219/521/247 1218/522/247 1196/530/247
f 1196/530/248 1218/522/248 1217/523/248 1195/531/248
f 1195/531/248 1217/523/248 1216/524/248 1194/532/248
f 1194/532/248 1216/524/248 1080/525/248 1056/533/248
f 1181/534/249 1215/535/249 1207/511/249 1173/536/249
f 1215/535/250 1181/534/250 1180/537/250 1214/538/250
f 1215/535/251 1214/538/251 1206/512/251 1207/511/251
f 1214/538/252 1180/537/252 1179/539/252 1213/540/252
f 1214/538/253 1213/540/253 1205/513/253 1206/512/253
f 1213/540/254 1179/539/254 1178/541/254 1212/542/254
f 1213/540/255 1212/542/255 1204/514/255 1205/513/255
f 1212/542/256 1178/541/256 1177/543/256 1211/544/256
f 1212/542/257 1211/544/257 1203/515/257 1204/514/257
f 1211/544/256 1177/543/256 1176/545/256 1210/546/256
f 1211/544/257 1210/546/257 1202/516/257 1203/515/257
f 1210/546/256 1176/545/256 1032/547/256 1072/548/256
f 1210/546/257 1072/548/257 1064/517/257 1202/516/257
f 1209/335/258 1175/356/258 1174/549/258 1208/510/258
f 1208/510/259 1174/549/259 1173/536/259 1207/511/259
f 1169/374/260 1201/346/260 1200/526/260 1168/550/260
f 1168/550/261 1200/526/261 1199/527/261 1167/551/261
f 1167/551/262 1199/527/262 1193/552/262 1165/553/262
f 1199/527/263 1198/528/263 1192/554/263 1193/552/263
f 1198/528/264 1197/529/264 1191/555/264 1192/554/264
f 1197/529/265 1196/530/265 1190/556/265 1191/555/265
f 1196/530/266 1195/531/266 1189/557/266 1190/556/266
f 1195/531/266 1194/532/266 1188/558/266 1189/557/266
f 1194/532/266 1056/533/266 1048/559/266 1188/558/266
f 1165/553/267 1193/552/267 1187/560/267 1164/561/267
f 1193/552/268 1192/554/268 1186/562/268 1187/560/268
f 1192/554/269 1191/555/269 1185/563/269 1186/562/269
f 1191/555/270 1190/556/270 1184/564/270 1185/563/270
f 1190/556/271 1189/557/271 1183/565/271 1184/564/271
f 1189/557/271 1188/558/271 1182/566/271 1183/565/271
f 1188/558/271 1048/559/271 1040/567/271 1182/566/271
f 1164/561/272 1187/560/272 1181/534/272 1163/568/272
f 1187/560/273 1186/562/273 1180/537/273 1181/534/273
f 1186/562/274 1185/563/274 1179/539/274 1180/537/274
f 1185/563/275 1184/564/275 1178/541/275 1179/539/275
f 1184/564/276 1183/565/276 1177/543/276 1178/541/276
f 1183/565/276 1182/566/276 1176/545/276 1177/543/276
f 1182/566/276 1040/567/276 1032/547/276 1176/545/276
f 1163/568/277 1181/534/277 1173/536/277 1162/569/277
f 1174/549/11 1175/356/11 1172/399/11 1171/570/11
f 1173/536/278 1174/549/278 1171/570/278 1170/571/278
f 1162/569/279 1173/536/279 1170/571/279 1161/572/279
f 1171/570/11 1172/399/11 928/409/11 927/573/11
f 1170/571/280 1171/570/280 927/573/280 926/574/280
f 1161/572/279 1170/571/279 926/574/279 904/575/279
f 1160/419/213 1169/374/213 1168/550/213 1159/576/213
f 1159/576/281 1168/550/281 1166/577/281 1158/578/281
f 1168/550/282 1167/551/282 1165/553/282 1166/577/282
f 1158/578/279 1166/577/279 1165/553/279 1157/579/279
f 1157/579/279 1165/553/279 1164/561/279 1156/580/279
f 1156/580/279 1164/561/279 1163/568/279 1155/581/279
f 1155/581/279 1163/568/279 1162/569/279 1154/582/279
f 1154/582/279 1162/569/279 1161/572/279 1153/583/279
f 1153/583/279 1161/572/279 904/575/279 896/584/279
f 1152/434/213 1160/419/213 1159/576/213 1151/585/213
f 1151/585/283 1159/576/283 1158/578/283 1150/586/283
f 1150/586/279 1158/578/279 1157/579/279 1149/587/279
f 1149/587/279 1157/579/279 1156/580/279 1148/588/279
f 1148/588/279 1156/580/279 1155/581/279 1147/589/279
f 1147/589/279 1155/581/279 1154/582/279 1146/590/279
f 1146/590/279 1154/582/279 1153/583/279 1145/591/279
f 1145/591/279 1153/583/279 896/584/279 888/592/279
f 1144/449/213 1152/434/213 1151/585/213 1143/593/213
f 1143/593/284 1151/585/284 1150/586/284 1142/594/284
f 1142/594/279 1150/586/279 1149/587/279 1141/595/279
f 1141/595/279 1149/587/279 1148/588/279 1140/596/279
f 1140/596/279 1148/588/279 1147/589/279 1139/597/279
f 1139/597/279 1147/589/279 1146/590/279 1138/598/279
f 1138/598/279 1146/590/279 1145/591/279 1137/599/279
f 1137/599/279 1145/591/279 888/592/279 880/600/279
f 547/464/213 1144/449/213 1143/593/213 546/601/213
f 546/601/284 1143/593/284 1142/594/284 545/602/284
f 545/602/279 1142/594/279 1141/595/279 544/603/279
f 544/603/279 1141/595/279 1140/596/279 543/604/279
f 543/604/279 1140/596/279 1139/597/279 542/605/279
f 542/605/279 1139/597/279 1138/598/279 541/606/279
f 541/606/279 1138/598/279 1137/599/279 540/607/279
f 540/607/279 1137/599/279 880/600/279 196/608/279
f 1104/485/181 1136/484/181 1135/609/181 1103/610/181
f 1135/609/184 1136/484/184 1128/49/184 1127/76/184
f 1103/610/181 1135/609/181 1134/611/181 1102/612/181
f 1134/611/184 1135/609/184 1127/76/184 1126/79/184
f 1102/612/181 1134/611/181 1133/613/181 1101/614/181
f 1133/613/184 1134/611/184 1126/79/184 1125/82/184
f 1101/614/181 1133/613/181 1132/615/181 1100/616/181
f 1132/615/184 1133/613/184 1125/82/184 1124/85/184
f 1100/616/181 1132/615/181 1131/617/181 1099/618/181
f 1131/617/184 1132/615/184 1124/85/184 1123/88/184
f 1099/618/181 1131/617/181 1130/619/181 1098/620/181
f 1130/619/184 1131/617/184 1123/88/184 1122/91/184
f 1098/620/181 1130/619/181 1129/621/181 1097/622/181
f 1129/621/285 1130/619/285 1122/91/285 1121/94/285
f 1097/622/181 1129/621/181 868/623/181 862/624/181
f 868/623/286 1129/621/286 1121/94/286 867/97/286
f 1119/115/191 1120/74/191 1112/493/191 1111/625/191
f 1118/116/191 1119/115/191 1111/625/191 1110/626/191
f 1117/117/191 1118/116/191 1110/626/191 1109/627/191
f 1116/118/191 1117/117/191 1109/627/191 1108/628/191
f 1115/119/191 1116/118/191 1108/628/191 1107/629/191
f 1114/120/191 1115/119/191 1107/629/191 1106/630/191
f 1113/121/287 1114/120/287 1106/630/287 1105/631/287
f 864/122/288 1113/121/288 1105/631/288 863/632/288
f 1112/493/192 1096/501/192 1095/633/192 1111/625/192
f 1111/625/192 1095/633/192 1094/634/192 1110/626/192
f 1110/626/192 1094/634/192 1093/635/192 1109/627/192
f 1109/627/192 1093/635/192 1092/636/192 1108/628/192
f 1108/628/192 1092/636/192 1091/637/192 1107/629/192
f 1107/629/192 1091/637/192 1090/638/192 1106/630/192
f 1106/630/192 1090/638/192 1089/639/192 1105/631/192
f 1105/631/192 1089/639/192 857/640/192 863/632/192
f 1088/509/231 1104/485/231 1103/610/231 1087/641/231
f 1087/641/231 1103/610/231 1102/612/231 1086/642/231
f 1086/642/231 1102/612/231 1101/614/231 1085/643/231
f 1085/643/231 1101/614/231 1100/616/231 1084/644/231
f 1084/644/231 1100/616/231 1099/618/231 1083/645/231
f 1083/645/289 1099/618/289 1098/620/289 1082/646/289
f 1082/646/290 1098/620/290 1097/622/290 1081/647/290
f 1081/647/291 1097/622/291 862/624/291 856/648/291
f 1096/501/236 1064/517/236 1063/649/236 1095/633/236
f 1095/633/236 1063/649/236 1062/650/236 1094/634/236
f 1094/634/236 1062/650/236 1061/651/236 1093/635/236
f 1093/635/236 1061/651/236 1060/652/236 1092/636/236
f 1092/636/236 1060/652/236 1059/653/236 1091/637/236
f 1091/637/292 1059/653/292 1058/654/292 1090/638/292
f 1090/638/293 1058/654/293 1057/655/293 1089/639/293
f 1089/639/294 1057/655/294 851/656/294 857/640/294
f 1088/509/242 1087/641/242 1079/657/242 1080/525/242
f 1087/641/242 1086/642/242 1078/658/242 1079/657/242
f 1086/642/242 1085/643/242 1077/659/242 1078/658/242
f 1085/643/242 1084/644/242 1076/660/242 1077/659/242
f 1084/644/242 1083/645/242 1075/661/242 1076/660/242
f 1083/645/295 1082/646/295 1074/662/295 1075/661/295
f 1082/646/296 1081/647/296 1073/663/296 1074/662/296
f 1081/647/297 856/648/297 855/664/297 1073/663/297
f 1056/533/248 1080/525/248 1079/657/248 1055/665/248
f 1055/665/248 1079/657/248 1078/658/248 1054/666/248
f 1054/666/248 1078/658/248 1077/659/248 1053/667/248
f 1053/667/248 1077/659/248 1076/660/248 1052/668/248
f 1052/668/248 1076/660/248 1075/661/248 1051/669/248
f 1051/669/298 1075/661/298 1074/662/298 1050/670/298
f 1050/670/299 1074/662/299 1073/663/299 1049/671/299
f 1049/671/300 1073/663/300 855/664/300 850/672/300
f 1072/548/301 1032/547/301 1031/673/301 1071/674/301
f 1072/548/257 1071/674/257 1063/649/257 1064/517/257
f 1071/674/256 1031/673/256 1030/675/256 1070/676/256
f 1071/674/257 1070/676/257 1062/650/257 1063/649/257
f 1070/676/256 1030/675/256 1029/677/256 1069/678/256
f 1070/676/257 1069/678/257 1061/651/257 1062/650/257
f 1069/678/256 1029/677/256 1028/679/256 1068/680/256
f 1069/678/257 1068/680/257 1060/652/257 1061/651/257
f 1068/680/256 1028/679/256 1027/681/256 1067/682/256
f 1068/680/257 1067/682/257 1059/653/257 1060/652/257
f 1067/682/302 1027/681/302 1026/683/302 1066/684/302
f 1067/682/303 1066/684/303 1058/654/303 1059/653/303
f 1066/684/304 1026/683/304 1025/685/304 1065/686/304
f 1066/684/305 1065/686/305 1057/655/305 1058/654/305
f 1065/686/306 1025/685/306 847/687/306 852/688/306
f 1065/686/307 852/688/307 851/656/307 1057/655/307
f 1056/533/266 1055/665/266 1047/689/266 1048/559/266
f 1055/665/266 1054/666/266 1046/690/266 1047/689/266
f 1054/666/266 1053/667/266 1045/691/266 1046/690/266
f 1053/667/266 1052/668/266 1044/692/266 1045/691/266
f 1052/668/266 1051/669/266 1043/693/266 1044/692/266
f 1051/669/308 1050/670/308 1042/694/308 1043/693/308
f 1050/670/309 1049/671/309 1041/695/309 1042/694/309
f 1049/671/310 850/672/310 849/696/310 1041/695/310
f 1048/559/271 1047/689/271 1039/697/271 1040/567/271
f 1047/689/271 1046/690/271 1038/698/271 1039/697/271
f 1046/690/271 1045/691/271 1037/699/271 1038/698/271
f 1045/691/271 1044/692/271 1036/700/271 1037/699/271
f 1044/692/271 1043/693/271 1035/701/271 1036/700/271
f 1043/693/311 1042/694/311 1034/702/311 1035/701/311
f 1042/694/312 1041/695/312 1033/703/312 1034/702/312
f 1041/695/313 849/696/313 848/704/313 1033/703/313
f 1040/567/276 1039/697/276 1031/673/276 1032/547/276
f 1039/697/276 1038/698/276 1030/675/276 1031/673/276
f 1038/698/276 1037/699/276 1029/677/276 1030/675/276
f 1037/699/276 1036/700/276 1028/679/276 1029/677/276
f 1036/700/276 1035/701/276 1027/681/276 1028/679/276
f 1035/701/314 1034/702/314 1026/683/314 1027/681/314
f 1034/702/315 1033/703/315 1025/685/315 1026/683/315
f 1033/703/316 848/704/316 847/687/316 1025/685/316
f 1024/401/186 960/400/186 959/705/186 1016/706/186
f 1023/402/224 1024/401/224 1016/706/224 1015/707/224
f 1022/403/11 1023/402/11 1015/707/11 1014/708/11
f 1021/404/11 1022/403/11 1014/708/11 1013/709/11
f 1020/405/11 1021/404/11 1013/709/11 1012/710/11
f 1019/406/11 1020/405/11 1012/710/11 1011/711/11
f 1018/407/11 1019/406/11 1011/711/11 1010/712/11
f 5/713/317 4/714/317 1/715/317 2/716/317
f 6/717/271 5/713/271 2/716/271 3/718/271
f 1017/408/11 1018/407/11 1010/712/11 1009/719/11
f 928/409/11 1017/408/11 1009/719/11 925/720/11
f 1016/706/186 959/705/186 958/721/186 1008/722/186
f 1015/707/224 1016/706/224 1008/722/224 1007/723/224
f 1014/708/11 1015/707/11 1007/723/11 1006/724/11
f 1013/709/11 1014/708/11 1006/724/11 1005/725/11
f 1012/710/11 1013/709/11 1005/725/11 1004/726/11
f 4/714/279 8/727/279 7/728/279 1/715/279
f 1011/711/11 1012/710/11 1004/726/11 1003/729/11
f 1010/712/11 1011/711/11 1003/729/11 1002/730/11
f 1009/719/11 1010/712/11 1002/730/11 1001/731/11
f 925/720/11 1009/719/11 1001/731/11 922/732/11
f 1008/722/186 958/721/186 957/733/186 1000/734/186
f 1007/723/224 1008/722/224 1000/734/224 999/735/224
f 1006/724/11 1007/723/11 999/735/11 998/736/11
f 8/727/279 10/737/279 9/738/279 7/728/279
f 1005/725/11 1006/724/11 998/736/11 997/739/11
f 1004/726/11 1005/725/11 997/739/11 996/740/11
f 1003/729/11 1004/726/11 996/740/11 995/741/11
f 1002/730/11 1003/729/11 995/741/11 994/742/11
f 1001/731/11 1002/730/11 994/742/11 993/743/11
f 922/732/11 1001/731/11 993/743/11 919/744/11
f 1000/734/186 957/733/186 956/745/186 992/746/186
f 10/737/279 12/747/279 11/748/279 9/738/279
f 999/735/224 1000/734/224 992/746/224 991/749/224
f 998/736/11 999/735/11 991/749/11 990/750/11
f 997/739/11 998/736/11 990/750/11 989/751/11
f 996/740/11 997/739/11 989/751/11 988/752/11
f 995/741/11 996/740/11 988/752/11 987/753/11
f 994/742/11 995/741/11 987/753/11 986/754/11
f 993/743/11 994/742/11 986/754/11 985/755/11
f 12/747/279 14/756/279 13/757/279 11/748/279
f 919/744/11 993/743/11 985/755/11 916/758/11
f 992/746/186 956/745/186 955/759/186 984/760/186
f 991/749/224 992/746/224 984/760/224 983/761/224
f 990/750/11 991/749/11 983/761/11 982/762/11
f 989/751/11 990/750/11 982/762/11 981/763/11
f 988/752/11 989/751/11 981/763/11 980/764/11
f 987/753/11 988/752/11 980/764/11 979/765/11
f 986/754/11 987/753/11 979/765/11 978/766/11
f 985/755/11 986/754/11 978/766/11 977/767/11
f 916/758/11 985/755/11 977/767/11 913/768/11
f 984/760/186 955/759/186 954/769/186 976/770/186
f 983/761/224 984/760/224 976/770/224 975/771/224
f 982/762/11 983/761/11 975/771/11 974/772/11
f 981/763/11 982/762/11 974/772/11 973/773/11
f 980/764/11 981/763/11 973/773/11 972/774/11
f 979/765/11 980/764/11 972/774/11 971/775/11
f 978/766/11 979/765/11 971/775/11 970/776/11
f 977/767/11 978/766/11 970/776/11 969/777/11
f 913/768/11 977/767/11 969/777/11 910/778/11
f 976/770/186 954/769/186 953/779/186 968/780/186
f 975/771/224 976/770/224 968/780/224 967/781/224
f 974/772/11 975/771/11 967/781/11 966/782/11
f 973/773/11 974/772/11 966/782/11 965/783/11
f 972/774/11 973/773/11 965/783/11 964/784/11
f 971/775/11 972/774/11 964/784/11 963/785/11
f 970/776/11 971/775/11 963/785/11 962/786/11
f 969/777/11 970/776/11 962/786/11 961/787/11
f 910/778/11 969/777/11 961/787/11 907/788/11
f 968/780/186 953/779/186 830/789/186 846/790/186
f 967/781/224 968/780/224 846/790/224 845/791/224
f 966/782/11 967/781/11 845/791/11 844/792/11
f 965/783/11 966/782/11 844/792/11 843/793/11
f 964/784/11 965/783/11 843/793/11 842/794/11
f 963/785/11 964/784/11 842/794/11 841/795/11
f 962/786/11 963/785/11 841/795/11 840/796/11
f 961/787/11 962/786/11 840/796/11 839/797/11
f 907/788/11 961/787/11 839/797/11 822/798/11
f 960/400/186 952/424/186 951/799/186 959/705/186
f 959/705/186 951/799/186 950/800/186 958/721/186
f 958/721/186 950/800/186 949/801/186 957/733/186
f 957/733/186 949/801/186 948/802/186 956/745/186
f 956/745/186 948/802/186 947/803/186 955/759/186
f 955/759/186 947/803/186 946/804/186 954/769/186
f 954/769/186 946/804/186 945/805/186 953/779/186
f 953/779/186 945/805/186 828/806/186 830/789/186
f 952/424/186 944/439/186 943/807/186 951/799/186
f 951/799/186 943/807/186 942/808/186 950/800/186
f 950/800/186 942/808/186 941/809/186 949/801/186
f 949/801/186 941/809/186 940/810/186 948/802/186
f 948/802/186 940/810/186 939/811/186 947/803/186
f 947/803/186 939/811/186 938/812/186 946/804/186
f 946/804/186 938/812/186 937/813/186 945/805/186
f 945/805/186 937/813/186 826/814/186 828/806/186
f 944/439/186 936/454/186 935/815/186 943/807/186
f 943/807/186 935/815/186 934/816/186 942/808/186
f 942/808/186 934/816/186 933/817/186 941/809/186
f 941/809/186 933/817/186 932/818/186 940/810/186
f 940/810/186 932/818/186 931/819/186 939/811/186
f 939/811/186 931/819/186 930/820/186 938/812/186
f 938/812/186 930/820/186 929/821/186 937/813/186
f 937/813/186 929/821/186 824/822/186 826/814/186
f 936/454/186 292/469/186 291/823/186 935/815/186
f 935/815/186 291/823/186 290/824/186 934/816/186
f 934/816/186 290/824/186 289/825/186 933/817/186
f 933/817/186 289/825/186 288/826/186 932/818/186
f 932/818/186 288/826/186 287/827/186 931/819/186
f 931/819/186 287/827/186 286/828/186 930/820/186
f 930/820/186 286/828/186 285/829/186 929/821/186
f 929/821/186 285/829/186 38/830/186 824/822/186
f 927/573/11 928/409/11 925/720/11 924/831/11
f 926/574/318 927/573/318 924/831/318 923/832/318
f 23/833/271 6/717/271 3/718/271 15/834/271
f 24/835/271 23/833/271 15/834/271 16/836/271
f 25/837/271 24/835/271 16/836/271 17/838/271
f 26/839/271 25/837/271 17/838/271 18/840/271
f 27/841/271 26/839/271 18/840/271 19/842/271
f 28/843/271 27/841/271 19/842/271 20/844/271
f 29/845/271 28/843/271 20/844/271 21/846/271
f 30/847/319 29/845/319 21/846/319 22/848/319
f 904/575/279 926/574/279 923/832/279 903/849/279
f 924/831/11 925/720/11 922/732/11 921/850/11
f 923/832/320 924/831/320 921/850/320 920/851/320
f 903/849/279 923/832/279 920/851/279 902/852/279
f 921/850/11 922/732/11 919/744/11 918/853/11
f 920/851/320 921/850/320 918/853/320 917/854/320
f 902/852/279 920/851/279 917/854/279 901/855/279
f 32/856/186 30/847/186 22/848/186 31/857/186
f 918/853/11 919/744/11 916/758/11 915/858/11
f 917/854/320 918/853/320 915/858/320 914/859/320
f 901/855/279 917/854/279 914/859/279 900/860/279
f 915/858/11 916/758/11 913/768/11 912/861/11
f 914/859/320 915/858/320 912/861/320 911/862/320
f 900/860/279 914/859/279 911/862/279 899/863/279
f 912/861/11 913/768/11 910/778/11 909/864/11
f 34/865/186 32/856/186 31/857/186 33/866/186
f 911/862/320 912/861/320 909/864/320 908/867/320
f 899/863/279 911/862/279 908/867/279 898/868/279
f 909/864/11 910/778/11 907/788/11 906/869/11
f 908/867/320 909/864/320 906/869/320 905/870/320
f 898/868/279 908/867/279 905/870/279 897/871/279
f 906/869/11 907/788/11 822/798/11 821/872/11
f 36/873/186 34/865/186 33/866/186 35/874/186
f 905/870/320 906/869/320 821/872/320 820/875/320
f 897/871/279 905/870/279 820/875/279 816/876/279
f 896/584/279 904/575/279 903/849/279 895/877/279
f 895/877/279 903/849/279 902/852/279 894/878/279
f 894/878/279 902/852/279 901/855/279 893/879/279
f 38/830/186 36/873/186 35/874/186 37/880/186
f 893/879/279 901/855/279 900/860/279 892/881/279
f 892/881/279 900/860/279 899/863/279 891/882/279
f 891/882/279 899/863/279 898/868/279 890/883/279
f 890/883/279 898/868/279 897/871/279 889/884/279
f 889/884/279 897/871/279 816/876/279 814/885/279
f 888/592/279 896/584/279 895/877/279 887/886/279
f 887/886/279 895/877/279 894/878/279 886/887/279
f 886/887/279 894/878/279 893/879/279 885/888/279
f 885/888/279 893/879/279 892/881/279 884/889/279
f 884/889/279 892/881/279 891/882/279 883/890/279
f 883/890/279 891/882/279 890/883/279 882/891/279
f 882/891/279 890/883/279 889/884/279 881/892/279
f 881/892/279 889/884/279 814/885/279 812/893/279
f 880/600/279 888/592/279 887/886/279 879/894/279
f 879/894/279 887/886/279 886/887/279 878/895/279
f 878/895/279 886/887/279 885/888/279 877/896/279
f 877/896/279 885/888/279 884/889/279 876/897/279
f 876/897/279 884/889/279 883/890/279 875/898/279
f 875/898/279 883/890/279 882/891/279 874/899/279
f 40/900/321 45/901/321 44/902/321 39/903/321
f 41/904/279 46/905/279 45/901/279 40/900/279
f 42/906/322 47/907/322 46/905/322 41/904/322
f 44/902/323 50/908/323 49/909/323 43/910/323
f 45/901/279 51/911/279 50/908/279 44/902/279
f 46/905/279 52/912/279 51/911/279 45/901/279
f 47/907/279 53/913/279 52/912/279 46/905/279
f 48/914/324 54/915/324 53/913/324 47/907/324
f 50/908/325 56/916/325 55/917/325 49/909/325
f 51/911/279 57/918/279 56/916/279 50/908/279
f 52/912/279 58/919/279 57/918/279 51/911/279
f 53/913/279 59/920/279 58/919/279 52/912/279
f 54/915/326 60/921/326 59/920/326 53/913/326
f 57/918/279 62/922/279 61/923/279 56/916/279
f 58/919/279 63/924/279 62/922/279 57/918/279
f 59/920/279 64/925/279 63/924/279 58/919/279
f 73/926/327 40/900/327 39/903/327 65/927/327
f 74/928/328 73/926/328 65/927/328 66/929/328
f 75/930/329 74/928/329 66/929/329 67/931/329
f 76/932/330 75/930/330 67/931/330 68/933/330
f 77/934/330 76/932/330 68/933/330 69/935/330
f 78/936/330 77/934/330 69/935/330 70/937/330
f 79/938/330 78/936/330 70/937/330 71/939/330
f 80/940/330 79/938/330 71/939/330 72/941/330
f 81/942/331 41/904/331 40/900/331 73/926/331
f 82/943/332 81/942/332 73/926/332 74/928/332
f 83/944/311 82/943/311 74/928/311 75/930/311
f 84/945/271 83/944/271 75/930/271 76/932/271
f 85/946/271 84/945/271 76/932/271 77/934/271
f 86/947/271 85/946/271 77/934/271 78/936/271
f 87/948/271 86/947/271 78/936/271 79/938/271
f 88/949/271 87/948/271 79/938/271 80/940/271
f 89/950/333 42/906/333 41/904/333 81/942/333
f 90/951/334 89/950/334 81/942/334 82/943/334
f 91/952/335 90/951/335 82/943/335 83/944/335
f 92/953/336 91/952/336 83/944/336 84/945/336
f 93/954/336 92/953/336 84/945/336 85/946/336
f 94/955/336 93/954/336 85/946/336 86/947/336
f 95/956/336 94/955/336 86/947/336 87/948/336
f 96/957/336 95/956/336 87/948/336 88/949/336
f 105/958/330 80/940/330 72/941/330 97/959/330
f 106/960/330 105/958/330 97/959/330 98/961/330
f 107/962/330 106/960/330 98/961/330 99/963/330
f 108/964/330 107/962/330 99/963/330 100/965/330
f 109/966/330 108/964/330 100/965/330 101/967/330
f 110/968/330 109/966/330 101/967/330 102/969/330
f 111/970/330 110/968/330 102/969/330 103/971/330
f 112/972/330 111/970/330 103/971/330 104/973/330
f 113/974/271 88/949/271 80/940/271 105/958/271
f 114/975/271 113/974/271 105/958/271 106/960/271
f 115/976/271 114/975/271 106/960/271 107/962/271
f 116/977/271 115/976/271 107/962/271 108/964/271
f 117/978/271 116/977/271 108/964/271 109/966/271
f 118/979/271 117/978/271 109/966/271 110/968/271
f 119/980/271 118/979/271 110/968/271 111/970/271
f 120/981/271 119/980/271 111/970/271 112/972/271
f 121/982/336 96/957/336 88/949/336 113/974/336
f 122/983/336 121/982/336 113/974/336 114/975/336
f 123/984/336 122/983/336 114/975/336 115/976/336
f 124/985/336 123/984/336 115/976/336 116/977/336
f 125/986/336 124/985/336 116/977/336 117/978/336
f 126/987/336 125/986/336 117/978/336 118/979/336
f 127/988/336 126/987/336 118/979/336 119/980/336
f 128/989/336 127/988/336 119/980/336 120/981/336
f 132/990/330 112/972/330 104/973/330 129/991/330
f 133/992/337 132/990/337 129/991/337 130/993/337
f 134/994/338 133/992/338 130/993/338 131/995/338
f 135/996/271 120/981/271 112/972/271 132/990/271
f 136/997/339 135/996/339 132/990/339 133/992/339
f 137/998/340 136/997/340 133/992/340 134/994/340
f 138/999/336 128/989/336 120/981/336 135/996/336
f 139/1000/341 138/999/341 135/996/341 136/997/341
f 140/1001/342 139/1000/342 136/997/342 137/998/342
f 142/1002/317 141/1003/317 4/714/317 5/713/317
f 143/1004/271 142/1002/271 5/713/271 6/717/271
f 145/1005/317 144/1006/317 141/1003/317 142/1002/317
f 146/1007/271 145/1005/271 142/1002/271 143/1004/271
f 148/1008/317 147/1009/317 144/1006/317 145/1005/317
f 149/1010/271 148/1008/271 145/1005/271 146/1007/271
f 151/1011/317 150/1012/317 147/1009/317 148/1008/317
f 152/1013/271 151/1011/271 148/1008/271 149/1010/271
f 154/1014/317 153/1015/317 150/1012/317 151/1011/317
f 155/1016/271 154/1014/271 151/1011/271 152/1013/271
f 157/1017/317 156/1018/317 153/1015/317 154/1014/317
f 158/1019/271 157/1017/271 154/1014/271 155/1016/271
f 160/1020/317 159/1021/317 156/1018/317 157/1017/317
f 161/1022/271 160/1020/271 157/1017/271 158/1019/271
f 163/1023/343 162/1024/343 159/1021/343 160/1020/343
f 164/1025/271 163/1023/271 160/1020/271 161/1022/271
f 141/1003/279 165/1026/279 8/727/279 4/714/279
f 144/1006/279 166/1027/279 165/1026/279 141/1003/279
f 147/1009/279 167/1028/279 166/1027/279 144/1006/279
f 150/1012/279 168/1029/279 167/1028/279 147/1009/279
f 153/1015/279 169/1030/279 168/1029/279 150/1012/279
f 156/1018/279 170/1031/279 169/1030/279 153/1015/279
f 159/1021/279 171/1032/279 170/1031/279 156/1018/279
f 162/1024/279 172/1033/279 171/1032/279 159/1021/279
f 165/1026/279 173/1034/279 10/737/279 8/727/279
f 166/1027/279 174/1035/279 173/1034/279 165/1026/279
f 167/1028/279 175/1036/279 174/1035/279 166/1027/279
f 168/1029/279 176/1037/279 175/1036/279 167/1028/279
f 169/1030/279 177/1038/279 176/1037/279 168/1029/279
f 170/1031/279 178/1039/279 177/1038/279 169/1030/279
f 171/1032/279 179/1040/279 178/1039/279 170/1031/279
f 172/1033/279 180/1041/279 179/1040/279 171/1032/279
f 173/1034/279 181/1042/279 12/747/279 10/737/279
f 174/1035/279 182/1043/279 181/1042/279 173/1034/279
f 175/1036/279 183/1044/279 182/1043/279 174/1035/279
f 176/1037/279 184/1045/279 183/1044/279 175/1036/279
f 177/1038/279 185/1046/279 184/1045/279 176/1037/279
f 178/1039/279 186/1047/279 185/1046/279 177/1038/279
f 179/1040/279 187/1048/279 186/1047/279 178/1039/279
f 180/1041/279 188/1049/279 187/1048/279 179/1040/279
f 181/1042/279 189/1050/279 14/756/279 12/747/279
f 182/1043/279 190/1051/279 189/1050/279 181/1042/279
f 183/1044/279 191/1052/279 190/1051/279 182/1043/279
f 184/1045/279 192/1053/279 191/1052/279 183/1044/279
f 185/1046/279 193/1054/279 192/1053/279 184/1045/279
f 186/1047/279 194/1055/279 193/1054/279 185/1046/279
f 187/1048/279 195/1056/279 194/1055/279 186/1047/279
f 188/1049/279 196/608/279 195/1056/279 187/1048/279
f 197/1057/271 143/1004/271 6/717/271 23/833/271
f 198/1058/271 197/1057/271 23/833/271 24/835/271
f 199/1059/271 198/1058/271 24/835/271 25/837/271
f 200/1060/271 199/1059/271 25/837/271 26/839/271
f 201/1061/271 200/1060/271 26/839/271 27/841/271
f 202/1062/271 201/1061/271 27/841/271 28/843/271
f 203/1063/271 202/1062/271 28/843/271 29/845/271
f 204/1064/319 203/1063/319 29/845/319 30/847/319
f 205/1065/271 146/1007/271 143/1004/271 197/1057/271
f 206/1066/271 205/1065/271 197/1057/271 198/1058/271
f 207/1067/271 206/1066/271 198/1058/271 199/1059/271
f 208/1068/271 207/1067/271 199/1059/271 200/1060/271
f 209/1069/271 208/1068/271 200/1060/271 201/1061/271
f 210/1070/271 209/1069/271 201/1061/271 202/1062/271
f 211/1071/271 210/1070/271 202/1062/271 203/1063/271
f 212/1072/319 211/1071/319 203/1063/319 204/1064/319
f 213/1073/271 149/1010/271 146/1007/271 205/1065/271
f 214/1074/271 213/1073/271 205/1065/271 206/1066/271
f 215/1075/271 214/1074/271 206/1066/271 207/1067/271
f 216/1076/271 215/1075/271 207/1067/271 208/1068/271
f 217/1077/271 216/1076/271 208/1068/271 209/1069/271
f 218/1078/271 217/1077/271 209/1069/271 210/1070/271
f 219/1079/271 218/1078/271 210/1070/271 211/1071/271
f 220/1080/319 219/1079/319 211/1071/319 212/1072/319
f 221/1081/271 152/1013/271 149/1010/271 213/1073/271
f 222/1082/271 221/1081/271 213/1073/271 214/1074/271
f 223/1083/271 222/1082/271 214/1074/271 215/1075/271
f 224/1084/271 223/1083/271 215/1075/271 216/1076/271
f 225/1085/271 224/1084/271 216/1076/271 217/1077/271
f 226/1086/271 225/1085/271 217/1077/271 218/1078/271
f 227/1087/271 226/1086/271 218/1078/271 219/1079/271
f 228/1088/319 227/1087/319 219/1079/319 220/1080/319
f 229/1089/271 155/1016/271 152/1013/271 221/1081/271
f 230/1090/271 229/1089/271 221/1081/271 222/1082/271
f 231/1091/271 230/1090/271 222/1082/271 223/1083/271
f 232/1092/271 231/1091/271 223/1083/271 224/1084/271
f 233/1093/271 232/1092/271 224/1084/271 225/1085/271
f 234/1094/271 233/1093/271 225/1085/271 226/1086/271
f 235/1095/271 234/1094/271 226/1086/271 227/1087/271
f 236/1096/319 235/1095/319 227/1087/319 228/1088/319
f 237/1097/271 158/1019/271 155/1016/271 229/1089/271
f 238/1098/271 237/1097/271 229/1089/271 230/1090/271
f 239/1099/271 238/1098/271 230/1090/271 231/1091/271
f 240/1100/271 239/1099/271 231/1091/271 232/1092/271
f 241/1101/271 240/1100/271 232/1092/271 233/1093/271
f 242/1102/271 241/1101/271 233/1093/271 234/1094/271
f 243/1103/271 242/1102/271 234/1094/271 235/1095/271
f 244/1104/319 243/1103/319 235/1095/319 236/1096/319
f 245/1105/271 161/1022/271 158/1019/271 237/1097/271
f 246/1106/271 245/1105/271 237/1097/271 238/1098/271
f 247/1107/271 246/1106/271 238/1098/271 239/1099/271
f 248/1108/271 247/1107/271 239/1099/271 240/1100/271
f 249/1109/271 248/1108/271 240/1100/271 241/1101/271
f 250/1110/271 249/1109/271 241/1101/271 242/1102/271
f 251/1111/271 250/1110/271 242/1102/271 243/1103/271
f 252/1112/319 251/1111/319 243/1103/319 244/1104/319
f 253/1113/271 164/1025/271 161/1022/271 245/1105/271
f 254/1114/271 253/1113/271 245/1105/271 246/1106/271
f 255/1115/271 254/1114/271 246/1106/271 247/1107/271
f 256/1116/271 255/1115/271 247/1107/271 248/1108/271
f 257/1117/271 256/1116/271 248/1108/271 249/1109/271
f 258/1118/271 257/1117/271 249/1109/271 250/1110/271
f 259/1119/271 258/1118/271 250/1110/271 251/1111/271
f 260/1120/319 259/1119/319 251/1111/319 252/1112/319
f 261/1121/186 204/1064/186 30/847/186 32/856/186
f 262/1122/186 212/1072/186 204/1064/186 261/1121/186
f 263/1123/186 220/1080/186 212/1072/186 262/1122/186
f 264/1124/186 228/1088/186 220/1080/186 263/1123/186
f 265/1125/186 236/1096/186 228/1088/186 264/1124/186
f 266/1126/186 244/1104/186 236/1096/186 265/1125/186
f 267/1127/186 252/1112/186 244/1104/186 266/1126/186
f 268/1128/186 260/1120/186 252/1112/186 267/1127/186
f 269/1129/186 261/1121/186 32/856/186 34/865/186
f 270/1130/186 262/1122/186 261/1121/186 269/1129/186
f 271/1131/186 263/1123/186 262/1122/186 270/1130/186
f 272/1132/186 264/1124/186 263/1123/186 271/1131/186
f 273/1133/186 265/1125/186 264/1124/186 272/1132/186
f 274/1134/186 266/1126/186 265/1125/186 273/1133/186
f 275/1135/186 267/1127/186 266/1126/186 274/1134/186
f 276/1136/186 268/1128/186 267/1127/186 275/1135/186
f 277/1137/186 269/1129/186 34/865/186 36/873/186
f 278/1138/186 270/1130/186 269/1129/186 277/1137/186
f 279/1139/186 271/1131/186 270/1130/186 278/1138/186
f 280/1140/186 272/1132/186 271/1131/186 279/1139/186
f 281/1141/186 273/1133/186 272/1132/186 280/1140/186
f 282/1142/186 274/1134/186 273/1133/186 281/1141/186
f 283/1143/186 275/1135/186 274/1134/186 282/1142/186
f 284/1144/186 276/1136/186 275/1135/186 283/1143/186
f 285/829/186 277/1137/186 36/873/186 38/830/186
f 286/828/186 278/1138/186 277/1137/186 285/829/186
f 287/827/186 279/1139/186 278/1138/186 286/828/186
f 288/826/186 280/1140/186 279/1139/186 287/827/186
f 289/825/186 281/1141/186 280/1140/186 288/826/186
f 290/824/186 282/1142/186 281/1141/186 289/825/186
f 291/823/186 283/1143/186 282/1142/186 290/824/186
f 292/469/186 284/1144/186 283/1143/186 291/823/186
f 301/1145/344 44/902/344 43/910/344 293/1146/344
f 301/1145/345 65/927/345 39/903/345 44/902/345
f 302/1147/346 301/1145/346 293/1146/346 294/1148/346
f 302/1147/347 66/929/347 65/927/347 301/1145/347
f 303/1149/348 302/1147/348 294/1148/348 295/1150/348
f 303/1149/349 67/931/349 66/929/349 302/1147/349
f 304/1151/348 303/1149/348 295/1150/348 296/1152/348
f 304/1151/350 68/933/350 67/931/350 303/1149/350
f 305/1153/348 304/1151/348 296/1152/348 297/1154/348
f 305/1153/350 69/935/350 68/933/350 304/1151/350
f 306/1155/348 305/1153/348 297/1154/348 298/1156/348
f 306/1155/350 70/937/350 69/935/350 305/1153/350
f 307/1157/348 306/1155/348 298/1156/348 299/1158/348
f 307/1157/350 71/939/350 70/937/350 306/1155/350
f 308/1159/348 307/1157/348 299/1158/348 300/1160/348
f 308/1159/350 72/941/350 71/939/350 307/1157/350
f 89/950/351 309/1161/351 47/907/351 42/906/351
f 90/951/352 310/1162/352 309/1161/352 89/950/352
f 91/952/353 311/1163/353 310/1162/353 90/951/353
f 92/953/354 312/1164/354 311/1163/354 91/952/354
f 93/954/354 313/1165/354 312/1164/354 92/953/354
f 94/955/354 314/1166/354 313/1165/354 93/954/354
f 95/956/354 315/1167/354 314/1166/354 94/955/354
f 96/957/354 316/1168/354 315/1167/354 95/956/354
f 317/1169/355 48/914/355 47/907/355 309/1161/355
f 318/1170/356 317/1169/356 309/1161/356 310/1162/356
f 319/1171/357 318/1170/357 310/1162/357 311/1163/357
f 320/1172/357 319/1171/357 311/1163/357 312/1164/357
f 321/1173/357 320/1172/357 312/1164/357 313/1165/357
f 322/1174/357 321/1173/357 313/1165/357 314/1166/357
f 323/1175/357 322/1174/357 314/1166/357 315/1167/357
f 324/1176/357 323/1175/357 315/1167/357 316/1168/357
f 325/1177/358 293/1146/358 43/910/358 49/909/358
f 326/1178/358 294/1148/358 293/1146/358 325/1177/358
f 327/1179/358 295/1150/358 294/1148/358 326/1178/358
f 328/1180/358 296/1152/358 295/1150/358 327/1179/358
f 329/1181/358 297/1154/358 296/1152/358 328/1180/358
f 330/1182/358 298/1156/358 297/1154/358 329/1181/358
f 331/1183/358 299/1158/358 298/1156/358 330/1182/358
f 332/1184/358 300/1160/358 299/1158/358 331/1183/358
f 317/1169/359 333/1185/359 54/915/359 48/914/359
f 318/1170/359 334/1186/359 333/1185/359 317/1169/359
f 319/1171/359 335/1187/359 334/1186/359 318/1170/359
f 320/1172/359 336/1188/359 335/1187/359 319/1171/359
f 321/1173/359 337/1189/359 336/1188/359 320/1172/359
f 322/1174/359 338/1190/359 337/1189/359 321/1173/359
f 323/1175/359 339/1191/359 338/1190/359 322/1174/359
f 324/1176/359 340/1192/359 339/1191/359 323/1175/359
f 341/1193/360 325/1177/360 49/909/360 55/917/360
f 342/1194/361 326/1178/361 325/1177/361 341/1193/361
f 343/1195/362 327/1179/362 326/1178/362 342/1194/362
f 344/1196/363 328/1180/363 327/1179/363 343/1195/363
f 345/1197/363 329/1181/363 328/1180/363 344/1196/363
f 346/1198/363 330/1182/363 329/1181/363 345/1197/363
f 347/1199/363 331/1183/363 330/1182/363 346/1198/363
f 348/1200/363 332/1184/363 331/1183/363 347/1199/363
f 56/916/364 349/1201/364 341/1193/364 55/917/364
f 349/1201/365 350/1202/365 342/1194/365 341/1193/365
f 350/1202/366 351/1203/366 343/1195/366 342/1194/366
f 351/1203/367 352/1204/367 344/1196/367 343/1195/367
f 352/1204/367 353/1205/367 345/1197/367 344/1196/367
f 353/1205/367 354/1206/367 346/1198/367 345/1197/367
f 354/1206/367 355/1207/367 347/1199/367 346/1198/367
f 355/1207/367 356/1208/367 348/1200/367 347/1199/367
f 60/921/368 365/1209/368 357/1210/368 59/920/368
f 333/1185/369 365/1209/369 60/921/369 54/915/369
f 365/1209/370 366/1211/370 358/1212/370 357/1210/370
f 334/1186/371 366/1211/371 365/1209/371 333/1185/371
f 366/1211/372 367/1213/372 359/1214/372 358/1212/372
f 335/1187/373 367/1213/373 366/1211/373 334/1186/373
f 367/1213/374 368/1215/374 360/1216/374 359/1214/374
f 336/1188/375 368/1215/375 367/1213/375 335/1187/375
f 368/1215/374 369/1217/374 361/1218/374 360/1216/374
f 337/1189/375 369/1217/375 368/1215/375 336/1188/375
f 369/1217/374 370/1219/374 362/1220/374 361/1218/374
f 338/1190/375 370/1219/375 369/1217/375 337/1189/375
f 370/1219/374 371/1221/374 363/1222/374 362/1220/374
f 339/1191/375 371/1221/375 370/1219/375 338/1190/375
f 371/1221/374 372/1223/374 364/1224/374 363/1222/374
f 340/1192/375 372/1223/375 371/1221/375 339/1191/375
f 373/1225/376 349/1201/376 56/916/376 61/923/376
f 374/1226/377 350/1202/377 349/1201/377 373/1225/377
f 375/1227/378 351/1203/378 350/1202/378 374/1226/378
f 376/1228/379 352/1204/379 351/1203/379 375/1227/379
f 377/1229/379 353/1205/379 352/1204/379 376/1228/379
f 378/1230/379 354/1206/379 353/1205/379 377/1229/379
f 379/1231/379 355/1207/379 354/1206/379 378/1230/379
f 380/1232/379 356/1208/379 355/1207/379 379/1231/379
f 62/922/380 381/1233/380 373/1225/380 61/923/380
f 381/1233/381 382/1234/381 374/1226/381 373/1225/381
f 382/1234/382 383/1235/382 375/1227/382 374/1226/382
f 383/1235/383 384/1236/383 376/1228/383 375/1227/383
f 384/1236/383 385/1237/383 377/1229/383 376/1228/383
f 385/1237/383 386/1238/383 378/1230/383 377/1229/383
f 386/1238/383 387/1239/383 379/1231/383 378/1230/383
f 387/1239/383 388/1240/383 380/1232/383 379/1231/383
f 63/924/384 389/1241/384 381/1233/384 62/922/384
f 389/1241/385 390/1242/385 382/1234/385 381/1233/385
f 390/1242/25 391/1243/25 383/1235/25 382/1234/25
f 391/1243/11 392/1244/11 384/1236/11 383/1235/11
f 392/1244/11 393/1245/11 385/1237/11 384/1236/11
f 393/1245/11 394/1246/11 386/1238/11 385/1237/11
f 394/1246/11 395/1247/11 387/1239/11 386/1238/11
f 395/1247/11 396/1248/11 388/1240/11 387/1239/11
f 64/925/386 397/1249/386 389/1241/386 63/924/386
f 357/1210/387 397/1249/387 64/925/387 59/920/387
f 397/1249/388 398/1250/388 390/1242/388 389/1241/388
f 358/1212/389 398/1250/389 397/1249/389 357/1210/389
f 398/1250/390 399/1251/390 391/1243/390 390/1242/390
f 359/1214/391 399/1251/391 398/1250/391 358/1212/391
f 399/1251/392 400/1252/392 392/1244/392 391/1243/392
f 360/1216/393 400/1252/393 399/1251/393 359/1214/393
f 400/1252/392 401/1253/392 393/1245/392 392/1244/392
f 361/1218/393 401/1253/393 400/1252/393 360/1216/393
f 401/1253/392 402/1254/392 394/1246/392 393/1245/392
f 362/1220/393 402/1254/393 401/1253/393 361/1218/393
f 402/1254/392 403/1255/392 395/1247/392 394/1246/392
f 363/1222/393 403/1255/393 402/1254/393 362/1220/393
f 403/1255/392 404/1256/392 396/1248/392 395/1247/392
f 364/1224/393 404/1256/393 403/1255/393 363/1222/393
f 413/1257/348 308/1159/348 300/1160/348 405/1258/348
f 413/1257/350 97/959/350 72/941/350 308/1159/350
f 414/1259/348 413/1257/348 405/1258/348 406/1260/348
f 414/1259/350 98/961/350 97/959/350 413/1257/350
f 415/1261/348 414/1259/348 406/1260/348 407/1262/348
f 415/1261/350 99/963/350 98/961/350 414/1259/350
f 416/1263/348 415/1261/348 407/1262/348 408/1264/348
f 416/1263/350 100/965/350 99/963/350 415/1261/350
f 417/1265/348 416/1263/348 408/1264/348 409/1266/348
f 417/1265/350 101/967/350 100/965/350 416/1263/350
f 418/1267/348 417/1265/348 409/1266/348 410/1268/348
f 418/1267/350 102/969/350 101/967/350 417/1265/350
f 419/1269/348 418/1267/348 410/1268/348 411/1270/348
f 419/1269/350 103/971/350 102/969/350 418/1267/350
f 420/1271/348 419/1269/348 411/1270/348 412/1272/348
f 420/1271/350 104/973/350 103/971/350 419/1269/350
f 121/982/354 421/1273/354 316/1168/354 96/957/354
f 122/983/354 422/1274/354 421/1273/354 121/982/354
f 123/984/354 423/1275/354 422/1274/354 122/983/354
f 124/985/354 424/1276/354 423/1275/354 123/984/354
f 125/986/354 425/1277/354 424/1276/354 124/985/354
f 126/987/354 426/1278/354 425/1277/354 125/986/354
f 127/988/354 427/1279/354 426/1278/354 126/987/354
f 128/989/354 428/1280/354 427/1279/354 127/988/354
f 429/1281/357 324/1176/357 316/1168/357 421/1273/357
f 430/1282/357 429/1281/357 421/1273/357 422/1274/357
f 431/1283/357 430/1282/357 422/1274/357 423/1275/357
f 432/1284/357 431/1283/357 423/1275/357 424/1276/357
f 433/1285/357 432/1284/357 424/1276/357 425/1277/357
f 434/1286/357 433/1285/357 425/1277/357 426/1278/357
f 435/1287/357 434/1286/357 426/1278/357 427/1279/357
f 436/1288/357 435/1287/357 427/1279/357 428/1280/357
f 437/1289/358 405/1258/358 300/1160/358 332/1184/358
f 438/1290/358 406/1260/358 405/1258/358 437/1289/358
f 439/1291/358 407/1262/358 406/1260/358 438/1290/358
f 440/1292/358 408/1264/358 407/1262/358 439/1291/358
f 441/1293/358 409/1266/358 408/1264/358 440/1292/358
f 442/1294/358 410/1268/358 409/1266/358 441/1293/358
f 443/1295/358 411/1270/358 410/1268/358 442/1294/358
f 444/1296/358 412/1272/358 411/1270/358 443/1295/358
f 429/1281/359 445/1297/359 340/1192/359 324/1176/359
f 430/1282/359 446/1298/359 445/1297/359 429/1281/359
f 431/1283/359 447/1299/359 446/1298/359 430/1282/359
f 432/1284/359 448/1300/359 447/1299/359 431/1283/359
f 433/1285/359 449/1301/359 448/1300/359 432/1284/359
f 434/1286/359 450/1302/359 449/1301/359 433/1285/359
f 435/1287/359 451/1303/359 450/1302/359 434/1286/359
f 436/1288/359 452/1304/359 451/1303/359 435/1287/359
f 453/1305/363 437/1289/363 332/1184/363 348/1200/363
f 454/1306/363 438/1290/363 437/1289/363 453/1305/363
f 455/1307/363 439/1291/363 438/1290/363 454/1306/363
f 456/1308/363 440/1292/363 439/1291/363 455/1307/363
f 457/1309/394 441/1293/394 440/1292/394 456/1308/394
f 458/1310/395 442/1294/395 441/1293/395 457/1309/395
f 459/1311/396 443/1295/396 442/1294/396 458/1310/396
f 460/1312/397 444/1296/397 443/1295/397 459/1311/397
f 356/1208/367 461/1313/367 453/1305/367 348/1200/367
f 461/1313/367 462/1314/367 454/1306/367 453/1305/367
f 462/1314/367 463/1315/367 455/1307/367 454/1306/367
f 463/1315/398 464/1316/398 456/1308/398 455/1307/398
f 464/1316/399 465/1317/399 457/1309/399 456/1308/399
f 465/1317/400 466/1318/400 458/1310/400 457/1309/400
f 372/1223/374 475/1319/374 467/1320/374 364/1224/374
f 445/1297/375 475/1319/375 372/1223/375 340/1192/375
f 475/1319/374 476/1321/374 468/1322/374 467/1320/374
f 446/1298/375 476/1321/375 475/1319/375 445/1297/375
f 476/1321/374 477/1323/374 469/1324/374 468/1322/374
f 447/1299/375 477/1323/375 476/1321/375 446/1298/375
f 477/1323/401 478/1325/401 470/1326/401 469/1324/401
f 448/1300/402 478/1325/402 477/1323/402 447/1299/402
f 478/1325/403 479/1327/403 471/1328/403 470/1326/403
f 449/1301/404 479/1327/404 478/1325/404 448/1300/404
f 479/1327/405 480/1329/405 472/1330/405 471/1328/405
f 450/1302/406 480/1329/406 479/1327/406 449/1301/406
f 480/1329/407 481/1331/407 473/1332/407 472/1330/407
f 451/1303/408 481/1331/408 480/1329/408 450/1302/408
f 481/1331/409 482/1333/409 474/1334/409 473/1332/409
f 452/1304/410 482/1333/410 481/1331/410 451/1303/410
f 484/1335/411 483/1336/411 162/1024/411 163/1023/411
f 485/1337/271 484/1335/271 163/1023/271 164/1025/271
f 487/1338/412 486/1339/412 483/1336/412 484/1335/412
f 487/1338/413 459/1311/413 458/1310/413 486/1339/413
f 488/1340/271 487/1338/271 484/1335/271 485/1337/271
f 488/1340/414 460/1312/414 459/1311/414 487/1338/414
f 489/1341/379 461/1313/379 356/1208/379 380/1232/379
f 490/1342/379 462/1314/379 461/1313/379 489/1341/379
f 491/1343/379 463/1315/379 462/1314/379 490/1342/379
f 492/1344/415 464/1316/415 463/1315/415 491/1343/415
f 493/1345/416 465/1317/416 464/1316/416 492/1344/416
f 494/1346/417 466/1318/417 465/1317/417 493/1345/417
f 466/1318/418 494/1346/418 486/1339/418 458/1310/418
f 388/1240/383 495/1347/383 489/1341/383 380/1232/383
f 495/1347/383 496/1348/383 490/1342/383 489/1341/383
f 496/1348/383 497/1349/383 491/1343/383 490/1342/383
f 497/1349/419 498/1350/419 492/1344/419 491/1343/419
f 498/1350/420 499/1351/420 493/1345/420 492/1344/420
f 499/1351/421 500/1352/421 494/1346/421 493/1345/421
f 396/1248/11 501/1353/11 495/1347/11 388/1240/11
f 501/1353/11 502/1354/11 496/1348/11 495/1347/11
f 502/1354/11 503/1355/11 497/1349/11 496/1348/11
f 503/1355/422 504/1356/422 498/1350/422 497/1349/422
f 504/1356/423 505/1357/423 499/1351/423 498/1350/423
f 505/1357/424 506/1358/424 500/1352/424 499/1351/424
f 404/1256/392 507/1359/392 501/1353/392 396/1248/392
f 467/1320/393 507/1359/393 404/1256/393 364/1224/393
f 507/1359/392 508/1360/392 502/1354/392 501/1353/392
f 468/1322/393 508/1360/393 507/1359/393 467/1320/393
f 508/1360/392 509/1361/392 503/1355/392 502/1354/392
f 469/1324/393 509/1361/393 508/1360/393 468/1322/393
f 509/1361/425 510/1362/425 504/1356/425 503/1355/425
f 470/1326/426 510/1362/426 509/1361/426 469/1324/426
f 510/1362/427 511/1363/427 505/1357/427 504/1356/427
f 471/1328/428 511/1363/428 510/1362/428 470/1326/428
f 511/1363/429 512/1364/429 506/1358/429 505/1357/429
f 472/1330/430 512/1364/430 511/1363/430 471/1328/430
f 473/1332/431 513/1365/431 512/1364/431 472/1330/431
f 474/1334/432 514/1366/432 513/1365/432 473/1332/432
f 483/1336/279 515/1367/279 172/1033/279 162/1024/279
f 486/1339/279 516/1368/279 515/1367/279 483/1336/279
f 494/1346/433 517/1369/433 516/1368/433 486/1339/433
f 500/1352/434 518/1370/434 517/1369/434 494/1346/434
f 506/1358/435 519/1371/435 518/1370/435 500/1352/435
f 512/1364/436 521/1372/436 519/1371/436 506/1358/436
f 521/1372/437 522/1373/437 520/1374/437 519/1371/437
f 513/1365/438 522/1373/438 521/1372/438 512/1364/438
f 514/1366/439 523/1375/439 522/1373/439 513/1365/439
f 515/1367/279 524/1376/279 180/1041/279 172/1033/279
f 516/1368/279 525/1377/279 524/1376/279 515/1367/279
f 517/1369/279 526/1378/279 525/1377/279 516/1368/279
f 518/1370/279 527/1379/279 526/1378/279 517/1369/279
f 519/1371/279 528/1380/279 527/1379/279 518/1370/279
f 520/1374/279 529/1381/279 528/1380/279 519/1371/279
f 522/1373/440 530/1382/440 529/1381/440 520/1374/440
f 523/1375/213 531/1383/213 530/1382/213 522/1373/213
f 524/1376/279 532/1384/279 188/1049/279 180/1041/279
f 525/1377/279 533/1385/279 532/1384/279 524/1376/279
f 526/1378/279 534/1386/279 533/1385/279 525/1377/279
f 527/1379/279 535/1387/279 534/1386/279 526/1378/279
f 528/1380/279 536/1388/279 535/1387/279 527/1379/279
f 529/1381/279 537/1389/279 536/1388/279 528/1380/279
f 530/1382/441 538/1390/441 537/1389/441 529/1381/441
f 531/1383/213 539/1391/213 538/1390/213 530/1382/213
f 532/1384/279 540/607/279 196/608/279 188/1049/279
f 533/1385/279 541/606/279 540/607/279 532/1384/279
f 534/1386/279 542/605/279 541/606/279 533/1385/279
f 535/1387/279 543/604/279 542/605/279 534/1386/279
f 536/1388/279 544/603/279 543/604/279 535/1387/279
f 537/1389/279 545/602/279 544/603/279 536/1388/279
f 538/1390/284 546/601/284 545/602/284 537/1389/284
f 539/1391/213 547/464/213 546/601/213 538/1390/213
f 551/1392/348 420/1271/348 412/1272/348 548/1393/348
f 551/1392/350 129/991/350 104/973/350 420/1271/350
f 552/1394/442 551/1392/442 548/1393/442 549/1395/442
f 552/1394/443 130/993/443 129/991/443 551/1392/443
f 553/1396/444 552/1394/444 549/1395/444 550/1397/444
f 553/1396/445 131/995/445 130/993/445 552/1394/445
f 554/1398/446 134/994/446 131/995/446 553/1396/446
f 555/1399/447 137/998/447 134/994/447 554/1398/447
f 138/999/354 556/1400/354 428/1280/354 128/989/354
f 139/1000/448 557/1401/448 556/1400/448 138/999/448
f 140/1001/449 558/1402/449 557/1401/449 139/1000/449
f 558/1402/450 140/1001/450 137/998/450 555/1399/450
f 559/1403/357 436/1288/357 428/1280/357 556/1400/357
f 560/1404/451 559/1403/451 556/1400/451 557/1401/451
f 561/1405/452 560/1404/452 557/1401/452 558/1402/452
f 562/1406/358 548/1393/358 412/1272/358 444/1296/358
f 563/1407/358 549/1395/358 548/1393/358 562/1406/358
f 564/1408/358 550/1397/358 549/1395/358 563/1407/358
f 565/1409/453 553/1396/453 550/1397/453 564/1408/453
f 566/1410/454 554/1398/454 553/1396/454 565/1409/454
f 567/1411/186 555/1399/186 554/1398/186 566/1410/186
f 568/1412/455 558/1402/455 555/1399/455 567/1411/455
f 559/1403/359 569/1413/359 452/1304/359 436/1288/359
f 560/1404/359 570/1414/359 569/1413/359 559/1403/359
f 561/1405/359 571/1415/359 570/1414/359 560/1404/359
f 571/1415/456 561/1405/456 558/1402/456 568/1412/456
f 572/1416/457 562/1406/457 444/1296/457 460/1312/457
f 573/1417/458 563/1407/458 562/1406/458 572/1416/458
f 574/1418/459 564/1408/459 563/1407/459 573/1417/459
f 576/1419/460 565/1409/460 564/1408/460 574/1418/460
f 577/1420/461 576/1419/461 574/1418/461 575/1421/461
f 578/1422/186 566/1410/186 565/1409/186 576/1419/186
f 579/1423/462 578/1422/462 576/1419/462 577/1420/462
f 580/1424/186 567/1411/186 566/1410/186 578/1422/186
f 581/1425/463 580/1424/463 578/1422/463 579/1423/463
f 584/1426/186 568/1412/186 567/1411/186 580/1424/186
f 585/1427/186 584/1426/186 580/1424/186 581/1425/186
f 482/1333/464 586/1428/464 582/1429/464 474/1334/464
f 569/1413/465 586/1428/465 482/1333/465 452/1304/465
f 586/1428/466 587/1430/466 583/1431/466 582/1429/466
f 570/1414/467 587/1430/467 586/1428/467 569/1413/467
f 587/1430/468 588/1432/468 584/1426/468 583/1431/468
f 571/1415/469 588/1432/469 587/1430/469 570/1414/469
f 588/1432/470 571/1415/470 568/1412/470 584/1426/470
f 589/1433/271 485/1337/271 164/1025/271 253/1113/271
f 590/1434/271 589/1433/271 253/1113/271 254/1114/271
f 591/1435/271 590/1434/271 254/1114/271 255/1115/271
f 592/1436/271 591/1435/271 255/1115/271 256/1116/271
f 593/1437/271 592/1436/271 256/1116/271 257/1117/271
f 594/1438/271 593/1437/271 257/1117/271 258/1118/271
f 595/1439/271 594/1438/271 258/1118/271 259/1119/271
f 596/1440/319 595/1439/319 259/1119/319 260/1120/319
f 597/1441/271 488/1340/271 485/1337/271 589/1433/271
f 597/1441/271 572/1416/271 460/1312/271 488/1340/271
f 598/1442/271 597/1441/271 589/1433/271 590/1434/271
f 598/1442/271 573/1417/271 572/1416/271 597/1441/271
f 599/1443/271 598/1442/271 590/1434/271 591/1435/271
f 599/1443/271 574/1418/271 573/1417/271 598/1442/271
f 600/1444/271 599/1443/271 591/1435/271 592/1436/271
f 600/1444/271 575/1421/271 574/1418/271 599/1443/271
f 601/1445/271 600/1444/271 592/1436/271 593/1437/271
f 602/1446/271 601/1445/271 593/1437/271 594/1438/271
f 603/1447/271 602/1446/271 594/1438/271 595/1439/271
f 604/1448/319 603/1447/319 595/1439/319 596/1440/319
f 605/1449/271 577/1420/271 575/1421/271 600/1444/271
f 606/1450/271 605/1449/271 600/1444/271 601/1445/271
f 607/1451/271 606/1450/271 601/1445/271 602/1446/271
f 608/1452/271 607/1451/271 602/1446/271 603/1447/271
f 609/1453/319 608/1452/319 603/1447/319 604/1448/319
f 610/1454/271 579/1423/271 577/1420/271 605/1449/271
f 611/1455/271 610/1454/271 605/1449/271 606/1450/271
f 612/1456/271 611/1455/271 606/1450/271 607/1451/271
f 613/1457/271 612/1456/271 607/1451/271 608/1452/271
f 614/1458/471 613/1457/471 608/1452/471 609/1453/471
f 615/1459/472 581/1425/472 579/1423/472 610/1454/472
f 616/1460/271 615/1459/271 610/1454/271 611/1455/271
f 617/1461/271 616/1460/271 611/1455/271 612/1456/271
f 618/1462/271 617/1461/271 612/1456/271 613/1457/271
f 619/1463/473 618/1462/473 613/1457/473 614/1458/473
f 582/1429/474 620/1464/474 514/1366/474 474/1334/474
f 583/1431/475 621/1465/475 620/1464/475 582/1429/475
f 584/1426/476 622/1466/476 621/1465/476 583/1431/476
f 585/1427/477 623/1467/477 622/1466/477 584/1426/477
f 623/1467/478 585/1427/478 581/1425/478 615/1459/478
f 624/1468/479 623/1467/479 615/1459/479 616/1460/479
f 625/1469/480 624/1468/480 616/1460/480 617/1461/480
f 626/1470/481 625/1469/481 617/1461/481 618/1462/481
f 627/1471/482 626/1470/482 618/1462/482 619/1463/482
f 628/1472/186 596/1440/186 260/1120/186 268/1128/186
f 629/1473/186 604/1448/186 596/1440/186 628/1472/186
f 630/1474/186 609/1453/186 604/1448/186 629/1473/186
f 631/1475/186 614/1458/186 609/1453/186 630/1474/186
f 632/1476/186 619/1463/186 614/1458/186 631/1475/186
f 620/1464/483 633/1477/483 523/1375/483 514/1366/483
f 621/1465/484 634/1478/484 633/1477/484 620/1464/484
f 622/1466/485 635/1479/485 634/1478/485 621/1465/485
f 623/1467/486 636/1480/486 635/1479/486 622/1466/486
f 624/1468/213 637/1481/213 636/1480/213 623/1467/213
f 625/1469/213 638/1482/213 637/1481/213 624/1468/213
f 626/1470/213 639/1483/213 638/1482/213 625/1469/213
f 627/1471/213 640/1484/213 639/1483/213 626/1470/213
f 640/1484/186 627/1471/186 619/1463/186 632/1476/186
f 641/1485/186 628/1472/186 268/1128/186 276/1136/186
f 642/1486/186 629/1473/186 628/1472/186 641/1485/186
f 643/1487/186 630/1474/186 629/1473/186 642/1486/186
f 644/1488/186 631/1475/186 630/1474/186 643/1487/186
f 645/1489/186 632/1476/186 631/1475/186 644/1488/186
f 633/1477/213 646/1490/213 531/1383/213 523/1375/213
f 634/1478/213 647/1491/213 646/1490/213 633/1477/213
f 635/1479/213 648/1492/213 647/1491/213 634/1478/213
f 636/1480/213 649/1493/213 648/1492/213 635/1479/213
f 637/1481/213 650/1494/213 649/1493/213 636/1480/213
f 638/1482/213 651/1495/213 650/1494/213 637/1481/213
f 639/1483/213 652/1496/213 651/1495/213 638/1482/213
f 640/1484/213 653/1497/213 652/1496/213 639/1483/213
f 653/1497/186 640/1484/186 632/1476/186 645/1489/186
f 654/1498/186 641/1485/186 276/1136/186 284/1144/186
f 655/1499/186 642/1486/186 641/1485/186 654/1498/186
f 656/1500/186 643/1487/186 642/1486/186 655/1499/186
f 657/1501/186 644/1488/186 643/1487/186 656/1500/186
f 658/1502/186 645/1489/186 644/1488/186 657/1501/186
f 646/1490/213 659/1503/213 539/1391/213 531/1383/213
f 647/1491/213 660/1504/213 659/1503/213 646/1490/213
f 648/1492/213 661/1505/213 660/1504/213 647/1491/213
f 649/1493/213 662/1506/213 661/1505/213 648/1492/213
f 650/1494/213 663/1507/213 662/1506/213 649/1493/213
f 651/1495/213 664/1508/213 663/1507/213 650/1494/213
f 652/1496/213 665/1509/213 664/1508/213 651/1495/213
f 653/1497/213 666/1510/213 665/1509/213 652/1496/213
f 666/1510/186 653/1497/186 645/1489/186 658/1502/186
f 668/468/186 654/1498/186 284/1144/186 292/469/186
f 669/467/186 655/1499/186 654/1498/186 668/468/186
f 670/466/186 656/1500/186 655/1499/186 669/467/186
f 671/465/186 657/1501/186 656/1500/186 670/466/186
f 672/456/186 658/1502/186 657/1501/186 671/465/186
f 659/1503/213 673/463/213 547/464/213 539/1391/213
f 660/1504/213 674/462/213 673/463/213 659/1503/213
f 661/1505/213 675/461/213 674/462/213 660/1504/213
f 662/1506/213 676/460/213 675/461/213 661/1505/213
f 663/1507/213 677/459/213 676/460/213 662/1506/213
f 664/1508/213 678/458/213 677/459/213 663/1507/213
f 665/1509/213 679/457/213 678/458/213 664/1508/213
f 666/1510/213 680/455/213 679/457/213 665/1509/213
f 680/455/186 666/1510/186 658/1502/186 672/456/186
f 688/1511/487 687/1512/487 683/1513/487 684/1514/487
f 689/1515/488 688/1511/488 684/1514/488 685/1516/488
f 692/1517/489 691/1518/489 686/1519/489 687/1512/489
f 693/1520/490 692/1517/490 687/1512/490 688/1511/490
f 694/1521/491 693/1520/491 688/1511/491 689/1515/491
f 696/303/492 684/1514/492 683/1513/492 695/301/492
f 697/299/493 685/1516/493 684/1514/493 696/303/493
f 700/300/494 687/1512/494 686/1519/494 699/302/494
f 687/1512/495 700/300/495 695/301/495 683/1513/495
f 701/294/148 689/1515/148 685/1516/148 697/299/148
f 702/296/496 690/1522/496 667/1523/496 682/298/496
f 703/1524/497 702/296/497 698/297/497 699/302/497
f 703/1524/498 691/1518/498 690/1522/498 702/296/498
f 691/1518/499 703/1524/499 699/302/499 686/1519/499
f 704/293/500 694/1521/500 689/1515/500 701/294/500
f 710/1525/501 709/1526/501 706/1527/501 707/1528/501
f 712/1529/502 711/1530/502 708/1531/502 709/1526/502
f 713/1532/503 712/1529/503 709/1526/503 710/1525/503
f 715/1533/504 714/1534/504 712/1529/504 713/1532/504
f 718/277/505 707/1528/505 706/1527/505 717/276/505
f 720/275/506 709/1526/506 708/1531/506 719/274/506
f 709/1526/507 720/275/507 717/276/507 706/1527/507
f 711/1530/148 721/273/148 719/274/148 708/1531/148
f 712/1529/145 722/272/145 721/273/145 711/1530/145
f 714/1534/145 723/271/145 722/272/145 712/1529/145
f 715/1533/508 724/228/508 723/271/508 714/1534/508
f 730/1535/509 729/1536/509 725/1537/509 726/1538/509
f 731/1539/510 730/1535/510 726/1538/510 727/1540/510
f 735/1541/511 734/1542/511 728/1543/511 729/1536/511
f 736/1544/512 735/1541/512 729/1536/512 730/1535/512
f 737/1545/513 736/1544/513 730/1535/513 731/1539/513
f 741/1546/514 740/1547/514 732/1548/514 733/1549/514
f 742/1550/515 741/1546/515 733/1549/515 734/1542/515
f 743/1551/516 742/1550/516 734/1542/516 735/1541/516
f 744/1552/517 743/1551/517 735/1541/517 736/1544/517
f 745/1553/518 744/1552/518 736/1544/518 737/1545/518
f 747/1554/519 746/1555/519 738/1556/519 739/1557/519
f 748/1558/520 747/1554/520 739/1557/520 740/1547/520
f 749/1559/521 748/1558/521 740/1547/521 741/1546/521
f 750/1560/522 749/1559/522 741/1546/522 742/1550/522
f 751/1561/523 750/1560/523 742/1550/523 743/1551/523
f 752/1562/524 710/1525/524 707/1528/524 746/1555/524
f 753/1563/525 752/1562/525 746/1555/525 747/1554/525
f 754/1564/526 753/1563/526 747/1554/526 748/1558/526
f 755/1565/527 754/1564/527 748/1558/527 749/1559/527
f 756/1566/528 713/1532/528 710/1525/528 752/1562/528
f 757/1567/529 756/1566/529 752/1562/529 753/1563/529
f 758/1568/530 715/1533/530 713/1532/530 756/1566/530
f 761/256/531 726/1538/531 725/1537/531 760/258/531
f 762/1569/532 761/256/532 681/257/532 682/298/532
f 762/1569/533 727/1540/533 726/1538/533 761/256/533
f 727/1540/534 762/1569/534 682/298/534 667/1523/534
f 765/1570/535 764/253/535 759/254/535 760/258/535
f 765/1570/536 729/1536/536 728/1543/536 764/253/536
f 729/1536/537 765/1570/537 760/258/537 725/1537/537
f 768/249/538 733/1549/538 732/1548/538 767/251/538
f 769/1571/539 768/249/539 763/250/539 764/253/539
f 769/1571/540 734/1542/540 733/1549/540 768/249/540
f 734/1542/541 769/1571/541 764/253/541 728/1543/541
f 772/244/542 739/1557/542 738/1556/542 771/246/542
f 773/1572/543 772/244/543 766/245/543 767/251/543
f 773/1572/544 740/1547/544 739/1557/544 772/244/544
f 740/1547/545 773/1572/545 767/251/545 732/1548/545
f 744/1552/546 775/239/546 774/1573/546 743/1551/546
f 745/1553/547 776/242/547 775/239/547 744/1552/547
f 776/242/548 745/1553/548 737/1545/548 770/154/548
f 777/1574/549 718/277/549 716/247/549 771/246/549
f 777/1574/550 746/1555/550 707/1528/550 718/277/550
f 746/1555/551 777/1574/551 771/246/551 738/1556/551
f 750/1560/552 779/235/552 778/1575/552 749/1559/552
f 751/1561/553 780/240/553 779/235/553 750/1560/553
f 780/240/554 751/1561/554 743/1551/554 774/1573/554
f 781/238/555 780/240/555 774/1573/555 775/239/555
f 754/1564/556 783/231/556 782/1576/556 753/1563/556
f 755/1565/557 784/236/557 783/231/557 754/1564/557
f 784/236/558 755/1565/558 749/1559/558 778/1575/558
f 785/234/559 784/236/559 778/1575/559 779/235/559
f 757/1567/560 787/232/560 786/227/560 756/1566/560
f 787/232/561 757/1567/561 753/1563/561 782/1576/561
f 788/230/562 787/232/562 782/1576/562 783/231/562
f 758/1568/563 789/226/563 724/228/563 715/1533/563
f 789/226/564 758/1568/564 756/1566/564 786/227/564
f 790/1577/565 727/1540/565 667/1523/565 690/1522/565
f 791/1578/566 790/1577/566 690/1522/566 691/1518/566
f 792/1579/567 791/1578/567 691/1518/567 692/1517/567
f 793/1580/568 792/1579/568 692/1517/568 693/1520/568
f 794/1581/569 793/1580/569 693/1520/569 694/1521/569
f 795/1582/570 731/1539/570 727/1540/570 790/1577/570
f 796/1583/571 795/1582/571 790/1577/571 791/1578/571
f 797/1584/572 796/1583/572 791/1578/572 792/1579/572
f 798/1585/573 737/1545/573 731/1539/573 795/1582/573
f 793/1580/574 800/157/574 799/1586/574 792/1579/574
f 794/1581/575 801/163/575 800/157/575 793/1580/575
f 801/163/576 794/1581/576 694/1521/576 704/293/576
f 802/160/577 801/163/577 704/293/577 705/161/577
f 796/1583/578 804/152/578 803/1587/578 795/1582/578
f 797/1584/579 805/158/579 804/152/579 796/1583/579
f 805/158/580 797/1584/580 792/1579/580 799/1586/580
f 806/156/581 805/158/581 799/1586/581 800/157/581
f 798/1585/582 807/153/582 770/154/582 737/1545/582
f 807/153/583 798/1585/583 795/1582/583 803/1587/583
f 808/151/584 807/153/584 803/1587/584 804/152/584
f 874/899/279 882/891/279 881/892/279 873/1588/279
f 873/1588/279 881/892/279 812/893/279 810/1589/279
f 196/608/279 880/600/279 879/894/279 195/1056/279
f 195/1056/279 879/894/279 878/895/279 194/1055/279
f 194/1055/279 878/895/279 877/896/279 193/1054/279
f 193/1054/279 877/896/279 876/897/279 192/1053/279
f 192/1053/279 876/897/279 875/898/279 191/1052/279
f 191/1052/279 875/898/279 874/899/279 190/1051/279
f 190/1051/279 874/899/279 873/1588/279 189/1050/279
f 189/1050/279 873/1588/279 810/1589/279 14/756/279
f 867/97/585 872/96/585 871/98/585 866/1590/585
f 866/1590/279 871/98/279 870/106/279 865/1591/279
f 865/1591/586 870/106/586 869/114/586 864/122/586
f 862/624/587 868/623/587 867/97/587 861/1592/587
f 861/1592/279 867/97/279 866/1590/279 860/1593/279
f 860/1593/279 866/1590/279 865/1591/279 859/1594/279
f 859/1594/279 865/1591/279 864/122/279 858/1595/279
f 858/1595/588 864/122/588 863/632/588 857/640/588
f 856/648/589 862/624/589 861/1592/589 855/664/589
f 855/664/279 861/1592/279 860/1593/279 854/1596/279
f 854/1596/279 860/1593/279 859/1594/279 853/1597/279
f 853/1597/279 859/1594/279 858/1595/279 852/688/279
f 852/688/590 858/1595/590 857/640/590 851/656/590
f 850/672/279 855/664/279 854/1596/279 849/696/279
f 849/696/279 854/1596/279 853/1597/279 848/704/279
f 848/704/279 853/1597/279 852/688/279 847/687/279
f 846/790/186 830/789/186 829/1598/186 838/1599/186
f 845/791/224 846/790/224 838/1599/224 837/1600/224
f 844/792/11 845/791/11 837/1600/11 836/1601/11
f 843/793/11 844/792/11 836/1601/11 835/1602/11
f 842/794/11 843/793/11 835/1602/11 834/1603/11
f 841/795/11 842/794/11 834/1603/11 833/1604/11
f 840/796/11 841/795/11 833/1604/11 832/1605/11
f 839/797/11 840/796/11 832/1605/11 831/1606/11
f 822/798/11 839/797/11 831/1606/11 819/1607/11
f 830/789/186 828/806/186 827/1608/186 829/1598/186
f 828/806/186 826/814/186 825/1609/186 827/1608/186
f 826/814/186 824/822/186 823/1610/186 825/1609/186
f 824/822/186 38/830/186 37/880/186 823/1610/186
f 821/872/11 822/798/11 819/1607/11 818/1611/11
f 820/875/320 821/872/320 818/1611/320 817/1612/320
f 816/876/279 820/875/279 817/1612/279 815/1613/279
f 814/885/279 816/876/279 815/1613/279 813/1614/279
f 812/893/279 814/885/279 813/1614/279 811/1615/279
f 810/1589/279 812/893/279 811/1615/279 809/1616/279
f 14/756/279 810/1589/279 809/1616/279 13/757/279
f 2499/1617/591 2494/1618/591 2467/1619/591 2474/1620/591
f 2500/1621/592 2495/1622/592 2494/1618/592 2499/1617/592
f 2501/1623/186 2496/1624/186 2495/1622/186 2500/1621/186
f 2502/1625/186 2497/1626/186 2496/1624/186 2501/1623/186
f 2503/1627/186 2498/1628/186 2497/1626/186 2502/1625/186
f 2504/1629/591 2499/1617/591 2474/1620/591 2481/1630/591
f 2505/1631/593 2500/1621/593 2499/1617/593 2504/1629/593
f 2485/1632/594 2506/1633/594 2504/1629/594 2481/1630/594
f 2506/1633/595 2507/1634/595 2505/1631/595 2504/1629/595
f 2507/1634/186 2501/1623/186 2500/1621/186 2505/1631/186
f 2489/1635/11 2508/1636/11 2506/1633/11 2485/1632/11
f 2508/1636/596 2509/1637/596 2507/1634/596 2506/1633/596
f 2509/1637/186 2502/1625/186 2501/1623/186 2507/1634/186
f 2493/1638/11 2510/1639/11 2508/1636/11 2489/1635/11
f 2510/1639/597 2511/1640/597 2509/1637/597 2508/1636/597
f 2511/1640/186 2503/1627/186 2502/1625/186 2509/1637/186
f 1822/1641/279 2512/1642/279 2470/1643/279 1745/1644/279
f 1823/1645/279 2513/1646/279 2512/1642/279 1822/1641/279
f 1824/1647/279 2514/1648/279 2513/1646/279 1823/1645/279
f 1825/1649/598 2515/1650/598 2514/1648/598 1824/1647/598
f 1826/1651/279 2516/1652/279 2515/1650/279 1825/1649/279
f 1827/1653/279 2517/1654/279 2516/1652/279 1826/1651/279
f 2519/1655/599 1829/1656/599 1828/1657/599 2518/1658/599
f 1829/1656/279 2519/1655/279 2517/1654/279 1827/1653/279
f 2521/1659/600 1831/1660/600 1830/1661/600 2520/1662/600
f 1831/1660/600 2521/1659/600 2518/1658/600 1828/1657/600
f 2512/1642/279 2522/1663/279 2477/1664/279 2470/1643/279
f 2513/1646/279 2523/1665/279 2522/1663/279 2512/1642/279
f 2514/1648/279 2524/1666/279 2523/1665/279 2513/1646/279
f 2515/1650/601 2525/1667/601 2524/1666/601 2514/1648/601
f 2516/1652/279 2526/1668/279 2525/1667/279 2515/1650/279
f 2517/1654/279 2527/1669/279 2526/1668/279 2516/1652/279
f 2529/1670/602 2519/1655/602 2518/1658/602 2528/1671/602
f 2519/1655/279 2529/1670/279 2527/1669/279 2517/1654/279
f 2531/1672/600 2521/1659/600 2520/1662/600 2530/1673/600
f 2521/1659/603 2531/1672/603 2528/1671/603 2518/1658/603
f 2531/1672/604 2532/1674/604 2529/1670/604 2528/1671/604
f 2522/1663/279 2533/1675/279 2490/1676/279 2477/1664/279
f 2533/1675/605 2534/1677/605 2491/1678/605 2490/1676/605
f 2534/1677/11 2535/1679/11 2492/1680/11 2491/1678/11
f 2535/1679/11 2536/1681/11 2493/1638/11 2492/1680/11
f 2523/1665/606 2537/1682/606 2533/1675/606 2522/1663/606
f 2537/1682/607 2538/1683/607 2534/1677/607 2533/1675/607
f 2524/1666/608 2539/1684/608 2537/1682/608 2523/1665/608
f 2525/1667/609 2540/1685/609 2539/1684/609 2524/1666/609
f 2526/1668/279 2541/1686/279 2540/1685/279 2525/1667/279
f 2527/1669/279 2542/1687/279 2541/1686/279 2526/1668/279
f 2529/1670/279 2543/1688/279 2542/1687/279 2527/1669/279
f 2545/1689/610 2531/1672/610 2530/1673/610 2544/1690/610
f 2546/1691/611 2532/1674/611 2531/1672/611 2545/1689/611
f 2532/1674/612 2546/1691/612 2543/1688/612 2529/1670/612
f 2548/1692/11 2535/1679/11 2534/1677/11 2547/1693/11
f 2549/1694/11 2536/1681/11 2535/1679/11 2548/1692/11
f 2551/1695/613 2538/1683/613 2537/1682/613 2550/1696/613
f 2538/1683/614 2551/1695/614 2547/1693/614 2534/1677/614
f 2551/1695/615 2552/1697/615 2548/1692/615 2547/1693/615
f 2552/1697/616 2553/1698/616 2549/1694/616 2548/1692/616
f 2539/1684/279 2554/1699/279 2550/1696/279 2537/1682/279
f 2554/1699/617 2555/1700/617 2551/1695/617 2550/1696/617
f 2555/1700/11 2556/1701/11 2552/1697/11 2551/1695/11
f 2556/1701/11 2557/1702/11 2553/1698/11 2552/1697/11
f 2540/1685/279 2558/1703/279 2554/1699/279 2539/1684/279
f 2558/1703/618 2559/1704/618 2555/1700/618 2554/1699/618
f 2559/1704/11 2560/1705/11 2556/1701/11 2555/1700/11
f 2560/1705/11 2561/1706/11 2557/1702/11 2556/1701/11
f 2541/1686/279 2562/1707/279 2558/1703/279 2540/1685/279
f 2562/1707/619 2563/1708/619 2559/1704/619 2558/1703/619
f 2563/1708/11 2564/1709/11 2560/1705/11 2559/1704/11
f 2564/1709/11 2565/1710/11 2561/1706/11 2560/1705/11
f 2542/1687/279 2566/1711/279 2562/1707/279 2541/1686/279
f 2566/1711/620 2567/1712/620 2563/1708/620 2562/1707/620
f 2567/1712/11 2568/1713/11 2564/1709/11 2563/1708/11
f 2568/1713/11 2569/1714/11 2565/1710/11 2564/1709/11
f 2543/1688/279 2570/1715/279 2566/1711/279 2542/1687/279
f 2570/1715/621 2571/1716/621 2567/1712/621 2566/1711/621
f 2571/1716/11 2572/1717/11 2568/1713/11 2567/1712/11
f 2572/1717/11 2573/1718/11 2569/1714/11 2568/1713/11
f 2575/1719/622 2545/1689/622 2544/1690/622 2574/1720/622
f 2546/1691/623 2576/1721/623 2570/1715/623 2543/1688/623
f 2576/1721/624 2577/1722/624 2571/1716/624 2570/1715/624
f 2577/1722/11 2578/1723/11 2572/1717/11 2571/1716/11
f 2578/1723/11 2579/1724/11 2573/1718/11 2572/1717/11
f 2580/1725/186 1884/1726/186 1763/1727/186 2498/1628/186
f 2581/1728/625 1885/1729/625 1884/1726/625 2580/1725/625
f 2582/1730/591 1886/1731/591 1885/1729/591 2581/1728/591
f 2583/1732/626 1887/1733/626 1886/1731/626 2582/1730/626
f 2584/1734/186 1888/1735/186 1887/1733/186 2583/1732/186
f 2585/1736/186 1889/1737/186 1888/1735/186 2584/1734/186
f 2586/1738/186 1890/1739/186 1889/1737/186 2585/1736/186
f 2587/1740/186 1891/1741/186 1890/1739/186 2586/1738/186
f 2588/1742/186 1892/1743/186 1891/1741/186 2587/1740/186
f 2589/1744/186 1893/1745/186 1892/1743/186 2588/1742/186
f 2590/1746/186 2580/1725/186 2498/1628/186 2503/1627/186
f 2591/1747/627 2581/1728/627 2580/1725/627 2590/1746/627
f 2592/1748/591 2582/1730/591 2581/1728/591 2591/1747/591
f 2593/1749/628 2583/1732/628 2582/1730/628 2592/1748/628
f 2594/1750/186 2584/1734/186 2583/1732/186 2593/1749/186
f 2595/1751/186 2585/1736/186 2584/1734/186 2594/1750/186
f 2596/1752/186 2586/1738/186 2585/1736/186 2595/1751/186
f 2597/1753/186 2587/1740/186 2586/1738/186 2596/1752/186
f 2598/1754/186 2588/1742/186 2587/1740/186 2597/1753/186
f 2599/1755/186 2589/1744/186 2588/1742/186 2598/1754/186
f 2536/1681/11 2600/1756/11 2510/1639/11 2493/1638/11
f 2600/1756/629 2601/1757/629 2511/1640/629 2510/1639/629
f 2601/1757/186 2590/1746/186 2503/1627/186 2511/1640/186
f 2602/1758/630 2591/1747/630 2590/1746/630 2601/1757/630
f 2603/1759/631 2604/1760/631 2602/1758/631 2601/1757/631
f 2604/1760/591 2592/1748/591 2591/1747/591 2602/1758/591
f 2605/1761/632 2593/1749/632 2592/1748/632 2604/1760/632
f 2606/1762/186 2594/1750/186 2593/1749/186 2605/1761/186
f 2607/1763/186 2595/1751/186 2594/1750/186 2606/1762/186
f 2608/1764/186 2596/1752/186 2595/1751/186 2607/1763/186
f 2609/1765/186 2597/1753/186 2596/1752/186 2608/1764/186
f 2610/1766/186 2598/1754/186 2597/1753/186 2609/1765/186
f 2611/1767/186 2599/1755/186 2598/1754/186 2610/1766/186
f 2612/1768/11 2600/1756/11 2536/1681/11 2549/1694/11
f 2613/1769/633 2601/1757/633 2600/1756/633 2612/1768/633
f 2553/1698/634 2614/1770/634 2612/1768/634 2549/1694/634
f 2614/1770/635 2615/1771/635 2613/1769/635 2612/1768/635
f 2615/1771/636 2603/1759/636 2601/1757/636 2613/1769/636
f 2616/1772/637 2604/1760/637 2603/1759/637 2615/1771/637
f 2617/1773/638 2605/1761/638 2604/1760/638 2616/1772/638
f 2557/1702/11 2618/1774/11 2614/1770/11 2553/1698/11
f 2618/1774/11 2619/1775/11 2615/1771/11 2614/1770/11
f 2619/1775/11 2620/1776/11 2616/1772/11 2615/1771/11
f 2620/1776/11 2621/1777/11 2617/1773/11 2616/1772/11
f 2621/1777/639 2606/1762/639 2605/1761/639 2617/1773/639
f 2561/1706/11 2622/1778/11 2618/1774/11 2557/1702/11
f 2622/1778/11 2623/1779/11 2619/1775/11 2618/1774/11
f 2623/1779/11 2624/1780/11 2620/1776/11 2619/1775/11
f 2624/1780/11 2625/1781/11 2621/1777/11 2620/1776/11
f 2625/1781/640 2607/1763/640 2606/1762/640 2621/1777/640
f 2565/1710/11 2626/1782/11 2622/1778/11 2561/1706/11
f 2626/1782/11 2627/1783/11 2623/1779/11 2622/1778/11
f 2627/1783/11 2628/1784/11 2624/1780/11 2623/1779/11
f 2628/1784/11 2629/1785/11 2625/1781/11 2624/1780/11
f 2629/1785/641 2608/1764/641 2607/1763/641 2625/1781/641
f 2569/1714/11 2630/1786/11 2626/1782/11 2565/1710/11
f 2630/1786/11 2631/1787/11 2627/1783/11 2626/1782/11
f 2631/1787/11 2632/1788/11 2628/1784/11 2627/1783/11
f 2632/1788/11 2633/1789/11 2629/1785/11 2628/1784/11
f 2633/1789/641 2609/1765/641 2608/1764/641 2629/1785/641
f 2573/1718/11 2634/1790/11 2630/1786/11 2569/1714/11
f 2634/1790/11 2635/1791/11 2631/1787/11 2630/1786/11
f 2635/1791/11 2636/1792/11 2632/1788/11 2631/1787/11
f 2636/1792/11 2637/1793/11 2633/1789/11 2632/1788/11
f 2637/1793/641 2610/1766/641 2609/1765/641 2633/1789/641
f 2579/1724/11 2638/1794/11 2634/1790/11 2573/1718/11
f 2638/1794/11 2639/1795/11 2635/1791/11 2634/1790/11
f 2639/1795/11 2640/1796/11 2636/1792/11 2635/1791/11
f 2640/1796/11 2641/1797/11 2637/1793/11 2636/1792/11
f 2641/1797/641 2611/1767/641 2610/1766/641 2637/1793/641
f 2650/1798/642 2442/1799/642 2441/1800/642 2642/1801/642
f 2651/1802/643 2650/1798/643 2642/1801/643 2643/1803/643
f 2652/1804/644 2651/1802/644 2643/1803/644 2644/1805/644
f 2653/1806/645 2652/1804/645 2644/1805/645 2645/1807/645
f 2654/1808/645 2653/1806/645 2645/1807/645 2646/1809/645
f 2655/1810/645 2654/1808/645 2646/1809/645 2647/1811/645
f 2656/1812/645 2655/1810/645 2647/1811/645 2648/1813/645
f 2657/1814/645 2656/1812/645 2648/1813/645 2649/1815/645
f 2658/1816/646 2443/1817/646 2442/1799/646 2650/1798/646
f 2659/1818/647 2658/1816/647 2650/1798/647 2651/1802/647
f 2660/1819/648 2659/1818/648 2651/1802/648 2652/1804/648
f 2661/1820/649 2660/1819/649 2652/1804/649 2653/1806/649
f 2662/1821/649 2661/1820/649 2653/1806/649 2654/1808/649
f 2663/1822/649 2662/1821/649 2654/1808/649 2655/1810/649
f 2664/1823/649 2663/1822/649 2655/1810/649 2656/1812/649
f 2665/1824/649 2664/1823/649 2656/1812/649 2657/1814/649
f 2674/1825/650 2445/1826/650 2444/1827/650 2666/1828/650
f 2674/1825/651 2642/1801/651 2441/1800/651 2445/1826/651
f 2675/1829/652 2674/1825/652 2666/1828/652 2667/1830/652
f 2675/1829/653 2643/1803/653 2642/1801/653 2674/1825/653
f 2676/1831/654 2675/1829/654 2667/1830/654 2668/1832/654
f 2676/1831/655 2644/1805/655 2643/1803/655 2675/1829/655
f 2677/1833/656 2676/1831/656 2668/1832/656 2669/1834/656
f 2677/1833/657 2645/1807/657 2644/1805/657 2676/1831/657
f 2678/1835/656 2677/1833/656 2669/1834/656 2670/1836/656
f 2678/1835/657 2646/1809/657 2645/1807/657 2677/1833/657
f 2679/1837/656 2678/1835/656 2670/1836/656 2671/1838/656
f 2679/1837/657 2647/1811/657 2646/1809/657 2678/1835/657
f 2680/1839/656 2679/1837/656 2671/1838/656 2672/1840/656
f 2680/1839/657 2648/1813/657 2647/1811/657 2679/1837/657
f 2681/1841/656 2680/1839/656 2672/1840/656 2673/1842/656
f 2681/1841/657 2649/1815/657 2648/1813/657 2680/1839/657
f 2682/1843/658 2666/1828/658 2444/1827/658 2448/1844/658
f 2683/1845/659 2667/1830/659 2666/1828/659 2682/1843/659
f 2684/1846/660 2668/1832/660 2667/1830/660 2683/1845/660
f 2685/1847/661 2669/1834/661 2668/1832/661 2684/1846/661
f 2686/1848/661 2670/1836/661 2669/1834/661 2685/1847/661
f 2687/1849/661 2671/1838/661 2670/1836/661 2686/1848/661
f 2688/1850/661 2672/1840/661 2671/1838/661 2687/1849/661
f 2689/1851/661 2673/1842/661 2672/1840/661 2688/1850/661
f 2690/1852/662 2682/1843/662 2448/1844/662 2452/1853/662
f 2691/1854/663 2683/1845/663 2682/1843/663 2690/1852/663
f 2692/1855/664 2684/1846/664 2683/1845/664 2691/1854/664
f 2693/1856/664 2685/1847/664 2684/1846/664 2692/1855/664
f 2694/1857/664 2686/1848/664 2685/1847/664 2693/1856/664
f 2695/1858/664 2687/1849/664 2686/1848/664 2694/1857/664
f 2696/1859/664 2688/1850/664 2687/1849/664 2695/1858/664
f 2697/1860/664 2689/1851/664 2688/1850/664 2696/1859/664
f 2453/1861/665 2698/1862/665 2690/1852/665 2452/1853/665
f 2698/1862/666 2699/1863/666 2691/1854/666 2690/1852/666
f 2699/1863/666 2700/1864/666 2692/1855/666 2691/1854/666
f 2700/1864/666 2701/1865/666 2693/1856/666 2692/1855/666
f 2701/1865/666 2702/1866/666 2694/1857/666 2693/1856/666
f 2702/1866/666 2703/1867/666 2695/1858/666 2694/1857/666
f 2703/1867/666 2704/1868/666 2696/1859/666 2695/1858/666
f 2704/1868/666 2705/1869/666 2697/1860/666 2696/1859/666
f 2707/1870/667 2034/1871/667 2033/1872/667 2706/1873/667
f 2708/1874/591 2035/1875/591 2034/1871/591 2707/1870/591
f 2036/1876/279 2709/1877/279 2706/1873/279 2033/1872/279
f 2037/1878/279 2710/1879/279 2709/1877/279 2036/1876/279
f 2712/1880/668 2707/1870/668 2706/1873/668 2711/1881/668
f 2713/1882/591 2708/1874/591 2707/1870/591 2712/1880/591
f 2709/1877/279 2714/1883/279 2711/1881/279 2706/1873/279
f 2710/1879/279 2715/1884/279 2714/1883/279 2709/1877/279
f 2717/1885/669 2712/1880/669 2711/1881/669 2716/1886/669
f 2718/1887/591 2713/1882/591 2712/1880/591 2717/1885/591
f 2714/1883/279 2719/1888/279 2716/1886/279 2711/1881/279
f 2715/1884/279 2720/1889/279 2719/1888/279 2714/1883/279
f 2722/1890/670 2717/1885/670 2716/1886/670 2721/1891/670
f 2723/1892/591 2718/1887/591 2717/1885/591 2722/1890/591
f 2719/1888/279 2724/1893/279 2721/1891/279 2716/1886/279
f 2720/1889/279 2725/1894/279 2724/1893/279 2719/1888/279
f 2732/1895/671 2722/1890/671 2721/1891/671 2731/1896/671
f 2733/1897/672 2723/1892/672 2722/1890/672 2732/1895/672
f 2734/1898/645 2657/1814/645 2649/1815/645 2726/1899/645
f 2735/1900/645 2734/1898/645 2726/1899/645 2727/1901/645
f 2736/1902/645 2735/1900/645 2727/1901/645 2728/1903/645
f 2737/1904/673 2736/1902/673 2728/1903/673 2729/1905/673
f 2738/1906/674 2737/1904/674 2729/1905/674 2730/1907/674
f 2739/1908/675 2738/1906/675 2730/1907/675 2731/1896/675
f 2724/1893/676 2739/1908/676 2731/1896/676 2721/1891/676
f 2740/1909/649 2665/1824/649 2657/1814/649 2734/1898/649
f 2741/1910/649 2740/1909/649 2734/1898/649 2735/1900/649
f 2742/1911/649 2741/1910/649 2735/1900/649 2736/1902/649
f 2743/1912/677 2742/1911/677 2736/1902/677 2737/1904/677
f 2744/1913/678 2743/1912/678 2737/1904/678 2738/1906/678
f 2745/1914/679 2744/1913/679 2738/1906/679 2739/1908/679
f 2725/1894/680 2745/1914/680 2739/1908/680 2724/1893/680
f 2754/1915/656 2681/1841/656 2673/1842/656 2746/1916/656
f 2754/1915/657 2726/1899/657 2649/1815/657 2681/1841/657
f 2755/1917/656 2754/1915/656 2746/1916/656 2747/1918/656
f 2755/1917/657 2727/1901/657 2726/1899/657 2754/1915/657
f 2756/1919/656 2755/1917/656 2747/1918/656 2748/1920/656
f 2756/1919/657 2728/1903/657 2727/1901/657 2755/1917/657
f 2757/1921/656 2756/1919/656 2748/1920/656 2749/1922/656
f 2757/1921/681 2729/1905/681 2728/1903/681 2756/1919/681
f 2758/1923/682 2757/1921/682 2749/1922/682 2750/1924/682
f 2758/1923/683 2730/1907/683 2729/1905/683 2757/1921/683
f 2759/1925/684 2758/1923/684 2750/1924/684 2751/1926/684
f 2759/1925/685 2731/1896/685 2730/1907/685 2758/1923/685
f 2760/1927/686 2759/1925/686 2751/1926/686 2752/1928/686
f 2760/1927/687 2732/1895/687 2731/1896/687 2759/1925/687
f 2761/1929/688 2760/1927/688 2752/1928/688 2753/1930/688
f 2761/1929/689 2733/1897/689 2732/1895/689 2760/1927/689
f 2762/1931/661 2746/1916/661 2673/1842/661 2689/1851/661
f 2763/1932/661 2747/1918/661 2746/1916/661 2762/1931/661
f 2764/1933/661 2748/1920/661 2747/1918/661 2763/1932/661
f 2765/1934/661 2749/1922/661 2748/1920/661 2764/1933/661
f 2766/1935/661 2750/1924/661 2749/1922/661 2765/1934/661
f 2767/1936/690 2751/1926/690 2750/1924/690 2766/1935/690
f 2768/1937/691 2752/1928/691 2751/1926/691 2767/1936/691
f 2769/1938/692 2753/1930/692 2752/1928/692 2768/1937/692
f 2770/1939/664 2762/1931/664 2689/1851/664 2697/1860/664
f 2771/1940/664 2763/1932/664 2762/1931/664 2770/1939/664
f 2772/1941/664 2764/1933/664 2763/1932/664 2771/1940/664
f 2773/1942/664 2765/1934/664 2764/1933/664 2772/1941/664
f 2774/1943/664 2766/1935/664 2765/1934/664 2773/1942/664
f 2775/1944/664 2767/1936/664 2766/1935/664 2774/1943/664
f 2776/1945/664 2768/1937/664 2767/1936/664 2775/1944/664
f 2777/1946/664 2769/1938/664 2768/1937/664 2776/1945/664
f 2705/1869/666 2778/1947/666 2770/1939/666 2697/1860/666
f 2778/1947/666 2779/1948/666 2771/1940/666 2770/1939/666
f 2779/1948/666 2780/1949/666 2772/1941/666 2771/1940/666
f 2780/1949/666 2781/1950/666 2773/1942/666 2772/1941/666
f 2781/1950/666 2782/1951/666 2774/1943/666 2773/1942/666
f 2782/1951/666 2783/1952/666 2775/1944/666 2774/1943/666
f 2783/1952/666 2784/1953/666 2776/1945/666 2775/1944/666
f 2784/1953/666 2785/1954/666 2777/1946/666 2776/1945/666
f 2787/1955/600 2159/1956/600 2158/1957/600 2786/1958/600
f 2159/1956/600 2787/1955/600 2520/1662/600 1830/1661/600
f 2160/1959/600 2788/1960/600 2786/1958/600 2158/1957/600
f 2790/1961/600 2162/1962/600 2161/1963/600 2789/1964/600
f 2162/1962/600 2790/1961/600 2788/1960/600 2160/1959/600
f 2163/1965/600 2791/1966/600 2789/1964/600 2161/1963/600
f 2164/1967/693 2792/1968/693 2791/1966/693 2163/1965/693
f 2793/1969/591 2165/1970/591 2035/1875/591 2708/1874/591
f 2165/1970/694 2793/1969/694 2792/1968/694 2164/1967/694
f 2795/1971/600 2787/1955/600 2786/1958/600 2794/1972/600
f 2787/1955/600 2795/1971/600 2530/1673/600 2520/1662/600
f 2788/1960/600 2796/1973/600 2794/1972/600 2786/1958/600
f 2798/1974/600 2790/1961/600 2789/1964/600 2797/1975/600
f 2790/1961/600 2798/1974/600 2796/1973/600 2788/1960/600
f 2791/1966/600 2799/1976/600 2797/1975/600 2789/1964/600
f 2792/1968/695 2800/1977/695 2799/1976/695 2791/1966/695
f 2802/1978/591 2793/1969/591 2708/1874/591 2713/1882/591
f 2793/1969/696 2802/1978/696 2800/1977/696 2792/1968/696
f 2802/1978/697 2803/1979/697 2801/1980/697 2800/1977/697
f 2805/1981/600 2795/1971/600 2794/1972/600 2804/1982/600
f 2795/1971/600 2805/1981/600 2544/1690/600 2530/1673/600
f 2806/1983/698 2807/1984/698 2546/1691/698 2545/1689/698
f 2796/1973/600 2808/1985/600 2804/1982/600 2794/1972/600
f 2811/1986/600 2798/1974/600 2797/1975/600 2810/1987/600
f 2798/1974/600 2811/1986/600 2808/1985/600 2796/1973/600
f 2799/1976/600 2813/1988/600 2810/1987/600 2797/1975/600
f 2800/1977/699 2816/1989/699 2813/1988/699 2799/1976/699
f 2816/1989/700 2817/1990/700 2814/1991/700 2813/1988/700
f 2801/1980/701 2817/1990/701 2816/1989/701 2800/1977/701
f 2817/1990/702 2818/1992/702 2815/1993/702 2814/1991/702
f 2820/1994/591 2802/1978/591 2713/1882/591 2718/1887/591
f 2821/1995/591 2803/1979/591 2802/1978/591 2820/1994/591
f 2803/1979/703 2821/1995/703 2817/1990/703 2801/1980/703
f 2821/1995/704 2822/1996/704 2818/1992/704 2817/1990/704
f 2822/1996/705 2823/1997/705 2819/1998/705 2818/1992/705
f 2826/1999/706 2805/1981/706 2804/1982/706 2825/2000/706
f 2805/1981/707 2826/1999/707 2574/1720/707 2544/1690/707
f 2826/1999/708 2827/2001/708 2575/1719/708 2574/1720/708
f 2827/2001/709 2806/1983/709 2545/1689/709 2575/1719/709
f 2828/2002/709 2807/1984/709 2806/1983/709 2827/2001/709
f 2807/1984/710 2828/2002/710 2576/1721/710 2546/1691/710
f 2828/2002/711 2829/2003/711 2577/1722/711 2576/1721/711
f 2829/2003/11 2830/2004/11 2578/1723/11 2577/1722/11
f 2830/2004/11 2831/2005/11 2579/1724/11 2578/1723/11
f 2808/1985/600 2832/2006/600 2825/2000/600 2804/1982/600
f 2832/2006/712 2833/2007/712 2826/1999/712 2825/2000/712
f 2833/2007/713 2834/2008/713 2827/2001/713 2826/1999/713
f 2834/2008/714 2835/2009/714 2828/2002/714 2827/2001/714
f 2835/2009/715 2836/2010/715 2829/2003/715 2828/2002/715
f 2836/2010/716 2837/2011/716 2830/2004/716 2829/2003/716
f 2837/2011/717 2838/2012/717 2831/2005/717 2830/2004/717
f 2840/2013/718 2811/1986/718 2810/1987/718 2839/2014/718
f 2811/1986/719 2840/2013/719 2832/2006/719 2808/1985/719
f 2840/2013/720 2841/2015/720 2833/2007/720 2832/2006/720
f 2841/2015/721 2842/2016/721 2834/2008/721 2833/2007/721
f 2842/2016/722 2843/2017/722 2835/2009/722 2834/2008/722
f 2843/2017/723 2844/2018/723 2836/2010/723 2835/2009/723
f 2844/2018/724 2845/2019/724 2837/2011/724 2836/2010/724
f 2845/2019/725 2846/2020/725 2838/2012/725 2837/2011/725
f 2846/2020/726 2812/2021/726 2809/2022/726 2838/2012/726
f 2813/1988/727 2847/2023/727 2839/2014/727 2810/1987/727
f 2847/2023/728 2848/2024/728 2840/2013/728 2839/2014/728
f 2814/1991/729 2848/2024/729 2847/2023/729 2813/1988/729
f 2848/2024/730 2849/2025/730 2841/2015/730 2840/2013/730
f 2815/1993/731 2849/2025/731 2848/2024/731 2814/1991/731
f 2849/2025/732 2850/2026/732 2842/2016/732 2841/2015/732
f 2850/2026/733 2851/2027/733 2843/2017/733 2842/2016/733
f 2851/2027/734 2852/2028/734 2844/2018/734 2843/2017/734
f 2852/2028/735 2853/2029/735 2845/2019/735 2844/2018/735
f 2853/2029/736 2854/2030/736 2846/2020/736 2845/2019/736
f 2818/1992/731 2855/2031/731 2849/2025/731 2815/1993/731
f 2855/2031/737 2856/2032/737 2850/2026/737 2849/2025/737
f 2819/1998/731 2856/2032/731 2855/2031/731 2818/1992/731
f 2856/2032/738 2857/2033/738 2851/2027/738 2850/2026/738
f 2857/2033/739 2858/2034/739 2852/2028/739 2851/2027/739
f 2858/2034/740 2859/2035/740 2853/2029/740 2852/2028/740
f 2859/2035/741 2860/2036/741 2854/2030/741 2853/2029/741
f 2861/2037/591 2820/1994/591 2718/1887/591 2723/1892/591
f 2862/2038/591 2821/1995/591 2820/1994/591 2861/2037/591
f 2863/2039/591 2822/1996/591 2821/1995/591 2862/2038/591
f 2864/2040/742 2823/1997/742 2822/1996/742 2863/2039/742
f 2823/1997/743 2864/2040/743 2856/2032/743 2819/1998/743
f 2864/2040/744 2865/2041/744 2857/2033/744 2856/2032/744
f 2865/2041/745 2866/2042/745 2858/2034/745 2857/2033/745
f 2866/2042/746 2867/2043/746 2859/2035/746 2858/2034/746
f 2867/2043/747 2868/2044/747 2860/2036/747 2859/2035/747
f 2871/2045/748 2861/2037/748 2723/1892/748 2733/1897/748
f 2872/2046/749 2862/2038/749 2861/2037/749 2871/2045/749
f 2873/2047/750 2863/2039/750 2862/2038/750 2872/2046/750
f 2874/2048/591 2864/2040/591 2863/2039/591 2873/2047/591
f 2875/2049/591 2865/2041/591 2864/2040/591 2874/2048/591
f 2876/2050/751 2866/2042/751 2865/2041/751 2875/2049/751
f 2877/2051/752 2867/2043/752 2866/2042/752 2876/2050/752
f 2878/2052/753 2868/2044/753 2867/2043/753 2877/2051/753
f 2879/2053/754 2880/2054/754 2875/2049/754 2874/2048/754
f 2880/2054/755 2881/2055/755 2876/2050/755 2875/2049/755
f 2881/2055/756 2882/2056/756 2877/2051/756 2876/2050/756
f 2882/2056/757 2883/2057/757 2878/2052/757 2877/2051/757
f 2883/2057/758 2869/2058/758 2868/2044/758 2878/2052/758
f 2884/2059/11 2885/2060/11 2880/2054/11 2879/2053/11
f 2885/2060/11 2886/2061/11 2881/2055/11 2880/2054/11
f 2886/2061/11 2887/2062/11 2882/2056/11 2881/2055/11
f 2887/2062/759 2888/2063/759 2883/2057/759 2882/2056/759
f 2888/2063/760 2870/2064/760 2869/2058/760 2883/2057/760
f 2892/2065/761 2761/1929/761 2753/1930/761 2889/2066/761
f 2892/2065/762 2871/2045/762 2733/1897/762 2761/1929/762
f 2893/2067/763 2892/2065/763 2889/2066/763 2890/2068/763
f 2893/2067/764 2872/2046/764 2871/2045/764 2892/2065/764
f 2894/2069/765 2893/2067/765 2890/2068/765 2891/2070/765
f 2894/2069/766 2873/2047/766 2872/2046/766 2893/2067/766
f 2895/2071/767 2874/2048/767 2873/2047/767 2894/2069/767
f 2896/2072/186 2897/2073/186 2895/2071/186 2894/2069/186
f 2897/2073/768 2879/2053/768 2874/2048/768 2895/2071/768
f 2898/2074/769 2899/2075/769 2897/2073/769 2896/2072/769
f 2899/2075/770 2884/2059/770 2879/2053/770 2897/2073/770
f 2900/2076/771 2889/2066/771 2753/1930/771 2769/1938/771
f 2901/2077/772 2890/2068/772 2889/2066/772 2900/2076/772
f 2902/2078/773 2891/2070/773 2890/2068/773 2901/2077/773
f 2903/2079/774 2894/2069/774 2891/2070/774 2902/2078/774
f 2904/2080/186 2896/2072/186 2894/2069/186 2903/2079/186
f 2905/2081/186 2898/2074/186 2896/2072/186 2904/2080/186
f 2906/2082/664 2900/2076/664 2769/1938/664 2777/1946/664
f 2907/2083/775 2901/2077/775 2900/2076/775 2906/2082/775
f 2908/2084/776 2902/2078/776 2901/2077/776 2907/2083/776
f 2785/1954/666 2909/2085/666 2906/2082/666 2777/1946/666
f 2909/2085/666 2910/2086/666 2907/2083/666 2906/2082/666
f 2910/2086/777 2911/2087/777 2908/2084/777 2907/2083/777
f 2911/2087/778 2903/2079/778 2902/2078/778 2908/2084/778
f 2912/2088/779 2904/2080/779 2903/2079/779 2911/2087/779
f 2913/2089/186 2905/2081/186 2904/2080/186 2912/2088/186
f 2914/2090/186 2227/2091/186 1893/1745/186 2589/1744/186
f 2915/2092/780 2228/2093/780 2227/2091/780 2914/2090/780
f 2916/2094/781 2229/2095/781 2228/2093/781 2915/2092/781
f 2917/2096/782 2230/2097/782 2229/2095/782 2916/2094/782
f 2918/2098/783 2919/2099/783 2917/2096/783 2916/2094/783
f 2919/2099/784 2232/2100/784 2230/2097/784 2917/2096/784
f 2234/2101/785 2921/2102/785 2920/2103/785 2233/2104/785
f 2921/2102/786 2234/2101/786 2232/2100/786 2919/2099/786
f 2922/2105/785 2235/2106/785 2233/2104/785 2920/2103/785
f 2237/2107/785 2924/2108/785 2923/2109/785 2236/2110/785
f 2924/2108/785 2237/2107/785 2235/2106/785 2922/2105/785
f 2925/2111/785 2238/2112/785 2236/2110/785 2923/2109/785
f 2926/2113/186 2914/2090/186 2589/1744/186 2599/1755/186
f 2927/2114/787 2915/2092/787 2914/2090/787 2926/2113/787
f 2928/2115/788 2916/2094/788 2915/2092/788 2927/2114/788
f 2929/2116/789 2918/2098/789 2916/2094/789 2928/2115/789
f 2930/2117/790 2919/2099/790 2918/2098/790 2929/2116/790
f 2921/2102/785 2932/2118/785 2931/2119/785 2920/2103/785
f 2932/2118/791 2921/2102/791 2919/2099/791 2930/2117/791
f 2933/2120/785 2922/2105/785 2920/2103/785 2931/2119/785
f 2924/2108/785 2935/2121/785 2934/2122/785 2923/2109/785
f 2935/2121/785 2924/2108/785 2922/2105/785 2933/2120/785
f 2936/2123/785 2925/2111/785 2923/2109/785 2934/2122/785
f 2937/2124/186 2926/2113/186 2599/1755/186 2611/1767/186
f 2941/2125/792 2927/2114/792 2926/2113/792 2937/2124/792
f 2812/2021/793 2942/2126/793 2938/2127/793 2809/2022/793
f 2942/2126/794 2943/2128/794 2939/2129/794 2938/2127/794
f 2943/2128/795 2944/2130/795 2940/2131/795 2939/2129/795
f 2944/2130/796 2945/2132/796 2941/2125/796 2940/2131/796
f 2945/2132/797 2928/2115/797 2927/2114/797 2941/2125/797
f 2946/2133/798 2947/2134/798 2943/2128/798 2942/2126/798
f 2947/2134/799 2948/2135/799 2944/2130/799 2943/2128/799
f 2948/2135/800 2949/2136/800 2945/2132/800 2944/2130/800
f 2949/2136/801 2929/2116/801 2928/2115/801 2945/2132/801
f 2950/2137/802 2930/2117/802 2929/2116/802 2949/2136/802
f 2951/2138/803 2952/2139/803 2949/2136/803 2948/2135/803
f 2952/2139/804 2953/2140/804 2950/2137/804 2949/2136/804
f 2932/2118/805 2953/2140/805 2952/2139/805 2931/2119/805
f 2953/2140/806 2932/2118/806 2930/2117/806 2950/2137/806
f 2954/2141/807 2933/2120/807 2931/2119/807 2952/2139/807
f 2935/2121/785 2956/2142/785 2955/2143/785 2934/2122/785
f 2956/2142/785 2935/2121/785 2933/2120/785 2954/2141/785
f 2959/2144/785 2936/2123/785 2934/2122/785 2955/2143/785
f 2831/2005/11 2960/2145/11 2638/1794/11 2579/1724/11
f 2960/2145/11 2961/2146/11 2639/1795/11 2638/1794/11
f 2961/2146/11 2962/2147/11 2640/1796/11 2639/1795/11
f 2962/2147/11 2963/2148/11 2641/1797/11 2640/1796/11
f 2963/2148/808 2937/2124/808 2611/1767/808 2641/1797/808
f 2838/2012/809 2964/2149/809 2960/2145/809 2831/2005/809
f 2938/2127/810 2964/2149/810 2838/2012/810 2809/2022/810
f 2964/2149/811 2965/2150/811 2961/2146/811 2960/2145/811
f 2939/2129/213 2965/2150/213 2964/2149/213 2938/2127/213
f 2965/2150/812 2966/2151/812 2962/2147/812 2961/2146/812
f 2940/2131/813 2966/2151/813 2965/2150/813 2939/2129/813
f 2966/2151/11 2967/2152/11 2963/2148/11 2962/2147/11
f 2941/2125/814 2967/2152/814 2966/2151/814 2940/2131/814
f 2967/2152/815 2941/2125/815 2937/2124/815 2963/2148/815
f 2968/2153/816 2942/2126/816 2812/2021/816 2846/2020/816
f 2854/2030/817 2969/2154/817 2968/2153/817 2846/2020/817
f 2969/2154/818 2946/2133/818 2942/2126/818 2968/2153/818
f 2970/2155/709 2947/2134/709 2946/2133/709 2969/2154/709
f 2971/2156/709 2948/2135/709 2947/2134/709 2970/2155/709
f 2860/2036/819 2972/2157/819 2969/2154/819 2854/2030/819
f 2972/2157/820 2973/2158/820 2970/2155/820 2969/2154/820
f 2973/2158/821 2974/2159/821 2971/2156/821 2970/2155/821
f 2974/2159/709 2951/2138/709 2948/2135/709 2971/2156/709
f 2975/2160/709 2952/2139/709 2951/2138/709 2974/2159/709
f 2868/2044/822 2976/2161/822 2972/2157/822 2860/2036/822
f 2976/2161/823 2977/2162/823 2973/2158/823 2972/2157/823
f 2977/2162/824 2978/2163/824 2974/2159/824 2973/2158/824
f 2978/2163/825 2979/2164/825 2975/2160/825 2974/2159/825
f 2979/2164/826 2954/2141/826 2952/2139/826 2975/2160/826
f 2869/2058/827 2980/2165/827 2976/2161/827 2868/2044/827
f 2980/2165/828 2981/2166/828 2977/2162/828 2976/2161/828
f 2981/2166/829 2982/2167/829 2978/2163/829 2977/2162/829
f 2982/2167/830 2983/2168/830 2979/2164/830 2978/2163/830
f 2956/2142/831 2983/2168/831 2982/2167/831 2955/2143/831
f 2983/2168/785 2956/2142/785 2954/2141/785 2979/2164/785
f 2870/2064/832 2984/2169/832 2980/2165/832 2869/2058/832
f 2957/2170/833 2984/2169/833 2870/2064/833 2824/2171/833
f 2984/2169/834 2985/2172/834 2981/2166/834 2980/2165/834
f 2958/2173/731 2985/2172/731 2984/2169/731 2957/2170/731
f 2985/2172/835 2986/2174/835 2982/2167/835 2981/2166/835
f 2986/2174/836 2959/2144/836 2955/2143/836 2982/2167/836
f 2987/2175/837 2456/2176/837 2443/1817/837 2658/1816/837
f 2988/2177/838 2987/2175/838 2658/1816/838 2659/1818/838
f 2989/2178/839 2988/2177/839 2659/1818/839 2660/1819/839
f 2990/2179/840 2989/2178/840 2660/1819/840 2661/1820/840
f 2991/2180/840 2990/2179/840 2661/1820/840 2662/1821/840
f 2992/2181/840 2991/2180/840 2662/1821/840 2663/1822/840
f 2993/2182/840 2992/2181/840 2663/1822/840 2664/1823/840
f 2994/2183/840 2993/2182/840 2664/1823/840 2665/1824/840
f 2987/2175/841 2995/2184/841 2457/2185/841 2456/2176/841
f 2988/2177/842 2996/2186/842 2995/2184/842 2987/2175/842
f 2989/2178/843 2997/2187/843 2996/2186/843 2988/2177/843
f 2990/2179/844 2998/2188/844 2997/2187/844 2989/2178/844
f 2991/2180/844 2999/2189/844 2998/2188/844 2990/2179/844
f 2992/2181/844 3000/2190/844 2999/2189/844 2991/2180/844
f 2993/2182/844 3001/2191/844 3000/2190/844 2992/2181/844
f 2994/2183/844 3002/2192/844 3001/2191/844 2993/2182/844
f 2995/2184/845 3003/2193/845 2458/2194/845 2457/2185/845
f 2996/2186/846 3004/2195/846 3003/2193/846 2995/2184/846
f 2997/2187/847 3005/2196/847 3004/2195/847 2996/2186/847
f 2998/2188/848 3006/2197/848 3005/2196/848 2997/2187/848
f 2999/2189/848 3007/2198/848 3006/2197/848 2998/2188/848
f 3000/2190/848 3008/2199/848 3007/2198/848 2999/2189/848
f 3001/2191/848 3009/2200/848 3008/2199/848 3000/2190/848
f 3002/2192/848 3010/2201/848 3009/2200/848 3001/2191/848
f 3003/2193/849 3011/2202/849 2459/2203/849 2458/2194/849
f 3004/2195/850 3012/2204/850 3011/2202/850 3003/2193/850
f 3005/2196/851 3013/2205/851 3012/2204/851 3004/2195/851
f 3006/2197/852 3014/2206/852 3013/2205/852 3005/2196/852
f 3007/2198/852 3015/2207/852 3014/2206/852 3006/2197/852
f 3008/2199/852 3016/2208/852 3015/2207/852 3007/2198/852
f 3009/2200/852 3017/2209/852 3016/2208/852 3008/2199/852
f 3010/2201/852 3018/2210/852 3017/2209/852 3009/2200/852
f 2337/2211/279 3019/2212/279 2710/1879/279 2037/1878/279
f 2338/2213/279 3020/2214/279 3019/2212/279 2337/2211/279
f 2339/2215/279 3021/2216/279 3020/2214/279 2338/2213/279
f 2340/2217/279 3022/2218/279 3021/2216/279 2339/2215/279
f 2341/2219/279 3023/2220/279 3022/2218/279 2340/2217/279
f 2342/2221/279 3024/2222/279 3023/2220/279 2341/2219/279
f 13/757/279 809/1616/279 3024/2222/279 2342/2221/279
f 2498/1628/186 1763/1727/186 1762/2223/186 2497/1626/186
f 3019/2212/279 3025/2224/279 2715/1884/279 2710/1879/279
f 3020/2214/279 3026/2225/279 3025/2224/279 3019/2212/279
f 3021/2216/279 3027/2226/279 3026/2225/279 3020/2214/279
f 3022/2218/279 3028/2227/279 3027/2226/279 3021/2216/279
f 3023/2220/279 3029/2228/279 3028/2227/279 3022/2218/279
f 3024/2222/279 3030/2229/279 3029/2228/279 3023/2220/279
f 809/1616/279 811/1615/279 3030/2229/279 3024/2222/279
f 2497/1626/186 1762/2223/186 1761/2230/186 2496/1624/186
f 3025/2224/279 3031/2231/279 2720/1889/279 2715/1884/279
f 3026/2225/279 3032/2232/279 3031/2231/279 3025/2224/279
f 3027/2226/279 3033/2233/279 3032/2232/279 3026/2225/279
f 3028/2227/279 3034/2234/279 3033/2233/279 3027/2226/279
f 3029/2228/279 3035/2235/279 3034/2234/279 3028/2227/279
f 3030/2229/279 3036/2236/279 3035/2235/279 3029/2228/279
f 811/1615/279 813/1614/279 3036/2236/279 3030/2229/279
f 2496/1624/186 1761/2230/186 1760/2237/186 2495/1622/186
f 3031/2231/279 3037/2238/279 2725/1894/279 2720/1889/279
f 3032/2232/279 3038/2239/279 3037/2238/279 3031/2231/279
f 3033/2233/279 3039/2240/279 3038/2239/279 3032/2232/279
f 3034/2234/279 3040/2241/279 3039/2240/279 3033/2233/279
f 3035/2235/279 3041/2242/279 3040/2241/279 3034/2234/279
f 3036/2236/279 3042/2243/279 3041/2242/279 3035/2235/279
f 813/1614/279 815/1613/279 3042/2243/279 3036/2236/279
f 2495/1622/853 1760/2237/853 1759/2244/853 2494/1618/853
f 3043/2245/840 2994/2183/840 2665/1824/840 2740/1909/840
f 3044/2246/840 3043/2245/840 2740/1909/840 2741/1910/840
f 3045/2247/840 3044/2246/840 2741/1910/840 2742/1911/840
f 3046/2248/854 3045/2247/854 2742/1911/854 2743/1912/854
f 3047/2249/855 3046/2248/855 2743/1912/855 2744/1913/855
f 3048/2250/856 3047/2249/856 2744/1913/856 2745/1914/856
f 3037/2238/857 3048/2250/857 2745/1914/857 2725/1894/857
f 3038/2239/858 3049/2251/858 3048/2250/858 3037/2238/858
f 3039/2240/279 3052/2252/279 3049/2251/279 3038/2239/279
f 3052/2252/859 3053/2253/859 3050/2254/859 3049/2251/859
f 3053/2253/11 3054/2255/11 3051/2256/11 3050/2254/11
f 3040/2241/279 3055/2257/279 3052/2252/279 3039/2240/279
f 3055/2257/860 3056/2258/860 3053/2253/860 3052/2252/860
f 3056/2258/11 3057/2259/11 3054/2255/11 3053/2253/11
f 3041/2242/279 3058/2260/279 3055/2257/279 3040/2241/279
f 3058/2260/861 3059/2261/861 3056/2258/861 3055/2257/861
f 3059/2261/11 3060/2262/11 3057/2259/11 3056/2258/11
f 3042/2243/279 3061/2263/279 3058/2260/279 3041/2242/279
f 3061/2263/320 3062/2264/320 3059/2261/320 3058/2260/320
f 3062/2264/11 3063/2265/11 3060/2262/11 3059/2261/11
f 815/1613/279 817/1612/279 3061/2263/279 3042/2243/279
f 817/1612/320 818/1611/320 3062/2264/320 3061/2263/320
f 818/1611/11 819/1607/11 3063/2265/11 3062/2264/11
f 2494/1618/591 1759/2244/591 1742/2266/591 2467/1619/591
f 2492/1680/11 2493/1638/11 2489/1635/11 2488/2267/11
f 2491/1678/11 2492/1680/11 2488/2267/11 2487/2268/11
f 3043/2245/844 3064/2269/844 3002/2192/844 2994/2183/844
f 3044/2246/844 3065/2270/844 3064/2269/844 3043/2245/844
f 3045/2247/844 3066/2271/844 3065/2270/844 3044/2246/844
f 3046/2248/862 3067/2272/862 3066/2271/862 3045/2247/862
f 3047/2249/863 3068/2273/863 3067/2272/863 3046/2248/863
f 3048/2250/864 3069/2274/864 3068/2273/864 3047/2249/864
f 3049/2251/865 3072/2275/865 3069/2274/865 3048/2250/865
f 3072/2275/866 3073/2276/866 3070/2277/866 3069/2274/866
f 3050/2254/867 3073/2276/867 3072/2275/867 3049/2251/867
f 3073/2276/868 3074/2278/868 3071/2279/868 3070/2277/868
f 3051/2256/11 3074/2278/11 3073/2276/11 3050/2254/11
f 3064/2269/848 3075/2280/848 3010/2201/848 3002/2192/848
f 3065/2270/848 3076/2281/848 3075/2280/848 3064/2269/848
f 3066/2271/848 3077/2282/848 3076/2281/848 3065/2270/848
f 3067/2272/869 3078/2283/869 3077/2282/869 3066/2271/869
f 3068/2273/870 3079/2284/870 3078/2283/870 3067/2272/870
f 3069/2274/871 3080/2285/871 3079/2284/871 3068/2273/871
f 3070/2277/872 3081/2286/872 3080/2285/872 3069/2274/872
f 3071/2279/873 3082/2287/873 3081/2286/873 3070/2277/873
f 3075/2280/852 3083/2288/852 3018/2210/852 3010/2201/852
f 3076/2281/852 3084/2289/852 3083/2288/852 3075/2280/852
f 3077/2282/852 3085/2290/852 3084/2289/852 3076/2281/852
f 3078/2283/852 3086/2291/852 3085/2290/852 3077/2282/852
f 3079/2284/874 3087/2292/874 3086/2291/874 3078/2283/874
f 3080/2285/875 3088/2293/875 3087/2292/875 3079/2284/875
f 3081/2286/876 3089/2294/876 3088/2293/876 3080/2285/876
f 3082/2287/877 3090/2295/877 3089/2294/877 3081/2286/877
f 3092/2296/186 2421/2297/186 2420/2298/186 3091/2299/186
f 3093/2300/186 2422/2301/186 2421/2297/186 3092/2296/186
f 3094/2302/186 2423/2303/186 2422/2301/186 3093/2300/186
f 3095/2304/186 2424/2305/186 2423/2303/186 3094/2302/186
f 823/1610/186 37/880/186 2424/2305/186 3095/2304/186
f 2490/1676/878 2491/1678/878 2487/2268/878 2486/2306/878
f 3098/2307/186 3092/2296/186 3091/2299/186 3097/2308/186
f 3099/2309/186 3093/2300/186 3092/2296/186 3098/2307/186
f 3100/2310/186 3094/2302/186 3093/2300/186 3099/2309/186
f 3101/2311/186 3095/2304/186 3094/2302/186 3100/2310/186
f 825/1609/186 823/1610/186 3095/2304/186 3101/2311/186
f 2477/1664/279 2490/1676/279 2486/2306/279 2476/2312/279
f 3103/2313/879 3097/2308/879 3096/2314/879 3102/2315/879
f 3104/2316/186 3098/2307/186 3097/2308/186 3103/2313/186
f 3105/2317/186 3099/2309/186 3098/2307/186 3104/2316/186
f 3106/2318/186 3100/2310/186 3099/2309/186 3105/2317/186
f 3107/2319/186 3101/2311/186 3100/2310/186 3106/2318/186
f 827/1608/186 825/1609/186 3101/2311/186 3107/2319/186
f 2488/2267/11 2489/1635/11 2485/1632/11 2484/2320/11
f 3108/2321/880 3102/2315/880 2824/2171/880 2870/2064/880
f 3109/2322/186 3103/2313/186 3102/2315/186 3108/2321/186
f 3110/2323/186 3104/2316/186 3103/2313/186 3109/2322/186
f 3111/2324/186 3105/2317/186 3104/2316/186 3110/2323/186
f 3112/2325/186 3106/2318/186 3105/2317/186 3111/2324/186
f 3113/2326/186 3107/2319/186 3106/2318/186 3112/2325/186
f 829/1598/186 827/1608/186 3107/2319/186 3113/2326/186
f 2487/2268/11 2488/2267/11 2484/2320/11 2483/2327/11
f 3114/2328/11 3115/2329/11 2885/2060/11 2884/2059/11
f 3115/2329/11 3116/2330/11 2886/2061/11 2885/2060/11
f 3116/2330/11 3117/2331/11 2887/2062/11 2886/2061/11
f 3117/2331/881 3118/2332/881 2888/2063/881 2887/2062/881
f 3118/2332/186 3108/2321/186 2870/2064/186 2888/2063/186
f 3122/2333/11 3123/2334/11 3115/2329/11 3114/2328/11
f 3123/2334/11 3124/2335/11 3116/2330/11 3115/2329/11
f 3124/2335/11 3125/2336/11 3117/2331/11 3116/2330/11
f 3125/2336/882 3126/2337/882 3118/2332/882 3117/2331/882
f 3126/2337/186 3109/2322/186 3108/2321/186 3118/2332/186
f 3054/2255/11 3127/2338/11 3119/2339/11 3051/2256/11
f 3127/2338/11 3128/2340/11 3120/2341/11 3119/2339/11
f 3128/2340/11 3129/2342/11 3121/2343/11 3120/2341/11
f 3129/2342/11 3130/2344/11 3122/2333/11 3121/2343/11
f 3130/2344/11 3131/2345/11 3123/2334/11 3122/2333/11
f 3131/2345/11 3132/2346/11 3124/2335/11 3123/2334/11
f 3132/2346/11 3133/2347/11 3125/2336/11 3124/2335/11
f 3133/2347/883 3134/2348/883 3126/2337/883 3125/2336/883
f 3134/2348/186 3110/2323/186 3109/2322/186 3126/2337/186
f 3057/2259/11 3135/2349/11 3127/2338/11 3054/2255/11
f 3135/2349/11 3136/2350/11 3128/2340/11 3127/2338/11
f 3136/2350/11 3137/2351/11 3129/2342/11 3128/2340/11
f 3137/2351/11 3138/2352/11 3130/2344/11 3129/2342/11
f 3138/2352/11 3139/2353/11 3131/2345/11 3130/2344/11
f 3139/2353/11 3140/2354/11 3132/2346/11 3131/2345/11
f 3140/2354/11 3141/2355/11 3133/2347/11 3132/2346/11
f 3141/2355/224 3142/2356/224 3134/2348/224 3133/2347/224
f 3142/2356/186 3111/2324/186 3110/2323/186 3134/2348/186
f 3060/2262/11 3143/2357/11 3135/2349/11 3057/2259/11
f 3143/2357/11 3144/2358/11 3136/2350/11 3135/2349/11
f 3144/2358/11 3145/2359/11 3137/2351/11 3136/2350/11
f 3145/2359/11 3146/2360/11 3138/2352/11 3137/2351/11
f 3146/2360/11 3147/2361/11 3139/2353/11 3138/2352/11
f 3147/2361/11 3148/2362/11 3140/2354/11 3139/2353/11
f 3148/2362/11 3149/2363/11 3141/2355/11 3140/2354/11
f 3149/2363/224 3150/2364/224 3142/2356/224 3141/2355/224
f 3150/2364/186 3112/2325/186 3111/2324/186 3142/2356/186
f 3063/2265/11 3151/2365/11 3143/2357/11 3060/2262/11
f 3151/2365/11 3152/2366/11 3144/2358/11 3143/2357/11
f 3152/2366/11 3153/2367/11 3145/2359/11 3144/2358/11
f 3153/2367/11 3154/2368/11 3146/2360/11 3145/2359/11
f 3154/2368/11 3155/2369/11 3147/2361/11 3146/2360/11
f 3155/2369/11 3156/2370/11 3148/2362/11 3147/2361/11
f 3156/2370/11 3157/2371/11 3149/2363/11 3148/2362/11
f 3157/2371/224 3158/2372/224 3150/2364/224 3149/2363/224
f 3158/2372/186 3113/2326/186 3112/2325/186 3150/2364/186
f 819/1607/11 831/1606/11 3151/2365/11 3063/2265/11
f 831/1606/11 832/1605/11 3152/2366/11 3151/2365/11
f 832/1605/11 833/1604/11 3153/2367/11 3152/2366/11
f 833/1604/11 834/1603/11 3154/2368/11 3153/2367/11
f 834/1603/11 835/1602/11 3155/2369/11 3154/2368/11
f 835/1602/11 836/1601/11 3156/2370/11 3155/2369/11
f 836/1601/11 837/1600/11 3157/2371/11 3156/2370/11
f 837/1600/224 838/1599/224 3158/2372/224 3157/2371/224
f 838/1599/186 829/1598/186 3113/2326/186 3158/2372/186
f 2486/2306/884 2487/2268/884 2483/2327/884 2482/2373/884
f 2476/2312/279 2486/2306/279 2482/2373/279 2475/2374/279
f 2484/2320/885 2485/1632/885 2481/1630/885 2480/2375/885
f 2483/2327/886 2484/2320/886 2480/2375/886 2479/2376/886
f 2482/2373/887 2483/2327/887 2479/2376/887 2478/2377/887
f 2475/2374/279 2482/2373/279 2478/2377/279 2471/2378/279
f 2481/1630/591 2474/1620/591 2473/2379/591 2480/2375/591
f 2480/2375/591 2473/2379/591 2472/2380/591 2479/2376/591
f 2479/2376/591 2472/2380/591 2471/2378/591 2478/2377/591
f 3161/2381/888 3162/2382/888 2899/2075/888 2898/2074/888
f 3162/2382/11 3114/2328/11 2884/2059/11 2899/2075/11
f 3074/2278/889 3163/2383/889 3159/2384/889 3071/2279/889
f 3119/2339/11 3163/2383/11 3074/2278/11 3051/2256/11
f 3163/2383/890 3164/2385/890 3160/2386/890 3159/2384/890
f 3120/2341/11 3164/2385/11 3163/2383/11 3119/2339/11
f 3164/2385/891 3165/2387/891 3161/2381/891 3160/2386/891
f 3121/2343/11 3165/2387/11 3164/2385/11 3120/2341/11
f 3165/2387/892 3166/2388/892 3162/2382/892 3161/2381/892
f 3122/2333/11 3166/2388/11 3165/2387/11 3121/2343/11
f 3166/2388/11 3122/2333/11 3114/2328/11 3162/2382/11
f 3159/2384/893 3167/2389/893 3082/2287/893 3071/2279/893
f 3160/2386/894 3168/2390/894 3167/2389/894 3159/2384/894
f 3161/2381/895 3169/2391/895 3168/2390/895 3160/2386/895
f 3169/2391/186 3161/2381/186 2898/2074/186 2905/2081/186
f 3167/2389/896 3170/2392/896 3090/2295/896 3082/2287/896
f 3168/2390/897 3171/2393/897 3170/2392/897 3167/2389/897
f 3169/2391/898 3172/2394/898 3171/2393/898 3168/2390/898
f 3172/2394/899 3169/2391/899 2905/2081/899 2913/2089/899
f 2438/2395/785 3174/2396/785 3173/2397/785 2437/2398/785
f 3174/2396/785 2438/2395/785 2238/2112/785 2925/2111/785
f 2439/2399/900 3175/2400/900 3091/2299/900 2420/2298/900
f 2440/2401/901 3176/2402/901 3175/2400/901 2439/2399/901
f 3176/2402/785 2440/2401/785 2437/2398/785 3173/2397/785
f 3174/2396/785 3179/2403/785 3178/2404/785 3173/2397/785
f 3179/2403/785 3174/2396/785 2925/2111/785 2936/2123/785
f 3097/2308/902 3180/2405/902 3177/2406/902 3096/2314/902
f 3175/2400/903 3180/2405/903 3097/2308/903 3091/2299/903
f 3176/2402/904 3181/2407/904 3180/2405/904 3175/2400/904
f 3181/2407/785 3176/2402/785 3173/2397/785 3178/2404/785
f 3102/2315/905 3182/2408/905 2957/2170/905 2824/2171/905
f 3177/2406/906 3182/2408/906 3102/2315/906 3096/2314/906
f 3182/2408/907 3183/2409/907 2958/2173/907 2957/2170/907
f 3179/2403/908 3184/2410/908 3183/2409/908 3178/2404/908
f 3184/2410/785 3179/2403/785 2936/2123/785 2959/2144/785
f 3180/2405/701 3185/2411/701 3182/2408/701 3177/2406/701
f 3185/2411/909 3186/2412/909 3183/2409/909 3182/2408/909
f 3181/2407/910 3186/2412/910 3185/2411/910 3180/2405/910
f 3186/2412/911 3181/2407/911 3178/2404/911 3183/2409/911
f 3183/2409/731 3187/2413/731 2985/2172/731 2958/2173/731
f 3187/2413/912 3188/2414/912 2986/2174/912 2985/2172/912
f 3184/2410/913 3188/2414/913 3187/2413/913 3183/2409/913
f 3188/2414/785 3184/2410/785 2959/2144/785 2986/2174/785
f 3189/2415/914 2698/1862/914 2453/1861/914 2460/2416/914
f 3190/2417/915 2699/1863/915 2698/1862/915 3189/2415/915
f 3191/2418/916 2700/1864/916 2699/1863/916 3190/2417/916
f 3192/2419/917 2701/1865/917 2700/1864/917 3191/2418/917
f 3193/2420/917 2702/1866/917 2701/1865/917 3192/2419/917
f 3194/2421/917 2703/1867/917 2702/1866/917 3193/2420/917
f 3195/2422/917 2704/1868/917 2703/1867/917 3194/2421/917
f 3196/2423/917 2705/1869/917 2704/1868/917 3195/2422/917
f 2461/2424/918 3197/2425/918 3189/2415/918 2460/2416/918
f 3197/2425/919 3198/2426/919 3190/2417/919 3189/2415/919
f 3198/2426/920 3199/2427/920 3191/2418/920 3190/2417/920
f 3199/2427/921 3200/2428/921 3192/2419/921 3191/2418/921
f 3200/2428/921 3201/2429/921 3193/2420/921 3192/2419/921
f 3201/2429/921 3202/2430/921 3194/2421/921 3193/2420/921
f 3202/2430/921 3203/2431/921 3195/2422/921 3194/2421/921
f 3203/2431/921 3204/2432/921 3196/2423/921 3195/2422/921
f 2462/2433/922 3205/2434/922 3197/2425/922 2461/2424/922
f 3205/2434/923 3206/2435/923 3198/2426/923 3197/2425/923
f 3206/2435/924 3207/2436/924 3199/2427/924 3198/2426/924
f 3207/2436/925 3208/2437/925 3200/2428/925 3199/2427/925
f 3208/2437/925 3209/2438/925 3201/2429/925 3200/2428/925
f 3209/2438/925 3210/2439/925 3202/2430/925 3201/2429/925
f 3210/2439/925 3211/2440/925 3203/2431/925 3202/2430/925
f 3211/2440/925 3212/2441/925 3204/2432/925 3203/2431/925
f 3213/2442/917 2778/1947/917 2705/1869/917 3196/2423/917
f 3214/2443/917 2779/1948/917 2778/1947/917 3213/2442/917
f 3215/2444/917 2780/1949/917 2779/1948/917 3214/2443/917
f 3216/2445/917 2781/1950/917 2780/1949/917 3215/2444/917
f 3217/2446/917 2782/1951/917 2781/1950/917 3216/2445/917
f 3218/2447/917 2783/1952/917 2782/1951/917 3217/2446/917
f 3219/2448/917 2784/1953/917 2783/1952/917 3218/2447/917
f 3220/2449/917 2785/1954/917 2784/1953/917 3219/2448/917
f 3204/2432/921 3221/2450/921 3213/2442/921 3196/2423/921
f 3221/2450/921 3222/2451/921 3214/2443/921 3213/2442/921
f 3222/2451/921 3223/2452/921 3215/2444/921 3214/2443/921
f 3223/2452/921 3224/2453/921 3216/2445/921 3215/2444/921
f 3224/2453/921 3225/2454/921 3217/2446/921 3216/2445/921
f 3225/2454/921 3226/2455/921 3218/2447/921 3217/2446/921
f 3226/2455/921 3227/2456/921 3219/2448/921 3218/2447/921
f 3227/2456/921 3228/2457/921 3220/2449/921 3219/2448/921
f 3212/2441/925 3229/2458/925 3221/2450/925 3204/2432/925
f 3229/2458/925 3230/2459/925 3222/2451/925 3221/2450/925
f 3230/2459/925 3231/2460/925 3223/2452/925 3222/2451/925
f 3231/2460/925 3232/2461/925 3224/2453/925 3223/2452/925
f 3232/2461/925 3233/2462/925 3225/2454/925 3224/2453/925
f 3233/2462/925 3234/2463/925 3226/2455/925 3225/2454/925
f 3234/2463/925 3235/2464/925 3227/2456/925 3226/2455/925
f 3235/2464/925 3236/2465/925 3228/2457/925 3227/2456/925
f 3237/2466/917 2909/2085/917 2785/1954/917 3220/2449/917
f 3238/2467/926 2910/2086/926 2909/2085/926 3237/2466/926
f 3239/2468/927 2911/2087/927 2910/2086/927 3238/2467/927
f 3228/2457/921 3240/2469/921 3237/2466/921 3220/2449/921
f 3240/2469/928 3241/2470/928 3238/2467/928 3237/2466/928
f 3241/2470/929 3242/2471/929 3239/2468/929 3238/2467/929
f 3242/2471/930 2912/2088/930 2911/2087/930 3239/2468/930
f 3236/2465/925 3243/2472/925 3240/2469/925 3228/2457/925
f 3243/2472/931 3244/2473/931 3241/2470/931 3240/2469/931
f 3244/2473/932 3245/2474/932 3242/2471/932 3241/2470/932
f 3245/2474/933 2913/2089/933 2912/2088/933 3242/2471/933
f 2463/2475/934 3246/2476/934 3205/2434/934 2462/2433/934
f 3011/2202/935 3246/2476/935 2463/2475/935 2459/2203/935
f 3246/2476/936 3247/2477/936 3206/2435/936 3205/2434/936
f 3012/2204/937 3247/2477/937 3246/2476/937 3011/2202/937
f 3247/2477/938 3248/2478/938 3207/2436/938 3206/2435/938
f 3013/2205/939 3248/2478/939 3247/2477/939 3012/2204/939
f 3248/2478/940 3249/2479/940 3208/2437/940 3207/2436/940
f 3014/2206/941 3249/2479/941 3248/2478/941 3013/2205/941
f 3249/2479/940 3250/2480/940 3209/2438/940 3208/2437/940
f 3015/2207/941 3250/2480/941 3249/2479/941 3014/2206/941
f 3250/2480/940 3251/2481/940 3210/2439/940 3209/2438/940
f 3016/2208/941 3251/2481/941 3250/2480/941 3015/2207/941
f 3251/2481/940 3252/2482/940 3211/2440/940 3210/2439/940
f 3017/2209/941 3252/2482/941 3251/2481/941 3016/2208/941
f 3252/2482/940 3253/2483/940 3212/2441/940 3211/2440/940
f 3018/2210/941 3253/2483/941 3252/2482/941 3017/2209/941
f 3253/2483/940 3254/2484/940 3229/2458/940 3212/2441/940
f 3083/2288/941 3254/2484/941 3253/2483/941 3018/2210/941
f 3254/2484/940 3255/2485/940 3230/2459/940 3229/2458/940
f 3084/2289/941 3255/2485/941 3254/2484/941 3083/2288/941
f 3255/2485/940 3256/2486/940 3231/2460/940 3230/2459/940
f 3085/2290/941 3256/2486/941 3255/2485/941 3084/2289/941
f 3256/2486/940 3257/2487/940 3232/2461/940 3231/2460/940
f 3086/2291/941 3257/2487/941 3256/2486/941 3085/2290/941
f 3257/2487/940 3258/2488/940 3233/2462/940 3232/2461/940
f 3087/2292/941 3258/2488/941 3257/2487/941 3086/2291/941
f 3258/2488/940 3259/2489/940 3234/2463/940 3233/2462/940
f 3088/2293/941 3259/2489/941 3258/2488/941 3087/2292/941
f 3259/2489/940 3260/2490/940 3235/2464/940 3234/2463/940
f 3089/2294/941 3260/2490/941 3259/2489/941 3088/2293/941
f 3260/2490/940 3261/2491/940 3236/2465/940 3235/2464/940
f 3090/2295/942 3261/2491/942 3260/2490/942 3089/2294/942
f 3261/2491/940 3262/2492/940 3243/2472/940 3236/2465/940
f 3170/2392/942 3262/2492/942 3261/2491/942 3090/2295/942
f 3262/2492/943 3263/2493/943 3244/2473/943 3243/2472/943
f 3171/2393/944 3263/2493/944 3262/2492/944 3170/2392/944
f 3263/2493/945 3264/2494/945 3245/2474/945 3244/2473/945
f 3172/2394/946 3264/2494/946 3263/2493/946 3171/2393/946
f 3264/2494/947 3172/2394/947 2913/2089/947 3245/2474/947
f 2470/1643/279 2477/1664/279 2476/2312/279 2469/2495/279
f 2469/2495/279 2476/2312/279 2475/2374/279 2468/2496/279
f 2468/2496/279 2475/2374/279 2471/2378/279 2464/2497/279
f 2474/1620/591 2467/1619/591 2466/2498/591 2473/2379/591
f 2473/2379/591 2466/2498/591 2465/2499/591 2472/2380/591
f 2472/2380/591 2465/2499/591 2464/2497/591 2471/2378/591
f 1745/1644/279 2470/1643/279 2469/2495/279 1744/2500/279
f 1744/2500/279 2469/2495/279 2468/2496/279 1743/2501/279
f 1743/2501/279 2468/2496/279 2464/2497/279 1739/2502/279
f 2467/1619/591 1742/2266/591 1741/2503/591 2466/2498/591
f 2466/2498/591 1741/2503/591 1740/2504/591 2465/2499/591
f 2465/2499/591 1740/2504/591 1739/2502/591 2464/2497/591
f 2459/2203/948 2463/2475/948 2462/2433/948 2455/2505/948
f 2455/2505/279 2462/2433/279 2461/2424/279 2454/2506/279
f 2454/2506/949 2461/2424/949 2460/2416/949 2453/1861/949
f 2458/2194/279 2459/2203/279 2455/2505/279 2451/2507/279
f 2457/2185/279 2458/2194/279 2451/2507/279 2447/2508/279
f 2456/2176/279 2457/2185/279 2447/2508/279 2443/1817/279
f 2451/2507/279 2455/2505/279 2454/2506/279 2450/2509/279
f 2450/2509/279 2454/2506/279 2453/1861/279 2449/2510/279
f 2449/2510/950 2453/1861/950 2452/1853/950 2448/1844/950
f 2447/2508/279 2451/2507/279 2450/2509/279 2446/2511/279
f 2446/2511/279 2450/2509/279 2449/2510/279 2445/1826/279
f 2445/1826/951 2449/2510/951 2448/1844/951 2444/1827/951
f 2443/1817/279 2447/2508/279 2446/2511/279 2442/1799/279
f 2442/1799/279 2446/2511/279 2445/1826/279 2441/1800/279
f 2440/2401/785 2436/2512/785 2433/2513/785 2437/2398/785
f 2436/2512/952 2440/2401/952 2439/2399/952 2435/2514/952
f 2435/2514/953 2439/2399/953 2420/2298/953 2415/2515/953
f 2438/2395/785 2434/2516/785 2226/2517/785 2238/2112/785
f 2434/2516/785 2438/2395/785 2437/2398/785 2433/2513/785
f 2436/2512/954 2431/2518/954 2428/2519/954 2433/2513/954
f 2431/2518/955 2436/2512/955 2435/2514/955 2430/2520/955
f 2430/2520/956 2435/2514/956 2432/2521/956 2427/2522/956
f 2435/2514/957 2415/2515/957 2414/2523/957 2432/2521/957
f 2434/2516/785 2429/2524/785 2215/2525/785 2226/2517/785
f 2429/2524/958 2434/2516/958 2433/2513/958 2428/2519/958
f 2427/2522/959 2432/2521/959 2414/2523/959 2408/2526/959
f 2431/2518/960 2430/2520/960 2427/2522/960 2428/2519/960
f 2429/2524/785 2426/2527/785 2192/2528/785 2215/2525/785
f 2426/2527/961 2429/2524/961 2428/2519/961 2425/2529/961
f 2425/2529/962 2428/2519/962 2214/2530/962 2191/2531/962
f 2428/2519/963 2427/2522/963 2213/2532/963 2214/2530/963
f 2427/2522/964 2408/2526/964 2147/2533/964 2213/2532/964
f 2426/2527/965 2425/2529/965 2191/2531/965 2192/2528/965
f 37/880/186 35/874/186 2419/2534/186 2424/2305/186
f 2424/2305/186 2419/2534/186 2418/2535/186 2423/2303/186
f 2423/2303/186 2418/2535/186 2417/2536/186 2422/2301/186
f 2422/2301/186 2417/2536/186 2416/2537/186 2421/2297/186
f 2421/2297/186 2416/2537/186 2415/2515/186 2420/2298/186
f 35/874/186 33/866/186 2413/2538/186 2419/2534/186
f 2419/2534/186 2413/2538/186 2412/2539/186 2418/2535/186
f 2418/2535/186 2412/2539/186 2411/2540/186 2417/2536/186
f 2417/2536/186 2411/2540/186 2410/2541/186 2416/2537/186
f 2416/2537/186 2410/2541/186 2409/2542/186 2415/2515/186
f 2415/2515/966 2409/2542/966 2408/2526/966 2414/2523/966
f 33/866/186 31/857/186 2407/2543/186 2413/2538/186
f 2413/2538/186 2407/2543/186 2406/2544/186 2412/2539/186
f 2412/2539/186 2406/2544/186 2405/2545/186 2411/2540/186
f 2411/2540/186 2405/2545/186 2404/2546/186 2410/2541/186
f 2410/2541/186 2404/2546/186 2403/2547/186 2409/2542/186
f 2409/2542/186 2403/2547/186 2402/2548/186 2408/2526/186
f 2408/2526/967 2402/2548/967 2126/2549/967 2147/2533/967
f 31/857/186 22/848/186 2401/2550/186 2407/2543/186
f 2407/2543/186 2401/2550/186 2393/2551/186 2406/2544/186
f 2406/2544/186 2393/2551/186 2385/2552/186 2405/2545/186
f 2405/2545/186 2385/2552/186 2377/2553/186 2404/2546/186
f 2404/2546/186 2377/2553/186 2369/2554/186 2403/2547/186
f 2403/2547/186 2369/2554/186 2361/2555/186 2402/2548/186
f 2402/2548/186 2361/2555/186 2080/2556/186 2126/2549/186
f 22/848/319 21/846/319 2400/2557/319 2401/2550/319
f 21/846/271 20/844/271 2399/2558/271 2400/2557/271
f 20/844/271 19/842/271 2398/2559/271 2399/2558/271
f 19/842/271 18/840/271 2397/2560/271 2398/2559/271
f 18/840/271 17/838/271 2396/2561/271 2397/2560/271
f 17/838/271 16/836/271 2395/2562/271 2396/2561/271
f 16/836/271 15/834/271 2394/2563/271 2395/2562/271
f 15/834/271 3/718/271 2318/2564/271 2394/2563/271
f 2401/2550/319 2400/2557/319 2392/2565/319 2393/2551/319
f 2400/2557/271 2399/2558/271 2391/2566/271 2392/2565/271
f 2399/2558/271 2398/2559/271 2390/2567/271 2391/2566/271
f 2398/2559/271 2397/2560/271 2389/2568/271 2390/2567/271
f 2397/2560/271 2396/2561/271 2388/2569/271 2389/2568/271
f 2396/2561/271 2395/2562/271 2387/2570/271 2388/2569/271
f 2395/2562/271 2394/2563/271 2386/2571/271 2387/2570/271
f 2394/2563/271 2318/2564/271 2315/2572/271 2386/2571/271
f 2393/2551/319 2392/2565/319 2384/2573/319 2385/2552/319
f 2392/2565/271 2391/2566/271 2383/2574/271 2384/2573/271
f 2391/2566/271 2390/2567/271 2382/2575/271 2383/2574/271
f 2390/2567/271 2389/2568/271 2381/2576/271 2382/2575/271
f 2389/2568/271 2388/2569/271 2380/2577/271 2381/2576/271
f 2388/2569/271 2387/2570/271 2379/2578/271 2380/2577/271
f 2387/2570/271 2386/2571/271 2378/2579/271 2379/2578/271
f 2386/2571/271 2315/2572/271 2312/2580/271 2378/2579/271
f 2385/2552/319 2384/2573/319 2376/2581/319 2377/2553/319
f 2384/2573/271 2383/2574/271 2375/2582/271 2376/2581/271
f 2383/2574/271 2382/2575/271 2374/2583/271 2375/2582/271
f 2382/2575/271 2381/2576/271 2373/2584/271 2374/2583/271
f 2381/2576/271 2380/2577/271 2372/2585/271 2373/2584/271
f 2380/2577/271 2379/2578/271 2371/2586/271 2372/2585/271
f 2379/2578/271 2378/2579/271 2370/2587/271 2371/2586/271
f 2378/2579/271 2312/2580/271 2309/2588/271 2370/2587/271
f 2377/2553/968 2376/2581/968 2368/2589/968 2369/2554/968
f 2376/2581/271 2375/2582/271 2367/2590/271 2368/2589/271
f 2375/2582/271 2374/2583/271 2366/2591/271 2367/2590/271
f 2374/2583/271 2373/2584/271 2365/2592/271 2366/2591/271
f 2373/2584/271 2372/2585/271 2364/2593/271 2365/2592/271
f 2372/2585/271 2371/2586/271 2363/2594/271 2364/2593/271
f 2371/2586/271 2370/2587/271 2362/2595/271 2363/2594/271
f 2370/2587/271 2309/2588/271 2306/2596/271 2362/2595/271
f 2369/2554/969 2368/2589/969 2360/2597/969 2361/2555/969
f 2368/2589/271 2367/2590/271 2359/2598/271 2360/2597/271
f 2367/2590/271 2366/2591/271 2358/2599/271 2359/2598/271
f 2366/2591/271 2365/2592/271 2357/2600/271 2358/2599/271
f 2365/2592/271 2356/2601/271 2352/2602/271 2357/2600/271
f 2356/2601/271 2365/2592/271 2364/2593/271 2355/2603/271
f 2355/2603/271 2364/2593/271 2363/2594/271 2354/2604/271
f 2354/2604/271 2363/2594/271 2362/2595/271 2353/2605/271
f 2353/2605/271 2362/2595/271 2306/2596/271 2297/2606/271
f 2361/2555/970 2360/2597/970 2079/2607/970 2080/2556/970
f 2360/2597/271 2359/2598/271 2078/2608/271 2079/2607/271
f 2359/2598/271 2358/2599/271 2077/2609/271 2078/2608/271
f 2358/2599/271 2357/2600/271 2076/2610/271 2077/2609/271
f 2357/2600/271 2352/2602/271 2062/2611/271 2076/2610/271
f 2356/2601/971 2355/2603/971 2351/2612/971 2352/2602/971
f 2355/2603/972 2354/2604/972 2350/2613/972 2351/2612/972
f 2354/2604/973 2353/2605/973 2349/2614/973 2350/2613/973
f 2353/2605/974 2297/2606/974 2294/2615/974 2349/2614/974
f 2352/2602/975 2351/2612/975 2061/2616/975 2062/2611/975
f 2351/2612/186 2348/2617/186 2051/2618/186 2061/2616/186
f 2348/2617/976 2351/2612/976 2350/2613/976 2347/2619/976
f 2347/2619/977 2350/2613/977 2349/2614/977 2346/2620/977
f 2346/2620/978 2349/2614/978 2294/2615/978 2286/2621/978
f 2348/2617/979 2345/2622/979 2045/2623/979 2051/2618/979
f 2345/2622/980 2348/2617/980 2347/2619/980 2344/2624/980
f 2344/2624/981 2347/2619/981 2346/2620/981 2343/2625/981
f 2343/2625/982 2346/2620/982 2286/2621/982 2278/2626/982
f 2345/2622/983 1715/2627/983 1696/2628/983 2045/2623/983
f 1715/2627/984 2345/2622/984 2344/2624/984 1714/2629/984
f 1714/2629/985 2344/2624/985 2343/2625/985 1713/2630/985
f 1713/2630/986 2343/2625/986 2278/2626/986 1712/2631/986
f 11/748/279 13/757/279 2342/2221/279 2336/2632/279
f 2336/2632/279 2342/2221/279 2341/2219/279 2335/2633/279
f 2335/2633/279 2341/2219/279 2340/2217/279 2334/2634/279
f 2334/2634/279 2340/2217/279 2339/2215/279 2333/2635/279
f 2333/2635/279 2339/2215/279 2338/2213/279 2332/2636/279
f 2332/2636/279 2338/2213/279 2337/2211/279 2331/2637/279
f 2331/2637/279 2337/2211/279 2037/1878/279 2032/2638/279
f 9/738/279 11/748/279 2336/2632/279 2330/2639/279
f 2330/2639/279 2336/2632/279 2335/2633/279 2329/2640/279
f 2329/2640/279 2335/2633/279 2334/2634/279 2328/2641/279
f 2328/2641/279 2334/2634/279 2333/2635/279 2327/2642/279
f 2327/2642/279 2333/2635/279 2332/2636/279 2326/2643/279
f 2326/2643/279 2332/2636/279 2331/2637/279 2325/2644/279
f 2325/2644/279 2331/2637/279 2032/2638/279 2027/2645/279
f 7/728/279 9/738/279 2330/2639/279 2324/2646/279
f 2324/2646/279 2330/2639/279 2329/2640/279 2323/2647/279
f 2323/2647/279 2329/2640/279 2328/2641/279 2322/2648/279
f 2322/2648/279 2328/2641/279 2327/2642/279 2321/2649/279
f 2321/2649/279 2327/2642/279 2326/2643/279 2320/2650/279
f 2320/2650/279 2326/2643/279 2325/2644/279 2319/2651/279
f 2319/2651/279 2325/2644/279 2027/2645/279 2022/2652/279
f 1/715/279 7/728/279 2324/2646/279 2316/2653/279
f 2316/2653/279 2324/2646/279 2323/2647/279 2313/2654/279
f 2313/2654/279 2323/2647/279 2322/2648/279 2310/2655/279
f 2310/2655/279 2322/2648/279 2321/2649/279 2307/2656/279
f 2307/2656/279 2321/2649/279 2320/2650/279 2304/2657/279
f 2304/2657/987 2320/2650/987 2319/2651/987 2303/2658/987
f 2303/2658/988 2319/2651/988 2022/2652/988 2017/2659/988
f 3/718/271 2/716/271 2317/2660/271 2318/2564/271
f 2/716/317 1/715/317 2316/2653/317 2317/2660/317
f 2318/2564/271 2317/2660/271 2314/2661/271 2315/2572/271
f 2317/2660/317 2316/2653/317 2313/2654/317 2314/2661/317
f 2315/2572/271 2314/2661/271 2311/2662/271 2312/2580/271
f 2314/2661/989 2313/2654/989 2310/2655/989 2311/2662/989
f 2312/2580/271 2311/2662/271 2308/2663/271 2309/2588/271
f 2311/2662/990 2310/2655/990 2307/2656/990 2308/2663/990
f 2309/2588/271 2308/2663/271 2305/2664/271 2306/2596/271
f 2308/2663/991 2307/2656/991 2304/2657/991 2305/2664/991
f 2297/2606/271 2306/2596/271 2305/2664/271 2296/2665/271
f 2296/2665/992 2305/2664/992 2304/2657/992 2295/2666/992
f 2295/2666/993 2304/2657/993 2303/2658/993 2292/2667/993
f 2292/2667/994 2303/2658/994 2302/2668/994 2291/2669/994
f 2302/2668/995 2303/2658/995 2017/2659/995 2016/2670/995
f 2291/2669/996 2302/2668/996 2301/2671/996 2290/2672/996
f 2301/2671/997 2302/2668/997 2016/2670/997 2015/2673/997
f 2290/2672/998 2301/2671/998 2300/2674/998 2289/2675/998
f 2300/2674/999 2301/2671/999 2015/2673/999 2014/2676/999
f 2289/2675/1000 2300/2674/1000 2299/2677/1000 2288/2678/1000
f 2299/2677/1001 2300/2674/1001 2014/2676/1001 2013/2679/1001
f 2288/2678/1000 2299/2677/1000 2298/2680/1000 2287/2681/1000
f 2298/2680/1001 2299/2677/1001 2013/2679/1001 2012/2682/1001
f 2287/2681/1000 2298/2680/1000 2270/2683/1000 2262/2684/1000
f 2270/2683/1001 2298/2680/1001 2012/2682/1001 1957/2685/1001
f 2297/2606/1002 2296/2665/1002 2293/2686/1002 2294/2615/1002
f 2296/2665/1003 2295/2666/1003 2292/2667/1003 2293/2686/1003
f 2286/2621/1004 2294/2615/1004 2293/2686/1004 2285/2687/1004
f 2285/2687/1005 2293/2686/1005 2292/2667/1005 2284/2688/1005
f 2284/2688/1006 2292/2667/1006 2291/2669/1006 2283/2689/1006
f 2283/2689/1007 2291/2669/1007 2290/2672/1007 2282/2690/1007
f 2282/2690/1008 2290/2672/1008 2289/2675/1008 2281/2691/1008
f 2281/2691/1009 2289/2675/1009 2288/2678/1009 2280/2692/1009
f 2280/2692/1009 2288/2678/1009 2287/2681/1009 2279/2693/1009
f 2279/2693/1009 2287/2681/1009 2262/2684/1009 2254/2694/1009
f 2278/2626/1010 2286/2621/1010 2285/2687/1010 2277/2695/1010
f 2277/2695/1011 2285/2687/1011 2284/2688/1011 2276/2696/1011
f 2276/2696/1012 2284/2688/1012 2283/2689/1012 2275/2697/1012
f 2275/2697/1013 2283/2689/1013 2282/2690/1013 2274/2698/1013
f 2274/2698/1014 2282/2690/1014 2281/2691/1014 2273/2699/1014
f 2273/2699/1014 2281/2691/1014 2280/2692/1014 2272/2700/1014
f 2272/2700/1014 2280/2692/1014 2279/2693/1014 2271/2701/1014
f 2271/2701/1014 2279/2693/1014 2254/2694/1014 2246/2702/1014
f 1712/2631/986 2278/2626/986 2277/2695/986 1711/2703/986
f 1711/2703/1015 2277/2695/1015 2276/2696/1015 1710/2704/1015
f 1710/2704/1015 2276/2696/1015 2275/2697/1015 1709/2705/1015
f 1709/2705/1015 2275/2697/1015 2274/2698/1015 1708/2706/1015
f 1708/2706/1015 2274/2698/1015 2273/2699/1015 1707/2707/1015
f 1707/2707/1015 2273/2699/1015 2272/2700/1015 1706/2708/1015
f 1706/2708/1015 2272/2700/1015 2271/2701/1015 1705/2709/1015
f 1705/2709/1015 2271/2701/1015 2246/2702/1015 1704/2710/1015
f 2262/2684/1000 2270/2683/1000 2269/2711/1000 2261/2712/1000
f 2269/2711/1001 2270/2683/1001 1957/2685/1001 1956/2713/1001
f 2261/2712/1000 2269/2711/1000 2268/2714/1000 2260/2715/1000
f 2268/2714/1001 2269/2711/1001 1956/2713/1001 1955/2716/1001
f 2260/2715/1000 2268/2714/1000 2267/2717/1000 2259/2718/1000
f 2267/2717/1001 2268/2714/1001 1955/2716/1001 1954/2719/1001
f 2259/2718/1000 2267/2717/1000 2266/2720/1000 2258/2721/1000
f 2266/2720/1001 2267/2717/1001 1954/2719/1001 1953/2722/1001
f 2258/2721/1000 2266/2720/1000 2265/2723/1000 2257/2724/1000
f 2265/2723/1001 2266/2720/1001 1953/2722/1001 1952/2725/1001
f 2257/2724/1016 2265/2723/1016 2264/2726/1016 2256/2727/1016
f 2264/2726/1017 2265/2723/1017 1952/2725/1017 1951/2728/1017
f 2256/2727/1018 2264/2726/1018 2263/2729/1018 2255/2730/1018
f 2263/2729/1019 2264/2726/1019 1951/2728/1019 1950/2731/1019
f 2255/2730/1020 2263/2729/1020 1639/2732/1020 1638/2733/1020
f 1639/2732/1021 2263/2729/1021 1950/2731/1021 1635/2734/1021
f 2254/2694/1009 2262/2684/1009 2261/2712/1009 2253/2735/1009
f 2253/2735/1009 2261/2712/1009 2260/2715/1009 2252/2736/1009
f 2252/2736/1009 2260/2715/1009 2259/2718/1009 2251/2737/1009
f 2251/2737/1009 2259/2718/1009 2258/2721/1009 2250/2738/1009
f 2250/2738/1009 2258/2721/1009 2257/2724/1009 2249/2739/1009
f 2249/2739/1022 2257/2724/1022 2256/2727/1022 2248/2740/1022
f 2248/2740/1023 2256/2727/1023 2255/2730/1023 2247/2741/1023
f 2247/2741/1024 2255/2730/1024 1638/2733/1024 1637/2742/1024
f 2246/2702/1014 2254/2694/1014 2253/2735/1014 2245/2743/1014
f 2245/2743/1014 2253/2735/1014 2252/2736/1014 2244/2744/1014
f 2244/2744/1014 2252/2736/1014 2251/2737/1014 2243/2745/1014
f 2243/2745/1014 2251/2737/1014 2250/2738/1014 2242/2746/1014
f 2242/2746/1014 2250/2738/1014 2249/2739/1014 2241/2747/1014
f 2241/2747/1025 2249/2739/1025 2248/2740/1025 2240/2748/1025
f 2240/2748/1026 2248/2740/1026 2247/2741/1026 2239/2749/1026
f 2239/2749/1027 2247/2741/1027 1637/2742/1027 1636/2750/1027
f 1704/2710/1015 2246/2702/1015 2245/2743/1015 1703/2751/1015
f 1703/2751/1015 2245/2743/1015 2244/2744/1015 1702/2752/1015
f 1702/2752/1015 2244/2744/1015 2243/2745/1015 1701/2753/1015
f 1701/2753/1015 2243/2745/1015 2242/2746/1015 1700/2754/1015
f 1700/2754/1015 2242/2746/1015 2241/2747/1015 1699/2755/1015
f 1699/2755/1028 2241/2747/1028 2240/2748/1028 1698/2756/1028
f 1698/2756/1029 2240/2748/1029 2239/2749/1029 1697/2757/1029
f 1697/2757/1030 2239/2749/1030 1636/2750/1030 1620/2758/1030
f 2238/2112/785 2226/2517/785 2224/2759/785 2236/2110/785
f 2237/2107/785 2225/2760/785 2223/2761/785 2235/2106/785
f 2225/2760/785 2237/2107/785 2236/2110/785 2224/2759/785
f 2235/2106/785 2223/2761/785 2221/2762/785 2233/2104/785
f 2234/2101/1031 2222/2763/1031 2220/2764/1031 2232/2100/1031
f 2222/2763/785 2234/2101/785 2233/2104/785 2221/2762/785
f 2232/2100/1032 2220/2764/1032 2219/2765/1032 2231/2766/1032
f 2232/2100/1033 2231/2766/1033 2229/2095/1033 2230/2097/1033
f 2231/2766/1034 2219/2765/1034 2218/2767/1034 2229/2095/1034
f 2229/2095/1035 2218/2767/1035 2217/2768/1035 2228/2093/1035
f 2228/2093/1036 2217/2768/1036 2216/2769/1036 2227/2091/1036
f 2227/2091/186 2216/2769/186 1883/2770/186 1893/1745/186
f 2226/2517/785 2215/2525/785 2211/2771/785 2224/2759/785
f 2225/2760/785 2212/2772/785 2210/2773/785 2223/2761/785
f 2212/2772/785 2225/2760/785 2224/2759/785 2211/2771/785
f 2223/2761/1037 2210/2773/1037 2208/2774/1037 2221/2762/1037
f 2222/2763/1038 2209/2775/1038 2206/2776/1038 2220/2764/1038
f 2209/2775/1039 2222/2763/1039 2221/2762/1039 2208/2774/1039
f 2220/2764/1040 2206/2776/1040 2205/2777/1040 2219/2765/1040
f 2219/2765/1041 2205/2777/1041 2201/2778/1041 2218/2767/1041
f 2218/2767/1042 2201/2778/1042 2197/2779/1042 2217/2768/1042
f 2217/2768/1043 2197/2779/1043 2193/2780/1043 2216/2769/1043
f 2216/2769/186 2193/2780/186 1873/2781/186 1883/2770/186
f 2215/2525/1044 2192/2528/1044 2188/2782/1044 2211/2771/1044
f 2191/2531/962 2214/2530/962 2213/2532/962 2190/2783/962
f 2190/2783/1045 2213/2532/1045 2147/2533/1045 2126/2549/1045
f 2212/2772/785 2189/2784/785 2185/2785/785 2210/2773/785
f 2189/2784/1046 2212/2772/1046 2211/2771/1046 2188/2782/1046
f 2210/2773/1047 2185/2785/1047 2181/2786/1047 2208/2774/1047
f 2209/2775/1048 2208/2774/1048 2205/2777/1048 2206/2776/1048
f 2208/2774/1049 2181/2786/1049 2180/2787/1049 2207/2788/1049
f 2208/2774/1050 2207/2788/1050 2204/2789/1050 2205/2777/1050
f 2207/2788/1049 2180/2787/1049 2177/2790/1049 2204/2789/1049
f 2205/2777/1051 2204/2789/1051 2200/2791/1051 2201/2778/1051
f 2204/2789/1049 2177/2790/1049 2176/2792/1049 2203/2793/1049
f 2204/2789/1052 2203/2793/1052 2199/2794/1052 2200/2791/1052
f 2203/2793/1049 2176/2792/1049 2175/2795/1049 2202/2796/1049
f 2203/2793/1053 2202/2796/1053 2198/2797/1053 2199/2794/1053
f 2202/2796/1054 2175/2795/1054 2174/2798/1054 2198/2797/1054
f 2201/2778/1055 2200/2791/1055 2196/2799/1055 2197/2779/1055
f 2200/2791/1056 2199/2794/1056 2195/2800/1056 2196/2799/1056
f 2199/2794/1057 2198/2797/1057 2194/2801/1057 2195/2800/1057
f 2198/2797/1058 2174/2798/1058 2102/2802/1058 2135/2803/1058
f 2198/2797/1059 2135/2803/1059 2132/2804/1059 2194/2801/1059
f 2197/2779/1060 2173/2805/1060 2169/2806/1060 2193/2780/1060
f 2173/2805/1061 2197/2779/1061 2196/2799/1061 2172/2807/1061
f 2172/2807/1062 2196/2799/1062 2195/2800/1062 2171/2808/1062
f 2171/2808/213 2195/2800/213 2194/2801/213 2170/2809/213
f 2170/2809/1063 2194/2801/1063 2132/2804/1063 2094/2810/1063
f 2193/2780/1064 2169/2806/1064 1861/2811/1064 1873/2781/1064
f 2192/2528/1065 2191/2531/1065 2187/2812/1065 2188/2782/1065
f 2191/2531/1066 2190/2783/1066 2186/2813/1066 2187/2812/1066
f 2190/2783/1067 2126/2549/1067 2125/2814/1067 2186/2813/1067
f 2189/2784/1068 2188/2782/1068 2184/2815/1068 2185/2785/1068
f 2188/2782/1069 2187/2812/1069 2183/2816/1069 2184/2815/1069
f 2187/2812/1070 2186/2813/1070 2182/2817/1070 2183/2816/1070
f 2186/2813/1071 2125/2814/1071 2124/2818/1071 2182/2817/1071
f 2185/2785/1072 2184/2815/1072 2180/2787/1072 2181/2786/1072
f 2184/2815/1073 2183/2816/1073 2179/2819/1073 2180/2787/1073
f 2183/2816/1074 2182/2817/1074 2178/2820/1074 2179/2819/1074
f 2182/2817/1075 2124/2818/1075 2116/2821/1075 2178/2820/1075
f 2180/2787/1076 2179/2819/1076 2176/2792/1076 2177/2790/1076
f 2179/2819/1077 2178/2820/1077 2175/2795/1077 2176/2792/1077
f 2178/2820/1078 2116/2821/1078 2110/2822/1078 2175/2795/1078
f 2175/2795/1079 2110/2822/1079 2102/2802/1079 2174/2798/1079
f 2173/2805/271 2172/2807/271 2168/2823/271 2169/2806/271
f 2172/2807/1080 2171/2808/1080 2167/2824/1080 2168/2823/1080
f 2171/2808/1081 2170/2809/1081 2166/2825/1081 2167/2824/1081
f 2170/2809/1082 2094/2810/1082 2087/2826/1082 2166/2825/1082
f 2169/2806/271 2168/2823/271 1860/2827/271 1861/2811/271
f 2168/2823/271 2167/2824/271 1859/2828/271 1860/2827/271
f 2167/2824/271 2166/2825/271 1858/2829/271 1859/2828/271
f 2166/2825/271 2087/2826/271 1796/2830/271 1858/2829/271
f 2156/2831/1083 2165/1970/1083 2164/1967/1083 2154/2832/1083
f 2165/1970/591 2156/2831/591 2030/2833/591 2035/1875/591
f 2154/2832/1084 2164/1967/1084 2163/1965/1084 2153/2834/1084
f 2153/2834/600 2163/1965/600 2161/1963/600 2151/2835/600
f 2152/2836/600 2162/1962/600 2160/1959/600 2150/2837/600
f 2162/1962/600 2152/2836/600 2151/2835/600 2161/1963/600
f 2150/2837/600 2160/1959/600 2158/1957/600 2148/2838/600
f 2149/2839/600 2159/1956/600 1830/1661/600 1819/2840/600
f 2159/1956/600 2149/2839/600 2148/2838/600 2158/1957/600
f 2144/2841/1085 2157/2842/1085 2155/2843/1085 2140/2844/1085
f 2157/2842/591 2144/2841/591 2143/2845/591 2156/2831/591
f 2157/2842/1086 2156/2831/1086 2154/2832/1086 2155/2843/1086
f 2156/2831/591 2143/2845/591 2025/2846/591 2030/2833/591
f 2140/2844/956 2155/2843/956 2154/2832/956 2139/2847/956
f 2139/2847/1087 2154/2832/1087 2153/2834/1087 2136/2848/1087
f 2136/2848/600 2153/2834/600 2151/2835/600 2133/2849/600
f 2134/2850/600 2152/2836/600 2150/2837/600 2131/2851/600
f 2152/2836/600 2134/2850/600 2133/2849/600 2151/2835/600
f 2131/2851/600 2150/2837/600 2148/2838/600 2127/2852/600
f 2128/2853/600 2149/2839/600 1819/2840/600 1808/2854/600
f 2149/2839/600 2128/2853/600 2127/2852/600 2148/2838/600
f 2120/2855/1088 2146/2856/1088 2142/2857/1088 2112/2858/1088
f 2146/2856/1089 2120/2855/1089 2119/2859/1089 2145/2860/1089
f 2146/2856/1090 2145/2860/1090 2141/2861/1090 2142/2857/1090
f 2145/2860/591 2119/2859/591 2118/2862/591 2144/2841/591
f 2145/2860/1091 2144/2841/1091 2140/2844/1091 2141/2861/1091
f 2144/2841/591 2118/2862/591 2117/2863/591 2143/2845/591
f 2143/2845/591 2117/2863/591 2020/2864/591 2025/2846/591
f 2112/2858/962 2142/2857/962 2141/2861/962 2111/2865/962
f 2111/2865/962 2141/2861/962 2138/2866/962 2105/2867/962
f 2141/2861/1092 2140/2844/1092 2137/2868/1092 2138/2866/1092
f 2140/2844/1093 2139/2847/1093 2136/2848/1093 2137/2868/1093
f 2105/2867/962 2138/2866/962 2137/2868/962 2104/2869/962
f 2104/2869/1094 2137/2868/1094 2136/2848/1094 2103/2870/1094
f 2103/2870/1095 2136/2848/1095 2133/2849/1095 2095/2871/1095
f 2135/2803/1096 2102/2802/1096 2094/2810/1096 2132/2804/1096
f 2096/2872/1097 2134/2850/1097 2131/2851/1097 2088/2873/1097
f 2134/2850/1098 2096/2872/1098 2095/2871/1098 2133/2849/1098
f 2088/2873/600 2131/2851/600 2127/2852/600 2081/2874/600
f 2084/2875/1099 2130/2876/1099 1810/2877/1099 1793/2878/1099
f 2130/2876/1049 2084/2875/1049 2083/2879/1049 2129/2880/1049
f 2130/2876/1100 2129/2880/1100 1809/2881/1100 1810/2877/1100
f 2129/2880/1049 2083/2879/1049 1792/2882/1049 1809/2881/1049
f 2082/2883/1101 2128/2853/1101 1808/2854/1101 1791/2884/1101
f 2128/2853/1102 2082/2883/1102 2081/2874/1102 2127/2852/1102
f 2126/2549/1103 2080/2556/1103 2075/2885/1103 2125/2814/1103
f 2125/2814/1104 2075/2885/1104 2070/2886/1104 2124/2818/1104
f 2124/2818/1105 2070/2886/1105 2069/2887/1105 2123/2888/1105
f 2124/2818/1106 2123/2888/1106 2115/2889/1106 2116/2821/1106
f 2123/2888/1107 2069/2887/1107 2068/2890/1107 2122/2891/1107
f 2123/2888/1108 2122/2891/1108 2114/2892/1108 2115/2889/1108
f 2122/2891/1109 2068/2890/1109 2067/2893/1109 2121/2894/1109
f 2122/2891/1110 2121/2894/1110 2113/2895/1110 2114/2892/1110
f 2121/2894/591 2067/2893/591 2066/2896/591 2120/2855/591
f 2121/2894/1111 2120/2855/1111 2112/2858/1111 2113/2895/1111
f 2120/2855/591 2066/2896/591 2065/2897/591 2119/2859/591
f 2119/2859/1112 2065/2897/1112 2064/2898/1112 2118/2862/1112
f 2118/2862/1113 2064/2898/1113 2063/2899/1113 2117/2863/1113
f 2117/2863/1114 2063/2899/1114 2005/2900/1114 2020/2864/1114
f 2116/2821/1115 2115/2889/1115 2109/2901/1115 2110/2822/1115
f 2115/2889/1116 2114/2892/1116 2108/2902/1116 2109/2901/1116
f 2114/2892/1117 2113/2895/1117 2107/2903/1117 2108/2902/1117
f 2113/2895/1118 2112/2858/1118 2106/2904/1118 2107/2903/1118
f 2112/2858/1119 2111/2865/1119 2105/2867/1119 2106/2904/1119
f 2110/2822/1120 2109/2901/1120 2101/2905/1120 2102/2802/1120
f 2109/2901/1121 2108/2902/1121 2100/2906/1121 2101/2905/1121
f 2108/2902/1122 2107/2903/1122 2099/2907/1122 2100/2906/1122
f 2107/2903/1123 2106/2904/1123 2098/2908/1123 2099/2907/1123
f 2106/2904/1124 2105/2867/1124 2097/2909/1124 2098/2908/1124
f 2105/2867/1125 2104/2869/1125 2096/2872/1125 2097/2909/1125
f 2104/2869/1126 2103/2870/1126 2095/2871/1126 2096/2872/1126
f 2102/2802/1127 2101/2905/1127 2093/2910/1127 2094/2810/1127
f 2101/2905/1128 2100/2906/1128 2092/2911/1128 2093/2910/1128
f 2100/2906/1129 2099/2907/1129 2091/2912/1129 2092/2911/1129
f 2099/2907/1130 2098/2908/1130 2090/2913/1130 2091/2912/1130
f 2098/2908/1131 2097/2909/1131 2089/2914/1131 2090/2913/1131
f 2097/2909/1132 2096/2872/1132 2088/2873/1132 2089/2914/1132
f 2094/2810/1133 2093/2910/1133 2086/2915/1133 2087/2826/1133
f 2093/2910/1134 2092/2911/1134 2085/2916/1134 2086/2915/1134
f 2092/2911/1135 2091/2912/1135 2084/2875/1135 2085/2916/1135
f 2091/2912/1136 2090/2913/1136 2083/2879/1136 2084/2875/1136
f 2090/2913/1137 2089/2914/1137 2082/2883/1137 2083/2879/1137
f 2089/2914/1138 2088/2873/1138 2081/2874/1138 2082/2883/1138
f 2087/2826/271 2086/2915/271 1795/2917/271 1796/2830/271
f 2086/2915/271 2085/2916/271 1794/2918/271 1795/2917/271
f 2085/2916/1139 2084/2875/1139 1793/2878/1139 1794/2918/1139
f 2083/2879/1140 2082/2883/1140 1791/2884/1140 1792/2882/1140
f 2080/2556/1141 2079/2607/1141 2074/2919/1141 2075/2885/1141
f 2079/2607/271 2078/2608/271 2073/2920/271 2074/2919/271
f 2078/2608/271 2077/2609/271 2072/2921/271 2073/2920/271
f 2077/2609/271 2076/2610/271 2071/2922/271 2072/2921/271
f 2076/2610/1142 2062/2611/1142 2060/2923/1142 2071/2922/1142
f 2075/2885/1143 2074/2919/1143 2069/2887/1143 2070/2886/1143
f 2074/2919/1144 2073/2920/1144 2068/2890/1144 2069/2887/1144
f 2073/2920/1145 2072/2921/1145 2067/2893/1145 2068/2890/1145
f 2072/2921/1146 2071/2922/1146 2066/2896/1146 2067/2893/1146
f 2071/2922/1147 2060/2923/1147 2058/2924/1147 2066/2896/1147
f 2066/2896/1148 2058/2924/1148 2057/2925/1148 2065/2897/1148
f 2065/2897/1149 2057/2925/1149 2056/2926/1149 2064/2898/1149
f 2064/2898/1150 2056/2926/1150 2055/2927/1150 2063/2899/1150
f 2063/2899/1151 2055/2927/1151 1997/2928/1151 2005/2900/1151
f 2062/2611/1152 2061/2616/1152 2059/2929/1152 2060/2923/1152
f 2061/2616/186 2051/2618/186 2050/2930/186 2059/2929/186
f 2060/2923/186 2059/2929/186 2057/2925/186 2058/2924/186
f 2059/2929/186 2050/2930/186 2049/2931/186 2057/2925/186
f 2057/2925/1153 2049/2931/1153 2048/2932/1153 2054/2933/1153
f 2056/2926/1154 2057/2925/1154 2054/2933/1154 2053/2934/1154
f 2055/2927/1155 2056/2926/1155 2053/2934/1155 2052/2935/1155
f 1997/2928/1156 2055/2927/1156 2052/2935/1156 1989/2936/1156
f 2054/2933/1157 2048/2932/1157 2047/2937/1157 2053/2934/1157
f 2053/2934/1158 2047/2937/1158 2046/2938/1158 2052/2935/1158
f 2052/2935/1159 2046/2938/1159 1981/2939/1159 1989/2936/1159
f 2051/2618/186 2045/2623/186 2044/2940/186 2050/2930/186
f 2050/2930/1160 2044/2940/1160 2043/2941/1160 2049/2931/1160
f 2049/2931/1161 2043/2941/1161 2040/2942/1161 2048/2932/1161
f 2048/2932/1162 2040/2942/1162 2039/2943/1162 2047/2937/1162
f 2047/2937/1163 2039/2943/1163 2038/2944/1163 2046/2938/1163
f 2046/2938/1164 2038/2944/1164 1965/2945/1164 1981/2939/1164
f 2045/2623/1165 1696/2628/1165 1693/2946/1165 2044/2940/1165
f 2044/2940/1166 1693/2946/1166 1690/2947/1166 2043/2941/1166
f 2043/2941/1167 1690/2947/1167 1689/2948/1167 2042/2949/1167
f 2043/2941/1168 2042/2949/1168 2039/2943/1168 2040/2942/1168
f 2042/2949/1169 1689/2948/1169 1688/2950/1169 2041/2951/1169
f 2042/2949/1170 2041/2951/1170 2038/2944/1170 2039/2943/1170
f 2041/2951/1171 1688/2950/1171 1671/2952/1171 1973/2953/1171
f 2041/2951/1170 1973/2953/1170 1965/2945/1170 2038/2944/1170
f 2032/2638/279 2037/1878/279 2036/1876/279 2031/2954/279
f 2031/2954/279 2036/1876/279 2033/1872/279 2028/2955/279
f 2035/1875/591 2030/2833/591 2029/2956/591 2034/1871/591
f 2034/1871/1172 2029/2956/1172 2028/2955/1172 2033/1872/1172
f 2027/2645/279 2032/2638/279 2031/2954/279 2026/2957/279
f 2026/2957/279 2031/2954/279 2028/2955/279 2023/2958/279
f 2030/2833/591 2025/2846/591 2024/2959/591 2029/2956/591
f 2029/2956/1173 2024/2959/1173 2023/2958/1173 2028/2955/1173
f 2022/2652/279 2027/2645/279 2026/2957/279 2021/2960/279
f 2021/2960/279 2026/2957/279 2023/2958/279 2018/2961/279
f 2025/2846/591 2020/2864/591 2019/2962/591 2024/2959/591
f 2024/2959/1174 2019/2962/1174 2018/2961/1174 2023/2958/1174
f 2017/2659/1175 2022/2652/1175 2021/2960/1175 2011/2963/1175
f 2011/2963/1176 2021/2960/1176 2018/2961/1176 2003/2964/1176
f 2020/2864/1177 2005/2900/1177 2004/2965/1177 2019/2962/1177
f 2019/2962/1178 2004/2965/1178 2003/2964/1178 2018/2961/1178
f 2016/2670/1179 2017/2659/1179 2011/2963/1179 2010/2966/1179
f 2015/2673/1180 2016/2670/1180 2010/2966/1180 2009/2967/1180
f 2014/2676/1181 2015/2673/1181 2009/2967/1181 2008/2968/1181
f 2013/2679/1182 2014/2676/1182 2008/2968/1182 2007/2969/1182
f 2012/2682/1182 2013/2679/1182 2007/2969/1182 2006/2970/1182
f 1957/2685/1182 2012/2682/1182 2006/2970/1182 1949/2971/1182
f 2010/2966/1183 2011/2963/1183 2003/2964/1183 2002/2972/1183
f 2009/2967/1184 2010/2966/1184 2002/2972/1184 2001/2973/1184
f 2008/2968/1185 2009/2967/1185 2001/2973/1185 2000/2974/1185
f 2007/2969/1186 2008/2968/1186 2000/2974/1186 1999/2975/1186
f 2006/2970/1186 2007/2969/1186 1999/2975/1186 1998/2976/1186
f 1949/2971/1186 2006/2970/1186 1998/2976/1186 1941/2977/1186
f 2005/2900/1187 1997/2928/1187 1996/2978/1187 2004/2965/1187
f 2004/2965/1188 1996/2978/1188 1995/2979/1188 2003/2964/1188
f 2003/2964/1189 1995/2979/1189 1994/2980/1189 2002/2972/1189
f 2002/2972/1190 1994/2980/1190 1993/2981/1190 2001/2973/1190
f 2001/2973/1191 1993/2981/1191 1992/2982/1191 2000/2974/1191
f 2000/2974/1192 1992/2982/1192 1991/2983/1192 1999/2975/1192
f 1999/2975/1192 1991/2983/1192 1990/2984/1192 1998/2976/1192
f 1998/2976/1192 1990/2984/1192 1933/2985/1192 1941/2977/1192
f 1996/2978/1193 1997/2928/1193 1989/2936/1193 1988/2986/1193
f 1995/2979/1194 1996/2978/1194 1988/2986/1194 1987/2987/1194
f 1994/2980/1195 1995/2979/1195 1987/2987/1195 1986/2988/1195
f 1993/2981/1196 1994/2980/1196 1986/2988/1196 1985/2989/1196
f 1992/2982/1197 1993/2981/1197 1985/2989/1197 1984/2990/1197
f 1991/2983/1197 1992/2982/1197 1984/2990/1197 1983/2991/1197
f 1990/2984/1197 1991/2983/1197 1983/2991/1197 1982/2992/1197
f 1933/2985/1197 1990/2984/1197 1982/2992/1197 1925/2993/1197
f 1989/2936/1198 1981/2939/1198 1980/2994/1198 1988/2986/1198
f 1988/2986/1199 1980/2994/1199 1979/2995/1199 1987/2987/1199
f 1987/2987/1200 1979/2995/1200 1978/2996/1200 1986/2988/1200
f 1986/2988/1201 1978/2996/1201 1977/2997/1201 1985/2989/1201
f 1985/2989/1201 1977/2997/1201 1976/2998/1201 1984/2990/1201
f 1984/2990/1201 1976/2998/1201 1975/2999/1201 1983/2991/1201
f 1983/2991/1201 1975/2999/1201 1974/3000/1201 1982/2992/1201
f 1982/2992/1201 1974/3000/1201 1917/3001/1201 1925/2993/1201
f 1981/2939/1164 1965/2945/1164 1964/3002/1164 1980/2994/1164
f 1980/2994/1164 1964/3002/1164 1963/3003/1164 1979/2995/1164
f 1979/2995/1164 1963/3003/1164 1962/3004/1164 1978/2996/1164
f 1978/2996/1164 1962/3004/1164 1961/3005/1164 1977/2997/1164
f 1977/2997/1164 1961/3005/1164 1960/3006/1164 1976/2998/1164
f 1976/2998/1164 1960/3006/1164 1959/3007/1164 1975/2999/1164
f 1975/2999/1164 1959/3007/1164 1958/3008/1164 1974/3000/1164
f 1974/3000/1164 1958/3008/1164 1901/3009/1164 1917/3001/1164
f 1973/2953/1171 1671/2952/1171 1670/3010/1171 1972/3011/1171
f 1973/2953/1170 1972/3011/1170 1964/3002/1170 1965/2945/1170
f 1972/3011/1171 1670/3010/1171 1669/3012/1171 1971/3013/1171
f 1972/3011/1170 1971/3013/1170 1963/3003/1170 1964/3002/1170
f 1971/3013/1171 1669/3012/1171 1668/3014/1171 1970/3015/1171
f 1971/3013/1170 1970/3015/1170 1962/3004/1170 1963/3003/1170
f 1970/3015/1171 1668/3014/1171 1667/3016/1171 1969/3017/1171
f 1970/3015/1170 1969/3017/1170 1961/3005/1170 1962/3004/1170
f 1969/3017/1171 1667/3016/1171 1666/3018/1171 1968/3019/1171
f 1969/3017/1170 1968/3019/1170 1960/3006/1170 1961/3005/1170
f 1968/3019/1171 1666/3018/1171 1665/3020/1171 1967/3021/1171
f 1968/3019/1170 1967/3021/1170 1959/3007/1170 1960/3006/1170
f 1967/3021/1171 1665/3020/1171 1664/3022/1171 1966/3023/1171
f 1967/3021/1170 1966/3023/1170 1958/3008/1170 1959/3007/1170
f 1966/3023/1171 1664/3022/1171 1647/3024/1171 1909/3025/1171
f 1966/3023/1170 1909/3025/1170 1901/3009/1170 1958/3008/1170
f 1956/2713/1182 1957/2685/1182 1949/2971/1182 1948/3026/1182
f 1955/2716/1182 1956/2713/1182 1948/3026/1182 1947/3027/1182
f 1954/2719/1182 1955/2716/1182 1947/3027/1182 1946/3028/1182
f 1953/2722/1182 1954/2719/1182 1946/3028/1182 1945/3029/1182
f 1952/2725/1182 1953/2722/1182 1945/3029/1182 1944/3030/1182
f 1951/2728/1202 1952/2725/1202 1944/3030/1202 1943/3031/1202
f 1950/2731/1203 1951/2728/1203 1943/3031/1203 1942/3032/1203
f 1635/2734/1204 1950/2731/1204 1942/3032/1204 1634/3033/1204
f 1948/3026/1186 1949/2971/1186 1941/2977/1186 1940/3034/1186
f 1947/3027/1186 1948/3026/1186 1940/3034/1186 1939/3035/1186
f 1946/3028/1186 1947/3027/1186 1939/3035/1186 1938/3036/1186
f 1945/3029/1186 1946/3028/1186 1938/3036/1186 1937/3037/1186
f 1944/3030/1186 1945/3029/1186 1937/3037/1186 1936/3038/1186
f 1943/3031/1205 1944/3030/1205 1936/3038/1205 1935/3039/1205
f 1942/3032/1206 1943/3031/1206 1935/3039/1206 1934/3040/1206
f 1634/3033/1207 1942/3032/1207 1934/3040/1207 1633/3041/1207
f 1941/2977/1192 1933/2985/1192 1932/3042/1192 1940/3034/1192
f 1940/3034/1192 1932/3042/1192 1931/3043/1192 1939/3035/1192
f 1939/3035/1192 1931/3043/1192 1930/3044/1192 1938/3036/1192
f 1938/3036/1192 1930/3044/1192 1929/3045/1192 1937/3037/1192
f 1937/3037/1192 1929/3045/1192 1928/3046/1192 1936/3038/1192
f 1936/3038/1208 1928/3046/1208 1927/3047/1208 1935/3039/1208
f 1935/3039/1209 1927/3047/1209 1926/3048/1209 1934/3040/1209
f 1934/3040/1210 1926/3048/1210 1630/3049/1210 1633/3041/1210
f 1932/3042/1197 1933/2985/1197 1925/2993/1197 1924/3050/1197
f 1931/3043/1197 1932/3042/1197 1924/3050/1197 1923/3051/1197
f 1930/3044/1197 1931/3043/1197 1923/3051/1197 1922/3052/1197
f 1929/3045/1197 1930/3044/1197 1922/3052/1197 1921/3053/1197
f 1928/3046/1197 1929/3045/1197 1921/3053/1197 1920/3054/1197
f 1927/3047/1211 1928/3046/1211 1920/3054/1211 1919/3055/1211
f 1926/3048/1212 1927/3047/1212 1919/3055/1212 1918/3056/1212
f 1630/3049/1213 1926/3048/1213 1918/3056/1213 1629/3057/1213
f 1925/2993/1201 1917/3001/1201 1916/3058/1201 1924/3050/1201
f 1924/3050/1201 1916/3058/1201 1915/3059/1201 1923/3051/1201
f 1923/3051/1201 1915/3059/1201 1914/3060/1201 1922/3052/1201
f 1922/3052/1201 1914/3060/1201 1913/3061/1201 1921/3053/1201
f 1921/3053/1201 1913/3061/1201 1912/3062/1201 1920/3054/1201
f 1920/3054/1214 1912/3062/1214 1911/3063/1214 1919/3055/1214
f 1919/3055/1215 1911/3063/1215 1910/3064/1215 1918/3056/1215
f 1918/3056/1216 1910/3064/1216 1625/3065/1216 1629/3057/1216
f 1917/3001/1164 1901/3009/1164 1900/3066/1164 1916/3058/1164
f 1916/3058/1164 1900/3066/1164 1899/3067/1164 1915/3059/1164
f 1915/3059/1164 1899/3067/1164 1898/3068/1164 1914/3060/1164
f 1914/3060/1164 1898/3068/1164 1897/3069/1164 1913/3061/1164
f 1913/3061/1164 1897/3069/1164 1896/3070/1164 1912/3062/1164
f 1912/3062/1164 1896/3070/1164 1895/3071/1164 1911/3063/1164
f 1911/3063/1217 1895/3071/1217 1894/3072/1217 1910/3064/1217
f 1910/3064/1218 1894/3072/1218 1621/3073/1218 1625/3065/1218
f 1909/3025/1171 1647/3024/1171 1646/3074/1171 1908/3075/1171
f 1909/3025/1170 1908/3075/1170 1900/3066/1170 1901/3009/1170
f 1908/3075/1171 1646/3074/1171 1645/3076/1171 1907/3077/1171
f 1908/3075/1170 1907/3077/1170 1899/3067/1170 1900/3066/1170
f 1907/3077/1171 1645/3076/1171 1644/3078/1171 1906/3079/1171
f 1907/3077/1170 1906/3079/1170 1898/3068/1170 1899/3067/1170
f 1906/3079/1171 1644/3078/1171 1643/3080/1171 1905/3081/1171
f 1906/3079/1170 1905/3081/1170 1897/3069/1170 1898/3068/1170
f 1905/3081/1171 1643/3080/1171 1642/3082/1171 1904/3083/1171
f 1905/3081/1170 1904/3083/1170 1896/3070/1170 1897/3069/1170
f 1904/3083/1219 1642/3082/1219 1641/3084/1219 1903/3085/1219
f 1904/3083/1170 1903/3085/1170 1895/3071/1170 1896/3070/1170
f 1903/3085/1220 1641/3084/1220 1640/3086/1220 1902/3087/1220
f 1903/3085/1170 1902/3087/1170 1894/3072/1170 1895/3071/1170
f 1902/3087/1221 1640/3086/1221 1617/3088/1221 1622/3089/1221
f 1902/3087/1222 1622/3089/1222 1621/3073/1222 1894/3072/1222
f 1893/1745/186 1883/2770/186 1882/3090/186 1892/1743/186
f 1892/1743/186 1882/3090/186 1881/3091/186 1891/1741/186
f 1891/1741/186 1881/3091/186 1880/3092/186 1890/1739/186
f 1890/1739/186 1880/3092/186 1879/3093/186 1889/1737/186
f 1889/1737/186 1879/3093/186 1878/3094/186 1888/1735/186
f 1888/1735/186 1878/3094/186 1877/3095/186 1887/1733/186
f 1887/1733/1223 1877/3095/1223 1876/3096/1223 1886/1731/1223
f 1886/1731/591 1876/3096/591 1875/3097/591 1885/1729/591
f 1885/1729/1224 1875/3097/1224 1874/3098/1224 1884/1726/1224
f 1884/1726/186 1874/3098/186 1758/3099/186 1763/1727/186
f 1883/2770/186 1873/2781/186 1872/3100/186 1882/3090/186
f 1882/3090/186 1872/3100/186 1871/3101/186 1881/3091/186
f 1881/3091/186 1871/3101/186 1870/3102/186 1880/3092/186
f 1880/3092/186 1870/3102/186 1869/3103/186 1879/3093/186
f 1879/3093/186 1869/3103/186 1868/3104/186 1878/3094/186
f 1878/3094/186 1868/3104/186 1867/3105/186 1877/3095/186
f 1877/3095/1225 1867/3105/1225 1866/3106/1225 1876/3096/1225
f 1876/3096/591 1866/3106/591 1864/3107/591 1875/3097/591
f 1875/3097/1226 1864/3107/1226 1863/3108/1226 1874/3098/1226
f 1874/3098/186 1863/3108/186 1753/3109/186 1758/3099/186
f 1873/2781/1227 1861/2811/1227 1857/3110/1227 1872/3100/1227
f 1872/3100/1227 1857/3110/1227 1853/3111/1227 1871/3101/1227
f 1871/3101/1227 1853/3111/1227 1849/3112/1227 1870/3102/1227
f 1870/3102/1227 1849/3112/1227 1845/3113/1227 1869/3103/1227
f 1869/3103/1228 1845/3113/1228 1841/3114/1228 1868/3104/1228
f 1868/3104/1229 1841/3114/1229 1837/3115/1229 1867/3105/1229
f 1867/3105/1230 1837/3115/1230 1836/3116/1230 1866/3106/1230
f 1866/3106/1231 1836/3116/1231 1835/3117/1231 1865/3118/1231
f 1866/3106/1232 1865/3118/1232 1863/3108/1232 1864/3107/1232
f 1865/3118/1233 1835/3117/1233 1833/3119/1233 1863/3108/1233
f 1863/3108/1234 1833/3119/1234 1832/3120/1234 1862/3121/1234
f 1863/3108/1235 1862/3121/1235 1752/3122/1235 1753/3109/1235
f 1862/3121/271 1832/3120/271 1766/3123/271 1800/3124/271
f 1862/3121/271 1800/3124/271 1731/3125/271 1752/3122/271
f 1861/2811/271 1860/2827/271 1856/3126/271 1857/3110/271
f 1860/2827/271 1859/2828/271 1855/3127/271 1856/3126/271
f 1859/2828/271 1858/2829/271 1854/3128/271 1855/3127/271
f 1858/2829/271 1796/2830/271 1790/3129/271 1854/3128/271
f 1857/3110/271 1856/3126/271 1852/3130/271 1853/3111/271
f 1856/3126/271 1855/3127/271 1851/3131/271 1852/3130/271
f 1855/3127/271 1854/3128/271 1850/3132/271 1851/3131/271
f 1854/3128/271 1790/3129/271 1786/3133/271 1850/3132/271
f 1853/3111/271 1852/3130/271 1848/3134/271 1849/3112/271
f 1852/3130/271 1851/3131/271 1847/3135/271 1848/3134/271
f 1851/3131/271 1850/3132/271 1846/3136/271 1847/3135/271
f 1850/3132/271 1786/3133/271 1782/3137/271 1846/3136/271
f 1849/3112/271 1848/3134/271 1844/3138/271 1845/3113/271
f 1848/3134/271 1847/3135/271 1843/3139/271 1844/3138/271
f 1847/3135/271 1846/3136/271 1842/3140/271 1843/3139/271
f 1846/3136/271 1782/3137/271 1778/3141/271 1842/3140/271
f 1845/3113/271 1844/3138/271 1840/3142/271 1841/3114/271
f 1844/3138/271 1843/3139/271 1839/3143/271 1840/3142/271
f 1843/3139/271 1842/3140/271 1838/3144/271 1839/3143/271
f 1842/3140/271 1778/3141/271 1774/3145/271 1838/3144/271
f 1841/3114/271 1840/3142/271 1836/3116/271 1837/3115/271
f 1840/3142/271 1839/3143/271 1835/3117/271 1836/3116/271
f 1839/3143/271 1838/3144/271 1834/3146/271 1835/3117/271
f 1838/3144/271 1774/3145/271 1770/3147/271 1834/3146/271
f 1835/3117/1236 1834/3146/1236 1832/3120/1236 1833/3119/1236
f 1834/3146/1237 1770/3147/1237 1766/3123/1237 1832/3120/1237
f 1820/3148/1238 1831/1660/1238 1828/1657/1238 1817/3149/1238
f 1831/1660/600 1820/3148/600 1819/2840/600 1830/1661/600
f 1818/3150/279 1829/1656/279 1827/1653/279 1816/3151/279
f 1829/1656/1239 1818/3150/1239 1817/3149/1239 1828/1657/1239
f 1816/3151/279 1827/1653/279 1826/1651/279 1815/3152/279
f 1815/3152/279 1826/1651/279 1825/1649/279 1814/3153/279
f 1814/3153/1240 1825/1649/1240 1824/1647/1240 1813/3154/1240
f 1813/3154/279 1824/1647/279 1823/1645/279 1812/3155/279
f 1812/3155/279 1823/1645/279 1822/1641/279 1811/3156/279
f 1811/3156/279 1822/1641/279 1745/1644/279 1738/3157/279
f 1810/2877/1241 1821/3158/1241 1818/3150/1241 1807/3159/1241
f 1821/3158/1242 1810/2877/1242 1809/2881/1242 1820/3148/1242
f 1821/3158/1243 1820/3148/1243 1817/3149/1243 1818/3150/1243
f 1820/3148/1244 1809/2881/1244 1808/2854/1244 1819/2840/1244
f 1807/3159/279 1818/3150/279 1816/3151/279 1806/3160/279
f 1806/3160/279 1816/3151/279 1815/3152/279 1805/3161/279
f 1805/3161/279 1815/3152/279 1814/3153/279 1804/3162/279
f 1804/3162/1245 1814/3153/1245 1813/3154/1245 1803/3163/1245
f 1803/3163/1246 1813/3154/1246 1812/3155/1246 1801/3164/1246
f 1801/3164/1247 1812/3155/1247 1811/3156/1247 1797/3165/1247
f 1797/3165/279 1811/3156/279 1738/3157/279 1728/3166/279
f 1793/2878/1248 1810/2877/1248 1807/3159/1248 1787/3167/1248
f 1809/2881/1249 1792/2882/1249 1791/2884/1249 1808/2854/1249
f 1787/3167/279 1807/3159/279 1806/3160/279 1783/3168/279
f 1783/3168/279 1806/3160/279 1805/3161/279 1779/3169/279
f 1779/3169/279 1805/3161/279 1804/3162/279 1775/3170/279
f 1775/3170/279 1804/3162/279 1803/3163/279 1771/3171/279
f 1771/3171/279 1803/3163/279 1801/3164/279 1767/3172/279
f 1768/3173/1250 1802/3174/1250 1798/3175/1250 1764/3176/1250
f 1802/3174/1251 1768/3173/1251 1767/3172/1251 1801/3164/1251
f 1802/3174/1252 1801/3164/1252 1797/3165/1252 1798/3175/1252
f 1800/3124/271 1766/3123/271 1765/3177/271 1799/3178/271
f 1800/3124/271 1799/3178/271 1730/3179/271 1731/3125/271
f 1799/3178/271 1765/3177/271 1764/3176/271 1798/3175/271
f 1799/3178/271 1798/3175/271 1729/3180/271 1730/3179/271
f 1798/3175/1253 1797/3165/1253 1728/3166/1253 1729/3180/1253
f 1796/2830/271 1795/2917/271 1789/3181/271 1790/3129/271
f 1795/2917/271 1794/2918/271 1788/3182/271 1789/3181/271
f 1794/2918/1254 1793/2878/1254 1787/3167/1254 1788/3182/1254
f 1790/3129/271 1789/3181/271 1785/3183/271 1786/3133/271
f 1789/3181/271 1788/3182/271 1784/3184/271 1785/3183/271
f 1788/3182/1255 1787/3167/1255 1783/3168/1255 1784/3184/1255
f 1786/3133/271 1785/3183/271 1781/3185/271 1782/3137/271
f 1785/3183/271 1784/3184/271 1780/3186/271 1781/3185/271
f 1784/3184/1256 1783/3168/1256 1779/3169/1256 1780/3186/1256
f 1782/3137/271 1781/3185/271 1777/3187/271 1778/3141/271
f 1781/3185/271 1780/3186/271 1776/3188/271 1777/3187/271
f 1780/3186/1257 1779/3169/1257 1775/3170/1257 1776/3188/1257
f 1778/3141/271 1777/3187/271 1773/3189/271 1774/3145/271
f 1777/3187/271 1776/3188/271 1772/3190/271 1773/3189/271
f 1776/3188/1258 1775/3170/1258 1771/3171/1258 1772/3190/1258
f 1774/3145/271 1773/3189/271 1769/3191/271 1770/3147/271
f 1773/3189/271 1772/3190/271 1768/3173/271 1769/3191/271
f 1772/3190/1259 1771/3171/1259 1767/3172/1259 1768/3173/1259
f 1770/3147/1260 1769/3191/1260 1765/3177/1260 1766/3123/1260
f 1769/3191/1261 1768/3173/1261 1764/3176/1261 1765/3177/1261
f 1763/1727/186 1758/3099/186 1757/3192/186 1762/2223/186
f 1762/2223/186 1757/3192/186 1756/3193/186 1761/2230/186
f 1761/2230/186 1756/3193/186 1755/3194/186 1760/2237/186
f 1760/2237/1262 1755/3194/1262 1754/3195/1262 1759/2244/1262
f 1759/2244/591 1754/3195/591 1735/3196/591 1742/2266/591
f 1758/3099/186 1753/3109/186 1751/3197/186 1757/3192/186
f 1757/3192/186 1751/3197/186 1749/3198/186 1756/3193/186
f 1756/3193/186 1749/3198/186 1747/3199/186 1755/3194/186
f 1755/3194/1263 1747/3199/1263 1746/3200/1263 1754/3195/1263
f 1754/3195/591 1746/3200/591 1719/3201/591 1735/3196/591
f 1753/3109/1264 1752/3122/1264 1750/3202/1264 1751/3197/1264
f 1752/3122/271 1731/3125/271 1727/3203/271 1750/3202/271
f 1751/3197/1265 1750/3202/1265 1748/3204/1265 1749/3198/1265
f 1750/3202/271 1727/3203/271 1723/3205/271 1748/3204/271
f 1749/3198/1266 1748/3204/1266 1746/3200/1266 1747/3199/1266
f 1748/3204/1267 1723/3205/1267 1719/3201/1267 1746/3200/1267
f 1738/3157/279 1745/1644/279 1744/2500/279 1737/3206/279
f 1737/3206/279 1744/2500/279 1743/2501/279 1736/3207/279
f 1736/3207/279 1743/2501/279 1739/2502/279 1732/3208/279
f 1742/2266/591 1735/3196/591 1734/3209/591 1741/2503/591
f 1741/2503/591 1734/3209/591 1733/3210/591 1740/2504/591
f 1740/2504/591 1733/3210/591 1732/3208/591 1739/2502/591
f 1728/3166/279 1738/3157/279 1737/3206/279 1724/3211/279
f 1724/3211/279 1737/3206/279 1736/3207/279 1720/3212/279
f 1720/3212/279 1736/3207/279 1732/3208/279 1716/3213/279
f 1735/3196/591 1719/3201/591 1718/3214/591 1734/3209/591
f 1734/3209/591 1718/3214/591 1717/3215/591 1733/3210/591
f 1733/3210/591 1717/3215/591 1716/3213/591 1732/3208/591
f 1731/3125/271 1730/3179/271 1726/3216/271 1727/3203/271
f 1730/3179/271 1729/3180/271 1725/3217/271 1726/3216/271
f 1729/3180/1268 1728/3166/1268 1724/3211/1268 1725/3217/1268
f 1727/3203/271 1726/3216/271 1722/3218/271 1723/3205/271
f 1726/3216/271 1725/3217/271 1721/3219/271 1722/3218/271
f 1725/3217/1269 1724/3211/1269 1720/3212/1269 1721/3219/1269
f 1723/3205/1270 1722/3218/1270 1718/3214/1270 1719/3201/1270
f 1722/3218/1271 1721/3219/1271 1717/3215/1271 1718/3214/1271
f 1721/3219/1272 1720/3212/1272 1716/3213/1272 1717/3215/1272
f 1715/2627/1273 1714/2629/1273 1695/3220/1273 1696/2628/1273
f 1714/2629/1274 1713/2630/1274 1694/3221/1274 1695/3220/1274
f 1713/2630/1275 1712/2631/1275 1687/3222/1275 1694/3221/1275
f 1712/2631/1275 1711/2703/1275 1686/3223/1275 1687/3222/1275
f 1711/2703/1275 1710/2704/1275 1685/3224/1275 1686/3223/1275
f 1710/2704/1275 1709/2705/1275 1684/3225/1275 1685/3224/1275
f 1709/2705/1275 1708/2706/1275 1683/3226/1275 1684/3225/1275
f 1708/2706/1275 1707/2707/1275 1682/3227/1275 1683/3226/1275
f 1707/2707/1275 1706/2708/1275 1681/3228/1275 1682/3227/1275
f 1706/2708/1275 1705/2709/1275 1680/3229/1275 1681/3228/1275
f 1705/2709/1275 1704/2710/1275 1663/3230/1275 1680/3229/1275
f 1704/2710/1275 1703/2751/1275 1662/3231/1275 1663/3230/1275
f 1703/2751/1275 1702/2752/1275 1661/3232/1275 1662/3231/1275
f 1702/2752/1275 1701/2753/1275 1660/3233/1275 1661/3232/1275
f 1701/2753/1275 1700/2754/1275 1659/3234/1275 1660/3233/1275
f 1700/2754/1275 1699/2755/1275 1658/3235/1275 1659/3234/1275
f 1699/2755/1276 1698/2756/1276 1657/3236/1276 1658/3235/1276
f 1698/2756/1277 1697/2757/1277 1656/3237/1277 1657/3236/1277
f 1697/2757/1278 1620/2758/1278 1619/3238/1278 1656/3237/1278
f 1696/2628/1279 1695/3220/1279 1692/3239/1279 1693/2946/1279
f 1695/3220/1280 1694/3221/1280 1691/3240/1280 1692/3239/1280
f 1694/3221/1281 1687/3222/1281 1679/3241/1281 1691/3240/1281
f 1693/2946/1282 1692/3239/1282 1689/2948/1282 1690/2947/1282
f 1692/3239/1283 1691/3240/1283 1688/2950/1283 1689/2948/1283
f 1691/3240/1284 1679/3241/1284 1671/2952/1284 1688/2950/1284
f 1687/3222/1281 1686/3223/1281 1678/3242/1281 1679/3241/1281
f 1686/3223/1281 1685/3224/1281 1677/3243/1281 1678/3242/1281
f 1685/3224/1281 1684/3225/1281 1676/3244/1281 1677/3243/1281
f 1684/3225/1281 1683/3226/1281 1675/3245/1281 1676/3244/1281
f 1683/3226/1281 1682/3227/1281 1674/3246/1281 1675/3245/1281
f 1682/3227/1281 1681/3228/1281 1673/3247/1281 1674/3246/1281
f 1681/3228/1281 1680/3229/1281 1672/3248/1281 1673/3247/1281
f 1680/3229/1281 1663/3230/1281 1655/3249/1281 1672/3248/1281
f 1679/3241/1284 1678/3242/1284 1670/3010/1284 1671/2952/1284
f 1678/3242/1284 1677/3243/1284 1669/3012/1284 1670/3010/1284
f 1677/3243/1284 1676/3244/1284 1668/3014/1284 1669/3012/1284
f 1676/3244/1284 1675/3245/1284 1667/3016/1284 1668/3014/1284
f 1675/3245/1284 1674/3246/1284 1666/3018/1284 1667/3016/1284
f 1674/3246/1284 1673/3247/1284 1665/3020/1284 1666/3018/1284
f 1673/3247/1284 1672/3248/1284 1664/3022/1284 1665/3020/1284
f 1672/3248/1284 1655/3249/1284 1647/3024/1284 1664/3022/1284
f 1663/3230/1281 1662/3231/1281 1654/3250/1281 1655/3249/1281
f 1662/3231/1281 1661/3232/1281 1653/3251/1281 1654/3250/1281
f 1661/3232/1281 1660/3233/1281 1652/3252/1281 1653/3251/1281
f 1660/3233/1281 1659/3234/1281 1651/3253/1281 1652/3252/1281
f 1659/3234/1281 1658/3235/1281 1650/3254/1281 1651/3253/1281
f 1658/3235/1285 1657/3236/1285 1649/3255/1285 1650/3254/1285
f 1657/3236/1286 1656/3237/1286 1648/3256/1286 1649/3255/1286
f 1656/3237/1287 1619/3238/1287 1618/3257/1287 1648/3256/1287
f 1655/3249/1284 1654/3250/1284 1646/3074/1284 1647/3024/1284
f 1654/3250/1284 1653/3251/1284 1645/3076/1284 1646/3074/1284
f 1653/3251/1284 1652/3252/1284 1644/3078/1284 1645/3076/1284
f 1652/3252/1284 1651/3253/1284 1643/3080/1284 1644/3078/1284
f 1651/3253/1284 1650/3254/1284 1642/3082/1284 1643/3080/1284
f 1650/3254/1288 1649/3255/1288 1641/3084/1288 1642/3082/1288
f 1649/3255/1289 1648/3256/1289 1640/3086/1289 1641/3084/1289
f 1648/3256/1290 1618/3257/1290 1617/3088/1290 1640/3086/1290
f 1638/2733/279 1639/2732/279 1635/2734/279 1632/3258/279
f 1637/2742/279 1638/2733/279 1632/3258/279 1628/3259/279
f 1636/2750/279 1637/2742/279 1628/3259/279 1624/3260/279
f 1620/2758/1291 1636/2750/1291 1624/3260/1291 1619/3238/1291
f 1632/3258/279 1635/2734/279 1634/3033/279 1631/3261/279
f 1631/3261/279 1634/3033/279 1633/3041/279 1630/3049/279
f 1628/3259/279 1632/3258/279 1631/3261/279 1627/3262/279
f 1627/3262/279 1631/3261/279 1630/3049/279 1626/3263/279
f 1626/3263/1292 1630/3049/1292 1629/3057/1292 1625/3065/1292
f 1624/3260/279 1628/3259/279 1627/3262/279 1623/3264/279
f 1623/3264/279 1627/3262/279 1626/3263/279 1622/3089/279
f 1622/3089/1293 1626/3263/1293 1625/3065/1293 1621/3073/1293
f 1619/3238/279 1624/3260/279 1623/3264/279 1618/3257/279
f 1618/3257/1294 1623/3264/1294 1622/3089/1294 1617/3088/1294
