# Blender 5.2.2 LTS
# www.blender.org
mtllib beetle.mtl
o Cylinder
v -0.371068 0.006055 -0.115328
v -0.371104 0.006163 -0.115280
v -0.345386 -0.001326 -0.076630
v -0.359768 -0.007978 -0.099239
v -0.362094 -0.010014 -0.129679
v -0.349444 -0.004917 -0.158174
v -0.323009 -0.008201 -0.067543
v -0.323832 -0.008585 -0.096558
v -0.324078 -0.008700 -0.131916
v -0.320191 -0.006887 -0.171912
v -0.303601 0.008444 -0.179087
v -0.337022 0.003284 -0.385227
v -0.342124 -0.004112 -0.401113
v -0.342659 -0.005227 -0.435318
v -0.338326 0.001245 -0.452729
v -0.322354 -0.004844 -0.375369
v -0.322638 -0.017354 -0.399805
v -0.322567 -0.017321 -0.436116
v -0.322598 -0.007138 -0.463440
v -0.299742 0.002648 -0.075632
v -0.297148 0.003858 -0.096989
v -0.297106 0.003877 -0.131713
v -0.300772 0.002168 -0.168841
v -0.310233 0.009376 -0.179408
v -0.286682 -0.000588 -0.376791
v -0.288358 -0.001369 -0.400551
v -0.288462 -0.001418 -0.435654
v -0.286792 -0.000639 -0.461084
v -0.270456 0.006979 -0.383164
v -0.269570 0.007392 -0.400282
v -0.269449 0.007448 -0.435855
v -0.270258 0.007071 -0.454172
v -0.490219 0.299479 -0.080768
v -0.488359 0.262730 -0.107215
v -0.496677 0.287330 -0.096551
v -0.488816 0.262996 -0.131659
v -0.500729 0.288626 -0.131786
v -0.486491 0.268141 -0.147638
v -0.492442 0.287990 -0.152362
v -0.453288 0.221519 -0.080244
v -0.461469 0.249462 -0.075849
v -0.473878 0.285824 -0.071728
v -0.451542 0.184745 -0.105685
v -0.460410 0.210142 -0.095624
v -0.479165 0.249627 -0.096785
v -0.484255 0.274578 -0.085886
v -0.452119 0.184273 -0.131617
v -0.465308 0.212632 -0.131738
v -0.479952 0.243914 -0.131542
v -0.449777 0.190114 -0.148753
v -0.455702 0.211992 -0.153542
v -0.469863 0.252190 -0.157696
v -0.472220 0.286247 -0.169953
v -0.416379 0.143535 -0.079751
v -0.425113 0.173316 -0.075081
v -0.436752 0.208543 -0.070741
v -0.435371 0.247682 -0.063995
v -0.414739 0.106738 -0.104240
v -0.424159 0.132950 -0.094759
v -0.442898 0.172437 -0.095861
v -0.446826 0.196882 -0.084800
v -0.415412 0.105529 -0.131577
v -0.429880 0.136628 -0.131692
v -0.443234 0.165142 -0.131495
v -0.413067 0.112051 -0.149795
v -0.419080 0.135898 -0.154573
v -0.432646 0.174997 -0.158803
v -0.434560 0.210105 -0.171905
v -0.434976 0.247845 -0.176119
v -0.436969 0.285030 -0.179846
v -0.372325 0.041210 -0.083069
v -0.377751 0.059996 -0.080047
v -0.388757 0.097183 -0.074306
v -0.399642 0.131264 -0.069768
v -0.397570 0.171599 -0.063431
v -0.400716 0.246290 -0.064263
v -0.399661 0.284855 -0.071202
v -0.376274 0.026128 -0.101276
v -0.391083 0.060164 -0.097682
v -0.406642 0.095222 -0.095014
v -0.409504 0.119167 -0.083818
v -0.389454 0.296318 -0.085298
v -0.377527 0.022308 -0.128458
v -0.394478 0.060637 -0.131577
v -0.406517 0.086343 -0.131401
v -0.375943 0.034064 -0.150632
v -0.382483 0.059833 -0.155596
v -0.395440 0.097816 -0.159905
v -0.392250 0.137783 -0.174032
v -0.393563 0.169605 -0.177316
v -0.399152 0.208925 -0.179589
v -0.401141 0.246095 -0.175862
v -0.401595 0.283830 -0.170984
v -0.378077 0.152911 -0.179186
v -0.379060 0.154598 -0.179139
v -0.356744 0.025441 -0.075612
v -0.358786 0.058067 -0.066869
v -0.359775 0.095437 -0.062877
v -0.362881 0.170224 -0.064837
v -0.362530 0.207577 -0.072196
v -0.375290 0.244484 -0.076228
v -0.383218 0.271561 -0.080486
v -0.368626 0.015772 -0.091742
v -0.351987 0.218641 -0.086426
v -0.357646 0.243823 -0.097241
v -0.376406 0.283300 -0.096051
v -0.369606 0.010643 -0.136855
v -0.356648 0.248782 -0.131564
v -0.371902 0.281368 -0.131760
v -0.358662 0.021369 -0.160929
v -0.354687 0.060751 -0.174430
v -0.356441 0.094139 -0.177785
v -0.364979 0.136211 -0.179524
v -0.367150 0.167783 -0.176476
v -0.363916 0.207662 -0.169025
v -0.366478 0.241253 -0.157151
v -0.380906 0.281983 -0.153013
v -0.341162 0.075039 -0.179333
v -0.342108 0.079605 -0.179620
v -0.379555 0.152123 -0.178738
v -0.380509 0.153758 -0.178692
v -0.323037 0.020365 -0.062457
v -0.323817 0.057100 -0.061513
v -0.325091 0.094090 -0.065393
v -0.325401 0.130299 -0.073186
v -0.338892 0.168367 -0.077047
v -0.346269 0.193596 -0.081024
v -0.314422 0.141006 -0.087662
v -0.321328 0.166586 -0.098261
v -0.340142 0.206127 -0.096991
v -0.348188 0.230345 -0.107970
v -0.313324 0.147009 -0.145546
v -0.318708 0.165825 -0.134079
v -0.336478 0.205424 -0.131728
v -0.347805 0.229745 -0.131679
v -0.319400 0.018821 -0.178251
v -0.326990 0.059302 -0.179008
v -0.328923 0.092324 -0.175738
v -0.323266 0.134637 -0.163045
v -0.333869 0.168406 -0.158384
v -0.344150 0.205978 -0.151822
v -0.350128 0.224928 -0.147132
v -0.304526 0.003329 -0.179891
v -0.341060 0.074310 -0.179275
v -0.341877 0.078927 -0.179599
v -0.563048 0.453705 -0.081595
v -0.567989 0.474607 -0.077239
v -0.561704 0.487351 -0.081721
v -0.562189 0.418786 -0.110800
v -0.568581 0.440403 -0.098326
v -0.583806 0.475606 -0.094300
v -0.562585 0.486940 -0.096167
v -0.563601 0.418073 -0.123301
v -0.569220 0.436401 -0.133202
v -0.586498 0.475789 -0.133370
v -0.563029 0.486733 -0.132141
v -0.566649 0.446436 -0.152070
v -0.573916 0.474899 -0.157512
v -0.562524 0.486969 -0.149332
v -0.527186 0.377448 -0.081320
v -0.534267 0.401697 -0.077489
v -0.548033 0.440010 -0.073774
v -0.549624 0.474562 -0.066049
v -0.548062 0.493712 -0.075220
v -0.525198 0.340693 -0.108852
v -0.532960 0.364512 -0.097539
v -0.551786 0.404042 -0.098869
v -0.559398 0.429841 -0.088372
v -0.546730 0.494334 -0.096457
v -0.525484 0.341659 -0.131703
v -0.536143 0.364545 -0.131746
v -0.554530 0.404672 -0.132843
v -0.560318 0.423990 -0.143736
v -0.546615 0.494387 -0.131881
v -0.523160 0.346105 -0.146575
v -0.529136 0.364027 -0.151240
v -0.539196 0.401626 -0.158013
v -0.550018 0.435714 -0.162612
v -0.545618 0.475817 -0.175066
v -0.545350 0.494977 -0.165754
v -0.528588 0.490540 -0.179131
v -0.527549 0.486896 -0.179292
v -0.497857 0.325577 -0.076660
v -0.511008 0.363101 -0.072722
v -0.511042 0.399808 -0.065145
v -0.513272 0.473641 -0.062675
v -0.513003 0.505985 -0.066402
v -0.515443 0.326797 -0.097774
v -0.521766 0.352232 -0.087065
v -0.512528 0.510282 -0.097137
v -0.516674 0.322692 -0.131586
v -0.512256 0.510409 -0.131348
v -0.507185 0.329366 -0.156487
v -0.509953 0.362431 -0.167952
v -0.506982 0.401787 -0.176065
v -0.509047 0.434286 -0.179244
v -0.517068 0.475160 -0.178075
v -0.515490 0.507435 -0.174037
v -0.493861 0.415443 -0.179202
v -0.494736 0.418842 -0.179030
v -0.531977 0.490029 -0.179988
v -0.532190 0.487425 -0.179641
v -0.473193 0.323744 -0.064567
v -0.476319 0.398449 -0.063134
v -0.473860 0.439397 -0.069267
v -0.484091 0.472385 -0.073936
v -0.491909 0.497719 -0.077558
v -0.464093 0.451747 -0.083339
v -0.466230 0.474923 -0.094466
v -0.481354 0.508234 -0.095849
v -0.466393 0.484176 -0.131490
v -0.478982 0.510477 -0.132589
v -0.468707 0.327267 -0.176922
v -0.470914 0.357286 -0.179785
v -0.479986 0.399960 -0.177586
v -0.481527 0.432764 -0.174245
v -0.477855 0.472211 -0.160486
v -0.487866 0.501609 -0.157134
v -0.455070 0.341938 -0.178106
v -0.456115 0.341027 -0.178462
v -0.494379 0.414700 -0.179412
v -0.495344 0.418093 -0.179262
v -0.438525 0.322358 -0.063695
v -0.436779 0.362136 -0.070223
v -0.447996 0.396760 -0.074689
v -0.457032 0.427523 -0.079501
v -0.426828 0.374026 -0.084266
v -0.430175 0.398194 -0.095397
v -0.448907 0.437685 -0.094324
v -0.458618 0.464332 -0.103508
v -0.430082 0.406323 -0.131468
v -0.442751 0.433367 -0.131665
v -0.457890 0.465902 -0.131554
v -0.442807 0.325345 -0.177007
v -0.443931 0.355725 -0.173839
v -0.440944 0.395626 -0.159399
v -0.454179 0.434146 -0.155114
v -0.460377 0.458921 -0.150262
v -0.457460 0.340948 -0.178798
v -0.458441 0.340156 -0.179126
v -0.411665 0.320613 -0.075435
v -0.420136 0.349531 -0.079979
v -0.393917 0.321003 -0.096286
v -0.412664 0.360490 -0.095157
v -0.421826 0.386318 -0.104907
v -0.393368 0.327557 -0.131518
v -0.407329 0.357373 -0.131713
v -0.421198 0.387190 -0.131596
v -0.403714 0.318440 -0.158277
v -0.417551 0.358063 -0.154073
v -0.423537 0.381004 -0.149264
v -0.385016 0.308320 -0.106391
v -0.384490 0.308443 -0.131637
v -0.386823 0.302928 -0.148224
v -0.293393 0.417794 -0.155536
v -0.293500 0.418521 -0.155482
v -0.296891 0.378535 -0.185882
v -0.297639 0.403740 -0.173619
v -0.298093 0.432540 -0.173090
v -0.297897 0.458865 -0.184971
v -0.298042 0.374374 -0.210592
v -0.304315 0.400394 -0.210649
v -0.304912 0.435800 -0.210626
v -0.299003 0.463627 -0.210512
v -0.300109 0.369736 -0.248077
v -0.308670 0.400621 -0.248149
v -0.309264 0.435614 -0.248155
v -0.300959 0.468507 -0.248056
v -0.295046 0.347145 -0.299317
v -0.301002 0.362468 -0.286459
v -0.313028 0.400738 -0.285821
v -0.313617 0.435557 -0.285868
v -0.302043 0.474597 -0.283126
v -0.295768 0.490052 -0.293779
v -0.487484 0.302012 -0.409948
v -0.487720 0.301884 -0.429052
v -0.453444 0.258008 -0.383091
v -0.462033 0.287614 -0.378363
v -0.450513 0.223883 -0.408122
v -0.458907 0.247679 -0.398985
v -0.478493 0.288843 -0.400308
v -0.450240 0.225333 -0.435085
v -0.462061 0.250734 -0.435165
v -0.479313 0.289200 -0.437486
v -0.448088 0.231117 -0.450398
v -0.453051 0.250183 -0.453958
v -0.463748 0.287646 -0.460096
v -0.409793 0.155858 -0.386700
v -0.414804 0.174149 -0.383511
v -0.425617 0.211507 -0.377523
v -0.436815 0.245798 -0.373180
v -0.435069 0.285843 -0.364458
v -0.413206 0.148140 -0.401401
v -0.425565 0.174657 -0.401381
v -0.442145 0.211551 -0.399271
v -0.447134 0.233575 -0.387698
v -0.413540 0.146613 -0.435059
v -0.426678 0.174856 -0.435169
v -0.441364 0.206203 -0.434936
v -0.411041 0.153446 -0.451149
v -0.416406 0.174109 -0.455020
v -0.431220 0.215016 -0.458882
v -0.434318 0.248212 -0.470103
v -0.434913 0.285832 -0.475579
v -0.372754 0.078095 -0.385996
v -0.378228 0.098058 -0.382520
v -0.393432 0.139406 -0.378825
v -0.396741 0.172015 -0.368042
v -0.397291 0.209629 -0.363914
v -0.398979 0.246992 -0.360093
v -0.400624 0.284397 -0.363744
v -0.376521 0.069418 -0.401481
v -0.390145 0.098693 -0.401391
v -0.404341 0.129005 -0.401599
v -0.376851 0.067871 -0.434962
v -0.391268 0.098844 -0.435048
v -0.404648 0.127401 -0.434834
v -0.373931 0.075684 -0.451919
v -0.379785 0.098008 -0.456048
v -0.394066 0.137921 -0.459973
v -0.396639 0.172055 -0.471990
v -0.397129 0.209785 -0.476143
v -0.398965 0.247014 -0.479913
v -0.400794 0.284251 -0.476314
v -0.341942 0.022309 -0.381646
v -0.356339 0.062250 -0.377815
v -0.358638 0.096050 -0.367389
v -0.359484 0.133597 -0.363342
v -0.361216 0.170931 -0.360465
v -0.362896 0.208177 -0.364275
v -0.360899 0.248592 -0.372881
v -0.371748 0.282596 -0.377419
v -0.354777 0.022813 -0.401441
v -0.367680 0.050317 -0.401707
v -0.350632 0.261071 -0.387460
v -0.355587 0.283728 -0.399496
v -0.355910 0.022976 -0.434982
v -0.368000 0.048734 -0.434718
v -0.356572 0.289655 -0.434488
v -0.343521 0.022293 -0.456915
v -0.356953 0.060800 -0.461016
v -0.358509 0.096113 -0.472650
v -0.359368 0.133669 -0.476694
v -0.361196 0.170922 -0.479531
v -0.363030 0.208138 -0.475762
v -0.363584 0.245849 -0.470711
v -0.366413 0.279402 -0.459096
v -0.321544 0.020901 -0.366891
v -0.321890 0.057691 -0.362809
v -0.323446 0.094841 -0.361020
v -0.325079 0.132093 -0.364842
v -0.323794 0.171315 -0.373851
v -0.335460 0.206420 -0.378114
v -0.344230 0.236607 -0.382923
v -0.313190 0.183304 -0.388528
v -0.319021 0.205614 -0.399971
v -0.338580 0.246764 -0.398720
v -0.348010 0.272744 -0.407802
v -0.319544 0.209916 -0.435010
v -0.335174 0.243301 -0.435221
v -0.347995 0.271055 -0.434814
v -0.321516 0.021059 -0.473134
v -0.321845 0.057720 -0.477206
v -0.323492 0.094826 -0.478992
v -0.325221 0.132084 -0.475193
v -0.325917 0.169681 -0.468764
v -0.329339 0.202221 -0.458113
v -0.344543 0.243866 -0.454293
v -0.349608 0.263647 -0.450523
v -0.561119 0.455874 -0.416332
v -0.562231 0.458518 -0.415922
v -0.561745 0.455623 -0.421156
v -0.563081 0.458732 -0.421539
v -0.527412 0.414052 -0.384182
v -0.534164 0.438894 -0.379802
v -0.542321 0.474535 -0.372132
v -0.533398 0.491224 -0.379388
v -0.524466 0.379936 -0.412128
v -0.531577 0.402043 -0.401313
v -0.550769 0.441905 -0.403357
v -0.565002 0.475450 -0.398592
v -0.535239 0.490366 -0.400749
v -0.524881 0.379724 -0.426132
v -0.531719 0.400668 -0.436036
v -0.551705 0.441972 -0.433582
v -0.566076 0.475580 -0.437982
v -0.535488 0.490250 -0.435448
v -0.528514 0.411431 -0.453712
v -0.535750 0.438819 -0.458729
v -0.543811 0.474615 -0.466551
v -0.533747 0.491062 -0.458383
v -0.490404 0.335992 -0.383630
v -0.498394 0.363719 -0.379154
v -0.511033 0.400410 -0.375103
v -0.510584 0.437742 -0.365595
v -0.511861 0.473857 -0.361815
v -0.512313 0.501056 -0.371281
v -0.495188 0.324816 -0.400039
v -0.514832 0.366012 -0.401504
v -0.522233 0.388891 -0.390452
v -0.509735 0.502259 -0.401041
v -0.495165 0.323333 -0.437700
v -0.515726 0.366258 -0.435858
v -0.522163 0.387002 -0.446806
v -0.509634 0.502306 -0.435212
v -0.491444 0.333097 -0.454203
v -0.500067 0.363710 -0.459326
v -0.511729 0.398899 -0.463628
v -0.510422 0.437788 -0.474450
v -0.511761 0.473707 -0.478192
v -0.512276 0.501074 -0.466773
v -0.473931 0.323086 -0.374155
v -0.472869 0.361932 -0.365021
v -0.474478 0.399189 -0.361192
v -0.476125 0.436467 -0.362629
v -0.476804 0.473146 -0.366618
v -0.475939 0.501025 -0.375303
v -0.484684 0.311197 -0.388925
v -0.472378 0.519678 -0.402852
v -0.454823 0.506070 -0.425474
v -0.485057 0.308942 -0.449194
v -0.472278 0.519725 -0.433093
v -0.454680 0.503773 -0.411389
v -0.474682 0.321446 -0.464471
v -0.472727 0.362003 -0.475022
v -0.474429 0.399203 -0.478821
v -0.476181 0.436444 -0.477387
v -0.476832 0.473014 -0.473404
v -0.475656 0.503425 -0.463427
v -0.436734 0.323106 -0.360642
v -0.438440 0.360447 -0.363172
v -0.439370 0.397939 -0.367192
v -0.441361 0.432160 -0.377537
v -0.455631 0.471761 -0.381340
v -0.461017 0.492539 -0.385240
v -0.430321 0.442052 -0.396429
v -0.439405 0.467140 -0.405276
v -0.457629 0.506182 -0.405212
v -0.461964 0.524463 -0.419383
v -0.430106 0.444037 -0.439713
v -0.438344 0.467045 -0.431286
v -0.457186 0.507342 -0.431459
v -0.462337 0.523926 -0.417276
v -0.436674 0.323108 -0.479373
v -0.438492 0.360435 -0.476842
v -0.439510 0.397875 -0.472849
v -0.440745 0.433602 -0.461295
v -0.454038 0.471768 -0.457213
v -0.459768 0.494821 -0.452664
v -0.401213 0.322039 -0.367863
v -0.404060 0.355100 -0.378776
v -0.418980 0.395793 -0.382451
v -0.424915 0.416515 -0.385830
v -0.393861 0.364035 -0.396702
v -0.403657 0.390612 -0.405485
v -0.422394 0.430649 -0.405258
v -0.428032 0.451360 -0.418854
v -0.393714 0.366130 -0.439496
v -0.402638 0.390575 -0.431125
v -0.422007 0.432003 -0.431298
v -0.428245 0.451252 -0.417962
v -0.401403 0.321927 -0.472196
v -0.403517 0.356567 -0.460112
v -0.417541 0.395876 -0.456209
v -0.423781 0.418970 -0.452105
v -0.382592 0.320003 -0.383400
v -0.387913 0.339123 -0.386658
v -0.371476 0.319216 -0.401726
v -0.386523 0.353716 -0.405247
v -0.392258 0.374617 -0.418812
v -0.370331 0.318920 -0.434867
v -0.386131 0.355042 -0.431338
v -0.392442 0.374506 -0.418016
v -0.381012 0.319889 -0.455216
v -0.386694 0.341483 -0.451240
v -0.296564 0.346057 -0.322918
v -0.305314 0.364078 -0.322890
v -0.316587 0.400468 -0.322911
v -0.317171 0.435797 -0.322946
v -0.307244 0.471931 -0.322949
v -0.297713 0.491573 -0.322930
v -0.294573 0.347451 -0.346075
v -0.300172 0.362130 -0.359323
v -0.312344 0.400766 -0.360151
v -0.312943 0.435518 -0.360033
v -0.301657 0.474265 -0.361618
v -0.295489 0.489707 -0.350101
v -0.298351 0.367571 -0.398054
v -0.307979 0.400641 -0.397879
v -0.308591 0.435564 -0.397750
v -0.300666 0.467696 -0.397902
v -0.296551 0.372647 -0.435070
v -0.303617 0.400318 -0.435302
v -0.304225 0.435811 -0.435319
v -0.298851 0.462524 -0.435451
v -0.295714 0.378972 -0.457930
v -0.297666 0.400415 -0.464742
v -0.298113 0.435757 -0.465339
v -0.296680 0.457510 -0.458951
v -0.283934 0.020256 -0.067027
v -0.288357 0.053621 -0.074354
v -0.302472 0.092248 -0.077886
v -0.309288 0.115630 -0.081590
v -0.277448 0.013044 -0.096703
v -0.276735 0.063422 -0.089029
v -0.284990 0.089385 -0.099406
v -0.303843 0.128954 -0.098047
v -0.311257 0.152249 -0.109712
v -0.279239 0.012209 -0.131582
v -0.276000 0.069154 -0.142096
v -0.282129 0.088860 -0.131745
v -0.303384 0.132864 -0.134235
v -0.310118 0.152834 -0.125512
v -0.285977 0.016855 -0.173855
v -0.286419 0.057806 -0.162121
v -0.297561 0.092344 -0.157623
v -0.305817 0.123205 -0.152062
v -0.309631 0.003112 -0.178845
v -0.258197 0.311970 -0.228748
v -0.259418 0.310804 -0.248007
v -0.261802 0.308653 -0.285596
v -0.272421 0.035534 -0.081154
v -0.273343 0.039730 -0.082091
v -0.257059 0.026336 -0.094436
v -0.268268 0.053175 -0.098854
v -0.274300 0.074321 -0.111805
v -0.221790 0.311557 -0.115761
v -0.255315 0.023365 -0.133204
v -0.267449 0.057119 -0.132155
v -0.272659 0.075138 -0.121358
v -0.225774 0.308317 -0.135581
v -0.265521 0.030621 -0.154669
v -0.269705 0.046696 -0.151668
v -0.232715 0.303505 -0.173213
v -0.243254 0.300816 -0.213920
v -0.240358 0.295616 -0.248049
v -0.240264 0.292254 -0.285556
v -0.189619 0.309818 -0.068179
v -0.203344 0.304006 -0.100888
v -0.203539 0.293039 -0.135591
v -0.188635 0.273783 -0.180137
v -0.201913 0.283203 -0.169836
v -0.194043 0.271078 -0.210505
v -0.212669 0.280236 -0.210519
v -0.198954 0.268822 -0.247964
v -0.217072 0.278110 -0.248037
v -0.201387 0.267853 -0.285478
v -0.219389 0.277084 -0.285526
v -0.168318 0.302484 -0.056568
v -0.151974 0.274188 -0.110821
v -0.164979 0.284101 -0.098335
v -0.160303 0.270649 -0.135524
v -0.178932 0.277500 -0.135486
v -0.170367 0.267115 -0.169727
v -0.184389 0.276059 -0.155409
v -0.167027 0.258597 -0.210394
v -0.167508 0.253052 -0.247798
v -0.167119 0.251474 -0.285420
v -0.117983 0.273524 -0.072792
v -0.129962 0.282112 -0.059092
v -0.130113 0.269563 -0.098082
v -0.142384 0.277317 -0.085918
v -0.129763 0.259464 -0.135416
v -0.129938 0.250992 -0.172816
v -0.112261 0.238547 -0.226871
v -0.126584 0.244429 -0.212847
v -0.115750 0.237247 -0.247929
v -0.134143 0.242787 -0.247952
v -0.119745 0.235649 -0.285406
v -0.138035 0.241758 -0.285439
v -0.091242 0.271699 -0.059481
v -0.092678 0.259111 -0.097893
v -0.092772 0.249032 -0.135344
v -0.080440 0.237175 -0.184194
v -0.092663 0.242171 -0.172279
v -0.093032 0.235238 -0.212644
v -0.105100 0.239985 -0.201949
v -0.093005 0.232486 -0.247863
v -0.092970 0.230389 -0.285413
v -0.055483 0.264288 -0.059266
v -0.055702 0.251615 -0.097589
v -0.042713 0.237949 -0.150842
v -0.055224 0.242852 -0.137237
v -0.055372 0.235243 -0.172057
v -0.067306 0.239852 -0.159390
v -0.055717 0.230511 -0.210273
v -0.055796 0.226707 -0.247802
v -0.055916 0.223818 -0.285357
v -0.018449 0.261199 -0.059481
v -0.018472 0.249249 -0.097919
v -0.018505 0.237272 -0.147220
v -0.018474 0.241815 -0.128516
v -0.018544 0.232866 -0.172762
v -0.018572 0.227698 -0.210245
v -0.018600 0.223443 -0.247769
v -0.018574 0.221928 -0.285380
v -0.248784 0.385879 -0.057813
v -0.252133 0.402295 -0.057449
v -0.252833 0.434237 -0.057361
v -0.249165 0.451809 -0.057636
v -0.261612 0.373641 -0.097784
v -0.269085 0.400822 -0.097940
v -0.269727 0.435452 -0.097915
v -0.261577 0.468983 -0.101499
v -0.257091 0.488171 -0.117251
v -0.261911 0.342906 -0.143832
v -0.268831 0.362449 -0.133515
v -0.285476 0.404183 -0.140587
v -0.286089 0.432180 -0.140526
v -0.273306 0.471102 -0.136226
v -0.261410 0.493053 -0.135996
v -0.267177 0.336876 -0.173470
v -0.285916 0.366479 -0.173769
v -0.291746 0.394760 -0.161951
v -0.292086 0.441635 -0.161167
v -0.287367 0.470457 -0.173235
v -0.268672 0.501524 -0.173410
v -0.269408 0.327063 -0.214021
v -0.289670 0.357099 -0.210707
v -0.290765 0.480653 -0.210736
v -0.271343 0.510186 -0.210392
v -0.259568 0.525618 -0.222744
v -0.275376 0.329455 -0.248067
v -0.291832 0.352649 -0.248224
v -0.292799 0.485364 -0.248248
v -0.278495 0.506895 -0.248050
v -0.261159 0.527163 -0.248030
v -0.282649 0.332800 -0.286382
v -0.293424 0.349668 -0.274602
v -0.294000 0.487808 -0.268968
v -0.284802 0.504229 -0.283004
v -0.263600 0.529373 -0.285626
v -0.224371 0.345550 -0.058756
v -0.239990 0.369128 -0.058252
v -0.241497 0.468482 -0.058097
v -0.225468 0.492606 -0.058545
v -0.232831 0.329056 -0.100790
v -0.252341 0.356256 -0.098006
v -0.252441 0.478891 -0.091231
v -0.238770 0.505075 -0.101803
v -0.223176 0.525924 -0.113058
v -0.246241 0.330566 -0.133114
v -0.256447 0.349307 -0.119177
v -0.245874 0.510897 -0.135866
v -0.227890 0.529769 -0.135614
v -0.250544 0.319316 -0.173507
v -0.252551 0.518605 -0.173605
v -0.235094 0.534854 -0.173188
v -0.256371 0.313580 -0.203904
v -0.257191 0.523293 -0.198119
v -0.244340 0.537942 -0.210269
v -0.240277 0.544447 -0.248068
v -0.237113 0.549877 -0.282502
v -0.223113 0.561442 -0.292902
v -0.200105 0.325745 -0.056437
v -0.206052 0.510794 -0.058928
v -0.189369 0.524789 -0.058978
v -0.214776 0.317315 -0.090455
v -0.215995 0.520003 -0.087728
v -0.204502 0.534655 -0.099105
v -0.200886 0.549130 -0.136952
v -0.186865 0.561909 -0.150236
v -0.209039 0.552738 -0.173121
v -0.190928 0.563921 -0.172938
v -0.215950 0.557526 -0.210578
v -0.197733 0.567206 -0.210458
v -0.220306 0.559660 -0.248112
v -0.202555 0.569332 -0.247971
v -0.221684 0.560350 -0.267935
v -0.207553 0.568804 -0.282429
v -0.165686 0.539970 -0.059135
v -0.166653 0.553973 -0.095780
v -0.155154 0.563448 -0.106343
v -0.179722 0.558631 -0.125498
v -0.167439 0.567072 -0.136802
v -0.166939 0.575012 -0.172884
v -0.166976 0.581425 -0.210383
v -0.167425 0.586976 -0.247817
v -0.167019 0.588560 -0.285439
v -0.132251 0.555926 -0.056770
v -0.121860 0.564202 -0.068750
v -0.145958 0.559653 -0.081650
v -0.132397 0.568882 -0.095398
v -0.129765 0.580547 -0.135456
v -0.129882 0.589031 -0.172876
v -0.129219 0.594137 -0.207123
v -0.140635 0.595258 -0.247966
v -0.144474 0.596091 -0.285438
v -0.094097 0.566837 -0.057129
v -0.092650 0.580900 -0.097905
v -0.089883 0.592061 -0.138309
v -0.102728 0.595550 -0.173014
v -0.110740 0.597024 -0.192506
v -0.055497 0.575740 -0.059342
v -0.055686 0.588399 -0.097643
v -0.055581 0.595010 -0.127733
v -0.018493 0.578821 -0.059544
v -0.018479 0.590767 -0.097984
v -0.018463 0.596155 -0.120159
v -0.116646 0.599072 -0.217375
v -0.122202 0.600809 -0.247931
v -0.126246 0.602179 -0.285381
v -0.075590 0.597437 -0.152821
v -0.084323 0.599919 -0.172824
v -0.096443 0.602960 -0.206976
v -0.092944 0.607526 -0.247882
v -0.092898 0.609625 -0.285393
v -0.055599 0.599122 -0.146507
v -0.055728 0.604814 -0.172698
v -0.055709 0.609490 -0.210274
v -0.055785 0.613298 -0.247841
v -0.055887 0.616184 -0.285364
v -0.018476 0.600708 -0.138899
v -0.018542 0.607138 -0.172788
v -0.018574 0.612302 -0.210248
v -0.018584 0.616559 -0.247812
v -0.018568 0.618072 -0.285386
v -0.263434 0.307137 -0.322951
v -0.285655 0.019752 -0.361695
v -0.287482 0.056577 -0.365421
v -0.286685 0.094007 -0.374811
v -0.299095 0.130313 -0.378908
v -0.307275 0.158628 -0.383460
v -0.261516 0.309000 -0.360384
v -0.275522 0.105696 -0.389868
v -0.282657 0.128366 -0.401131
v -0.302261 0.169499 -0.399701
v -0.310264 0.192757 -0.409312
v -0.259593 0.310854 -0.390844
v -0.275565 0.107634 -0.447579
v -0.281794 0.128090 -0.436384
v -0.299728 0.167306 -0.435192
v -0.310700 0.190883 -0.435116
v -0.285631 0.019735 -0.478301
v -0.287661 0.056566 -0.474624
v -0.285973 0.095549 -0.463892
v -0.297447 0.130305 -0.459602
v -0.307924 0.167796 -0.453254
v -0.312652 0.185722 -0.449859
v -0.240968 0.290028 -0.322946
v -0.255545 0.018413 -0.371086
v -0.263533 0.055701 -0.379605
v -0.270285 0.080597 -0.384008
v -0.240257 0.292768 -0.360365
v -0.241579 0.020444 -0.399236
v -0.246846 0.052868 -0.403180
v -0.265931 0.092347 -0.400893
v -0.273231 0.114669 -0.411412
v -0.244013 0.299200 -0.401074
v -0.241213 0.020615 -0.437363
v -0.245940 0.052817 -0.433835
v -0.265836 0.093748 -0.436573
v -0.272868 0.114856 -0.427066
v -0.238188 0.299243 -0.435274
v -0.253702 0.017951 -0.467439
v -0.261937 0.055803 -0.458905
v -0.269199 0.083287 -0.453872
v -0.231560 0.304220 -0.472714
v -0.224698 0.309204 -0.510370
v -0.220965 0.312378 -0.528565
v -0.202690 0.266656 -0.322956
v -0.220732 0.275910 -0.322948
v -0.201020 0.268015 -0.360445
v -0.219040 0.277255 -0.360395
v -0.236358 0.038581 -0.416119
v -0.236598 0.039084 -0.416102
v -0.198527 0.268954 -0.397986
v -0.216623 0.278232 -0.397917
v -0.235516 0.038264 -0.421532
v -0.236008 0.039316 -0.421535
v -0.193130 0.271670 -0.435408
v -0.211648 0.281028 -0.435349
v -0.187913 0.274124 -0.463800
v -0.201458 0.284087 -0.474864
v -0.203687 0.294659 -0.510375
v -0.202469 0.305391 -0.543808
v -0.188755 0.309223 -0.572032
v -0.167277 0.250311 -0.322964
v -0.167135 0.251708 -0.360511
v -0.167536 0.253532 -0.398147
v -0.166976 0.259588 -0.435521
v -0.169889 0.267707 -0.475016
v -0.183573 0.276354 -0.488517
v -0.158562 0.271571 -0.510323
v -0.177226 0.278439 -0.510377
v -0.150575 0.274665 -0.532888
v -0.164223 0.285493 -0.546215
v -0.166823 0.302187 -0.584739
v -0.120696 0.234955 -0.322967
v -0.139063 0.240885 -0.322965
v -0.119353 0.235746 -0.360523
v -0.137632 0.241851 -0.360488
v -0.114930 0.237660 -0.397990
v -0.133275 0.243185 -0.397956
v -0.111550 0.238812 -0.417426
v -0.126174 0.244859 -0.432110
v -0.129966 0.252033 -0.473128
v -0.129737 0.261029 -0.510481
v -0.128857 0.270338 -0.546550
v -0.140444 0.277649 -0.557990
v -0.115791 0.274131 -0.570547
v -0.128746 0.283236 -0.584010
v -0.092976 0.229699 -0.322966
v -0.092987 0.230521 -0.360518
v -0.093027 0.232866 -0.398081
v -0.092210 0.235898 -0.432282
v -0.103783 0.240414 -0.442331
v -0.079152 0.237587 -0.459949
v -0.091905 0.242837 -0.472593
v -0.092790 0.250336 -0.510593
v -0.092647 0.261057 -0.547913
v -0.089314 0.272378 -0.583887
v -0.099454 0.278688 -0.595428
v -0.055899 0.223462 -0.322972
v -0.055899 0.224139 -0.360574
v -0.055780 0.227290 -0.398119
v -0.055728 0.231249 -0.435650
v -0.053462 0.236009 -0.472777
v -0.064146 0.240280 -0.484780
v -0.039560 0.238472 -0.493135
v -0.053339 0.243606 -0.507524
v -0.055768 0.252936 -0.548392
v -0.055643 0.266113 -0.585594
v -0.018584 0.221165 -0.322971
v -0.018577 0.222163 -0.360547
v -0.018617 0.223684 -0.398182
v -0.018581 0.228512 -0.435659
v -0.018573 0.233686 -0.473182
v -0.018535 0.238021 -0.495858
v -0.018491 0.242557 -0.514536
v -0.018482 0.250686 -0.547997
v -0.018457 0.262950 -0.585213
v -0.282080 0.328003 -0.322955
v -0.283994 0.509761 -0.322939
v -0.265574 0.531234 -0.322945
v -0.282350 0.333229 -0.359405
v -0.292821 0.349820 -0.371274
v -0.293763 0.487348 -0.375022
v -0.284392 0.504069 -0.361735
v -0.263211 0.529030 -0.360298
v -0.272209 0.326984 -0.401081
v -0.290751 0.351858 -0.397828
v -0.292467 0.484636 -0.397705
v -0.277765 0.506947 -0.397903
v -0.260772 0.526815 -0.397920
v -0.272939 0.332401 -0.434963
v -0.288733 0.356407 -0.434517
v -0.290519 0.479747 -0.435217
v -0.270998 0.509956 -0.434316
v -0.259319 0.525398 -0.421051
v -0.266503 0.338360 -0.472147
v -0.284435 0.366838 -0.470749
v -0.290951 0.400723 -0.483006
v -0.291390 0.435518 -0.483595
v -0.285918 0.469812 -0.471611
v -0.267683 0.500251 -0.472515
v -0.261167 0.343764 -0.500038
v -0.267498 0.363231 -0.511219
v -0.281248 0.400760 -0.509209
v -0.281884 0.435495 -0.509259
v -0.268559 0.473896 -0.512526
v -0.261833 0.493607 -0.502059
v -0.260803 0.375652 -0.547320
v -0.267141 0.400525 -0.547167
v -0.267787 0.435707 -0.547200
v -0.261853 0.462266 -0.547510
v -0.257107 0.382745 -0.565864
v -0.258927 0.400392 -0.569271
v -0.259411 0.435839 -0.569743
v -0.257469 0.454170 -0.566340
v -0.242358 0.548914 -0.322947
v -0.223972 0.562428 -0.322953
v -0.237014 0.549542 -0.362180
v -0.222901 0.561278 -0.350917
v -0.258100 0.312437 -0.415558
v -0.240324 0.543890 -0.397883
v -0.256667 0.313561 -0.435249
v -0.256435 0.522602 -0.445690
v -0.243680 0.537221 -0.434345
v -0.249504 0.320526 -0.472395
v -0.251451 0.517442 -0.472339
v -0.233907 0.534160 -0.472744
v -0.244884 0.330993 -0.511642
v -0.255666 0.350583 -0.524786
v -0.256322 0.486873 -0.526708
v -0.247207 0.506070 -0.512887
v -0.226639 0.528788 -0.510273
v -0.231472 0.329404 -0.543770
v -0.251414 0.358107 -0.547185
v -0.252686 0.479560 -0.547136
v -0.233548 0.507790 -0.545346
v -0.222345 0.525203 -0.531030
v -0.226720 0.342140 -0.573897
v -0.238304 0.367275 -0.582338
v -0.248067 0.400525 -0.587607
v -0.248554 0.435723 -0.588072
v -0.239300 0.470058 -0.583455
v -0.227870 0.495545 -0.575413
v -0.204342 0.572496 -0.322959
v -0.221417 0.560214 -0.375939
v -0.207381 0.568616 -0.362246
v -0.219870 0.559471 -0.397832
v -0.202158 0.569184 -0.397981
v -0.214938 0.556730 -0.435277
v -0.196861 0.566595 -0.435458
v -0.207980 0.551955 -0.472812
v -0.189917 0.563370 -0.473009
v -0.200592 0.548052 -0.508078
v -0.186218 0.561463 -0.494112
v -0.213281 0.318261 -0.553154
v -0.214841 0.519017 -0.555479
v -0.203662 0.533338 -0.545371
v -0.202988 0.329104 -0.585116
v -0.216978 0.352691 -0.598068
v -0.217855 0.484650 -0.599340
v -0.204443 0.508499 -0.587052
v -0.190351 0.528050 -0.574316
v -0.167187 0.589720 -0.322965
v -0.167035 0.588326 -0.360493
v -0.167452 0.586496 -0.398127
v -0.166929 0.580433 -0.435530
v -0.167005 0.573959 -0.473079
v -0.178220 0.557746 -0.518801
v -0.166494 0.566105 -0.508116
v -0.165769 0.552720 -0.548593
v -0.153678 0.563028 -0.537258
v -0.178888 0.315911 -0.596584
v -0.180528 0.521351 -0.598825
v -0.168004 0.536573 -0.586243
v -0.145593 0.596933 -0.322966
v -0.144081 0.595994 -0.360491
v -0.139794 0.594852 -0.397938
v -0.128832 0.593746 -0.437430
v -0.129937 0.587981 -0.473084
v -0.129718 0.578989 -0.510441
v -0.143995 0.559280 -0.561991
v -0.131186 0.568115 -0.549140
v -0.130916 0.555072 -0.585875
v -0.119786 0.563739 -0.574079
v -0.109313 0.596737 -0.451106
v -0.095252 0.595698 -0.476414
v -0.092741 0.589680 -0.510552
v -0.092614 0.578958 -0.547889
v -0.103756 0.558264 -0.598515
v -0.092035 0.566289 -0.585944
v -0.073285 0.596930 -0.491106
v -0.058835 0.594834 -0.510793
v -0.055751 0.587071 -0.548369
v -0.055612 0.573916 -0.585521
v -0.018443 0.595450 -0.522751
v -0.018474 0.589322 -0.547963
v -0.018479 0.577050 -0.585207
v -0.127358 0.603025 -0.322971
v -0.125859 0.602079 -0.360554
v -0.121396 0.600393 -0.397978
v -0.115928 0.598882 -0.426257
v -0.092906 0.610314 -0.322969
v -0.092920 0.609491 -0.360543
v -0.092971 0.607145 -0.398058
v -0.095538 0.602390 -0.437545
v -0.084744 0.599967 -0.466316
v -0.055865 0.616540 -0.322971
v -0.055873 0.615866 -0.360567
v -0.055778 0.612715 -0.398079
v -0.055726 0.608754 -0.435629
v -0.058952 0.602312 -0.476590
v -0.048706 0.599063 -0.498594
v -0.018584 0.618835 -0.322970
v -0.018569 0.617837 -0.360540
v -0.018599 0.616318 -0.398132
v -0.018562 0.611489 -0.435655
v -0.018531 0.606314 -0.473191
v -0.018458 0.600002 -0.504011
v -0.155486 0.306772 -0.611892
v -0.129147 0.302919 -0.623122
v -0.116649 0.309715 -0.644901
v -0.074933 0.275873 -0.604350
v -0.089168 0.286832 -0.618934
v -0.092280 0.304940 -0.652996
v -0.055615 0.274195 -0.607263
v -0.055515 0.282346 -0.625840
v -0.056619 0.302917 -0.662740
v -0.045108 0.311664 -0.679291
v -0.018464 0.272802 -0.611620
v -0.018441 0.280391 -0.630383
v -0.018354 0.296507 -0.659500
v -0.018338 0.309353 -0.682403
v -0.224774 0.375855 -0.608940
v -0.228467 0.400802 -0.614641
v -0.228915 0.435485 -0.615149
v -0.225683 0.461840 -0.609839
v -0.190887 0.341517 -0.622143
v -0.208113 0.364766 -0.621512
v -0.214850 0.400900 -0.633394
v -0.215311 0.435401 -0.633879
v -0.209772 0.472324 -0.621944
v -0.192707 0.496833 -0.622352
v -0.183426 0.348351 -0.640156
v -0.189286 0.365535 -0.648118
v -0.194708 0.401176 -0.661172
v -0.195123 0.435521 -0.661602
v -0.190626 0.470890 -0.649606
v -0.184386 0.489004 -0.641302
v -0.183763 0.412796 -0.677270
v -0.184174 0.424174 -0.677710
v -0.167092 0.322417 -0.623490
v -0.168159 0.515970 -0.624671
v -0.157579 0.531186 -0.614162
v -0.166695 0.340222 -0.649606
v -0.167794 0.363356 -0.667777
v -0.180429 0.390374 -0.674220
v -0.180906 0.446558 -0.674623
v -0.168256 0.473795 -0.669561
v -0.166926 0.498118 -0.651608
v -0.156755 0.373768 -0.683213
v -0.166968 0.401353 -0.686288
v -0.167436 0.435376 -0.686746
v -0.157664 0.464076 -0.684171
v -0.140926 0.315531 -0.635474
v -0.143418 0.521736 -0.637290
v -0.130827 0.535847 -0.624415
v -0.130549 0.328881 -0.660146
v -0.144200 0.350781 -0.675004
v -0.145572 0.486659 -0.675936
v -0.132660 0.508767 -0.661733
v -0.119230 0.527533 -0.646679
v -0.120263 0.342126 -0.684618
v -0.129049 0.364700 -0.695916
v -0.137230 0.400981 -0.707033
v -0.137717 0.435328 -0.707578
v -0.130196 0.472829 -0.696941
v -0.121890 0.495594 -0.685918
v -0.114033 0.378827 -0.716887
v -0.118954 0.400930 -0.719824
v -0.119470 0.435385 -0.720348
v -0.114895 0.458761 -0.717939
v -0.091733 0.551461 -0.620553
v -0.079423 0.562032 -0.607430
v -0.092022 0.316718 -0.671283
v -0.098985 0.519438 -0.671416
v -0.089510 0.532406 -0.660248
v -0.089236 0.336035 -0.698339
v -0.098556 0.354611 -0.709815
v -0.100656 0.482247 -0.710669
v -0.088519 0.506045 -0.696049
v -0.074777 0.523896 -0.678050
v -0.073924 0.348676 -0.713887
v -0.088918 0.365596 -0.721913
v -0.092135 0.400557 -0.735722
v -0.092177 0.435695 -0.736525
v -0.090480 0.471486 -0.723520
v -0.076252 0.488845 -0.715034
v -0.055407 0.555333 -0.630053
v -0.055614 0.564119 -0.611783
v -0.069464 0.313654 -0.676326
v -0.055356 0.538898 -0.659737
v -0.056368 0.325635 -0.693267
v -0.055154 0.509735 -0.698976
v -0.055227 0.525472 -0.680455
v -0.055004 0.346201 -0.716355
v -0.054732 0.365874 -0.729544
v -0.053050 0.402236 -0.744598
v -0.053106 0.434459 -0.745302
v -0.054797 0.470566 -0.731905
v -0.055001 0.491735 -0.717733
v -0.039886 0.413932 -0.749999
v -0.040071 0.422914 -0.750642
v -0.018423 0.557230 -0.634683
v -0.018499 0.565434 -0.616342
v -0.018356 0.543542 -0.659410
v -0.018218 0.324532 -0.700278
v -0.018192 0.513423 -0.702689
v -0.018315 0.528577 -0.684841
v -0.018206 0.341908 -0.720714
v -0.016743 0.369136 -0.739994
v -0.027462 0.391565 -0.747858
v -0.028895 0.445337 -0.748217
v -0.017654 0.467839 -0.741814
v -0.018244 0.496520 -0.722545
v -0.003932 0.382595 -0.751039
v -0.016738 0.401541 -0.752355
v -0.017635 0.435062 -0.752896
v -0.005337 0.454396 -0.751385
v 0.299742 0.002648 -0.075632
v 0.297148 0.003858 -0.096989
v 0.297106 0.003877 -0.131713
v 0.300772 0.002168 -0.168841
v 0.310233 0.009376 -0.179408
v 0.270456 0.006979 -0.383164
v 0.269570 0.007392 -0.400282
v 0.269449 0.007448 -0.435855
v 0.270258 0.007071 -0.454172
v 0.286682 -0.000588 -0.376791
v 0.288358 -0.001369 -0.400551
v 0.288462 -0.001418 -0.435654
v 0.286792 -0.000639 -0.461084
v 0.323009 -0.008201 -0.067543
v 0.323832 -0.008585 -0.096558
v 0.324078 -0.008700 -0.131916
v 0.320191 -0.006887 -0.171912
v 0.303601 0.008444 -0.179087
v 0.345386 -0.001326 -0.076630
v 0.359768 -0.007978 -0.099239
v 0.362094 -0.010014 -0.129679
v 0.349444 -0.004917 -0.158174
v 0.371068 0.006055 -0.115328
v 0.371104 0.006163 -0.115280
v 0.322354 -0.004844 -0.375369
v 0.322638 -0.017354 -0.399805
v 0.322567 -0.017321 -0.436116
v 0.322598 -0.007138 -0.463440
v 0.337022 0.003284 -0.385227
v 0.342124 -0.004112 -0.401113
v 0.342659 -0.005227 -0.435318
v 0.338326 0.001245 -0.452729
v 0.018449 0.261199 -0.059481
v 0.018472 0.249249 -0.097919
v 0.018505 0.237272 -0.147220
v 0.018474 0.241815 -0.128516
v 0.018544 0.232866 -0.172762
v 0.018572 0.227698 -0.210245
v 0.018600 0.223443 -0.247769
v 0.018574 0.221928 -0.285380
v 0.055483 0.264288 -0.059266
v 0.055702 0.251615 -0.097589
v 0.042713 0.237949 -0.150842
v 0.055224 0.242852 -0.137237
v 0.055372 0.235243 -0.172057
v 0.067306 0.239852 -0.159390
v 0.055717 0.230511 -0.210273
v 0.055796 0.226707 -0.247802
v 0.055916 0.223818 -0.285357
v 0.091242 0.271699 -0.059481
v 0.092678 0.259111 -0.097893
v 0.092772 0.249032 -0.135344
v 0.080440 0.237175 -0.184194
v 0.092663 0.242171 -0.172279
v 0.093032 0.235238 -0.212644
v 0.105100 0.239985 -0.201949
v 0.093005 0.232486 -0.247863
v 0.092970 0.230389 -0.285413
v 0.117983 0.273524 -0.072792
v 0.129962 0.282112 -0.059092
v 0.130113 0.269563 -0.098082
v 0.142384 0.277317 -0.085918
v 0.129763 0.259464 -0.135416
v 0.129938 0.250992 -0.172816
v 0.112261 0.238547 -0.226871
v 0.126584 0.244429 -0.212847
v 0.115750 0.237247 -0.247929
v 0.134143 0.242787 -0.247952
v 0.119745 0.235649 -0.285406
v 0.138035 0.241758 -0.285439
v 0.168318 0.302484 -0.056568
v 0.151974 0.274188 -0.110821
v 0.164979 0.284101 -0.098335
v 0.160303 0.270649 -0.135524
v 0.178932 0.277500 -0.135486
v 0.170367 0.267115 -0.169727
v 0.184389 0.276059 -0.155409
v 0.167027 0.258597 -0.210394
v 0.167508 0.253052 -0.247798
v 0.167119 0.251474 -0.285420
v 0.189619 0.309818 -0.068179
v 0.203344 0.304006 -0.100888
v 0.203539 0.293039 -0.135591
v 0.188635 0.273783 -0.180137
v 0.201913 0.283203 -0.169836
v 0.194043 0.271078 -0.210505
v 0.212669 0.280236 -0.210519
v 0.198954 0.268822 -0.247964
v 0.217072 0.278110 -0.248037
v 0.201386 0.267853 -0.285478
v 0.219389 0.277084 -0.285526
v 0.272421 0.035534 -0.081154
v 0.273343 0.039730 -0.082091
v 0.257059 0.026336 -0.094436
v 0.268268 0.053175 -0.098854
v 0.274300 0.074321 -0.111805
v 0.221790 0.311557 -0.115761
v 0.255315 0.023365 -0.133204
v 0.267449 0.057119 -0.132155
v 0.272659 0.075138 -0.121358
v 0.225774 0.308317 -0.135581
v 0.265521 0.030621 -0.154669
v 0.269705 0.046696 -0.151668
v 0.232715 0.303505 -0.173213
v 0.243254 0.300816 -0.213920
v 0.240358 0.295616 -0.248049
v 0.240264 0.292254 -0.285556
v 0.283934 0.020256 -0.067027
v 0.288357 0.053621 -0.074354
v 0.302472 0.092248 -0.077886
v 0.309288 0.115630 -0.081590
v 0.277448 0.013044 -0.096703
v 0.276735 0.063422 -0.089029
v 0.284990 0.089385 -0.099406
v 0.303843 0.128954 -0.098047
v 0.311257 0.152249 -0.109712
v 0.279239 0.012209 -0.131582
v 0.276000 0.069154 -0.142096
v 0.282129 0.088860 -0.131745
v 0.303384 0.132864 -0.134235
v 0.310118 0.152834 -0.125512
v 0.285977 0.016855 -0.173855
v 0.286419 0.057806 -0.162121
v 0.297561 0.092344 -0.157623
v 0.305817 0.123205 -0.152062
v 0.309631 0.003112 -0.178845
v 0.258197 0.311970 -0.228748
v 0.259418 0.310804 -0.248007
v 0.261802 0.308653 -0.285596
v 0.018493 0.578821 -0.059544
v 0.018479 0.590767 -0.097984
v 0.018463 0.596155 -0.120159
v 0.055497 0.575740 -0.059342
v 0.055686 0.588399 -0.097643
v 0.055581 0.595010 -0.127733
v 0.094097 0.566837 -0.057129
v 0.092650 0.580900 -0.097905
v 0.089883 0.592061 -0.138309
v 0.102728 0.595550 -0.173014
v 0.110740 0.597024 -0.192506
v 0.132251 0.555926 -0.056770
v 0.121860 0.564202 -0.068750
v 0.145958 0.559653 -0.081650
v 0.132397 0.568882 -0.095398
v 0.129765 0.580546 -0.135456
v 0.129882 0.589031 -0.172876
v 0.129219 0.594137 -0.207123
v 0.140635 0.595258 -0.247966
v 0.144474 0.596091 -0.285438
v 0.165686 0.539969 -0.059135
v 0.166653 0.553973 -0.095780
v 0.155154 0.563448 -0.106343
v 0.179722 0.558631 -0.125498
v 0.167439 0.567071 -0.136802
v 0.166939 0.575012 -0.172884
v 0.166976 0.581425 -0.210383
v 0.167425 0.586976 -0.247817
v 0.167019 0.588560 -0.285439
v 0.200105 0.325745 -0.056437
v 0.206052 0.510794 -0.058928
v 0.189369 0.524789 -0.058978
v 0.214776 0.317315 -0.090456
v 0.215996 0.520003 -0.087728
v 0.204502 0.534655 -0.099105
v 0.200886 0.549130 -0.136952
v 0.186865 0.561909 -0.150236
v 0.209039 0.552738 -0.173121
v 0.190928 0.563921 -0.172938
v 0.215950 0.557526 -0.210578
v 0.197733 0.567206 -0.210458
v 0.220306 0.559660 -0.248112
v 0.202555 0.569332 -0.247971
v 0.221684 0.560350 -0.267935
v 0.207553 0.568804 -0.282429
v 0.224371 0.345550 -0.058756
v 0.239990 0.369128 -0.058252
v 0.241497 0.468482 -0.058097
v 0.225468 0.492606 -0.058545
v 0.232831 0.329056 -0.100790
v 0.252341 0.356256 -0.098006
v 0.252441 0.478891 -0.091231
v 0.238770 0.505075 -0.101803
v 0.223176 0.525924 -0.113058
v 0.246241 0.330566 -0.133114
v 0.256447 0.349307 -0.119177
v 0.245874 0.510897 -0.135866
v 0.227890 0.529769 -0.135614
v 0.250544 0.319316 -0.173507
v 0.252551 0.518605 -0.173605
v 0.235094 0.534854 -0.173188
v 0.256370 0.313580 -0.203904
v 0.257191 0.523293 -0.198119
v 0.244340 0.537942 -0.210270
v 0.240277 0.544447 -0.248068
v 0.237113 0.549877 -0.282502
v 0.223113 0.561442 -0.292902
v 0.248784 0.385879 -0.057813
v 0.252133 0.402295 -0.057449
v 0.252833 0.434237 -0.057361
v 0.249165 0.451809 -0.057636
v 0.261612 0.373641 -0.097784
v 0.269085 0.400822 -0.097940
v 0.269727 0.435452 -0.097915
v 0.261577 0.468983 -0.101499
v 0.257091 0.488171 -0.117252
v 0.261911 0.342906 -0.143832
v 0.268831 0.362449 -0.133515
v 0.285476 0.404183 -0.140587
v 0.286089 0.432180 -0.140526
v 0.273305 0.471102 -0.136226
v 0.261410 0.493053 -0.135996
v 0.267177 0.336876 -0.173470
v 0.285916 0.366479 -0.173769
v 0.291746 0.394760 -0.161951
v 0.292086 0.441635 -0.161167
v 0.287367 0.470457 -0.173235
v 0.268672 0.501524 -0.173410
v 0.269408 0.327063 -0.214021
v 0.289670 0.357099 -0.210707
v 0.290765 0.480653 -0.210736
v 0.271343 0.510186 -0.210392
v 0.259568 0.525618 -0.222744
v 0.275376 0.329455 -0.248067
v 0.291832 0.352649 -0.248224
v 0.292799 0.485364 -0.248248
v 0.278495 0.506895 -0.248050
v 0.261159 0.527163 -0.248030
v 0.282649 0.332800 -0.286382
v 0.293424 0.349668 -0.274602
v 0.294000 0.487808 -0.268969
v 0.284802 0.504229 -0.283004
v 0.263600 0.529373 -0.285626
v 0.018476 0.600708 -0.138899
v 0.018542 0.607138 -0.172788
v 0.018574 0.612302 -0.210248
v 0.018584 0.616559 -0.247812
v 0.018568 0.618072 -0.285386
v 0.055599 0.599122 -0.146507
v 0.055728 0.604814 -0.172698
v 0.055709 0.609490 -0.210274
v 0.055785 0.613298 -0.247841
v 0.055887 0.616184 -0.285364
v 0.075590 0.597437 -0.152821
v 0.084323 0.599919 -0.172824
v 0.096443 0.602960 -0.206976
v 0.092944 0.607526 -0.247882
v 0.092898 0.609625 -0.285393
v 0.116646 0.599072 -0.217375
v 0.122202 0.600809 -0.247931
v 0.126246 0.602179 -0.285381
v 0.018584 0.221165 -0.322971
v 0.018577 0.222163 -0.360547
v 0.018617 0.223684 -0.398182
v 0.018581 0.228512 -0.435659
v 0.018573 0.233686 -0.473182
v 0.018535 0.238021 -0.495858
v 0.018491 0.242557 -0.514536
v 0.018482 0.250686 -0.547997
v 0.018457 0.262950 -0.585213
v 0.055899 0.223462 -0.322972
v 0.055899 0.224139 -0.360574
v 0.055780 0.227290 -0.398119
v 0.055728 0.231249 -0.435650
v 0.053462 0.236009 -0.472777
v 0.064146 0.240280 -0.484780
v 0.039560 0.238472 -0.493135
v 0.053339 0.243606 -0.507524
v 0.055768 0.252936 -0.548392
v 0.055643 0.266113 -0.585594
v 0.092976 0.229699 -0.322966
v 0.092987 0.230521 -0.360518
v 0.093027 0.232866 -0.398081
v 0.092210 0.235898 -0.432282
v 0.103783 0.240414 -0.442331
v 0.079152 0.237587 -0.459948
v 0.091905 0.242837 -0.472593
v 0.092790 0.250336 -0.510593
v 0.092647 0.261057 -0.547913
v 0.089314 0.272378 -0.583887
v 0.099454 0.278688 -0.595427
v 0.120696 0.234955 -0.322967
v 0.139063 0.240885 -0.322965
v 0.119353 0.235746 -0.360523
v 0.137632 0.241851 -0.360488
v 0.114930 0.237660 -0.397990
v 0.133275 0.243185 -0.397956
v 0.111550 0.238812 -0.417426
v 0.126174 0.244859 -0.432110
v 0.129966 0.252033 -0.473128
v 0.129737 0.261029 -0.510481
v 0.128857 0.270338 -0.546550
v 0.140444 0.277649 -0.557990
v 0.115790 0.274131 -0.570547
v 0.128746 0.283236 -0.584010
v 0.167277 0.250311 -0.322964
v 0.167135 0.251708 -0.360511
v 0.167536 0.253532 -0.398147
v 0.166976 0.259588 -0.435521
v 0.169889 0.267707 -0.475016
v 0.183573 0.276354 -0.488517
v 0.158561 0.271571 -0.510323
v 0.177226 0.278440 -0.510377
v 0.150575 0.274665 -0.532888
v 0.164223 0.285493 -0.546215
v 0.166823 0.302187 -0.584739
v 0.202690 0.266656 -0.322956
v 0.220732 0.275910 -0.322948
v 0.201020 0.268015 -0.360445
v 0.219040 0.277255 -0.360395
v 0.236358 0.038581 -0.416119
v 0.236598 0.039084 -0.416102
v 0.198527 0.268954 -0.397986
v 0.216622 0.278232 -0.397917
v 0.235516 0.038264 -0.421532
v 0.236008 0.039316 -0.421535
v 0.193130 0.271670 -0.435408
v 0.211648 0.281028 -0.435349
v 0.187913 0.274124 -0.463800
v 0.201458 0.284087 -0.474864
v 0.203687 0.294659 -0.510375
v 0.202469 0.305391 -0.543808
v 0.188755 0.309223 -0.572031
v 0.240968 0.290028 -0.322946
v 0.255545 0.018413 -0.371086
v 0.263533 0.055701 -0.379605
v 0.270285 0.080597 -0.384008
v 0.240257 0.292768 -0.360365
v 0.241579 0.020444 -0.399236
v 0.246846 0.052868 -0.403180
v 0.265931 0.092347 -0.400893
v 0.273231 0.114669 -0.411412
v 0.244013 0.299200 -0.401073
v 0.241213 0.020615 -0.437363
v 0.245940 0.052817 -0.433835
v 0.265836 0.093748 -0.436573
v 0.272868 0.114856 -0.427066
v 0.238188 0.299243 -0.435274
v 0.253702 0.017951 -0.467439
v 0.261937 0.055803 -0.458905
v 0.269199 0.083287 -0.453872
v 0.231560 0.304220 -0.472714
v 0.224698 0.309204 -0.510370
v 0.220965 0.312378 -0.528565
v 0.263434 0.307137 -0.322951
v 0.285655 0.019752 -0.361695
v 0.287482 0.056577 -0.365421
v 0.286685 0.094007 -0.374811
v 0.299095 0.130313 -0.378908
v 0.307275 0.158628 -0.383460
v 0.261516 0.309000 -0.360384
v 0.275522 0.105696 -0.389868
v 0.282657 0.128366 -0.401131
v 0.302261 0.169499 -0.399701
v 0.310264 0.192757 -0.409312
v 0.259593 0.310854 -0.390844
v 0.275565 0.107634 -0.447579
v 0.281794 0.128090 -0.436384
v 0.299728 0.167306 -0.435192
v 0.310700 0.190883 -0.435116
v 0.285631 0.019735 -0.478301
v 0.287661 0.056566 -0.474624
v 0.285973 0.095549 -0.463892
v 0.297447 0.130305 -0.459602
v 0.307924 0.167796 -0.453254
v 0.312652 0.185722 -0.449859
v 0.018443 0.595450 -0.522751
v 0.018474 0.589322 -0.547963
v 0.018479 0.577050 -0.585207
v 0.073285 0.596930 -0.491106
v 0.058835 0.594834 -0.510793
v 0.055751 0.587071 -0.548369
v 0.055612 0.573916 -0.585521
v 0.109313 0.596737 -0.451106
v 0.095252 0.595698 -0.476414
v 0.092741 0.589680 -0.510552
v 0.092614 0.578958 -0.547889
v 0.103756 0.558264 -0.598515
v 0.092035 0.566289 -0.585944
v 0.145593 0.596933 -0.322966
v 0.144081 0.595994 -0.360491
v 0.139794 0.594852 -0.397938
v 0.128832 0.593746 -0.437430
v 0.129937 0.587981 -0.473084
v 0.129718 0.578989 -0.510441
v 0.143995 0.559280 -0.561991
v 0.131186 0.568115 -0.549140
v 0.130916 0.555072 -0.585874
v 0.119786 0.563739 -0.574079
v 0.167187 0.589720 -0.322965
v 0.167035 0.588326 -0.360493
v 0.167452 0.586496 -0.398127
v 0.166929 0.580433 -0.435530
v 0.167005 0.573959 -0.473079
v 0.178220 0.557745 -0.518801
v 0.166494 0.566105 -0.508116
v 0.165769 0.552720 -0.548593
v 0.153678 0.563028 -0.537258
v 0.178888 0.315911 -0.596584
v 0.180528 0.521351 -0.598825
v 0.168004 0.536573 -0.586243
v 0.204342 0.572496 -0.322959
v 0.221417 0.560214 -0.375939
v 0.207381 0.568616 -0.362246
v 0.219870 0.559471 -0.397832
v 0.202158 0.569184 -0.397981
v 0.214938 0.556730 -0.435277
v 0.196861 0.566595 -0.435458
v 0.207980 0.551955 -0.472812
v 0.189917 0.563370 -0.473009
v 0.200592 0.548052 -0.508078
v 0.186218 0.561463 -0.494112
v 0.213281 0.318261 -0.553154
v 0.214841 0.519017 -0.555479
v 0.203662 0.533338 -0.545371
v 0.202988 0.329104 -0.585116
v 0.216977 0.352691 -0.598068
v 0.217855 0.484650 -0.599339
v 0.204443 0.508499 -0.587052
v 0.190351 0.528050 -0.574316
v 0.242358 0.548914 -0.322947
v 0.223972 0.562428 -0.322953
v 0.237014 0.549542 -0.362180
v 0.222901 0.561278 -0.350917
v 0.258100 0.312437 -0.415558
v 0.240324 0.543889 -0.397883
v 0.256666 0.313561 -0.435249
v 0.256435 0.522602 -0.445690
v 0.243680 0.537221 -0.434345
v 0.249504 0.320526 -0.472395
v 0.251451 0.517442 -0.472339
v 0.233907 0.534160 -0.472744
v 0.244883 0.330993 -0.511642
v 0.255666 0.350583 -0.524786
v 0.256322 0.486873 -0.526708
v 0.247207 0.506070 -0.512887
v 0.226639 0.528787 -0.510273
v 0.231471 0.329404 -0.543770
v 0.251414 0.358107 -0.547185
v 0.252686 0.479560 -0.547136
v 0.233548 0.507790 -0.545346
v 0.222345 0.525203 -0.531029
v 0.226720 0.342140 -0.573897
v 0.238304 0.367275 -0.582338
v 0.248067 0.400525 -0.587607
v 0.248554 0.435723 -0.588072
v 0.239300 0.470057 -0.583455
v 0.227870 0.495545 -0.575413
v 0.282080 0.328003 -0.322955
v 0.283994 0.509761 -0.322939
v 0.265574 0.531234 -0.322945
v 0.282350 0.333229 -0.359404
v 0.292821 0.349821 -0.371273
v 0.293763 0.487348 -0.375022
v 0.284392 0.504069 -0.361735
v 0.263211 0.529030 -0.360298
v 0.272209 0.326984 -0.401080
v 0.290751 0.351858 -0.397828
v 0.292467 0.484636 -0.397705
v 0.277765 0.506947 -0.397903
v 0.260772 0.526815 -0.397920
v 0.272939 0.332401 -0.434964
v 0.288733 0.356407 -0.434517
v 0.290519 0.479747 -0.435217
v 0.270998 0.509955 -0.434316
v 0.259319 0.525398 -0.421050
v 0.266503 0.338360 -0.472147
v 0.284435 0.366838 -0.470749
v 0.290951 0.400723 -0.483006
v 0.291390 0.435518 -0.483595
v 0.285918 0.469811 -0.471611
v 0.267683 0.500251 -0.472515
v 0.261167 0.343764 -0.500038
v 0.267498 0.363231 -0.511219
v 0.281248 0.400760 -0.509209
v 0.281883 0.435495 -0.509259
v 0.268559 0.473896 -0.512526
v 0.261833 0.493607 -0.502059
v 0.260803 0.375652 -0.547320
v 0.267141 0.400525 -0.547167
v 0.267787 0.435707 -0.547200
v 0.261853 0.462265 -0.547510
v 0.257107 0.382745 -0.565864
v 0.258927 0.400392 -0.569271
v 0.259410 0.435839 -0.569743
v 0.257469 0.454170 -0.566340
v 0.018584 0.618835 -0.322970
v 0.018569 0.617837 -0.360540
v 0.018599 0.616318 -0.398132
v 0.018562 0.611489 -0.435655
v 0.018531 0.606314 -0.473191
v 0.018458 0.600002 -0.504011
v 0.055865 0.616540 -0.322971
v 0.055873 0.615866 -0.360567
v 0.055778 0.612715 -0.398079
v 0.055726 0.608754 -0.435629
v 0.058952 0.602312 -0.476590
v 0.048706 0.599063 -0.498594
v 0.092906 0.610314 -0.322969
v 0.092920 0.609491 -0.360543
v 0.092971 0.607145 -0.398057
v 0.095538 0.602390 -0.437545
v 0.084744 0.599967 -0.466316
v 0.127358 0.603025 -0.322971
v 0.125859 0.602079 -0.360554
v 0.121396 0.600393 -0.397978
v 0.115928 0.598882 -0.426257
v 0.018464 0.272802 -0.611620
v 0.018441 0.280391 -0.630383
v 0.018354 0.296507 -0.659500
v 0.018338 0.309353 -0.682403
v 0.055615 0.274195 -0.607263
v 0.055515 0.282346 -0.625840
v 0.056619 0.302917 -0.662740
v 0.045108 0.311664 -0.679291
v 0.074933 0.275873 -0.604350
v 0.089168 0.286832 -0.618934
v 0.092280 0.304940 -0.652996
v 0.129147 0.302919 -0.623122
v 0.116649 0.309715 -0.644901
v 0.155486 0.306772 -0.611892
v 0.018423 0.557230 -0.634683
v 0.018499 0.565434 -0.616342
v 0.018356 0.543542 -0.659410
v 0.018218 0.324532 -0.700278
v 0.018192 0.513422 -0.702689
v 0.018315 0.528577 -0.684841
v 0.018206 0.341908 -0.720714
v 0.016743 0.369136 -0.739994
v 0.027462 0.391565 -0.747858
v 0.028894 0.445337 -0.748217
v 0.017653 0.467839 -0.741814
v 0.018244 0.496519 -0.722545
v 0.003932 0.382595 -0.751039
v 0.016738 0.401541 -0.752355
v 0.017635 0.435062 -0.752896
v 0.005337 0.454396 -0.751385
v 0.055407 0.555333 -0.630053
v 0.055614 0.564119 -0.611783
v 0.069464 0.313654 -0.676326
v 0.055356 0.538898 -0.659737
v 0.056368 0.325635 -0.693267
v 0.055154 0.509735 -0.698975
v 0.055227 0.525472 -0.680454
v 0.055004 0.346201 -0.716355
v 0.054732 0.365874 -0.729544
v 0.053050 0.402236 -0.744598
v 0.053106 0.434459 -0.745302
v 0.054797 0.470566 -0.731905
v 0.055001 0.491735 -0.717733
v 0.039885 0.413932 -0.749999
v 0.040071 0.422914 -0.750642
v 0.091733 0.551461 -0.620553
v 0.079423 0.562032 -0.607430
v 0.092022 0.316718 -0.671283
v 0.098985 0.519438 -0.671415
v 0.089510 0.532406 -0.660248
v 0.089236 0.336035 -0.698339
v 0.098556 0.354611 -0.709815
v 0.100656 0.482246 -0.710669
v 0.088519 0.506045 -0.696049
v 0.074776 0.523896 -0.678049
v 0.073923 0.348676 -0.713887
v 0.088918 0.365596 -0.721913
v 0.092135 0.400557 -0.735722
v 0.092177 0.435695 -0.736525
v 0.090480 0.471486 -0.723520
v 0.076252 0.488845 -0.715034
v 0.140926 0.315531 -0.635474
v 0.143418 0.521736 -0.637290
v 0.130827 0.535847 -0.624415
v 0.130549 0.328881 -0.660146
v 0.144200 0.350781 -0.675004
v 0.145572 0.486659 -0.675936
v 0.132660 0.508767 -0.661733
v 0.119230 0.527533 -0.646679
v 0.120262 0.342127 -0.684618
v 0.129049 0.364700 -0.695916
v 0.137230 0.400981 -0.707033
v 0.137717 0.435328 -0.707578
v 0.130195 0.472829 -0.696941
v 0.121890 0.495594 -0.685918
v 0.114033 0.378827 -0.716887
v 0.118954 0.400930 -0.719824
v 0.119470 0.435385 -0.720348
v 0.114895 0.458761 -0.717939
v 0.167092 0.322417 -0.623490
v 0.168159 0.515970 -0.624671
v 0.157579 0.531186 -0.614162
v 0.166695 0.340222 -0.649606
v 0.167794 0.363356 -0.667777
v 0.180429 0.390374 -0.674220
v 0.180906 0.446558 -0.674623
v 0.168256 0.473795 -0.669561
v 0.166926 0.498117 -0.651608
v 0.156755 0.373768 -0.683213
v 0.166968 0.401353 -0.686288
v 0.167436 0.435376 -0.686745
v 0.157664 0.464076 -0.684171
v 0.190887 0.341517 -0.622143
v 0.208113 0.364766 -0.621512
v 0.214850 0.400900 -0.633394
v 0.215311 0.435401 -0.633879
v 0.209772 0.472324 -0.621943
v 0.192707 0.496833 -0.622352
v 0.183426 0.348351 -0.640156
v 0.189286 0.365535 -0.648117
v 0.194708 0.401176 -0.661172
v 0.195123 0.435521 -0.661602
v 0.190626 0.470890 -0.649606
v 0.184385 0.489004 -0.641302
v 0.183763 0.412796 -0.677269
v 0.184174 0.424174 -0.677710
v 0.224774 0.375855 -0.608940
v 0.228467 0.400802 -0.614641
v 0.228915 0.435485 -0.615148
v 0.225683 0.461840 -0.609839
v 0.323037 0.020365 -0.062457
v 0.323817 0.057100 -0.061513
v 0.325091 0.094090 -0.065393
v 0.325401 0.130299 -0.073186
v 0.338892 0.168367 -0.077047
v 0.346269 0.193596 -0.081024
v 0.314422 0.141006 -0.087662
v 0.321328 0.166586 -0.098261
v 0.340142 0.206127 -0.096991
v 0.348188 0.230345 -0.107971
v 0.313324 0.147009 -0.145546
v 0.318708 0.165825 -0.134079
v 0.336478 0.205424 -0.131728
v 0.347805 0.229745 -0.131679
v 0.319400 0.018821 -0.178251
v 0.326990 0.059302 -0.179008
v 0.328923 0.092324 -0.175738
v 0.323266 0.134637 -0.163045
v 0.333869 0.168406 -0.158384
v 0.344150 0.205978 -0.151822
v 0.350128 0.224928 -0.147132
v 0.304526 0.003329 -0.179891
v 0.341060 0.074310 -0.179275
v 0.341877 0.078927 -0.179599
v 0.356744 0.025441 -0.075612
v 0.358786 0.058067 -0.066869
v 0.359775 0.095437 -0.062877
v 0.362881 0.170224 -0.064837
v 0.362530 0.207577 -0.072196
v 0.375290 0.244484 -0.076228
v 0.383218 0.271561 -0.080486
v 0.368626 0.015772 -0.091742
v 0.351987 0.218641 -0.086426
v 0.357646 0.243823 -0.097241
v 0.376406 0.283300 -0.096051
v 0.369606 0.010643 -0.136854
v 0.356648 0.248782 -0.131564
v 0.371901 0.281368 -0.131760
v 0.358662 0.021369 -0.160929
v 0.354687 0.060751 -0.174430
v 0.356441 0.094139 -0.177785
v 0.364979 0.136211 -0.179524
v 0.367150 0.167783 -0.176476
v 0.363916 0.207662 -0.169025
v 0.366478 0.241253 -0.157151
v 0.380906 0.281983 -0.153013
v 0.341162 0.075039 -0.179333
v 0.342108 0.079605 -0.179620
v 0.379555 0.152123 -0.178738
v 0.380509 0.153758 -0.178692
v 0.372325 0.041210 -0.083069
v 0.377751 0.059996 -0.080047
v 0.388757 0.097183 -0.074306
v 0.399642 0.131264 -0.069768
v 0.397570 0.171599 -0.063431
v 0.400716 0.246290 -0.064263
v 0.399661 0.284855 -0.071202
v 0.376274 0.026128 -0.101276
v 0.391083 0.060164 -0.097682
v 0.406642 0.095222 -0.095014
v 0.409504 0.119167 -0.083818
v 0.389454 0.296318 -0.085298
v 0.377527 0.022308 -0.128458
v 0.394478 0.060637 -0.131577
v 0.406517 0.086343 -0.131401
v 0.375943 0.034064 -0.150632
v 0.382483 0.059833 -0.155596
v 0.395440 0.097816 -0.159905
v 0.392250 0.137783 -0.174032
v 0.393563 0.169605 -0.177316
v 0.399152 0.208925 -0.179589
v 0.401141 0.246095 -0.175862
v 0.401595 0.283830 -0.170984
v 0.378077 0.152911 -0.179186
v 0.379060 0.154598 -0.179139
v 0.416379 0.143535 -0.079751
v 0.425113 0.173316 -0.075081
v 0.436752 0.208543 -0.070741
v 0.435371 0.247682 -0.063995
v 0.414739 0.106738 -0.104240
v 0.424159 0.132950 -0.094759
v 0.442898 0.172437 -0.095861
v 0.446826 0.196882 -0.084800
v 0.415412 0.105529 -0.131577
v 0.429880 0.136628 -0.131692
v 0.443234 0.165142 -0.131495
v 0.413067 0.112051 -0.149795
v 0.419080 0.135898 -0.154573
v 0.432646 0.174997 -0.158803
v 0.434560 0.210105 -0.171905
v 0.434976 0.247845 -0.176119
v 0.436969 0.285030 -0.179846
v 0.453288 0.221519 -0.080244
v 0.461469 0.249462 -0.075849
v 0.473878 0.285824 -0.071728
v 0.451541 0.184745 -0.105685
v 0.460410 0.210142 -0.095624
v 0.479165 0.249627 -0.096785
v 0.484255 0.274578 -0.085886
v 0.452119 0.184273 -0.131617
v 0.465308 0.212632 -0.131738
v 0.479952 0.243914 -0.131542
v 0.449777 0.190114 -0.148753
v 0.455702 0.211992 -0.153542
v 0.469863 0.252190 -0.157696
v 0.472220 0.286247 -0.169953
v 0.490219 0.299479 -0.080768
v 0.488359 0.262730 -0.107215
v 0.496677 0.287330 -0.096551
v 0.488816 0.262996 -0.131659
v 0.500729 0.288626 -0.131786
v 0.486491 0.268141 -0.147638
v 0.492442 0.287990 -0.152362
v 0.293393 0.417794 -0.155536
v 0.293500 0.418520 -0.155482
v 0.296891 0.378535 -0.185882
v 0.297639 0.403740 -0.173619
v 0.298093 0.432540 -0.173090
v 0.297897 0.458865 -0.184971
v 0.298042 0.374374 -0.210592
v 0.304314 0.400394 -0.210649
v 0.304912 0.435800 -0.210626
v 0.299003 0.463627 -0.210512
v 0.300109 0.369736 -0.248077
v 0.308670 0.400621 -0.248149
v 0.309264 0.435614 -0.248155
v 0.300959 0.468507 -0.248056
v 0.295046 0.347145 -0.299318
v 0.301002 0.362468 -0.286459
v 0.313028 0.400738 -0.285821
v 0.313617 0.435557 -0.285868
v 0.302043 0.474597 -0.283126
v 0.295768 0.490052 -0.293779
v 0.385016 0.308320 -0.106391
v 0.384490 0.308443 -0.131637
v 0.386823 0.302928 -0.148224
v 0.411665 0.320613 -0.075435
v 0.420136 0.349531 -0.079979
v 0.393917 0.321003 -0.096286
v 0.412664 0.360490 -0.095157
v 0.421826 0.386318 -0.104907
v 0.393368 0.327557 -0.131518
v 0.407329 0.357373 -0.131713
v 0.421198 0.387190 -0.131596
v 0.403714 0.318440 -0.158277
v 0.417551 0.358063 -0.154073
v 0.423537 0.381004 -0.149264
v 0.438525 0.322358 -0.063695
v 0.436779 0.362136 -0.070223
v 0.447996 0.396760 -0.074689
v 0.457032 0.427523 -0.079501
v 0.426828 0.374026 -0.084266
v 0.430175 0.398194 -0.095397
v 0.448907 0.437685 -0.094324
v 0.458618 0.464332 -0.103508
v 0.430082 0.406323 -0.131468
v 0.442751 0.433367 -0.131665
v 0.457890 0.465902 -0.131554
v 0.442807 0.325345 -0.177007
v 0.443931 0.355725 -0.173839
v 0.440944 0.395626 -0.159399
v 0.454179 0.434146 -0.155114
v 0.460377 0.458921 -0.150262
v 0.457460 0.340948 -0.178798
v 0.458441 0.340156 -0.179126
v 0.473193 0.323744 -0.064567
v 0.476319 0.398449 -0.063134
v 0.473860 0.439397 -0.069267
v 0.484091 0.472385 -0.073936
v 0.491909 0.497719 -0.077558
v 0.464093 0.451747 -0.083339
v 0.466230 0.474923 -0.094466
v 0.481354 0.508234 -0.095849
v 0.466393 0.484176 -0.131490
v 0.478982 0.510477 -0.132589
v 0.468707 0.327267 -0.176922
v 0.470914 0.357286 -0.179785
v 0.479986 0.399960 -0.177586
v 0.481527 0.432764 -0.174245
v 0.477855 0.472211 -0.160486
v 0.487866 0.501609 -0.157134
v 0.455070 0.341938 -0.178106
v 0.456115 0.341027 -0.178462
v 0.494379 0.414700 -0.179412
v 0.495344 0.418093 -0.179262
v 0.497857 0.325577 -0.076660
v 0.511008 0.363101 -0.072722
v 0.511042 0.399808 -0.065145
v 0.513272 0.473641 -0.062675
v 0.513003 0.505985 -0.066402
v 0.515443 0.326797 -0.097774
v 0.521766 0.352232 -0.087065
v 0.512528 0.510282 -0.097137
v 0.516674 0.322692 -0.131586
v 0.512256 0.510409 -0.131348
v 0.507185 0.329366 -0.156487
v 0.509953 0.362431 -0.167952
v 0.506982 0.401787 -0.176065
v 0.509047 0.434286 -0.179244
v 0.517068 0.475160 -0.178075
v 0.515490 0.507435 -0.174037
v 0.493861 0.415443 -0.179202
v 0.494736 0.418842 -0.179030
v 0.531977 0.490029 -0.179988
v 0.532190 0.487425 -0.179641
v 0.527186 0.377448 -0.081320
v 0.534267 0.401697 -0.077489
v 0.548033 0.440010 -0.073774
v 0.549624 0.474562 -0.066049
v 0.548062 0.493712 -0.075220
v 0.525198 0.340693 -0.108852
v 0.532960 0.364512 -0.097539
v 0.551786 0.404042 -0.098869
v 0.559398 0.429841 -0.088372
v 0.546730 0.494334 -0.096457
v 0.525484 0.341659 -0.131703
v 0.536143 0.364545 -0.131746
v 0.554530 0.404672 -0.132843
v 0.560318 0.423990 -0.143736
v 0.546615 0.494387 -0.131881
v 0.523160 0.346105 -0.146575
v 0.529136 0.364027 -0.151240
v 0.539196 0.401626 -0.158013
v 0.550018 0.435714 -0.162612
v 0.545618 0.475817 -0.175066
v 0.545350 0.494977 -0.165754
v 0.528588 0.490540 -0.179131
v 0.527549 0.486896 -0.179292
v 0.563048 0.453705 -0.081595
v 0.567989 0.474607 -0.077239
v 0.561704 0.487351 -0.081721
v 0.562189 0.418786 -0.110800
v 0.568581 0.440403 -0.098326
v 0.583806 0.475606 -0.094300
v 0.562585 0.486940 -0.096167
v 0.563601 0.418073 -0.123301
v 0.569220 0.436401 -0.133202
v 0.586498 0.475789 -0.133370
v 0.563029 0.486733 -0.132141
v 0.566649 0.446436 -0.152070
v 0.573916 0.474899 -0.157512
v 0.562524 0.486969 -0.149332
v 0.321544 0.020901 -0.366891
v 0.321890 0.057691 -0.362809
v 0.323446 0.094841 -0.361020
v 0.325079 0.132093 -0.364842
v 0.323794 0.171315 -0.373851
v 0.335460 0.206420 -0.378114
v 0.344230 0.236607 -0.382923
v 0.313190 0.183304 -0.388528
v 0.319021 0.205614 -0.399971
v 0.338580 0.246764 -0.398720
v 0.348010 0.272744 -0.407802
v 0.319544 0.209916 -0.435010
v 0.335174 0.243301 -0.435221
v 0.347995 0.271055 -0.434814
v 0.321516 0.021059 -0.473134
v 0.321845 0.057720 -0.477206
v 0.323492 0.094826 -0.478992
v 0.325221 0.132084 -0.475193
v 0.325917 0.169681 -0.468764
v 0.329339 0.202221 -0.458113
v 0.344543 0.243866 -0.454293
v 0.349608 0.263647 -0.450523
v 0.341942 0.022309 -0.381646
v 0.356339 0.062250 -0.377815
v 0.358638 0.096050 -0.367389
v 0.359484 0.133597 -0.363342
v 0.361216 0.170931 -0.360465
v 0.362896 0.208177 -0.364275
v 0.360899 0.248592 -0.372881
v 0.371748 0.282596 -0.377419
v 0.354777 0.022813 -0.401441
v 0.367680 0.050317 -0.401707
v 0.350632 0.261071 -0.387460
v 0.355587 0.283728 -0.399496
v 0.355910 0.022976 -0.434982
v 0.368000 0.048734 -0.434718
v 0.356572 0.289655 -0.434488
v 0.343521 0.022293 -0.456915
v 0.356953 0.060800 -0.461016
v 0.358509 0.096113 -0.472650
v 0.359368 0.133669 -0.476694
v 0.361196 0.170922 -0.479531
v 0.363030 0.208138 -0.475762
v 0.363584 0.245849 -0.470711
v 0.366413 0.279402 -0.459096
v 0.372754 0.078095 -0.385996
v 0.378228 0.098058 -0.382520
v 0.393432 0.139406 -0.378825
v 0.396741 0.172015 -0.368042
v 0.397291 0.209629 -0.363914
v 0.398979 0.246992 -0.360093
v 0.400624 0.284397 -0.363744
v 0.376521 0.069418 -0.401481
v 0.390145 0.098693 -0.401391
v 0.404341 0.129005 -0.401599
v 0.376851 0.067871 -0.434962
v 0.391268 0.098844 -0.435048
v 0.404648 0.127401 -0.434834
v 0.373931 0.075684 -0.451919
v 0.379785 0.098008 -0.456048
v 0.394066 0.137921 -0.459973
v 0.396639 0.172055 -0.471990
v 0.397129 0.209785 -0.476143
v 0.398965 0.247014 -0.479913
v 0.400794 0.284251 -0.476314
v 0.409793 0.155858 -0.386700
v 0.414804 0.174149 -0.383511
v 0.425617 0.211507 -0.377523
v 0.436815 0.245798 -0.373180
v 0.435069 0.285843 -0.364458
v 0.413206 0.148140 -0.401401
v 0.425565 0.174657 -0.401381
v 0.442145 0.211551 -0.399271
v 0.447134 0.233575 -0.387698
v 0.413540 0.146613 -0.435059
v 0.426678 0.174856 -0.435169
v 0.441364 0.206203 -0.434936
v 0.411041 0.153446 -0.451149
v 0.416406 0.174109 -0.455020
v 0.431220 0.215016 -0.458882
v 0.434318 0.248212 -0.470103
v 0.434913 0.285832 -0.475579
v 0.453444 0.258008 -0.383091
v 0.462033 0.287614 -0.378363
v 0.450512 0.223883 -0.408122
v 0.458907 0.247679 -0.398985
v 0.478493 0.288843 -0.400308
v 0.450240 0.225333 -0.435085
v 0.462061 0.250734 -0.435165
v 0.479313 0.289200 -0.437486
v 0.448088 0.231117 -0.450398
v 0.453051 0.250183 -0.453958
v 0.463748 0.287646 -0.460096
v 0.487484 0.302012 -0.409948
v 0.487720 0.301884 -0.429052
v 0.296564 0.346057 -0.322918
v 0.305314 0.364078 -0.322890
v 0.316587 0.400468 -0.322911
v 0.317171 0.435797 -0.322946
v 0.307244 0.471931 -0.322949
v 0.297713 0.491573 -0.322930
v 0.294573 0.347451 -0.346075
v 0.300172 0.362130 -0.359322
v 0.312344 0.400766 -0.360151
v 0.312943 0.435518 -0.360033
v 0.301657 0.474265 -0.361618
v 0.295489 0.489707 -0.350100
v 0.298351 0.367571 -0.398054
v 0.307978 0.400641 -0.397879
v 0.308591 0.435564 -0.397750
v 0.300666 0.467695 -0.397902
v 0.296551 0.372647 -0.435070
v 0.303617 0.400318 -0.435302
v 0.304225 0.435811 -0.435319
v 0.298851 0.462523 -0.435451
v 0.295714 0.378972 -0.457930
v 0.297666 0.400415 -0.464741
v 0.298113 0.435757 -0.465339
v 0.296680 0.457510 -0.458951
v 0.382592 0.320003 -0.383400
v 0.387913 0.339123 -0.386658
v 0.371476 0.319216 -0.401726
v 0.386523 0.353716 -0.405247
v 0.392258 0.374617 -0.418812
v 0.370331 0.318920 -0.434867
v 0.386131 0.355042 -0.431338
v 0.392442 0.374506 -0.418016
v 0.381012 0.319889 -0.455216
v 0.386694 0.341483 -0.451240
v 0.401213 0.322039 -0.367863
v 0.404060 0.355100 -0.378776
v 0.418980 0.395793 -0.382451
v 0.424915 0.416515 -0.385830
v 0.393861 0.364035 -0.396702
v 0.403657 0.390612 -0.405485
v 0.422394 0.430649 -0.405258
v 0.428032 0.451360 -0.418854
v 0.393714 0.366130 -0.439496
v 0.402638 0.390575 -0.431125
v 0.422007 0.432003 -0.431298
v 0.428245 0.451252 -0.417962
v 0.401403 0.321927 -0.472196
v 0.403517 0.356567 -0.460112
v 0.417541 0.395876 -0.456209
v 0.423781 0.418970 -0.452105
v 0.436734 0.323106 -0.360642
v 0.438440 0.360447 -0.363172
v 0.439370 0.397939 -0.367192
v 0.441361 0.432160 -0.377537
v 0.455631 0.471761 -0.381340
v 0.461017 0.492539 -0.385240
v 0.430321 0.442052 -0.396429
v 0.439405 0.467140 -0.405276
v 0.457629 0.506182 -0.405212
v 0.461964 0.524463 -0.419383
v 0.430106 0.444037 -0.439713
v 0.438344 0.467045 -0.431286
v 0.457186 0.507342 -0.431459
v 0.462337 0.523926 -0.417276
v 0.436674 0.323108 -0.479373
v 0.438492 0.360435 -0.476842
v 0.439510 0.397875 -0.472849
v 0.440745 0.433602 -0.461295
v 0.454038 0.471768 -0.457213
v 0.459768 0.494821 -0.452664
v 0.473931 0.323086 -0.374155
v 0.472869 0.361932 -0.365021
v 0.474478 0.399189 -0.361192
v 0.476125 0.436467 -0.362629
v 0.476804 0.473146 -0.366618
v 0.475939 0.501025 -0.375303
v 0.484684 0.311197 -0.388925
v 0.472378 0.519678 -0.402852
v 0.454823 0.506070 -0.425474
v 0.485056 0.308942 -0.449194
v 0.472278 0.519725 -0.433093
v 0.454680 0.503773 -0.411389
v 0.474682 0.321446 -0.464471
v 0.472727 0.362003 -0.475022
v 0.474429 0.399203 -0.478821
v 0.476181 0.436444 -0.477387
v 0.476832 0.473014 -0.473404
v 0.475656 0.503425 -0.463427
v 0.490404 0.335992 -0.383630
v 0.498394 0.363719 -0.379154
v 0.511033 0.400410 -0.375103
v 0.510584 0.437742 -0.365595
v 0.511861 0.473857 -0.361815
v 0.512313 0.501056 -0.371281
v 0.495188 0.324816 -0.400039
v 0.514832 0.366012 -0.401504
v 0.522233 0.388891 -0.390452
v 0.509735 0.502259 -0.401041
v 0.495165 0.323333 -0.437700
v 0.515726 0.366258 -0.435858
v 0.522163 0.387002 -0.446806
v 0.509634 0.502306 -0.435212
v 0.491444 0.333097 -0.454203
v 0.500067 0.363710 -0.459326
v 0.511729 0.398899 -0.463628
v 0.510422 0.437788 -0.474450
v 0.511761 0.473707 -0.478192
v 0.512276 0.501074 -0.466773
v 0.527412 0.414052 -0.384182
v 0.534164 0.438894 -0.379802
v 0.542321 0.474535 -0.372132
v 0.533398 0.491224 -0.379388
v 0.524466 0.379936 -0.412128
v 0.531577 0.402043 -0.401313
v 0.550769 0.441905 -0.403357
v 0.565002 0.475450 -0.398592
v 0.535239 0.490366 -0.400749
v 0.524881 0.379724 -0.426132
v 0.531719 0.400668 -0.436036
v 0.551705 0.441972 -0.433582
v 0.566076 0.475580 -0.437982
v 0.535488 0.490250 -0.435448
v 0.528514 0.411431 -0.453712
v 0.535750 0.438819 -0.458729
v 0.543811 0.474615 -0.466551
v 0.533747 0.491062 -0.458383
v 0.561119 0.455874 -0.416332
v 0.562231 0.458518 -0.415922
v 0.561745 0.455623 -0.421156
v 0.563081 0.458732 -0.421539
v -0.337022 0.003284 0.184773
v -0.342124 -0.004112 0.168887
v -0.342659 -0.005227 0.134682
v -0.338326 0.001245 0.117271
v -0.322354 -0.004844 0.194631
v -0.322638 -0.017354 0.170195
v -0.322567 -0.017321 0.133884
v -0.322598 -0.007138 0.106560
v -0.286682 -0.000588 0.193209
v -0.288358 -0.001369 0.169449
v -0.288462 -0.001418 0.134346
v -0.286792 -0.000639 0.108916
v -0.270456 0.006979 0.186836
v -0.269570 0.007392 0.169718
v -0.269449 0.007448 0.134145
v -0.270258 0.007071 0.115828
v -0.487484 0.302012 0.160052
v -0.487720 0.301884 0.140948
v -0.453444 0.258008 0.186909
v -0.462033 0.287614 0.191637
v -0.450513 0.223883 0.161878
v -0.458907 0.247679 0.171015
v -0.478493 0.288843 0.169692
v -0.450240 0.225333 0.134915
v -0.462061 0.250734 0.134835
v -0.479313 0.289200 0.132514
v -0.448088 0.231117 0.119602
v -0.453051 0.250183 0.116042
v -0.463748 0.287646 0.109904
v -0.409793 0.155858 0.183300
v -0.414804 0.174149 0.186489
v -0.425617 0.211507 0.192477
v -0.436812 0.245803 0.196825
v -0.435046 0.285850 0.205549
v -0.413206 0.148140 0.168599
v -0.425565 0.174657 0.168619
v -0.442145 0.211551 0.170729
v -0.447134 0.233575 0.182302
v -0.413540 0.146613 0.134941
v -0.426678 0.174856 0.134831
v -0.441364 0.206203 0.135064
v -0.411041 0.153446 0.118851
v -0.416406 0.174109 0.114980
v -0.431220 0.215016 0.111118
v -0.434318 0.248212 0.099897
v -0.434913 0.285832 0.094421
v -0.372754 0.078095 0.184004
v -0.378228 0.098058 0.187480
v -0.393432 0.139406 0.191175
v -0.396741 0.172015 0.201958
v -0.397291 0.209629 0.206086
v -0.398973 0.247012 0.209911
v -0.400648 0.284403 0.206262
v -0.376521 0.069418 0.168519
v -0.390145 0.098693 0.168609
v -0.404341 0.129005 0.168401
v -0.376851 0.067871 0.135038
v -0.391268 0.098844 0.134952
v -0.404648 0.127401 0.135166
v -0.373931 0.075684 0.118081
v -0.379785 0.098008 0.113952
v -0.394066 0.137921 0.110027
v -0.396639 0.172055 0.098010
v -0.397129 0.209785 0.093857
v -0.398966 0.247014 0.090087
v -0.400798 0.284250 0.093685
v -0.341942 0.022309 0.188354
v -0.356339 0.062250 0.192185
v -0.358638 0.096050 0.202611
v -0.359484 0.133597 0.206658
v -0.361216 0.170931 0.209535
v -0.362896 0.208177 0.205725
v -0.360915 0.248596 0.197132
v -0.371869 0.282529 0.192719
v -0.354777 0.022813 0.168559
v -0.367680 0.050317 0.168293
v -0.350701 0.260939 0.182658
v -0.355317 0.282816 0.171031
v -0.355910 0.022976 0.135018
v -0.368000 0.048734 0.135282
v -0.356220 0.288628 0.135085
v -0.343521 0.022293 0.113085
v -0.356953 0.060800 0.108984
v -0.358509 0.096113 0.097350
v -0.359368 0.133669 0.093306
v -0.361196 0.170922 0.090469
v -0.363030 0.208138 0.094238
v -0.363584 0.245846 0.099287
v -0.366521 0.279326 0.110774
v -0.321544 0.020901 0.203109
v -0.321890 0.057691 0.207191
v -0.323446 0.094841 0.208980
v -0.325079 0.132093 0.205158
v -0.323794 0.171315 0.196149
v -0.335460 0.206422 0.191885
v -0.344227 0.236611 0.187072
v -0.313190 0.183304 0.181472
v -0.319022 0.205617 0.170027
v -0.338543 0.246671 0.171301
v -0.347133 0.270739 0.162396
v -0.319545 0.209920 0.134992
v -0.335139 0.243218 0.134765
v -0.347339 0.269483 0.134928
v -0.321516 0.021059 0.096866
v -0.321845 0.057720 0.092794
v -0.323492 0.094826 0.091008
v -0.325221 0.132084 0.094807
v -0.325917 0.169681 0.101236
v -0.329338 0.202222 0.111888
v -0.344545 0.243835 0.115693
v -0.349610 0.263401 0.119371
v -0.561119 0.455874 0.153668
v -0.562231 0.458518 0.154078
v -0.561745 0.455623 0.148844
v -0.563081 0.458732 0.148461
v -0.527412 0.414052 0.185818
v -0.534164 0.438894 0.190198
v -0.542321 0.474535 0.197868
v -0.533398 0.491224 0.190612
v -0.524466 0.379936 0.157872
v -0.531577 0.402043 0.168687
v -0.550769 0.441905 0.166643
v -0.565002 0.475450 0.171408
v -0.535239 0.490366 0.169251
v -0.524881 0.379724 0.143868
v -0.531719 0.400668 0.133964
v -0.551705 0.441972 0.136418
v -0.566076 0.475580 0.132018
v -0.535488 0.490250 0.134552
v -0.528514 0.411431 0.116288
v -0.535750 0.438819 0.111271
v -0.543811 0.474615 0.103449
v -0.533747 0.491062 0.111617
v -0.490404 0.335992 0.186370
v -0.498394 0.363719 0.190846
v -0.511033 0.400410 0.194897
v -0.510584 0.437742 0.204405
v -0.511861 0.473857 0.208185
v -0.512313 0.501056 0.198719
v -0.495188 0.324816 0.169961
v -0.514832 0.366012 0.168496
v -0.522233 0.388891 0.179548
v -0.509735 0.502259 0.168959
v -0.495165 0.323333 0.132300
v -0.515726 0.366258 0.134142
v -0.522163 0.387002 0.123194
v -0.509634 0.502306 0.134788
v -0.491444 0.333097 0.115797
v -0.500067 0.363710 0.110674
v -0.511729 0.398899 0.106372
v -0.510422 0.437788 0.095550
v -0.511761 0.473707 0.091808
v -0.512276 0.501074 0.103227
v -0.473931 0.323086 0.195845
v -0.472869 0.361932 0.204979
v -0.474478 0.399189 0.208808
v -0.476125 0.436467 0.207371
v -0.476804 0.473146 0.203382
v -0.475939 0.501025 0.194697
v -0.484684 0.311197 0.181075
v -0.472378 0.519678 0.167148
v -0.454823 0.506070 0.144526
v -0.485056 0.308942 0.120806
v -0.472278 0.519725 0.136907
v -0.454680 0.503773 0.158611
v -0.474682 0.321446 0.105529
v -0.472727 0.362003 0.094978
v -0.474429 0.399203 0.091179
v -0.476181 0.436444 0.092613
v -0.476832 0.473014 0.096596
v -0.475656 0.503425 0.106573
v -0.436715 0.323096 0.209361
v -0.438443 0.360435 0.206830
v -0.439380 0.397942 0.202810
v -0.441368 0.432165 0.192467
v -0.455631 0.471761 0.188660
v -0.461017 0.492539 0.184760
v -0.430329 0.442063 0.173580
v -0.439407 0.467144 0.164726
v -0.457629 0.506182 0.164788
v -0.461964 0.524463 0.150617
v -0.430115 0.444050 0.130278
v -0.438347 0.467050 0.138713
v -0.457186 0.507342 0.138541
v -0.462337 0.523926 0.152724
v -0.436675 0.323107 0.090628
v -0.438497 0.360433 0.093157
v -0.439514 0.397876 0.097150
v -0.440749 0.433605 0.108702
v -0.454038 0.471768 0.112787
v -0.459768 0.494821 0.117336
v -0.401293 0.321968 0.202164
v -0.404291 0.354950 0.191497
v -0.419331 0.395952 0.187799
v -0.425044 0.416595 0.184252
v -0.393238 0.365824 0.168369
v -0.407067 0.395366 0.168549
v -0.422538 0.430878 0.164868
v -0.428047 0.451391 0.151150
v -0.392927 0.367421 0.135202
v -0.405942 0.395214 0.135015
v -0.422146 0.432220 0.138575
v -0.428260 0.451284 0.152036
v -0.401407 0.321924 0.097803
v -0.403663 0.356424 0.109695
v -0.417776 0.395997 0.113629
v -0.423880 0.419021 0.117828
v -0.382742 0.319874 0.186790
v -0.387898 0.338677 0.183517
v -0.371630 0.319342 0.168595
v -0.384378 0.346696 0.168572
v -0.370522 0.319158 0.134860
v -0.384045 0.348228 0.134973
v -0.381165 0.319920 0.114658
v -0.386673 0.341088 0.118612
v -0.035960 0.308079 0.597683
v -0.017936 0.304032 0.599592
v -0.074203 0.340144 0.599993
v -0.077138 0.361954 0.601572
v -0.077138 0.398046 0.601572
v -0.074203 0.419856 0.599993
v -0.051165 0.326823 0.602422
v -0.054525 0.362074 0.606794
v -0.054525 0.397926 0.606794
v -0.051165 0.433177 0.602422
v -0.035960 0.451921 0.597683
v -0.018171 0.325333 0.608368
v -0.017975 0.362135 0.614073
v -0.017975 0.397865 0.614073
v -0.018171 0.434667 0.608368
v -0.017936 0.455968 0.599592
v -0.181800 0.304279 0.427349
v -0.181328 0.304480 0.409860
v -0.144896 0.305622 0.527654
v -0.145754 0.269490 0.493397
v -0.151833 0.291494 0.506941
v -0.150373 0.263841 0.472450
v -0.166485 0.289008 0.472540
v -0.153622 0.258626 0.435996
v -0.174255 0.291198 0.438041
v -0.153197 0.259044 0.400254
v -0.173680 0.291328 0.398801
v -0.150069 0.264474 0.363581
v -0.165587 0.288756 0.363466
v -0.144979 0.270451 0.344141
v -0.150397 0.292620 0.330086
v -0.109805 0.305223 0.563263
v -0.114669 0.264295 0.532881
v -0.126659 0.291555 0.544661
v -0.110394 0.234122 0.494191
v -0.124392 0.255047 0.505803
v -0.139270 0.280806 0.517927
v -0.116549 0.228729 0.472572
v -0.135519 0.244597 0.472890
v -0.121415 0.225664 0.435968
v -0.139654 0.240420 0.435991
v -0.121062 0.225971 0.400251
v -0.139233 0.240849 0.400241
v -0.115472 0.229636 0.363729
v -0.134938 0.245313 0.363165
v -0.109627 0.234658 0.343427
v -0.123589 0.256053 0.331633
v -0.138296 0.282481 0.319390
v -0.075629 0.269265 0.564059
v -0.088990 0.291403 0.570419
v -0.076276 0.233939 0.528720
v -0.088021 0.254841 0.542724
v -0.100231 0.280383 0.557524
v -0.089769 0.226594 0.507738
v -0.101234 0.239287 0.519113
v -0.072967 0.199554 0.456474
v -0.087901 0.209142 0.470382
v -0.075665 0.198052 0.436224
v -0.094315 0.205779 0.436246
v -0.075263 0.198198 0.399984
v -0.093868 0.205909 0.399918
v -0.072388 0.199918 0.381107
v -0.087459 0.210139 0.366661
v -0.088740 0.227693 0.329210
v -0.099623 0.240262 0.318224
v -0.054372 0.262937 0.569297
v -0.050765 0.292909 0.588454
v -0.054366 0.228546 0.535068
v -0.054866 0.243659 0.554406
v -0.038601 0.199482 0.491340
v -0.052417 0.208864 0.506115
v -0.052372 0.195566 0.470301
v -0.062591 0.201531 0.480428
v -0.054713 0.189380 0.436305
v -0.054753 0.189712 0.399869
v -0.051248 0.196133 0.366647
v -0.060816 0.201774 0.356977
v -0.036701 0.199996 0.345926
v -0.051267 0.210417 0.330729
v -0.017811 0.257657 0.572518
v -0.017993 0.285640 0.591962
v -0.017817 0.225174 0.540407
v -0.017844 0.239490 0.558571
v -0.018087 0.197772 0.494619
v -0.018095 0.205403 0.513041
v -0.018225 0.188765 0.472847
v -0.018006 0.183211 0.436112
v -0.018000 0.183564 0.400096
v -0.018192 0.190321 0.363389
v -0.018122 0.198547 0.343517
v -0.018198 0.206338 0.324723
v -0.180870 0.342202 0.491156
v -0.182878 0.361891 0.494091
v -0.182878 0.398109 0.494091
v -0.180870 0.417798 0.491156
v -0.183537 0.334525 0.472667
v -0.187164 0.362027 0.472638
v -0.187164 0.397973 0.472638
v -0.183537 0.425475 0.472667
v -0.187211 0.322559 0.438210
v -0.194440 0.362139 0.436128
v -0.194440 0.397861 0.436128
v -0.187211 0.437441 0.438210
v -0.181800 0.455721 0.427349
v -0.186824 0.323165 0.398579
v -0.193689 0.362176 0.400068
v -0.193689 0.397824 0.400068
v -0.186824 0.436835 0.398579
v -0.181328 0.455520 0.409860
v -0.182974 0.336084 0.363471
v -0.186374 0.362010 0.363406
v -0.186374 0.397990 0.363406
v -0.182974 0.423916 0.363471
v -0.180403 0.343374 0.345722
v -0.181915 0.361926 0.343382
v -0.181915 0.398074 0.343382
v -0.180403 0.416626 0.345722
v -0.150055 0.325575 0.534523
v -0.152741 0.362219 0.540348
v -0.152741 0.397781 0.540348
v -0.150055 0.434425 0.534523
v -0.144896 0.454378 0.527654
v -0.170047 0.327758 0.506200
v -0.171967 0.362024 0.511528
v -0.171967 0.397976 0.511528
v -0.170047 0.432242 0.506200
v -0.151833 0.468506 0.506941
v -0.145754 0.490510 0.493397
v -0.177978 0.316576 0.472173
v -0.177978 0.443424 0.472173
v -0.166485 0.470992 0.472540
v -0.150373 0.496159 0.472450
v -0.179300 0.309651 0.451102
v -0.179300 0.450349 0.451102
v -0.174255 0.468802 0.438041
v -0.153622 0.501374 0.435996
v -0.179108 0.310515 0.386130
v -0.179108 0.449485 0.386130
v -0.173680 0.468672 0.398801
v -0.153197 0.500956 0.400254
v -0.177764 0.317959 0.363873
v -0.177764 0.442041 0.363873
v -0.165587 0.471244 0.363466
v -0.150069 0.495526 0.363581
v -0.168162 0.328592 0.330546
v -0.170235 0.362100 0.325862
v -0.170183 0.397977 0.325802
v -0.168120 0.431384 0.330478
v -0.150364 0.467359 0.330022
v -0.144979 0.489549 0.344141
v -0.116742 0.325547 0.568559
v -0.122426 0.362195 0.571349
v -0.122426 0.397804 0.571349
v -0.116742 0.434453 0.568559
v -0.109805 0.454777 0.563263
v -0.136515 0.324926 0.554314
v -0.140562 0.362188 0.558568
v -0.140562 0.397812 0.558568
v -0.136515 0.435074 0.554314
v -0.126659 0.468445 0.544661
v -0.114669 0.495705 0.532881
v -0.139270 0.479194 0.517927
v -0.124392 0.504953 0.505803
v -0.110394 0.525878 0.494191
v -0.135519 0.515403 0.472890
v -0.116549 0.531271 0.472572
v -0.139654 0.519580 0.435991
v -0.121415 0.534336 0.435968
v -0.139233 0.519151 0.400241
v -0.121062 0.534029 0.400251
v -0.134938 0.514687 0.363165
v -0.115472 0.530364 0.363729
v -0.138232 0.477494 0.319276
v -0.123555 0.503925 0.331552
v -0.109627 0.525342 0.343427
v -0.088326 0.326849 0.588182
v -0.094393 0.362068 0.590060
v -0.094393 0.397932 0.590060
v -0.088326 0.433151 0.588182
v -0.088990 0.468597 0.570419
v -0.075629 0.490735 0.564059
v -0.100231 0.479617 0.557524
v -0.088021 0.505159 0.542724
v -0.076276 0.526061 0.528720
v -0.101234 0.520713 0.519113
v -0.089769 0.533406 0.507738
v -0.087901 0.550858 0.470382
v -0.072967 0.560446 0.456474
v -0.094315 0.554221 0.436246
v -0.075665 0.561948 0.436224
v -0.093868 0.554091 0.399918
v -0.075263 0.561802 0.399984
v -0.087459 0.549861 0.366661
v -0.072388 0.560082 0.381107
v -0.099572 0.519644 0.318105
v -0.088744 0.532270 0.329155
v -0.060245 0.316251 0.596237
v -0.060245 0.443749 0.596237
v -0.050765 0.467091 0.588454
v -0.054372 0.497063 0.569297
v -0.054866 0.516341 0.554406
v -0.054366 0.531454 0.535068
v -0.052417 0.551136 0.506115
v -0.038601 0.560518 0.491340
v -0.062591 0.558469 0.480429
v -0.052372 0.564434 0.470301
v -0.054713 0.570620 0.436305
v -0.054753 0.570288 0.399869
v -0.060816 0.558226 0.356977
v -0.051248 0.563867 0.366647
v -0.051244 0.549565 0.330687
v -0.036701 0.560004 0.345926
v -0.017993 0.474360 0.591962
v -0.017811 0.502343 0.572518
v -0.017844 0.520510 0.558571
v -0.017817 0.534827 0.540407
v -0.018095 0.554597 0.513041
v -0.018087 0.562228 0.494619
v -0.018225 0.571235 0.472847
v -0.018006 0.576789 0.436112
v -0.018000 0.576436 0.400096
v -0.018192 0.569679 0.363389
v -0.018183 0.553625 0.324630
v -0.018122 0.561453 0.343517
v -0.285655 0.019752 0.208305
v -0.287482 0.056577 0.204579
v -0.286685 0.094007 0.195189
v -0.299095 0.130313 0.191092
v -0.307275 0.158628 0.186540
v -0.275522 0.105696 0.180132
v -0.282657 0.128366 0.168869
v -0.302261 0.169499 0.170299
v -0.310264 0.192757 0.160688
v -0.275565 0.107634 0.122421
v -0.281794 0.128090 0.133616
v -0.299728 0.167306 0.134808
v -0.310700 0.190883 0.134884
v -0.285631 0.019735 0.091699
v -0.287661 0.056566 0.095376
v -0.285973 0.095549 0.106108
v -0.297447 0.130305 0.110398
v -0.307924 0.167796 0.116746
v -0.312652 0.185722 0.120141
v -0.255545 0.018413 0.198914
v -0.263533 0.055701 0.190395
v -0.270285 0.080597 0.185992
v -0.241579 0.020444 0.170764
v -0.246846 0.052868 0.166820
v -0.265931 0.092347 0.169107
v -0.273231 0.114669 0.158588
v -0.241213 0.020615 0.132637
v -0.245940 0.052817 0.136165
v -0.265836 0.093748 0.133427
v -0.272868 0.114856 0.142934
v -0.253702 0.017951 0.102561
v -0.261937 0.055803 0.111094
v -0.269199 0.083287 0.116128
v -0.236358 0.038581 0.153881
v -0.236598 0.039084 0.153898
v -0.235516 0.038264 0.148468
v -0.236008 0.039316 0.148465
v -0.188757 0.311197 0.117294
v -0.194611 0.306785 0.093528
v -0.198178 0.304993 0.056722
v -0.196482 0.306372 0.020099
v -0.143925 0.307372 0.309614
v -0.155762 0.309384 0.154140
v -0.167921 0.304610 0.129903
v -0.167374 0.294569 0.093476
v -0.167251 0.290894 0.056732
v -0.167029 0.292944 0.020098
v -0.113570 0.265732 0.304490
v -0.125293 0.293352 0.292885
v -0.106948 0.309630 0.272674
v -0.114087 0.311792 0.186645
v -0.128307 0.304945 0.166878
v -0.130126 0.290101 0.130094
v -0.114533 0.275561 0.080934
v -0.127957 0.281288 0.093070
v -0.116937 0.274587 0.056803
v -0.135264 0.280027 0.056751
v -0.115555 0.275087 0.028145
v -0.128619 0.279606 0.017571
v -0.074459 0.234832 0.308694
v -0.086148 0.256379 0.294633
v -0.097745 0.281697 0.280173
v -0.073639 0.271409 0.272671
v -0.086053 0.295288 0.265720
v -0.091299 0.311059 0.194741
v -0.092728 0.295386 0.167129
v -0.081707 0.275039 0.116650
v -0.093464 0.280942 0.129102
v -0.093835 0.272202 0.093385
v -0.106178 0.277549 0.105014
v -0.093151 0.269538 0.056820
v -0.096090 0.271474 0.017271
v -0.109846 0.277026 0.003566
v -0.054462 0.229821 0.303035
v -0.054898 0.246099 0.283728
v -0.054268 0.266139 0.268225
v -0.053532 0.298884 0.249621
v -0.053299 0.314175 0.210227
v -0.055492 0.287929 0.167783
v -0.055880 0.272307 0.123248
v -0.055618 0.278414 0.141085
v -0.055854 0.267095 0.093518
v -0.055908 0.263261 0.056814
v -0.055810 0.265114 0.019636
v -0.017871 0.226473 0.297910
v -0.017857 0.241878 0.279599
v -0.017650 0.261505 0.264498
v -0.016644 0.289228 0.246283
v -0.015837 0.309712 0.209715
v -0.018292 0.285248 0.167698
v -0.018643 0.271138 0.128620
v -0.018514 0.277107 0.146348
v -0.018668 0.263570 0.093578
v -0.018622 0.261139 0.056784
v -0.018618 0.262398 0.019592
v -0.261776 0.377388 0.117839
v -0.266082 0.400548 0.125325
v -0.266289 0.435731 0.126125
v -0.262281 0.460505 0.119015
v -0.264613 0.372083 0.092888
v -0.275895 0.400845 0.092771
v -0.276556 0.435437 0.092758
v -0.265287 0.466688 0.092871
v -0.269343 0.367269 0.056750
v -0.283197 0.400623 0.056719
v -0.283867 0.435585 0.056726
v -0.268269 0.474808 0.056455
v -0.258420 0.487913 0.043974
v -0.266182 0.369987 0.020439
v -0.278634 0.401004 0.020544
v -0.279297 0.435256 0.020543
v -0.265360 0.472438 0.022906
v -0.257556 0.487256 0.036629
v -0.220438 0.384151 0.182671
v -0.223358 0.400686 0.185441
v -0.223755 0.435687 0.185831
v -0.221205 0.453594 0.183411
v -0.221045 0.348999 0.146904
v -0.227416 0.369002 0.162541
v -0.239626 0.400709 0.165757
v -0.240473 0.435623 0.165566
v -0.228710 0.467862 0.163462
v -0.222340 0.488567 0.148891
v -0.227201 0.343860 0.129142
v -0.246773 0.365504 0.129760
v -0.254962 0.401028 0.142444
v -0.255203 0.435341 0.143164
v -0.248342 0.471416 0.130210
v -0.229167 0.494303 0.129131
v -0.235877 0.336503 0.093100
v -0.253432 0.354702 0.092873
v -0.255036 0.483665 0.092713
v -0.237800 0.501510 0.093044
v -0.239895 0.332987 0.056752
v -0.256836 0.350584 0.056703
v -0.257233 0.486574 0.068181
v -0.245044 0.501732 0.056421
v -0.237404 0.335253 0.020305
v -0.254583 0.353063 0.020524
v -0.255510 0.484350 0.012853
v -0.242756 0.499723 0.022851
v -0.183265 0.416501 0.219671
v -0.183806 0.419686 0.219863
v -0.185084 0.348334 0.184204
v -0.200031 0.369383 0.189783
v -0.198835 0.403537 0.205064
v -0.198880 0.433097 0.205677
v -0.200931 0.467454 0.190958
v -0.187044 0.489243 0.185213
v -0.201482 0.340741 0.163322
v -0.212259 0.358439 0.173630
v -0.213278 0.478387 0.174870
v -0.202461 0.497692 0.164379
v -0.202205 0.324259 0.129417
v -0.203435 0.514208 0.131369
v -0.190949 0.526131 0.120627
v -0.212204 0.318609 0.093189
v -0.215277 0.519319 0.093126
v -0.197809 0.531096 0.093475
v -0.215931 0.316101 0.056690
v -0.218987 0.521832 0.056680
v -0.201617 0.533438 0.056728
v -0.213965 0.317936 0.020346
v -0.217009 0.520006 0.020361
v -0.199694 0.531692 0.020106
v -0.148519 0.325621 0.303144
v -0.150467 0.362502 0.296183
v -0.149390 0.397774 0.294636
v -0.147556 0.434000 0.301426
v -0.143754 0.452441 0.309220
v -0.148848 0.375425 0.228257
v -0.163333 0.403194 0.231009
v -0.167333 0.432463 0.230087
v -0.156819 0.462826 0.225922
v -0.165733 0.342426 0.193079
v -0.166663 0.363137 0.212030
v -0.180110 0.393883 0.217768
v -0.181021 0.442795 0.217699
v -0.168364 0.473212 0.212873
v -0.166385 0.496515 0.193679
v -0.167421 0.322611 0.166299
v -0.169038 0.515878 0.167467
v -0.158454 0.527934 0.156351
v -0.179764 0.315239 0.141125
v -0.182288 0.521959 0.144275
v -0.169669 0.534110 0.131987
v -0.167280 0.545482 0.093429
v -0.167112 0.549172 0.056704
v -0.166841 0.547142 0.020098
v -0.134781 0.326185 0.283183
v -0.133987 0.363892 0.276113
v -0.130544 0.397339 0.274004
v -0.131489 0.433097 0.280632
v -0.123776 0.465947 0.291529
v -0.113200 0.493967 0.303970
v -0.101018 0.348534 0.256468
v -0.114318 0.373751 0.241153
v -0.113683 0.398692 0.249997
v -0.122142 0.430009 0.248371
v -0.123653 0.466549 0.237313
v -0.118597 0.490008 0.225123
v -0.129123 0.330946 0.205081
v -0.139684 0.353571 0.219735
v -0.144291 0.485360 0.218796
v -0.131781 0.508083 0.204905
v -0.117649 0.526099 0.187919
v -0.138920 0.316284 0.178313
v -0.142006 0.521089 0.180129
v -0.130341 0.533807 0.168269
v -0.126862 0.552322 0.126857
v -0.111957 0.559641 0.112200
v -0.136087 0.556494 0.093299
v -0.117580 0.561435 0.093397
v -0.142037 0.557965 0.056703
v -0.123682 0.563413 0.056746
v -0.139166 0.557413 0.020069
v -0.120834 0.562848 0.019919
v -0.094887 0.474045 0.276183
v -0.085468 0.502147 0.292844
v -0.074397 0.524952 0.308321
v -0.082300 0.335842 0.245933
v -0.088396 0.465546 0.251757
v -0.083991 0.489016 0.239660
v -0.089205 0.326180 0.214830
v -0.091623 0.515236 0.212068
v -0.092539 0.529185 0.193939
v -0.092844 0.544818 0.166696
v -0.092785 0.556953 0.137330
v -0.092941 0.561895 0.119127
v -0.093209 0.567881 0.093602
v -0.093037 0.570482 0.056789
v -0.093090 0.569233 0.019785
v -0.053388 0.511979 0.281953
v -0.054284 0.529732 0.302228
v -0.059916 0.330117 0.238485
v -0.049245 0.493786 0.241486
v -0.062508 0.328662 0.225737
v -0.054180 0.518266 0.218803
v -0.055547 0.533220 0.201409
v -0.055151 0.553718 0.164112
v -0.042289 0.560469 0.149609
v -0.066846 0.558679 0.145073
v -0.055177 0.564699 0.132221
v -0.055839 0.572918 0.093442
v -0.055939 0.576733 0.056834
v -0.055926 0.574875 0.019708
v -0.017168 0.512728 0.275323
v -0.017701 0.532242 0.296201
v -0.018760 0.497459 0.242493
v -0.011385 0.513775 0.229235
v -0.035338 0.517702 0.221773
v -0.021854 0.531504 0.207576
v -0.018556 0.553883 0.169940
v -0.018559 0.560979 0.151356
v -0.018624 0.568452 0.130515
v -0.018630 0.576435 0.093571
v -0.018614 0.578860 0.056844
v -0.018657 0.577606 0.019679
v -0.436954 0.285019 -0.060152
v -0.399132 0.208944 -0.060418
v -0.361330 0.132857 -0.060982
v -0.512452 0.437033 -0.061272
v -0.474765 0.361101 -0.060718
v -0.191245 0.309415 -0.009040
v -0.169428 0.302800 -0.020887
v -0.129541 0.286154 -0.018383
v -0.085072 0.276366 -0.018884
v -0.103591 0.280187 -0.018461
v -0.102650 0.279220 -0.045745
v -0.055280 0.271421 -0.019237
v -0.018411 0.269137 -0.019413
v -0.262012 0.377346 -0.017440
v -0.270792 0.400423 -0.017462
v -0.271470 0.435780 -0.017434
v -0.262985 0.461023 -0.017461
v -0.231094 0.340386 -0.017543
v -0.250743 0.359035 -0.017724
v -0.252149 0.478820 -0.017559
v -0.232946 0.497863 -0.017565
v -0.203264 0.321296 -0.020393
v -0.210219 0.515513 -0.017754
v -0.191744 0.526740 -0.017892
v -0.182849 0.314938 -0.035662
v -0.166417 0.539168 -0.018180
v -0.181826 0.316288 -0.040600
v -0.128238 0.554124 -0.018789
v -0.114839 0.560006 -0.005726
v -0.106591 0.555325 -0.032549
v -0.093818 0.561720 -0.019086
v -0.107150 0.557319 -0.041972
v -0.055400 0.568575 -0.019207
v -0.018495 0.570857 -0.019432
v 0.270456 0.006979 0.186836
v 0.269570 0.007392 0.169718
v 0.269449 0.007448 0.134145
v 0.270258 0.007071 0.115828
v 0.286682 -0.000588 0.193209
v 0.288358 -0.001369 0.169449
v 0.288462 -0.001418 0.134346
v 0.286792 -0.000639 0.108916
v 0.322354 -0.004844 0.194631
v 0.322638 -0.017354 0.170195
v 0.322567 -0.017321 0.133884
v 0.322598 -0.007138 0.106560
v 0.337022 0.003284 0.184773
v 0.342124 -0.004112 0.168887
v 0.342659 -0.005227 0.134682
v 0.338326 0.001245 0.117271
v 0.017936 0.304032 0.599592
v 0.035960 0.308079 0.597683
v 0.018171 0.325333 0.608368
v 0.017975 0.362135 0.614073
v 0.017975 0.397865 0.614073
v 0.018171 0.434667 0.608368
v 0.017936 0.455968 0.599592
v 0.051165 0.326823 0.602422
v 0.054525 0.362074 0.606794
v 0.054525 0.397926 0.606794
v 0.051165 0.433177 0.602422
v 0.035960 0.451921 0.597683
v 0.074203 0.340143 0.599993
v 0.077138 0.361954 0.601572
v 0.077138 0.398046 0.601572
v 0.074203 0.419857 0.599993
v 0.017811 0.257657 0.572518
v 0.017993 0.285640 0.591962
v 0.017817 0.225174 0.540407
v 0.017844 0.239490 0.558571
v 0.018087 0.197772 0.494619
v 0.018095 0.205403 0.513041
v 0.018225 0.188765 0.472847
v 0.018006 0.183211 0.436112
v 0.018000 0.183564 0.400096
v 0.018192 0.190321 0.363389
v 0.018122 0.198547 0.343517
v 0.018198 0.206338 0.324723
v 0.054372 0.262937 0.569297
v 0.050765 0.292909 0.588454
v 0.054366 0.228546 0.535068
v 0.054866 0.243659 0.554406
v 0.038601 0.199482 0.491340
v 0.052417 0.208864 0.506115
v 0.052372 0.195566 0.470301
v 0.062591 0.201531 0.480428
v 0.054713 0.189380 0.436305
v 0.054753 0.189712 0.399869
v 0.051248 0.196133 0.366647
v 0.060816 0.201774 0.356977
v 0.036701 0.199996 0.345926
v 0.051267 0.210417 0.330729
v 0.075629 0.269265 0.564059
v 0.088990 0.291403 0.570419
v 0.076276 0.233939 0.528720
v 0.088021 0.254841 0.542724
v 0.100231 0.280383 0.557524
v 0.089769 0.226594 0.507738
v 0.101234 0.239287 0.519113
v 0.072967 0.199554 0.456474
v 0.087901 0.209142 0.470382
v 0.075665 0.198052 0.436224
v 0.094315 0.205779 0.436246
v 0.075263 0.198198 0.399984
v 0.093868 0.205909 0.399918
v 0.072388 0.199918 0.381107
v 0.087459 0.210139 0.366661
v 0.088740 0.227693 0.329210
v 0.099623 0.240262 0.318224
v 0.109805 0.305223 0.563263
v 0.114669 0.264295 0.532881
v 0.126659 0.291555 0.544661
v 0.110394 0.234122 0.494191
v 0.124392 0.255047 0.505803
v 0.139270 0.280806 0.517927
v 0.116549 0.228729 0.472572
v 0.135519 0.244597 0.472890
v 0.121415 0.225664 0.435968
v 0.139654 0.240420 0.435991
v 0.121062 0.225971 0.400251
v 0.139233 0.240849 0.400241
v 0.115472 0.229636 0.363729
v 0.134938 0.245313 0.363165
v 0.109627 0.234658 0.343427
v 0.123589 0.256053 0.331633
v 0.138296 0.282481 0.319389
v 0.144896 0.305622 0.527654
v 0.145754 0.269490 0.493397
v 0.151833 0.291494 0.506941
v 0.150373 0.263841 0.472450
v 0.166485 0.289008 0.472540
v 0.153622 0.258626 0.435996
v 0.174255 0.291198 0.438041
v 0.153197 0.259044 0.400254
v 0.173680 0.291328 0.398801
v 0.150069 0.264474 0.363581
v 0.165587 0.288756 0.363466
v 0.144979 0.270451 0.344141
v 0.150397 0.292620 0.330086
v 0.181800 0.304279 0.427350
v 0.181328 0.304480 0.409859
v 0.017993 0.474360 0.591962
v 0.017811 0.502343 0.572518
v 0.017844 0.520510 0.558571
v 0.017817 0.534827 0.540407
v 0.018095 0.554597 0.513041
v 0.018087 0.562228 0.494619
v 0.018225 0.571235 0.472847
v 0.018006 0.576789 0.436112
v 0.018000 0.576436 0.400096
v 0.018192 0.569679 0.363389
v 0.018183 0.553625 0.324630
v 0.018122 0.561453 0.343517
v 0.060245 0.316251 0.596237
v 0.060245 0.443749 0.596237
v 0.050765 0.467091 0.588454
v 0.054372 0.497063 0.569297
v 0.054866 0.516341 0.554406
v 0.054366 0.531454 0.535068
v 0.052417 0.551136 0.506115
v 0.038601 0.560518 0.491340
v 0.062591 0.558469 0.480429
v 0.052372 0.564434 0.470301
v 0.054713 0.570620 0.436305
v 0.054753 0.570288 0.399869
v 0.060816 0.558226 0.356977
v 0.051248 0.563867 0.366647
v 0.051244 0.549565 0.330687
v 0.036701 0.560004 0.345926
v 0.088326 0.326849 0.588182
v 0.094393 0.362068 0.590060
v 0.094393 0.397932 0.590060
v 0.088326 0.433151 0.588182
v 0.088990 0.468597 0.570419
v 0.075629 0.490735 0.564059
v 0.100231 0.479617 0.557524
v 0.088021 0.505159 0.542724
v 0.076276 0.526061 0.528720
v 0.101234 0.520713 0.519113
v 0.089769 0.533406 0.507738
v 0.087901 0.550858 0.470382
v 0.072967 0.560446 0.456474
v 0.094315 0.554221 0.436246
v 0.075665 0.561948 0.436224
v 0.093868 0.554091 0.399918
v 0.075263 0.561802 0.399984
v 0.087459 0.549861 0.366661
v 0.072388 0.560082 0.381107
v 0.099572 0.519644 0.318105
v 0.088744 0.532270 0.329155
v 0.116742 0.325547 0.568559
v 0.122426 0.362195 0.571349
v 0.122426 0.397804 0.571349
v 0.116742 0.434453 0.568559
v 0.109805 0.454777 0.563263
v 0.136515 0.324926 0.554314
v 0.140562 0.362188 0.558568
v 0.140562 0.397812 0.558568
v 0.136515 0.435074 0.554314
v 0.126659 0.468445 0.544661
v 0.114669 0.495705 0.532881
v 0.139270 0.479194 0.517927
v 0.124392 0.504953 0.505803
v 0.110394 0.525878 0.494191
v 0.135519 0.515403 0.472890
v 0.116549 0.531271 0.472572
v 0.139654 0.519580 0.435991
v 0.121415 0.534336 0.435968
v 0.139233 0.519151 0.400241
v 0.121062 0.534029 0.400251
v 0.134938 0.514687 0.363165
v 0.115472 0.530364 0.363729
v 0.138232 0.477494 0.319276
v 0.123555 0.503925 0.331552
v 0.109627 0.525342 0.343427
v 0.150055 0.325575 0.534523
v 0.152741 0.362219 0.540348
v 0.152741 0.397781 0.540348
v 0.150055 0.434425 0.534523
v 0.144896 0.454378 0.527654
v 0.170047 0.327758 0.506200
v 0.171967 0.362024 0.511528
v 0.171967 0.397976 0.511528
v 0.170047 0.432242 0.506200
v 0.151833 0.468506 0.506941
v 0.145754 0.490510 0.493397
v 0.177978 0.316576 0.472173
v 0.177978 0.443424 0.472173
v 0.166485 0.470992 0.472540
v 0.150373 0.496159 0.472450
v 0.179300 0.309651 0.451103
v 0.179300 0.450349 0.451103
v 0.174255 0.468802 0.438041
v 0.153622 0.501374 0.435996
v 0.179108 0.310515 0.386130
v 0.179108 0.449485 0.386130
v 0.173680 0.468672 0.398801
v 0.153197 0.500956 0.400254
v 0.177764 0.317959 0.363873
v 0.177764 0.442041 0.363873
v 0.165587 0.471244 0.363466
v 0.150069 0.495526 0.363581
v 0.168162 0.328592 0.330546
v 0.170235 0.362100 0.325862
v 0.170183 0.397977 0.325802
v 0.168120 0.431384 0.330478
v 0.150364 0.467359 0.330022
v 0.144979 0.489549 0.344141
v 0.180870 0.342202 0.491156
v 0.182878 0.361891 0.494091
v 0.182878 0.398109 0.494091
v 0.180870 0.417798 0.491156
v 0.183537 0.334525 0.472667
v 0.187164 0.362027 0.472638
v 0.187164 0.397973 0.472638
v 0.183537 0.425475 0.472667
v 0.187211 0.322559 0.438210
v 0.194440 0.362139 0.436128
v 0.194440 0.397861 0.436128
v 0.187211 0.437441 0.438210
v 0.181800 0.455721 0.427350
v 0.186824 0.323165 0.398579
v 0.193689 0.362176 0.400068
v 0.193689 0.397824 0.400068
v 0.186824 0.436835 0.398579
v 0.181328 0.455520 0.409859
v 0.182974 0.336084 0.363471
v 0.186374 0.362010 0.363406
v 0.186374 0.397990 0.363406
v 0.182974 0.423916 0.363471
v 0.180403 0.343374 0.345722
v 0.181915 0.361926 0.343382
v 0.181915 0.398074 0.343382
v 0.180403 0.416626 0.345722
v 0.017871 0.226473 0.297910
v 0.017857 0.241878 0.279599
v 0.017650 0.261505 0.264498
v 0.016644 0.289228 0.246283
v 0.015837 0.309712 0.209715
v 0.018292 0.285248 0.167698
v 0.018643 0.271138 0.128620
v 0.018514 0.277107 0.146348
v 0.018668 0.263570 0.093578
v 0.018622 0.261139 0.056784
v 0.018618 0.262398 0.019592
v 0.054462 0.229821 0.303035
v 0.054898 0.246099 0.283728
v 0.054268 0.266139 0.268225
v 0.053532 0.298884 0.249621
v 0.053299 0.314175 0.210227
v 0.055492 0.287929 0.167783
v 0.055880 0.272307 0.123248
v 0.055618 0.278414 0.141085
v 0.055854 0.267095 0.093518
v 0.055908 0.263261 0.056814
v 0.055810 0.265114 0.019636
v 0.074459 0.234832 0.308694
v 0.086148 0.256379 0.294633
v 0.097746 0.281697 0.280173
v 0.073639 0.271409 0.272671
v 0.086053 0.295288 0.265720
v 0.091299 0.311059 0.194741
v 0.092728 0.295386 0.167129
v 0.081707 0.275039 0.116650
v 0.093464 0.280942 0.129102
v 0.093835 0.272202 0.093385
v 0.106178 0.277549 0.105014
v 0.093151 0.269538 0.056820
v 0.096090 0.271474 0.017271
v 0.109846 0.277026 0.003566
v 0.113570 0.265732 0.304490
v 0.125294 0.293352 0.292885
v 0.106948 0.309630 0.272674
v 0.114087 0.311792 0.186645
v 0.128307 0.304945 0.166878
v 0.130126 0.290101 0.130093
v 0.114532 0.275561 0.080934
v 0.127957 0.281288 0.093070
v 0.116937 0.274587 0.056803
v 0.135264 0.280027 0.056751
v 0.115555 0.275087 0.028145
v 0.128619 0.279606 0.017571
v 0.143925 0.307372 0.309614
v 0.155762 0.309384 0.154140
v 0.167921 0.304610 0.129903
v 0.167374 0.294569 0.093476
v 0.167251 0.290894 0.056732
v 0.167029 0.292944 0.020097
v 0.236358 0.038581 0.153881
v 0.236598 0.039084 0.153898
v 0.235516 0.038264 0.148468
v 0.236008 0.039316 0.148465
v 0.188757 0.311197 0.117294
v 0.194611 0.306785 0.093528
v 0.198178 0.304993 0.056722
v 0.196482 0.306372 0.020099
v 0.255545 0.018413 0.198914
v 0.263533 0.055701 0.190395
v 0.270285 0.080597 0.185992
v 0.241579 0.020444 0.170764
v 0.246846 0.052868 0.166820
v 0.265931 0.092347 0.169107
v 0.273231 0.114669 0.158588
v 0.241213 0.020615 0.132637
v 0.245940 0.052817 0.136165
v 0.265836 0.093748 0.133427
v 0.272868 0.114856 0.142934
v 0.253702 0.017951 0.102561
v 0.261937 0.055803 0.111094
v 0.269199 0.083287 0.116128
v 0.285655 0.019752 0.208305
v 0.287482 0.056577 0.204579
v 0.286685 0.094007 0.195189
v 0.299095 0.130313 0.191092
v 0.307275 0.158628 0.186540
v 0.275522 0.105696 0.180132
v 0.282657 0.128366 0.168869
v 0.302261 0.169499 0.170299
v 0.310264 0.192757 0.160688
v 0.275565 0.107634 0.122421
v 0.281794 0.128090 0.133616
v 0.299728 0.167306 0.134808
v 0.310700 0.190883 0.134884
v 0.285631 0.019735 0.091699
v 0.287661 0.056566 0.095376
v 0.285973 0.095549 0.106108
v 0.297447 0.130305 0.110398
v 0.307924 0.167796 0.116746
v 0.312652 0.185722 0.120141
v 0.017168 0.512728 0.275323
v 0.017701 0.532242 0.296201
v 0.018760 0.497459 0.242493
v 0.011385 0.513775 0.229235
v 0.035338 0.517702 0.221773
v 0.021854 0.531504 0.207576
v 0.018556 0.553883 0.169940
v 0.018559 0.560979 0.151356
v 0.018624 0.568452 0.130515
v 0.018630 0.576435 0.093571
v 0.018614 0.578860 0.056844
v 0.018657 0.577606 0.019679
v 0.053388 0.511979 0.281953
v 0.054284 0.529732 0.302228
v 0.059916 0.330117 0.238485
v 0.049245 0.493786 0.241486
v 0.062508 0.328662 0.225738
v 0.054180 0.518266 0.218803
v 0.055547 0.533220 0.201409
v 0.055151 0.553718 0.164112
v 0.042289 0.560469 0.149609
v 0.066846 0.558679 0.145073
v 0.055177 0.564699 0.132221
v 0.055839 0.572918 0.093442
v 0.055939 0.576733 0.056834
v 0.055926 0.574875 0.019708
v 0.094887 0.474045 0.276183
v 0.085468 0.502147 0.292844
v 0.074397 0.524952 0.308321
v 0.082300 0.335842 0.245932
v 0.088396 0.465546 0.251757
v 0.083991 0.489016 0.239660
v 0.089205 0.326180 0.214830
v 0.091623 0.515236 0.212068
v 0.092539 0.529185 0.193939
v 0.092844 0.544818 0.166696
v 0.092785 0.556953 0.137330
v 0.092941 0.561895 0.119127
v 0.093209 0.567881 0.093602
v 0.093037 0.570482 0.056789
v 0.093090 0.569233 0.019785
v 0.134781 0.326185 0.283183
v 0.133987 0.363892 0.276113
v 0.130545 0.397339 0.274004
v 0.131489 0.433097 0.280632
v 0.123776 0.465947 0.291529
v 0.113200 0.493967 0.303970
v 0.101018 0.348534 0.256468
v 0.114318 0.373751 0.241153
v 0.113682 0.398692 0.249997
v 0.122142 0.430009 0.248371
v 0.123653 0.466549 0.237313
v 0.118597 0.490008 0.225123
v 0.129123 0.330947 0.205081
v 0.139684 0.353571 0.219735
v 0.144291 0.485360 0.218796
v 0.131781 0.508083 0.204905
v 0.117649 0.526099 0.187919
v 0.138920 0.316284 0.178313
v 0.142006 0.521089 0.180129
v 0.130341 0.533807 0.168269
v 0.126862 0.552322 0.126857
v 0.111957 0.559641 0.112200
v 0.136087 0.556494 0.093299
v 0.117580 0.561435 0.093397
v 0.142037 0.557965 0.056703
v 0.123682 0.563413 0.056746
v 0.139166 0.557413 0.020069
v 0.120834 0.562848 0.019919
v 0.148519 0.325621 0.303144
v 0.150467 0.362502 0.296183
v 0.149390 0.397774 0.294635
v 0.147556 0.434000 0.301426
v 0.143754 0.452441 0.309220
v 0.148848 0.375425 0.228257
v 0.163333 0.403194 0.231009
v 0.167333 0.432463 0.230087
v 0.156819 0.462826 0.225922
v 0.165733 0.342426 0.193079
v 0.166663 0.363137 0.212030
v 0.180110 0.393883 0.217768
v 0.181021 0.442795 0.217699
v 0.168364 0.473212 0.212873
v 0.166385 0.496515 0.193679
v 0.167421 0.322611 0.166299
v 0.169038 0.515878 0.167467
v 0.158454 0.527934 0.156351
v 0.179764 0.315239 0.141125
v 0.182288 0.521959 0.144275
v 0.169669 0.534110 0.131987
v 0.167280 0.545482 0.093429
v 0.167112 0.549172 0.056704
v 0.166841 0.547142 0.020098
v 0.183265 0.416501 0.219671
v 0.183806 0.419686 0.219863
v 0.185084 0.348334 0.184204
v 0.200031 0.369383 0.189783
v 0.198835 0.403537 0.205064
v 0.198880 0.433097 0.205677
v 0.200931 0.467454 0.190958
v 0.187044 0.489243 0.185213
v 0.201482 0.340741 0.163322
v 0.212259 0.358439 0.173630
v 0.213278 0.478387 0.174870
v 0.202461 0.497692 0.164379
v 0.202205 0.324259 0.129417
v 0.203435 0.514208 0.131369
v 0.190949 0.526131 0.120627
v 0.212204 0.318609 0.093189
v 0.215277 0.519319 0.093126
v 0.197808 0.531096 0.093475
v 0.215931 0.316101 0.056690
v 0.218987 0.521832 0.056680
v 0.201617 0.533438 0.056728
v 0.213965 0.317936 0.020346
v 0.217009 0.520006 0.020361
v 0.199694 0.531692 0.020106
v 0.220438 0.384151 0.182671
v 0.223358 0.400686 0.185441
v 0.223755 0.435687 0.185831
v 0.221205 0.453594 0.183411
v 0.221045 0.348999 0.146904
v 0.227416 0.369002 0.162541
v 0.239626 0.400709 0.165757
v 0.240473 0.435623 0.165566
v 0.228710 0.467862 0.163462
v 0.222340 0.488567 0.148891
v 0.227201 0.343861 0.129142
v 0.246773 0.365504 0.129760
v 0.254962 0.401028 0.142444
v 0.255203 0.435341 0.143164
v 0.248342 0.471416 0.130210
v 0.229167 0.494303 0.129131
v 0.235877 0.336503 0.093100
v 0.253432 0.354702 0.092873
v 0.255036 0.483665 0.092713
v 0.237800 0.501509 0.093044
v 0.239895 0.332987 0.056752
v 0.256836 0.350584 0.056703
v 0.257233 0.486574 0.068181
v 0.245044 0.501732 0.056421
v 0.237404 0.335253 0.020305
v 0.254583 0.353063 0.020524
v 0.255510 0.484350 0.012853
v 0.242756 0.499723 0.022851
v 0.261776 0.377388 0.117839
v 0.266082 0.400548 0.125325
v 0.266289 0.435731 0.126125
v 0.262281 0.460505 0.119015
v 0.264613 0.372083 0.092888
v 0.275894 0.400845 0.092771
v 0.276556 0.435437 0.092758
v 0.265287 0.466688 0.092871
v 0.269343 0.367269 0.056750
v 0.283197 0.400623 0.056719
v 0.283867 0.435585 0.056726
v 0.268269 0.474808 0.056455
v 0.258419 0.487913 0.043974
v 0.266182 0.369987 0.020439
v 0.278634 0.401004 0.020544
v 0.279297 0.435256 0.020543
v 0.265360 0.472438 0.022906
v 0.257556 0.487256 0.036629
v 0.321544 0.020901 0.203109
v 0.321890 0.057691 0.207191
v 0.323446 0.094841 0.208980
v 0.325079 0.132093 0.205158
v 0.323794 0.171315 0.196149
v 0.335460 0.206422 0.191885
v 0.344227 0.236611 0.187072
v 0.313190 0.183304 0.181472
v 0.319022 0.205617 0.170027
v 0.338543 0.246671 0.171301
v 0.347133 0.270739 0.162396
v 0.319545 0.209920 0.134992
v 0.335139 0.243218 0.134765
v 0.347339 0.269483 0.134928
v 0.321516 0.021059 0.096866
v 0.321845 0.057720 0.092794
v 0.323492 0.094826 0.091008
v 0.325221 0.132084 0.094807
v 0.325917 0.169681 0.101236
v 0.329338 0.202222 0.111888
v 0.344545 0.243835 0.115693
v 0.349610 0.263401 0.119371
v 0.341942 0.022309 0.188354
v 0.356339 0.062250 0.192185
v 0.358638 0.096050 0.202611
v 0.359484 0.133597 0.206658
v 0.361216 0.170931 0.209535
v 0.362896 0.208177 0.205725
v 0.360915 0.248596 0.197132
v 0.371869 0.282529 0.192719
v 0.354777 0.022813 0.168559
v 0.367680 0.050317 0.168293
v 0.350701 0.260939 0.182658
v 0.355317 0.282816 0.171031
v 0.355910 0.022976 0.135018
v 0.368000 0.048734 0.135282
v 0.356220 0.288628 0.135085
v 0.343521 0.022293 0.113085
v 0.356953 0.060800 0.108984
v 0.358509 0.096113 0.097350
v 0.359368 0.133669 0.093306
v 0.361196 0.170922 0.090469
v 0.363030 0.208138 0.094238
v 0.363584 0.245846 0.099287
v 0.366521 0.279326 0.110774
v 0.372754 0.078095 0.184004
v 0.378228 0.098058 0.187480
v 0.393432 0.139406 0.191175
v 0.396741 0.172015 0.201958
v 0.397291 0.209629 0.206086
v 0.398973 0.247012 0.209911
v 0.400648 0.284403 0.206262
v 0.376521 0.069418 0.168519
v 0.390145 0.098693 0.168609
v 0.404341 0.129005 0.168401
v 0.376851 0.067871 0.135038
v 0.391268 0.098844 0.134952
v 0.404648 0.127401 0.135166
v 0.373931 0.075684 0.118081
v 0.379785 0.098008 0.113952
v 0.394066 0.137921 0.110027
v 0.396639 0.172055 0.098010
v 0.397129 0.209785 0.093857
v 0.398966 0.247014 0.090087
v 0.400798 0.284250 0.093685
v 0.409793 0.155858 0.183300
v 0.414804 0.174149 0.186489
v 0.425617 0.211507 0.192477
v 0.436812 0.245803 0.196825
v 0.435046 0.285850 0.205549
v 0.413206 0.148140 0.168599
v 0.425565 0.174657 0.168619
v 0.442145 0.211551 0.170729
v 0.447134 0.233575 0.182302
v 0.413540 0.146613 0.134941
v 0.426678 0.174856 0.134831
v 0.441364 0.206203 0.135064
v 0.411041 0.153446 0.118851
v 0.416406 0.174109 0.114980
v 0.431220 0.215016 0.111118
v 0.434318 0.248212 0.099897
v 0.434913 0.285832 0.094421
v 0.453444 0.258008 0.186909
v 0.462033 0.287614 0.191637
v 0.450513 0.223883 0.161878
v 0.458907 0.247679 0.171015
v 0.478493 0.288843 0.169692
v 0.450240 0.225333 0.134915
v 0.462061 0.250734 0.134835
v 0.479313 0.289200 0.132514
v 0.448088 0.231117 0.119602
v 0.453051 0.250183 0.116042
v 0.463748 0.287646 0.109904
v 0.487484 0.302012 0.160052
v 0.487720 0.301884 0.140948
v 0.382742 0.319874 0.186790
v 0.387898 0.338677 0.183517
v 0.371630 0.319342 0.168595
v 0.384378 0.346696 0.168572
v 0.370522 0.319158 0.134860
v 0.384045 0.348228 0.134973
v 0.381165 0.319920 0.114658
v 0.386673 0.341088 0.118612
v 0.401293 0.321968 0.202164
v 0.404291 0.354950 0.191497
v 0.419331 0.395952 0.187799
v 0.425044 0.416595 0.184252
v 0.393238 0.365824 0.168369
v 0.407067 0.395366 0.168549
v 0.422538 0.430878 0.164868
v 0.428047 0.451391 0.151150
v 0.392927 0.367421 0.135202
v 0.405942 0.395214 0.135015
v 0.422146 0.432220 0.138575
v 0.428260 0.451284 0.152036
v 0.401407 0.321924 0.097803
v 0.403663 0.356424 0.109695
v 0.417776 0.395997 0.113629
v 0.423880 0.419021 0.117828
v 0.436715 0.323096 0.209361
v 0.438443 0.360435 0.206830
v 0.439380 0.397942 0.202810
v 0.441368 0.432165 0.192467
v 0.455631 0.471761 0.188660
v 0.461017 0.492539 0.184760
v 0.430329 0.442063 0.173580
v 0.439407 0.467144 0.164726
v 0.457629 0.506182 0.164788
v 0.461964 0.524463 0.150617
v 0.430115 0.444050 0.130278
v 0.438347 0.467050 0.138713
v 0.457186 0.507342 0.138541
v 0.462337 0.523926 0.152724
v 0.436675 0.323107 0.090628
v 0.438497 0.360433 0.093157
v 0.439514 0.397876 0.097150
v 0.440749 0.433605 0.108702
v 0.454038 0.471768 0.112787
v 0.459768 0.494821 0.117336
v 0.473931 0.323086 0.195845
v 0.472869 0.361932 0.204979
v 0.474478 0.399189 0.208808
v 0.476125 0.436467 0.207371
v 0.476804 0.473146 0.203382
v 0.475939 0.501025 0.194697
v 0.484684 0.311197 0.181075
v 0.472378 0.519678 0.167148
v 0.454823 0.506070 0.144526
v 0.485056 0.308942 0.120806
v 0.472278 0.519725 0.136907
v 0.454680 0.503773 0.158611
v 0.474682 0.321446 0.105529
v 0.472727 0.362003 0.094978
v 0.474429 0.399203 0.091179
v 0.476181 0.436444 0.092613
v 0.476832 0.473014 0.096596
v 0.475656 0.503425 0.106573
v 0.490404 0.335992 0.186370
v 0.498394 0.363719 0.190846
v 0.511033 0.400410 0.194897
v 0.510584 0.437742 0.204405
v 0.511861 0.473857 0.208185
v 0.512313 0.501056 0.198719
v 0.495188 0.324816 0.169961
v 0.514832 0.366012 0.168496
v 0.522233 0.388891 0.179548
v 0.509735 0.502259 0.168959
v 0.495165 0.323333 0.132300
v 0.515726 0.366258 0.134142
v 0.522163 0.387002 0.123194
v 0.509634 0.502306 0.134788
v 0.491444 0.333097 0.115797
v 0.500067 0.363710 0.110674
v 0.511729 0.398899 0.106372
v 0.510422 0.437788 0.095550
v 0.511761 0.473707 0.091808
v 0.512276 0.501074 0.103227
v 0.527412 0.414052 0.185818
v 0.534164 0.438894 0.190198
v 0.542321 0.474535 0.197868
v 0.533398 0.491224 0.190612
v 0.524466 0.379936 0.157872
v 0.531577 0.402043 0.168687
v 0.550769 0.441905 0.166643
v 0.565002 0.475450 0.171408
v 0.535239 0.490366 0.169251
v 0.524881 0.379724 0.143868
v 0.531719 0.400668 0.133964
v 0.551705 0.441972 0.136418
v 0.566076 0.475580 0.132018
v 0.535488 0.490250 0.134552
v 0.528514 0.411431 0.116288
v 0.535750 0.438819 0.111271
v 0.543811 0.474615 0.103449
v 0.533747 0.491062 0.111617
v 0.561119 0.455874 0.153668
v 0.562231 0.458518 0.154078
v 0.561745 0.455623 0.148844
v 0.563081 0.458732 0.148461
v 0.018411 0.269137 -0.019413
v 0.055280 0.271421 -0.019237
v 0.085072 0.276366 -0.018884
v 0.103591 0.280187 -0.018461
v 0.102650 0.279220 -0.045745
v 0.129541 0.286154 -0.018383
v 0.169428 0.302800 -0.020887
v 0.191245 0.309415 -0.009040
v 0.018495 0.570857 -0.019432
v 0.055400 0.568575 -0.019207
v 0.106591 0.555325 -0.032549
v 0.093818 0.561720 -0.019086
v 0.107150 0.557319 -0.041972
v 0.128238 0.554124 -0.018789
v 0.114839 0.560006 -0.005725
v 0.182849 0.314938 -0.035662
v 0.166418 0.539168 -0.018180
v 0.181826 0.316288 -0.040600
v 0.203264 0.321296 -0.020393
v 0.210219 0.515513 -0.017754
v 0.191744 0.526740 -0.017892
v 0.231094 0.340386 -0.017543
v 0.250743 0.359035 -0.017724
v 0.252149 0.478820 -0.017559
v 0.232946 0.497863 -0.017565
v 0.262012 0.377347 -0.017440
v 0.270792 0.400423 -0.017462
v 0.271470 0.435780 -0.017434
v 0.262985 0.461023 -0.017461
v 0.361330 0.132857 -0.060982
v 0.399132 0.208944 -0.060418
v 0.436954 0.285019 -0.060152
v 0.474765 0.361101 -0.060718
v 0.512452 0.437033 -0.061272
vn 0.9847 -0.1692 0.0408
vn 0.8754 -0.4082 -0.2588
vn 0.9121 -0.3887 0.1303
vn 0.8043 -0.5930 0.0390
vn 0.8754 -0.4082 0.2588
vn 0.4226 0.9063 -0.0000
vn 0.3793 0.4453 -0.8111
vn 0.5442 0.7990 -0.2560
vn 0.4273 -0.1983 -0.8821
vn 0.7773 -0.3440 -0.5267
vn 0.5600 -0.2396 -0.7931
vn 0.8320 -0.3459 -0.4337
vn 0.7688 -0.3510 -0.5345
vn 0.4402 0.8979 0.0080
vn 0.9003 -0.4347 0.0237
vn 0.9510 -0.3086 0.0209
vn 0.8248 -0.5650 0.0219
vn 0.5624 0.7746 0.2893
vn 0.7513 -0.3443 0.5631
vn 0.8049 -0.3403 0.4861
vn 0.7598 -0.3001 0.5768
vn 0.3706 0.3923 0.8419
vn 0.4107 -0.1961 0.8904
vn 0.5528 -0.2346 0.7996
vn 0.2335 0.9413 -0.2439
vn -0.0981 0.3446 -0.9336
vn -0.0269 0.0041 -0.9996
vn 0.2455 -0.1201 -0.9619
vn 0.4274 -0.1781 -0.8863
vn 0.7293 -0.3894 -0.5626
vn 0.5444 -0.2287 -0.8070
vn 0.8185 -0.3453 -0.4592
vn 0.7636 -0.3184 -0.5618
vn 0.9021 -0.4312 0.0183
vn 0.9459 -0.3242 0.0128
vn 0.1961 0.9329 0.3022
vn 0.6957 -0.3874 0.6049
vn 0.7902 -0.3391 0.5104
vn 0.7471 -0.2991 0.5936
vn 0.8667 -0.4044 0.2921
vn -0.1197 0.3099 0.9432
vn -0.0265 0.0036 0.9996
vn 0.2334 -0.1083 0.9663
vn 0.4124 -0.1747 0.8941
vn 0.5357 -0.2223 0.8146
vn -0.6178 0.6537 -0.4370
vn -0.5957 0.2575 -0.7608
vn -0.4865 0.1830 -0.8543
vn -0.3040 0.1790 -0.9357
vn -0.0601 0.0048 -0.9982
vn 0.2243 -0.0994 -0.9694
vn 0.4077 -0.1758 -0.8960
vn 0.7001 -0.3965 -0.5939
vn -0.9310 0.3570 0.0756
vn 0.6459 0.7336 0.2111
vn -0.6391 0.7630 -0.0966
vn 0.5131 0.8550 -0.0757
vn -0.6405 0.5884 0.4935
vn 0.6861 -0.3816 0.6194
vn -0.5920 0.2529 0.7652
vn -0.4747 0.1810 0.8613
vn -0.2949 0.1699 0.9403
vn -0.0598 0.0046 0.9982
vn 0.2106 -0.0862 0.9738
vn 0.3910 -0.1726 0.9040
vn -0.8497 0.3564 -0.3885
vn -0.7902 0.3769 -0.4833
vn -0.7777 0.4252 -0.4631
vn -0.6104 0.2753 -0.7427
vn -0.5110 0.1865 -0.8391
vn -0.3285 0.2052 -0.9219
vn -0.0927 0.0073 -0.9957
vn -0.9649 0.2625 0.0096
vn -0.9054 0.4231 0.0347
vn -0.8268 0.5621 0.0233
vn -0.8856 0.4129 -0.2127
vn -0.8248 0.3538 0.4411
vn -0.8754 0.4082 0.2588
vn -0.7593 0.3777 0.5299
vn -0.7744 0.3754 0.5094
vn -0.6085 0.2738 0.7448
vn -0.5015 0.1849 0.8452
vn -0.3206 0.1976 0.9264
vn -0.0928 0.0068 0.9957
vn -0.8549 0.3620 -0.3717
vn -0.7993 0.3777 -0.4674
vn -0.7803 0.4359 -0.4484
vn -0.6327 0.2925 -0.7170
vn -0.5371 0.1886 -0.8222
vn -0.9583 0.2850 0.0207
vn -0.9052 0.4234 0.0354
vn -0.8293 0.5583 0.0246
vn -0.8856 0.4126 -0.2133
vn -0.8308 0.3594 0.4249
vn -0.7698 0.3781 0.5143
vn -0.7783 0.3856 0.4955
vn -0.6340 0.2935 0.7155
vn -0.5254 0.1916 0.8290
vn -0.8602 0.3663 -0.3549
vn -0.8202 0.3559 -0.4479
vn -0.9580 0.2860 0.0216
vn -0.9160 0.4001 0.0307
vn -0.9081 0.4172 0.0366
vn -0.8300 0.3682 0.4189
vn -0.7768 0.3443 0.5274
vn 0.8589 0.4657 -0.2133
vn 0.8820 0.2413 -0.4047
vn 0.9734 0.1581 -0.1656
vn 0.9383 -0.0177 -0.3453
vn 0.9799 -0.0163 -0.1988
vn 0.8740 -0.2724 -0.4023
vn 0.9684 -0.1993 -0.1502
vn 0.8507 -0.4816 -0.2105
vn 0.8948 0.4343 -0.1031
vn 0.9712 0.2190 -0.0943
vn 0.9932 -0.0170 -0.1156
vn 0.9597 -0.2639 -0.0963
vn 0.8948 -0.4343 -0.1031
vn 0.9616 0.2584 -0.0922
vn 0.9933 -0.0169 -0.1147
vn 0.9520 -0.2903 -0.0972
vn 0.8072 0.5835 -0.0892
vn 0.8605 0.4981 -0.1067
vn 0.9562 0.2684 -0.1166
vn 0.9934 -0.0166 -0.1132
vn 0.9479 -0.2975 -0.1141
vn 0.8463 -0.5216 -0.1079
vn 0.7854 -0.6123 -0.0907
vn 0.8046 0.5893 0.0734
vn 0.8984 0.4306 0.0859
vn 0.9575 0.2702 0.1005
vn 0.9953 -0.0165 0.0955
vn 0.9499 -0.2972 0.0963
vn 0.8994 -0.4290 0.0836
vn 0.7816 -0.6195 0.0729
vn 0.8298 -0.5579 0.0133
vn 0.5530 -0.2080 -0.8068
vn 0.8129 -0.3510 -0.4647
vn 0.6409 -0.2988 -0.7071
vn 0.8705 -0.3563 -0.3396
vn 0.7777 -0.4694 -0.4181
vn 0.9077 -0.4186 0.0297
vn 0.9239 -0.3824 0.0149
vn 0.8786 -0.4773 0.0149
vn 0.7780 -0.3353 0.5314
vn 0.7345 -0.3041 0.6067
vn 0.8550 -0.3993 0.3309
vn 0.5199 -0.2109 0.8278
vn 0.1512 -0.0297 -0.9881
vn 0.3719 -0.2181 -0.9023
vn 0.5448 -0.1893 -0.8169
vn 0.8197 -0.3572 -0.4479
vn 0.6399 -0.2981 -0.7083
vn 0.8602 -0.3552 -0.3658
vn 0.7692 -0.4640 -0.4394
vn 0.9081 -0.4173 0.0353
vn 0.9062 -0.4219 0.0278
vn 0.9071 -0.4200 0.0284
vn 0.6811 -0.3737 0.6297
vn 0.7755 -0.3439 0.5294
vn 0.8272 -0.3520 0.4379
vn 0.7554 -0.4284 0.4958
vn 0.1874 -0.0639 0.9802
vn 0.3702 -0.1706 0.9131
vn 0.5331 -0.1920 0.8240
vn 0.6409 -0.2988 0.7071
vn -0.3620 0.2186 -0.9062
vn -0.1374 0.0213 -0.9903
vn 0.1028 -0.0083 -0.9947
vn 0.3340 -0.2117 -0.9185
vn 0.5176 -0.1870 -0.8349
vn 0.8129 -0.3535 -0.4629
vn 0.6170 -0.2804 -0.7353
vn 0.8508 -0.3543 -0.3880
vn 0.7617 -0.4593 -0.4570
vn 0.9052 -0.4240 0.0286
vn 0.9062 -0.4218 0.0284
vn 0.9072 -0.4197 0.0286
vn 0.7856 -0.3472 0.5121
vn 0.8183 -0.3504 0.4556
vn 0.7483 -0.4248 0.5095
vn -0.3628 0.1686 0.9165
vn -0.1781 0.0597 0.9822
vn 0.1029 -0.0073 0.9947
vn 0.3266 -0.2038 0.9229
vn 0.5080 -0.1859 0.8410
vn 0.6156 -0.2795 0.7368
vn -0.7737 0.4695 -0.4255
vn -0.6409 0.2988 -0.7071
vn -0.5527 0.2002 -0.8090
vn -0.3910 0.2145 -0.8950
vn -0.1759 0.0531 -0.9830
vn 0.0701 -0.0057 -0.9975
vn 0.3111 -0.1865 -0.9319
vn 0.4956 -0.1830 -0.8490
vn 0.8078 -0.3491 -0.4749
vn 0.6040 -0.2626 -0.7525
vn 0.8433 -0.3479 -0.4096
vn -0.8798 0.4750 0.0187
vn 0.9049 -0.4246 0.0288
vn 0.9047 -0.4251 0.0283
vn -0.8520 0.3991 0.3389
vn -0.6808 0.3741 0.6297
vn -0.7314 0.3046 0.6102
vn 0.7807 -0.3436 0.5219
vn 0.8107 -0.3436 0.4740
vn -0.5150 0.2074 0.8317
vn -0.3844 0.1721 0.9070
vn -0.2035 0.0793 0.9759
vn 0.0700 -0.0053 0.9975
vn 0.3022 -0.1776 0.9366
vn 0.4842 -0.1813 0.8560
vn 0.6011 -0.2589 0.7561
vn -0.8683 0.3570 -0.3444
vn -0.8250 0.3600 -0.4357
vn -0.7844 0.4711 -0.4035
vn -0.6423 0.3000 -0.7053
vn -0.5603 0.2193 -0.7987
vn -0.4210 0.1771 -0.8896
vn -0.2385 0.1133 -0.9645
vn 0.0371 -0.0065 -0.9993
vn -0.0007 -0.4847 -0.8747
vn -0.9227 0.3851 0.0185
vn -0.9037 0.4261 0.0414
vn -0.8762 0.4820 0.0054
vn -0.7743 0.3343 0.5373
vn -0.8631 0.4028 0.3047
vn -0.6846 0.3790 0.6227
vn -0.7430 0.3009 0.5978
vn -0.5306 0.2186 0.8190
vn -0.4056 0.1740 0.8973
vn -0.2261 0.1011 0.9689
vn 0.0369 -0.0059 0.9993
vn 0.0272 -0.4544 0.8904
vn 0.5655 0.5536 -0.6114
vn 0.5092 0.8427 -0.1746
vn 0.5516 -0.2322 -0.8011
vn 0.8609 -0.3426 -0.3761
vn 0.7713 -0.4011 -0.4942
vn 0.4459 0.8949 0.0184
vn 0.9138 -0.4014 0.0619
vn 0.9540 -0.2914 0.0703
vn 0.8230 -0.5631 0.0746
vn 0.5806 0.7480 0.3216
vn 0.7292 -0.3499 0.5881
vn 0.7370 -0.2866 0.6122
vn 0.8626 -0.4030 0.3060
vn 0.4992 0.4419 0.7454
vn 0.5530 -0.2390 0.7982
vn 0.4942 0.4762 -0.7273
vn -0.1485 -0.0098 -0.9889
vn 0.4671 0.4781 -0.7438
vn 0.1576 -0.1847 -0.9701
vn 0.4071 0.9132 -0.0180
vn 0.2730 -0.1448 -0.9510
vn 0.4235 -0.1855 -0.8867
vn 0.7615 -0.3875 -0.5195
vn 0.5521 -0.2071 -0.8077
vn 0.8485 -0.3507 -0.3964
vn 0.6728 -0.3256 -0.6643
vn 0.8765 -0.3899 -0.2825
vn 0.8080 -0.4598 -0.3685
vn 0.9044 -0.4202 0.0745
vn 0.9250 -0.3768 0.0496
vn 0.8768 -0.4783 0.0500
vn 0.3837 0.9205 0.0738
vn 0.6845 -0.3678 0.6295
vn 0.7580 -0.3300 0.5626
vn 0.7235 -0.2974 0.6230
vn 0.8507 -0.3972 0.3444
vn 0.5260 -0.2154 0.8227
vn -0.2087 0.1336 -0.9688
vn -0.1851 0.1577 -0.9700
vn 0.2346 -0.1094 0.9659
vn 0.1114 -0.0920 -0.9895
vn 0.0811 -0.1751 -0.9812
vn -0.1423 0.9701 -0.1965
vn -0.4694 0.1680 -0.8668
vn -0.3262 0.1898 -0.9261
vn 0.2062 -0.0856 -0.9748
vn 0.3922 -0.2331 -0.8899
vn 0.5428 -0.1843 -0.8194
vn 0.8495 -0.3654 -0.3806
vn -0.0307 0.9989 0.0345
vn 0.9014 -0.4243 0.0862
vn -0.2424 0.9123 0.3302
vn 0.6789 -0.3590 0.6404
vn 0.7451 -0.3257 0.5820
vn -0.4279 0.1691 0.8879
vn 0.5080 -0.2025 0.8372
vn -0.2346 0.1094 -0.9659
vn -0.2194 0.1225 -0.9679
vn 0.0013 -0.1101 -0.9939
vn 0.0452 -0.0992 -0.9940
vn -0.8215 0.3515 -0.4490
vn -0.7626 0.4929 -0.4188
vn -0.5760 0.2484 -0.7788
vn -0.4874 0.1920 -0.8518
vn -0.3521 0.2098 -0.9121
vn 0.1635 -0.0547 -0.9850
vn -0.9014 0.4229 0.0929
vn -0.8812 0.4651 0.0850
vn -0.7056 0.3296 0.6273
vn -0.8070 0.3771 0.4544
vn -0.6610 0.3345 0.6717
vn -0.6852 0.3046 0.6616
vn -0.4701 0.1751 0.8651
vn -0.8714 0.3539 -0.3397
vn -0.8307 0.3549 -0.4289
vn -0.7759 0.4845 -0.4040
vn -0.5933 0.2615 -0.7613
vn -0.5071 0.1967 -0.8391
vn -0.3600 0.2260 -0.9052
vn -0.9147 0.3963 0.0796
vn -0.9004 0.4237 0.0986
vn -0.8815 0.4660 0.0769
vn -0.7143 0.3156 0.6246
vn -0.8192 0.3832 0.4267
vn -0.6663 0.3410 0.6632
vn -0.6948 0.3039 0.6519
vn -0.4838 0.1852 0.8554
vn -0.8751 0.3596 -0.3240
vn -0.8374 0.3590 -0.4122
vn -0.7886 0.4747 -0.3909
vn -0.6563 0.3114 -0.6872
vn -0.9171 0.3921 0.0725
vn -0.9008 0.4239 0.0941
vn -0.8799 0.4703 0.0676
vn -0.7262 0.3193 0.6089
vn -0.8318 0.3888 0.3962
vn -0.6711 0.3477 0.6548
vn -0.8760 0.3693 -0.3103
vn -0.9199 0.3869 0.0644
vn 0.8596 0.4997 0.1065
vn 0.8948 0.4343 0.1031
vn 0.9606 0.2618 0.0935
vn 0.9933 -0.0167 0.1148
vn 0.9541 -0.2848 0.0927
vn 0.8948 -0.4343 0.1031
vn 0.8455 -0.5227 0.1089
vn 0.9693 0.2266 0.0956
vn 0.9932 -0.0168 0.1153
vn 0.9631 -0.2508 0.0972
vn 0.8542 0.4889 0.1770
vn 0.9799 0.1411 0.1411
vn 0.9839 -0.0176 0.1781
vn 0.9752 -0.1680 0.1440
vn 0.8533 -0.4909 0.1757
vn 0.8826 0.2512 0.3973
vn 0.9283 0.1414 0.3438
vn 0.9704 -0.0232 0.2403
vn 0.9254 -0.1616 0.3429
vn 0.8823 -0.2791 0.3789
vn 0.8896 -0.0241 0.4560
vn 0.6618 -0.3161 -0.6797
vn 0.8763 -0.3763 -0.3008
vn 0.7951 -0.4696 -0.3839
vn 0.9215 -0.3837 0.0596
vn 0.8790 -0.4728 0.0620
vn 0.7114 -0.3009 0.6351
vn 0.8384 -0.3918 0.3789
vn 0.3801 -0.2245 -0.8973
vn 0.5535 -0.1906 -0.8107
vn 0.8410 -0.3612 -0.4029
vn 0.6515 -0.3074 -0.6936
vn 0.8756 -0.3642 -0.3173
vn 0.7826 -0.4794 -0.3970
vn 0.9010 -0.4240 0.0916
vn 0.9185 -0.3895 0.0684
vn 0.8807 -0.4682 0.0721
vn 0.6738 -0.3515 0.6500
vn 0.7326 -0.3214 0.5999
vn 0.7003 -0.3032 0.6463
vn 0.8259 -0.3862 0.4109
vn 0.4917 -0.1909 0.8496
vn -0.1314 0.0195 -0.9911
vn 0.1071 -0.0099 -0.9942
vn 0.3409 -0.2230 -0.9133
vn 0.4974 -0.1939 -0.8456
vn 0.8341 -0.3572 -0.4204
vn 0.5836 -0.2543 -0.7712
vn 0.8746 -0.3554 -0.3298
vn 0.7700 -0.4893 -0.4096
vn 0.9006 -0.4238 0.0963
vn 0.9159 -0.3942 0.0760
vn 0.8824 -0.4635 0.0810
vn 0.6688 -0.3445 0.6588
vn 0.7206 -0.3175 0.6164
vn 0.6902 -0.3043 0.6565
vn 0.8133 -0.3806 0.4401
vn 0.4772 -0.1804 0.8601
vn -0.0659 0.1400 -0.9880
vn -0.2346 0.1094 0.9659
vn 0.2346 -0.1094 -0.9659
vn 0.2023 -0.1391 -0.9694
vn -0.5580 0.1984 -0.8058
vn -0.3931 0.2220 -0.8923
vn -0.1848 0.0696 -0.9803
vn 0.3399 -0.1999 -0.9190
vn 0.4789 -0.1907 -0.8569
vn 0.8280 -0.3532 -0.4355
vn 0.5706 -0.2446 -0.7840
vn 0.8680 -0.3611 -0.3408
vn 0.7715 -0.4645 -0.4348
vn 0.9050 -0.4153 0.0918
vn 0.9116 -0.4007 0.0914
vn 0.8944 -0.4214 -0.1496
vn 0.9479 -0.3065 0.0870
vn -0.7053 0.3023 0.6412
vn 0.6641 -0.3381 0.6668
vn 0.7227 -0.3360 0.6040
vn 0.7722 -0.3613 0.5226
vn 0.7617 -0.3056 0.5714
vn -0.4991 0.1962 0.8440
vn 0.4598 -0.1873 0.8680
vn 0.5900 -0.2606 0.7642
vn -0.0575 0.0980 -0.9935
vn -0.0909 0.2033 -0.9749
vn 0.2344 -0.1093 -0.9660
vn 0.1713 -0.1743 -0.9697
vn -0.8447 0.3631 -0.3932
vn -0.8010 0.4650 -0.3771
vn -0.6669 0.3205 -0.6727
vn -0.5458 0.1970 -0.8144
vn -0.4133 0.1860 -0.8914
vn -0.2623 0.1330 -0.9558
vn 0.3155 -0.1806 -0.9316
vn 0.4147 -0.2216 -0.8826
vn 0.7943 -0.3828 -0.4717
vn -0.9012 0.4241 0.0891
vn -0.8780 0.4753 0.0566
vn -0.7385 0.3234 0.5917
vn -0.8442 0.3944 0.3631
vn -0.6762 0.3550 0.6456
vn -0.7168 0.2995 0.6297
vn 0.6840 -0.3788 0.6234
vn -0.5162 0.2084 0.8307
vn 0.3956 -0.1807 0.9005
vn -0.1556 0.0884 -0.9839
vn -0.1982 0.1598 -0.9671
vn 0.0603 0.0228 -0.9979
vn 0.2572 -0.3182 -0.9125
vn -0.8765 0.3825 -0.2923
vn -0.8419 0.3531 -0.4080
vn -0.7453 0.3920 -0.5393
vn -0.7713 0.3825 -0.5087
vn -0.5371 0.2221 -0.8138
vn -0.4330 0.1852 -0.8821
vn -0.2798 0.1553 -0.9474
vn -0.9230 0.3809 0.0554
vn -0.9066 0.4158 0.0721
vn -0.8273 0.5588 0.0583
vn -0.8754 0.4082 -0.2588
vn -0.7510 0.3276 0.5733
vn -0.8564 0.3998 0.3267
vn -0.6814 0.3628 0.6357
vn -0.7297 0.2952 0.6168
vn -0.5344 0.2213 0.8157
vn -0.4070 0.1708 0.8973
vn 0.7091 0.4808 -0.5157
vn 0.7394 0.2705 -0.6165
vn 0.8029 0.2534 -0.5396
vn 0.8090 -0.0191 -0.5875
vn 0.8094 -0.0190 -0.5870
vn 0.7363 -0.3003 -0.6064
vn 0.7938 -0.2848 -0.5374
vn 0.7091 -0.4808 -0.5157
vn 0.6586 0.1963 -0.7264
vn 0.4740 -0.0266 -0.8801
vn 0.8266 -0.0256 -0.5622
vn 0.6574 -0.1967 -0.7274
vn 0.5836 0.6507 -0.4857
vn 0.6161 0.4910 -0.6159
vn 0.7091 0.4829 -0.5138
vn 0.6966 0.3599 -0.6207
vn 0.7763 0.2926 -0.5583
vn 0.8088 -0.0181 -0.5878
vn 0.6946 -0.3886 -0.6054
vn 0.7664 -0.3228 -0.5554
vn 0.6052 -0.5039 -0.6163
vn 0.7087 -0.4957 -0.5020
vn 0.5745 -0.6668 -0.4746
vn 0.5816 0.6948 -0.4230
vn 0.6927 0.5509 -0.4654
vn 0.6749 -0.5723 -0.4658
vn 0.5816 -0.6948 -0.4230
vn 0.4907 0.5182 -0.7005
vn 0.5170 0.2954 -0.8034
vn 0.5600 0.3283 -0.7607
vn 0.5730 -0.0200 -0.8193
vn 0.5152 -0.3246 -0.7932
vn 0.5407 -0.3589 -0.7608
vn 0.4907 -0.5182 -0.7005
vn 0.4119 0.7358 -0.5375
vn 0.4409 0.5985 -0.6689
vn 0.4412 -0.6202 -0.6486
vn 0.4100 -0.7361 -0.5385
vn 0.3669 0.8520 -0.3736
vn 0.3917 0.7426 -0.5432
vn 0.5693 0.7255 -0.3867
vn 0.3861 -0.7612 -0.5211
vn 0.5434 -0.7457 -0.3855
vn 0.4673 0.5074 -0.7239
vn 0.4305 0.2700 -0.8613
vn 0.6203 0.2803 -0.7326
vn 0.5098 -0.0205 -0.8600
vn 0.5733 -0.0211 -0.8191
vn 0.4241 -0.3102 -0.8509
vn 0.6082 -0.3122 -0.7298
vn 0.4606 -0.5071 -0.7285
vn 0.3952 0.7237 -0.5657
vn 0.4426 0.5738 -0.6891
vn 0.4923 0.5917 -0.6384
vn 0.4561 -0.5761 -0.6783
vn 0.4752 -0.6117 -0.6325
vn 0.3918 -0.7296 -0.5605
vn 0.3127 0.8411 -0.4413
vn 0.3846 0.7369 -0.5559
vn 0.3865 0.7554 -0.5292
vn 0.3693 -0.7530 -0.5446
vn 0.3847 -0.7625 -0.5201
vn 0.2988 0.8537 -0.4265
vn 0.1561 0.6962 -0.7007
vn 0.1782 0.5462 -0.8185
vn 0.2958 0.6047 -0.7395
vn 0.2014 0.3377 -0.9195
vn 0.2201 -0.0221 -0.9752
vn 0.1946 -0.3716 -0.9078
vn 0.1782 -0.5462 -0.8185
vn 0.2690 -0.5988 -0.7544
vn 0.1445 -0.7187 -0.6801
vn 0.1442 0.8349 -0.5311
vn 0.1397 0.7543 -0.6415
vn 0.2974 0.7649 -0.5714
vn 0.1862 -0.7676 -0.6133
vn 0.1859 0.8723 -0.4523
vn 0.2026 -0.8358 -0.5103
vn 0.1712 0.9320 -0.3195
vn 0.1920 0.8667 -0.4604
vn 0.2761 0.8826 -0.3805
vn 0.2082 0.2071 -0.9559
vn 0.1007 -0.0303 -0.9945
vn 0.3790 -0.0324 -0.9248
vn 0.2082 -0.2071 -0.9559
vn 0.1607 0.7320 -0.6621
vn 0.2358 0.3453 -0.9084
vn 0.2372 -0.3843 -0.8922
vn 0.1687 -0.5568 -0.8133
vn 0.1524 -0.7426 -0.6522
vn 0.1173 0.8457 -0.5207
vn 0.1397 -0.7543 -0.6415
vn 0.1369 -0.7941 -0.5921
vn 0.1049 0.8700 -0.4818
vn 0.0759 0.9342 -0.3485
vn 0.0912 0.9030 -0.4198
vn -0.0000 0.5800 -0.8146
vn -0.0000 0.0779 -0.9970
vn 0.2430 0.3106 -0.9190
vn -0.0000 -0.0161 -0.9999
vn -0.0000 -0.0693 -0.9976
vn 0.2536 -0.3447 -0.9038
vn -0.0000 -0.6344 -0.7730
vn -0.0000 0.7615 -0.6482
vn -0.0000 0.5577 -0.8301
vn -0.0000 -0.5779 -0.8161
vn -0.0000 -0.7618 -0.6478
vn -0.0000 0.8619 -0.5072
vn -0.0000 0.7623 -0.6473
vn -0.0000 -0.7623 -0.6473
vn -0.0000 0.8749 -0.4843
vn -0.0000 0.9369 -0.3496
vn -0.0000 0.9128 -0.4083
vn 0.3631 -0.8540 -0.3727
vn 0.3019 -0.8508 -0.4302
vn 0.2988 -0.8537 -0.4265
vn 0.1921 -0.8664 -0.4609
vn 0.1828 -0.8835 -0.4313
vn 0.2381 -0.8975 -0.3712
vn 0.1675 -0.9345 -0.3141
vn 0.1140 -0.8571 -0.5024
vn 0.1049 -0.8700 -0.4818
vn 0.0878 -0.9178 -0.3872
vn 0.0759 -0.9342 -0.3485
vn -0.0000 -0.8722 -0.4892
vn -0.0000 -0.8749 -0.4843
vn -0.0000 -0.9270 -0.3750
vn -0.0000 -0.9369 -0.3495
vn 0.2268 0.9689 -0.0993
vn 0.2490 0.9570 -0.1489
vn 0.2869 0.9520 -0.1063
vn 0.2245 0.9723 -0.0655
vn 0.3020 0.9506 -0.0712
vn 0.2130 0.9767 -0.0272
vn 0.3166 0.9478 -0.0365
vn 0.2123 0.9769 0.0231
vn 0.3167 0.9480 0.0307
vn 0.1479 0.9790 -0.1405
vn 0.1766 0.9638 -0.1997
vn 0.2294 0.9589 -0.1668
vn 0.1497 0.9830 -0.1063
vn 0.1585 0.9847 -0.0722
vn 0.1676 0.9857 -0.0196
vn 0.1701 0.9853 0.0137
vn 0.0739 0.9787 -0.1916
vn 0.0821 0.9655 -0.2472
vn 0.1483 0.9660 -0.2117
vn 0.0794 0.9866 -0.1428
vn 0.0845 0.9897 -0.1160
vn 0.0745 0.9953 -0.0620
vn 0.0571 0.9981 -0.0222
vn 0.0560 0.9983 0.0149
vn -0.0000 0.9797 -0.2006
vn -0.0000 0.9717 -0.2361
vn -0.0000 0.9906 -0.1366
vn -0.0000 0.9918 -0.1277
vn -0.0000 0.9992 -0.0404
vn -0.0000 0.9996 -0.0265
vn -0.0000 0.9998 0.0203
vn 0.7960 0.4533 -0.4011
vn 0.8007 0.2529 -0.5431
vn 0.9285 0.1851 -0.3220
vn 0.8603 -0.0186 -0.5095
vn 0.9372 -0.0175 -0.3483
vn 0.7883 -0.2734 -0.5513
vn 0.9300 -0.2019 -0.3071
vn 0.7865 -0.4781 -0.3909
vn 0.8372 0.4504 -0.3102
vn 0.9184 0.2556 -0.3020
vn 0.9372 -0.0176 -0.3483
vn 0.9104 -0.2826 -0.3022
vn 0.8372 -0.4504 -0.3102
vn 0.7140 0.6464 -0.2690
vn 0.7912 0.5215 -0.3194
vn -0.8283 -0.5513 0.0994
vn -0.1608 -0.9705 0.1796
vn 0.0094 -0.9994 0.0323
vn -0.0355 -0.9934 -0.1088
vn -0.5760 -0.6998 0.4225
vn -0.5392 -0.8420 0.0165
vn -0.5466 -0.7662 -0.3379
vn 0.4226 -0.9063 -0.0000
vn 0.5887 -0.6067 -0.5342
vn 0.2765 -0.9293 0.2450
vn 0.3067 -0.9338 -0.1845
vn -0.9215 -0.3837 0.0596
vn -0.8763 -0.3763 -0.3008
vn -0.7326 -0.3214 0.5999
vn -0.6738 -0.3515 0.6500
vn -0.8384 -0.3918 0.3789
vn -0.7114 -0.3009 0.6351
vn -0.9185 -0.3895 0.0684
vn -0.9010 -0.4240 0.0916
vn -0.8790 -0.4728 0.0620
vn -0.8756 -0.3642 -0.3173
vn -0.8410 -0.3612 -0.4029
vn -0.7951 -0.4696 -0.3839
vn -0.6618 -0.3161 -0.6798
vn -0.4917 -0.1909 0.8496
vn 0.8330 0.4702 -0.2915
vn -0.7206 -0.3175 0.6164
vn -0.6688 -0.3445 0.6588
vn -0.8259 -0.3862 0.4109
vn -0.7003 -0.3032 0.6463
vn -0.9159 -0.3942 0.0760
vn -0.9006 -0.4238 0.0963
vn -0.8807 -0.4682 0.0721
vn -0.8746 -0.3554 -0.3298
vn -0.8341 -0.3572 -0.4204
vn -0.7826 -0.4794 -0.3970
vn -0.6515 -0.3074 -0.6936
vn -0.5535 -0.1906 -0.8107
vn -0.3801 -0.2245 -0.8973
vn -0.4772 -0.1804 0.8601
vn 0.8977 0.2735 -0.3455
vn 0.9376 -0.0177 -0.3473
vn 0.8908 -0.3016 -0.3398
vn -0.7722 -0.3613 0.5226
vn -0.7227 -0.3360 0.6040
vn -0.6641 -0.3381 0.6668
vn -0.8133 -0.3806 0.4401
vn -0.6902 -0.3043 0.6565
vn -0.9479 -0.3065 0.0870
vn -0.9116 -0.4007 0.0914
vn -0.9050 -0.4153 0.0918
vn -0.8824 -0.4635 0.0810
vn -0.8680 -0.3611 -0.3408
vn -0.8280 -0.3532 -0.4355
vn -0.7700 -0.4893 -0.4096
vn -0.5836 -0.2543 -0.7712
vn -0.4974 -0.1939 -0.8456
vn -0.3409 -0.2230 -0.9133
vn -0.1071 -0.0099 -0.9942
vn 0.1314 0.0195 -0.9911
vn -0.2346 -0.1094 -0.9659
vn -0.5900 -0.2606 0.7642
vn -0.4598 -0.1873 0.8680
vn 0.7771 -0.5409 -0.3218
vn 0.8312 -0.4784 -0.2834
vn 0.7021 -0.6626 -0.2608
vn 0.7191 0.6516 -0.2414
vn 0.4991 0.1962 0.8440
vn -0.6840 -0.3788 0.6234
vn -0.8754 -0.4082 0.2588
vn -0.7617 -0.3056 0.5714
vn 0.6762 0.3550 0.6456
vn 0.7384 0.3234 0.5917
vn 0.7053 0.3023 0.6412
vn -0.8944 -0.4214 -0.1496
vn 0.9012 0.4241 0.0891
vn -0.7943 -0.3828 -0.4717
vn -0.7715 -0.4645 -0.4348
vn -0.5706 -0.2446 -0.7840
vn -0.4789 -0.1907 -0.8569
vn -0.3399 -0.1999 -0.9190
vn 0.1848 0.0696 -0.9803
vn 0.3931 0.2220 -0.8923
vn 0.8447 0.3631 -0.3932
vn 0.5580 0.1984 -0.8058
vn -0.2023 -0.1391 -0.9694
vn 0.0575 0.0980 -0.9935
vn 0.2346 0.1094 0.9659
vn 0.0659 0.1400 -0.9880
vn -0.3956 -0.1807 0.9005
vn 0.8275 0.5151 -0.2234
vn 0.8213 -0.5194 -0.2360
vn 0.7199 -0.6495 -0.2446
vn 0.6413 0.7628 -0.0830
vn 0.5162 0.2084 0.8307
vn 0.6814 0.3628 0.6357
vn 0.7510 0.3276 0.5733
vn 0.7168 0.2995 0.6297
vn 0.8442 0.3944 0.3631
vn 0.9066 0.4158 0.0721
vn 0.9230 0.3809 0.0554
vn 0.8780 0.4753 0.0566
vn -0.4147 -0.2216 -0.8826
vn -0.3155 -0.1806 -0.9316
vn 0.2623 0.1330 -0.9558
vn 0.7453 0.3920 -0.5393
vn 0.4133 0.1860 -0.8914
vn 0.8419 0.3531 -0.4080
vn 0.5458 0.1970 -0.8144
vn 0.8765 0.3825 -0.2923
vn 0.6669 0.3205 -0.6727
vn 0.8010 0.4650 -0.3771
vn -0.2572 -0.3182 -0.9125
vn -0.1713 -0.1743 -0.9697
vn 0.1556 0.0884 -0.9839
vn -0.2344 -0.1093 -0.9660
vn 0.0909 0.2033 -0.9749
vn -0.7292 -0.3499 0.5881
vn -0.5806 0.7480 0.3216
vn -0.9540 -0.2914 0.0703
vn -0.9138 -0.4014 0.0619
vn -0.4459 0.8949 0.0184
vn -0.8609 -0.3426 -0.3761
vn -0.5092 0.8427 -0.1746
vn -0.5530 -0.2390 0.7982
vn -0.4992 0.4419 0.7454
vn -0.7580 -0.3300 0.5626
vn -0.6845 -0.3678 0.6295
vn -0.8626 -0.4030 0.3060
vn -0.7370 -0.2866 0.6122
vn -0.4226 0.9063 -0.0000
vn -0.9250 -0.3768 0.0496
vn -0.9044 -0.4202 0.0745
vn -0.8230 -0.5631 0.0746
vn -0.8754 -0.4082 -0.2588
vn -0.8765 -0.3899 -0.2825
vn -0.8485 -0.3507 -0.3964
vn -0.7615 -0.3875 -0.5195
vn -0.7713 -0.4011 -0.4942
vn -0.5516 -0.2322 -0.8011
vn -0.5655 0.5536 -0.6114
vn -0.4671 0.4781 -0.7438
vn -0.5260 -0.2154 0.8227
vn 0.6973 0.6985 -0.1609
vn 0.7571 0.6475 -0.0872
vn 0.8319 0.5436 -0.1119
vn -0.7451 -0.3257 0.5820
vn -0.6789 -0.3590 0.6404
vn -0.8507 -0.3972 0.3444
vn -0.7235 -0.2974 0.6230
vn -0.3837 0.9205 0.0738
vn -0.9014 -0.4243 0.0862
vn -0.8768 -0.4783 0.0500
vn -0.8495 -0.3653 -0.3806
vn -0.8080 -0.4598 -0.3685
vn -0.6728 -0.3256 -0.6643
vn -0.5521 -0.2071 -0.8077
vn -0.4235 -0.1855 -0.8867
vn -0.2730 -0.1448 -0.9510
vn -0.4071 0.9132 -0.0180
vn -0.1114 -0.0920 -0.9895
vn -0.1576 -0.1847 -0.9701
vn 0.2087 0.1336 -0.9688
vn 0.1485 -0.0098 -0.9889
vn -0.4942 0.4762 -0.7273
vn -0.5080 -0.2025 0.8372
vn 0.8179 -0.5674 -0.0951
vn 0.7560 -0.6485 -0.0891
vn 0.6275 0.7750 -0.0757
vn 0.4279 0.1691 0.8879
vn 0.6610 0.3345 0.6717
vn 0.7056 0.3296 0.6273
vn 0.2424 0.9123 0.3302
vn 0.9014 0.4229 0.0929
vn 0.0307 0.9989 0.0345
vn -0.5428 -0.1843 -0.8194
vn -0.3922 -0.2331 -0.8899
vn -0.2062 -0.0856 -0.9748
vn 0.3262 0.1898 -0.9261
vn 0.8215 0.3515 -0.4490
vn 0.4694 0.1680 -0.8668
vn 0.1423 0.9701 -0.1965
vn -0.0013 -0.1101 -0.9939
vn -0.0811 -0.1751 -0.9812
vn 0.2346 0.1094 -0.9659
vn -0.2346 -0.1094 0.9659
vn 0.1851 0.1577 -0.9700
vn 0.8291 0.5482 -0.1101
vn 0.8039 -0.5849 -0.1078
vn 0.6992 -0.7096 -0.0877
vn 0.4701 0.1751 0.8651
vn 0.6663 0.3410 0.6632
vn 0.7143 0.3156 0.6246
vn 0.6852 0.3046 0.6616
vn 0.8070 0.3771 0.4544
vn 0.9004 0.4237 0.0986
vn 0.9147 0.3963 0.0796
vn 0.8812 0.4651 0.0850
vn -0.1635 -0.0547 -0.9850
vn 0.3521 0.2098 -0.9121
vn 0.8307 0.3549 -0.4289
vn 0.4873 0.1920 -0.8518
vn 0.8714 0.3539 -0.3397
vn 0.5760 0.2484 -0.7788
vn 0.7626 0.4929 -0.4188
vn -0.0452 -0.0992 -0.9940
vn 0.2194 0.1225 -0.9679
vn 0.7571 -0.6475 -0.0872
vn 0.4838 0.1852 0.8554
vn 0.6711 0.3477 0.6548
vn 0.7262 0.3193 0.6089
vn 0.6948 0.3039 0.6519
vn 0.8192 0.3832 0.4267
vn 0.9008 0.4239 0.0941
vn 0.9171 0.3921 0.0725
vn 0.8815 0.4660 0.0769
vn 0.3600 0.2260 -0.9052
vn 0.8374 0.3590 -0.4122
vn 0.5071 0.1967 -0.8391
vn 0.8751 0.3596 -0.3240
vn 0.5933 0.2615 -0.7613
vn 0.7759 0.4845 -0.4040
vn 0.8318 0.3888 0.3962
vn 0.9199 0.3869 0.0644
vn 0.8799 0.4703 0.0676
vn 0.8760 0.3693 -0.3103
vn 0.6563 0.3114 -0.6872
vn 0.7886 0.4747 -0.3909
vn -0.9704 -0.0232 0.2403
vn -0.9752 -0.1680 0.1440
vn -0.9839 -0.0176 0.1781
vn -0.9799 0.1411 0.1411
vn -0.9631 -0.2509 0.0972
vn -0.9932 -0.0168 0.1153
vn -0.9693 0.2266 0.0956
vn -0.9541 -0.2848 0.0927
vn -0.9933 -0.0167 0.1148
vn -0.9606 0.2618 0.0935
vn -0.7780 -0.3353 0.5314
vn -0.9239 -0.3824 0.0149
vn -0.9077 -0.4186 0.0297
vn -0.8298 -0.5579 0.0133
vn -0.8705 -0.3564 -0.3396
vn -0.8129 -0.3510 -0.4647
vn -0.5199 -0.2109 0.8278
vn -0.8272 -0.3520 0.4379
vn -0.7755 -0.3439 0.5294
vn -0.6811 -0.3737 0.6297
vn -0.8550 -0.3993 0.3309
vn -0.7345 -0.3041 0.6067
vn -0.9062 -0.4219 0.0277
vn -0.9081 -0.4173 0.0353
vn -0.8786 -0.4773 0.0149
vn -0.8602 -0.3552 -0.3658
vn -0.8197 -0.3572 -0.4479
vn -0.7777 -0.4694 -0.4181
vn -0.6409 -0.2988 -0.7071
vn -0.5530 -0.2080 -0.8068
vn -0.6409 -0.2988 0.7071
vn -0.5331 -0.1920 0.8240
vn -0.3702 -0.1706 0.9131
vn -0.1874 -0.0639 0.9802
vn -0.8183 -0.3504 0.4556
vn -0.7856 -0.3472 0.5121
vn -0.7554 -0.4285 0.4958
vn -0.9062 -0.4218 0.0284
vn -0.9052 -0.4240 0.0286
vn -0.9071 -0.4200 0.0284
vn -0.8508 -0.3543 -0.3880
vn -0.8129 -0.3535 -0.4629
vn -0.7692 -0.4640 -0.4394
vn -0.6399 -0.2981 -0.7083
vn -0.5448 -0.1893 -0.8169
vn -0.3719 -0.2181 -0.9023
vn -0.1512 -0.0297 -0.9881
vn -0.6156 -0.2795 0.7368
vn -0.5080 -0.1859 0.8410
vn -0.3266 -0.2038 0.9229
vn -0.1029 -0.0073 0.9947
vn 0.1781 0.0597 0.9822
vn 0.3628 0.1686 0.9165
vn -0.8107 -0.3436 0.4740
vn -0.7807 -0.3436 0.5219
vn -0.7483 -0.4248 0.5095
vn 0.6808 0.3741 0.6297
vn -0.9047 -0.4251 0.0283
vn -0.9049 -0.4246 0.0288
vn -0.9072 -0.4197 0.0286
vn -0.8433 -0.3479 -0.4096
vn -0.8078 -0.3491 -0.4749
vn -0.7617 -0.4593 -0.4570
vn -0.6170 -0.2804 -0.7353
vn -0.5176 -0.1870 -0.8349
vn -0.3340 -0.2117 -0.9185
vn -0.1028 -0.0083 -0.9947
vn 0.1374 0.0213 -0.9903
vn 0.3620 0.2186 -0.9062
vn -0.6011 -0.2589 0.7561
vn -0.4842 -0.1813 0.8560
vn -0.3022 -0.1776 0.9366
vn -0.0700 -0.0053 0.9975
vn 0.2035 0.0793 0.9759
vn 0.3844 0.1721 0.9070
vn 0.5150 0.2074 0.8317
vn 0.6846 0.3790 0.6227
vn 0.7743 0.3343 0.5373
vn 0.7314 0.3046 0.6102
vn 0.8520 0.3991 0.3389
vn 0.9037 0.4261 0.0414
vn 0.9227 0.3851 0.0185
vn 0.8798 0.4750 0.0187
vn -0.6040 -0.2626 -0.7525
vn -0.4956 -0.1830 -0.8490
vn -0.3111 -0.1865 -0.9319
vn -0.0701 -0.0057 -0.9975
vn 0.1759 0.0531 -0.9830
vn 0.3910 0.2145 -0.8950
vn 0.8250 0.3600 -0.4357
vn 0.5527 0.2002 -0.8090
vn 0.8683 0.3570 -0.3444
vn 0.6409 0.2988 -0.7071
vn 0.7737 0.4695 -0.4255
vn -0.9121 -0.3887 0.1303
vn -0.8049 -0.3403 0.4861
vn -0.7513 -0.3443 0.5631
vn -0.5624 0.7746 0.2893
vn -0.9510 -0.3086 0.0209
vn -0.9003 -0.4347 0.0237
vn -0.8043 -0.5930 0.0390
vn -0.9847 -0.1692 0.0408
vn -0.4402 0.8979 0.0080
vn -0.8320 -0.3459 -0.4337
vn -0.7773 -0.3440 -0.5267
vn -0.5442 0.7990 -0.2560
vn -0.5528 -0.2346 0.7996
vn -0.4107 -0.1961 0.8904
vn -0.3706 0.3923 0.8419
vn -0.7902 -0.3391 0.5104
vn -0.6957 -0.3874 0.6049
vn -0.7598 -0.3001 0.5768
vn -0.9459 -0.3242 0.0128
vn -0.9021 -0.4312 0.0183
vn -0.8248 -0.5650 0.0219
vn -0.8185 -0.3453 -0.4592
vn -0.7293 -0.3894 -0.5626
vn -0.7688 -0.3510 -0.5345
vn -0.5600 -0.2396 -0.7931
vn -0.4273 -0.1983 -0.8821
vn -0.3793 0.4453 -0.8111
vn -0.5357 -0.2223 0.8146
vn -0.4124 -0.1747 0.8941
vn -0.2334 -0.1083 0.9663
vn 0.0265 0.0036 0.9996
vn 0.1197 0.3099 0.9432
vn -0.6861 -0.3816 0.6194
vn -0.8667 -0.4044 0.2921
vn -0.7471 -0.2991 0.5936
vn -0.1961 0.9329 0.3022
vn 0.6391 0.7630 -0.0966
vn -0.7001 -0.3965 -0.5939
vn -0.7636 -0.3184 -0.5618
vn -0.5444 -0.2287 -0.8070
vn -0.4274 -0.1781 -0.8863
vn -0.2455 -0.1201 -0.9619
vn 0.0269 0.0041 -0.9996
vn 0.0981 0.3446 -0.9336
vn -0.2335 0.9413 -0.2439
vn -0.3910 -0.1726 0.9040
vn -0.2106 -0.0862 0.9738
vn 0.0598 0.0046 0.9982
vn 0.2949 0.1699 0.9403
vn 0.4747 0.1810 0.8613
vn 0.5920 0.2529 0.7652
vn 0.7593 0.3777 0.5299
vn 0.8248 0.3538 0.4411
vn 0.6405 0.5884 0.4935
vn -0.5131 0.8550 -0.0757
vn 0.9054 0.4231 0.0347
vn 0.9649 0.2625 0.0096
vn -0.6459 0.7336 0.2111
vn 0.9310 0.3570 0.0757
vn -0.4077 -0.1758 -0.8960
vn -0.2243 -0.0994 -0.9694
vn 0.0601 0.0048 -0.9982
vn 0.3040 0.1790 -0.9357
vn 0.7902 0.3769 -0.4833
vn 0.4865 0.1830 -0.8543
vn 0.8497 0.3564 -0.3885
vn 0.5957 0.2575 -0.7608
vn 0.6178 0.6537 -0.4370
vn 0.0928 0.0068 0.9957
vn 0.3206 0.1976 0.9264
vn 0.5015 0.1849 0.8452
vn 0.6085 0.2738 0.7448
vn 0.7698 0.3781 0.5143
vn 0.8308 0.3594 0.4249
vn 0.7744 0.3754 0.5094
vn 0.8754 0.4082 0.2588
vn 0.9052 0.4234 0.0354
vn 0.9583 0.2849 0.0207
vn 0.8856 0.4129 -0.2127
vn 0.8268 0.5621 0.0233
vn 0.0927 0.0073 -0.9957
vn 0.3285 0.2052 -0.9219
vn 0.7993 0.3777 -0.4674
vn 0.5110 0.1865 -0.8391
vn 0.8549 0.3620 -0.3717
vn 0.6104 0.2753 -0.7427
vn 0.7777 0.4252 -0.4631
vn 0.5254 0.1916 0.8290
vn 0.6340 0.2935 0.7155
vn 0.7768 0.3443 0.5274
vn 0.8300 0.3682 0.4189
vn 0.7783 0.3856 0.4955
vn 0.9081 0.4172 0.0366
vn 0.9160 0.4001 0.0307
vn 0.9580 0.2860 0.0216
vn 0.8856 0.4127 -0.2133
vn 0.8293 0.5583 0.0246
vn 0.8202 0.3559 -0.4479
vn 0.5371 0.1886 -0.8222
vn 0.8602 0.3663 -0.3549
vn 0.6327 0.2925 -0.7170
vn 0.7803 0.4359 -0.4484
vn -0.8994 -0.4290 0.0836
vn -0.9499 -0.2972 0.0963
vn -0.9953 -0.0165 0.0955
vn -0.9575 0.2702 0.1005
vn -0.8984 0.4306 0.0859
vn -0.8948 -0.4343 -0.1031
vn -0.9479 -0.2975 -0.1141
vn -0.9934 -0.0166 -0.1132
vn -0.9562 0.2684 -0.1166
vn -0.8948 0.4343 -0.1031
vn -0.9520 -0.2903 -0.0972
vn -0.9933 -0.0169 -0.1148
vn -0.9616 0.2584 -0.0922
vn -0.9597 -0.2639 -0.0963
vn -0.9932 -0.0170 -0.1156
vn -0.9712 0.2190 -0.0943
vn -0.9684 -0.1993 -0.1502
vn -0.9799 -0.0163 -0.1988
vn -0.9734 0.1581 -0.1656
vn 0.6115 0.7874 -0.0777
vn 0.7567 0.6480 -0.0867
vn 0.4070 0.1708 0.8973
vn 0.5344 0.2213 0.8157
vn 0.5594 -0.8058 0.1943
vn 0.6871 0.3723 0.6239
vn 0.7642 0.3322 0.5529
vn 0.7297 0.2952 0.6168
vn 0.8564 0.3998 0.3267
vn 0.8993 0.4325 0.0649
vn 0.9478 0.3138 0.0563
vn 0.8754 0.4082 -0.2588
vn 0.8273 0.5588 0.0583
vn 0.5625 -0.8202 -0.1040
vn 0.2798 0.1553 -0.9474
vn 0.7748 0.3841 -0.5022
vn 0.4330 0.1852 -0.8821
vn 0.8485 0.3507 -0.3964
vn 0.5370 0.2221 -0.8138
vn 0.7713 0.3825 -0.5087
vn 0.3518 -0.8501 -0.3918
vn -0.0603 0.0228 -0.9979
vn 0.1982 0.1598 -0.9671
vn 0.6076 0.2522 0.7532
vn 0.6648 -0.5196 0.5366
vn 0.7373 0.3841 0.5558
vn 0.7440 0.2837 0.6049
vn 0.8681 0.4052 0.2867
vn 0.4821 -0.8750 0.0449
vn 0.9318 0.3611 0.0380
vn 0.9564 0.2792 0.0859
vn 0.8186 0.5669 0.0919
vn 0.5536 -0.7796 -0.2928
vn 0.8996 0.3189 -0.2983
vn 0.5934 0.2462 -0.7663
vn 0.7711 0.4201 -0.4785
vn -0.6303 -0.7730 0.0724
vn -0.6123 -0.7869 0.0764
vn -0.5418 -0.8023 0.2506
vn -0.5542 -0.8067 0.2054
vn -0.4534 -0.8744 0.1729
vn -0.5582 -0.8047 0.2020
vn -0.4463 -0.8884 0.1074
vn -0.5787 -0.8100 0.0950
vn -0.4558 -0.8886 0.0525
vn -0.5936 -0.8022 0.0645
vn 0.7509 -0.6556 -0.0796
vn -0.4558 -0.8259 0.3319
vn -0.3623 -0.8901 0.2764
vn -0.4779 -0.8269 0.2963
vn -0.3598 -0.9140 0.1872
vn -0.4490 -0.8794 0.1580
vn -0.5185 -0.8291 0.2093
vn -0.4149 -0.8968 0.1538
vn -0.4322 -0.8932 0.1242
vn -0.4392 -0.8974 0.0424
vn 0.6105 0.7893 0.0658
vn 0.7579 0.6483 0.0735
vn -0.2990 -0.9080 0.2934
vn -0.3736 -0.8916 0.2559
vn -0.4282 -0.8374 0.3397
vn -0.3344 -0.9105 0.2432
vn -0.3442 -0.9167 0.2029
vn -0.3382 -0.9297 0.1457
vn -0.2869 -0.9520 0.1063
vn -0.3076 -0.9429 0.1276
vn -0.3021 -0.9510 0.0651
vn -0.3043 -0.9514 0.0472
vn 0.7506 -0.6574 0.0669
vn 0.6041 0.6834 -0.4099
vn 0.6553 0.5453 -0.5226
vn 0.7690 0.5085 -0.3874
vn 0.6502 -0.5645 -0.5085
vn -0.2385 -0.9264 0.2915
vn -0.2624 -0.9319 0.2505
vn -0.2476 -0.9488 0.1959
vn -0.2293 -0.9589 0.1668
vn -0.2627 -0.9560 0.1306
vn -0.2458 -0.9573 0.1522
vn -0.2154 -0.9730 0.0833
vn -0.1981 -0.9784 0.0586
vn 0.7572 -0.5281 -0.3844
vn 0.5982 -0.6903 -0.4071
vn -0.1930 -0.9308 0.3106
vn -0.1707 -0.9573 0.2331
vn -0.1483 -0.9660 0.2117
vn -0.1801 -0.9632 0.1993
vn -0.1647 -0.9669 0.1947
vn -0.1339 -0.9832 0.1243
vn -0.1419 -0.9859 0.0889
vn -0.1638 -0.9843 0.0655
vn 0.5548 0.7901 -0.2607
vn 0.6052 0.7076 -0.3648
vn -0.0675 -0.9500 0.3049
vn -0.0781 -0.9646 0.2518
vn -0.0701 -0.9721 0.2237
vn -0.0572 -0.9846 0.1653
vn -0.0682 -0.9892 0.1297
vn -0.0811 -0.9910 0.1065
vn -0.0689 -0.9959 0.0584
vn 0.7008 0.6644 -0.2597
vn 0.7682 0.5599 -0.3104
vn 0.7518 -0.5836 -0.3071
vn 0.5957 -0.7189 -0.3582
vn 0.7008 -0.6644 -0.2597
vn 0.5612 0.7993 -0.2148
vn -0.9006 -0.2253 0.3717
vn -0.9226 -0.0192 0.3853
vn -0.9010 0.2359 0.3642
vn -0.9091 -0.2864 0.3025
vn -0.9333 -0.0192 0.3585
vn -0.8896 -0.0241 0.4560
vn -0.9090 0.2594 0.3263
vn -0.8372 0.4504 0.3102
vn -0.8269 -0.4885 0.2784
vn -0.8807 -0.3071 0.3607
vn -0.8823 -0.2791 0.3789
vn -0.9254 -0.1616 0.3429
vn -0.9283 0.1414 0.3438
vn -0.8953 0.2718 0.3530
vn -0.8826 0.2512 0.3973
vn -0.8296 0.4784 0.2880
vn -0.8158 -0.5435 0.1976
vn -0.8533 -0.4909 0.1757
vn -0.8542 0.4889 0.1770
vn -0.8297 0.5213 0.1996
vn -0.7571 -0.6475 0.0872
vn -0.8152 -0.5688 0.1090
vn -0.8948 -0.4343 0.1031
vn -0.8948 0.4343 0.1031
vn -0.8298 0.5468 0.1117
vn -0.7571 0.6475 0.0872
vn -0.7562 -0.6486 0.0860
vn -0.8075 -0.5800 0.1074
vn -0.8455 -0.5227 0.1089
vn -0.8268 0.5518 0.1093
vn -0.8596 0.4997 0.1065
vn 0.6897 0.6804 -0.2476
vn 0.6830 -0.6897 -0.2405
vn 0.5542 0.8067 -0.2054
vn 0.6550 0.7168 -0.2392
vn 0.6269 -0.7429 -0.2349
vn 0.5782 0.8077 -0.1152
vn 0.6165 -0.7810 -0.0999
vn 0.6044 0.7936 -0.0696
vn -0.7473 -0.5419 0.3847
vn -0.8096 -0.4361 0.3930
vn -0.8362 0.3842 0.3913
vn -0.7499 0.5296 0.3966
vn -0.7986 0.5074 0.3237
vn -0.6999 -0.6669 0.2556
vn -0.7455 -0.5930 0.3044
vn -0.7766 -0.5463 0.3139
vn -0.8372 -0.4504 0.3102
vn -0.7473 0.6010 0.2835
vn -0.7008 0.6644 0.2597
vn -0.6773 -0.6952 0.2407
vn -0.7008 -0.6644 0.2597
vn -0.7129 0.6467 0.2714
vn -0.6851 0.6867 0.2429
vn -0.6197 -0.7499 0.2315
vn -0.7052 -0.7023 0.0974
vn -0.7398 -0.6347 0.2231
vn -0.7316 0.6430 0.2266
vn -0.6469 0.7247 0.2373
vn -0.7106 0.6907 0.1338
vn -0.6470 0.7591 0.0715
vn -0.6248 0.7770 0.0761
vn 0.4568 0.8880 -0.0530
vn 0.5401 0.8389 -0.0677
vn 0.5985 0.7986 -0.0633
vn 0.4539 0.8900 0.0439
vn 0.6009 0.7976 0.0523
vn 0.4644 0.8176 -0.3404
vn 0.5486 0.7242 -0.4178
vn -0.5656 -0.7238 0.3952
vn -0.6099 -0.7193 0.3327
vn -0.6209 -0.6693 0.4082
vn -0.6424 0.6517 0.4033
vn -0.5661 0.7182 0.4047
vn -0.6294 0.6980 0.3416
vn -0.5564 0.7923 0.2504
vn -0.5582 0.8024 0.2108
vn -0.5361 0.8226 0.1898
vn -0.5542 0.8067 0.2054
vn -0.4909 0.8521 0.1815
vn -0.5809 0.8084 0.0950
vn -0.4717 0.8752 0.1074
vn -0.6044 0.7936 0.0696
vn -0.4735 0.8789 0.0582
vn -0.5381 0.8402 0.0675
vn 0.5763 0.7067 -0.4104
vn 0.5401 -0.7315 -0.4163
vn 0.5730 -0.7139 -0.4026
vn 0.4703 0.8266 -0.3090
vn 0.3844 0.9042 -0.1860
vn 0.4503 0.8499 -0.2738
vn -0.4717 0.8091 0.3505
vn -0.4782 0.8252 0.3006
vn -0.3945 0.8731 0.2864
vn -0.4591 0.8538 0.2457
vn -0.3928 0.9025 0.1766
vn -0.4149 0.8968 0.1538
vn -0.4325 0.8934 0.1219
vn -0.4415 0.8963 0.0413
vn 0.5441 0.8169 -0.1912
vn 0.4149 0.8968 -0.1538
vn 0.5003 0.8464 -0.1828
vn -0.4370 0.8312 0.3438
vn -0.3301 0.8946 0.3013
vn -0.3859 0.8794 0.2789
vn -0.3344 0.9105 0.2432
vn -0.3413 0.9177 0.2033
vn -0.3385 0.9295 0.1463
vn -0.3123 0.9414 0.1276
vn -0.3048 0.9514 0.0445
vn 0.4304 0.8922 -0.1365
vn 0.4769 0.8697 -0.1270
vn 0.4412 0.8963 -0.0443
vn 0.4758 0.8776 -0.0586
vn 0.4289 0.9022 -0.0458
vn -0.2402 0.9264 0.2899
vn -0.2592 0.9336 0.2474
vn -0.2460 0.9481 0.2016
vn -0.2452 0.9577 0.1508
vn 0.4282 0.9028 0.0394
vn 0.4315 0.8311 -0.3510
vn -0.1939 0.9303 0.3113
vn -0.1758 0.9562 0.2339
vn 0.3344 0.9105 -0.2432
vn 0.3934 0.8736 -0.2864
vn -0.0675 0.9500 0.3048
vn -0.0677 0.9724 0.2231
vn -0.2869 0.9520 0.1063
vn -0.3022 0.9514 0.0598
vn -0.2050 0.9610 0.1857
vn -0.2293 0.9589 0.1668
vn -0.2580 0.9560 0.1400
vn -0.2273 0.9695 0.0921
vn -0.2203 0.9738 0.0568
vn -0.1483 0.9660 0.2117
vn -0.1576 0.9668 0.2013
vn -0.1553 0.9791 0.1315
vn -0.1512 0.9836 0.0984
vn -0.1637 0.9843 0.0655
vn -0.0816 0.9711 0.2244
vn -0.0714 0.9777 0.1975
vn -0.0683 0.9892 0.1297
vn -0.0810 0.9910 0.1065
vn -0.0688 0.9959 0.0584
vn -0.0272 -0.4544 0.8904
vn -0.0369 -0.0059 0.9993
vn 0.2261 0.1011 0.9689
vn 0.4056 0.1740 0.8973
vn 0.5306 0.2186 0.8190
vn 0.6894 0.3878 0.6118
vn 0.7865 0.3379 0.5170
vn 0.7430 0.3009 0.5978
vn 0.8631 0.4028 0.3047
vn 0.9060 0.4223 0.0288
vn 0.9263 0.3767 0.0067
vn 0.8762 0.4820 0.0054
vn 0.0007 -0.4847 -0.8747
vn -0.0371 -0.0065 -0.9993
vn 0.2385 0.1133 -0.9645
vn 0.7203 0.3915 -0.5726
vn 0.4210 0.1771 -0.8896
vn 0.8213 0.3486 -0.4517
vn 0.5603 0.2193 -0.7987
vn 0.8762 0.3584 -0.3221
vn 0.6423 0.3000 -0.7053
vn 0.7844 0.4711 -0.4035
vn -0.6048 -0.7942 0.0587
vn 0.3119 -0.7030 0.6391
vn 0.3985 0.2006 0.8949
vn 0.5477 0.2303 0.8044
vn -0.6048 -0.7933 -0.0700
vn 0.4682 -0.8772 0.1062
vn 0.8354 0.2467 0.4912
vn 0.8024 0.3382 0.4918
vn 0.7569 0.2942 0.5836
vn 0.8744 0.4078 0.2629
vn -0.6150 -0.7849 -0.0755
vn 0.8996 0.4362 0.0225
vn 0.9493 0.3137 0.0182
vn 0.8265 0.5626 0.0189
vn 0.4541 -0.8883 -0.0690
vn 0.3072 -0.7480 -0.5883
vn 0.8638 0.2364 -0.4448
vn 0.4174 0.2022 -0.8859
vn 0.8296 0.3441 -0.4398
vn 0.5553 0.2357 -0.7976
vn 0.7673 0.3410 -0.5431
vn -0.4559 -0.8889 0.0442
vn -0.5794 -0.8133 0.0528
vn -0.4558 -0.8886 -0.0525
vn -0.5804 -0.8119 -0.0629
vn 0.8574 0.2000 0.4742
vn -0.5963 -0.8001 -0.0656
vn 0.9563 -0.2909 0.0275
vn 0.8993 0.4219 0.1155
vn 0.8471 0.1857 -0.4980
vn 0.8039 0.5937 0.0363
vn -0.4503 -0.8838 -0.1275
vn -0.5791 -0.8065 -0.1193
vn -0.4632 -0.8687 -0.1756
vn -0.5542 -0.8067 -0.2054
vn -0.5553 -0.8056 -0.2064
vn -0.5386 -0.7992 -0.2669
vn -0.4248 -0.9045 0.0367
vn -0.4259 -0.9037 -0.0435
vn -0.4390 -0.8973 -0.0452
vn -0.4300 -0.8921 -0.1389
vn -0.4149 -0.8968 -0.1538
vn -0.4553 -0.8760 -0.1590
vn -0.3525 -0.9133 -0.2040
vn -0.5151 -0.8285 -0.2198
vn -0.3667 -0.8854 -0.2856
vn -0.4723 -0.8255 -0.3089
vn -0.4535 -0.8279 -0.3301
vn -0.3119 -0.9497 0.0280
vn -0.3167 -0.9480 0.0307
vn -0.3119 -0.9495 -0.0337
vn -0.3166 -0.9478 -0.0365
vn -0.3019 -0.9503 -0.0766
vn -0.3014 -0.9519 -0.0559
vn -0.2869 -0.9520 -0.1063
vn -0.3081 -0.9418 -0.1348
vn -0.3400 -0.9287 -0.1481
vn -0.3431 -0.9140 -0.2163
vn -0.3344 -0.9105 -0.2432
vn -0.3824 -0.8867 -0.2597
vn -0.2883 -0.9051 -0.3125
vn -0.4243 -0.8358 -0.3483
vn -0.1894 -0.9817 0.0205
vn -0.1902 -0.9814 -0.0245
vn -0.2029 -0.9769 -0.0673
vn -0.2153 -0.9721 -0.0927
vn -0.2532 -0.9571 -0.1405
vn -0.2293 -0.9589 -0.1668
vn -0.2412 -0.9578 -0.1563
vn -0.2498 -0.9464 -0.2050
vn -0.2593 -0.9308 -0.2577
vn -0.2327 -0.9261 -0.2970
vn -0.2496 -0.9102 -0.3306
vn -0.1702 -0.9853 0.0137
vn -0.1677 -0.9856 -0.0196
vn -0.1585 -0.9847 -0.0722
vn -0.1412 -0.9852 -0.0977
vn -0.1321 -0.9828 -0.1291
vn -0.1720 -0.9628 -0.2084
vn -0.1431 -0.9668 -0.2119
vn -0.1605 -0.9669 -0.1985
vn -0.1776 -0.9545 -0.2396
vn -0.1988 -0.9265 -0.3196
vn -0.0560 -0.9983 0.0148
vn -0.0571 -0.9981 -0.0222
vn -0.0746 -0.9953 -0.0619
vn -0.0846 -0.9896 -0.1160
vn -0.0702 -0.9885 -0.1337
vn -0.0585 -0.9830 -0.1742
vn -0.0700 -0.9649 -0.2531
vn -0.0652 -0.9719 -0.2262
vn -0.0653 -0.9442 -0.3229
vn -0.7506 -0.6574 0.0669
vn -0.7816 -0.6195 0.0729
vn -0.8046 0.5893 0.0734
vn -0.7579 0.6483 0.0735
vn -0.7509 -0.6556 -0.0796
vn -0.7854 -0.6124 -0.0907
vn -0.8463 -0.5216 -0.1079
vn -0.8605 0.4981 -0.1067
vn -0.8072 0.5835 -0.0892
vn -0.7567 0.6480 -0.0867
vn -0.7571 -0.6475 -0.0872
vn -0.8039 -0.5849 -0.1078
vn -0.8290 0.5482 -0.1101
vn -0.7571 0.6475 -0.0872
vn -0.8179 -0.5674 -0.0951
vn -0.8319 0.5436 -0.1119
vn -0.8213 -0.5194 -0.2360
vn -0.8507 -0.4816 -0.2105
vn -0.8740 -0.2724 -0.4023
vn -0.9383 -0.0177 -0.3453
vn -0.8820 0.2413 -0.4047
vn -0.8589 0.4657 -0.2133
vn -0.8275 0.5151 -0.2234
vn -0.8311 -0.4784 -0.2834
vn -0.8908 -0.3016 -0.3398
vn -0.9376 -0.0177 -0.3473
vn -0.8977 0.2735 -0.3455
vn -0.8330 0.4702 -0.2915
vn -0.9104 -0.2826 -0.3022
vn -0.9372 -0.0176 -0.3483
vn -0.9184 0.2556 -0.3020
vn -0.9300 -0.2019 -0.3071
vn -0.9372 -0.0175 -0.3483
vn -0.9285 0.1851 -0.3220
vn -0.6105 0.7893 0.0658
vn -0.6009 0.7976 0.0523
vn -0.6115 0.7874 -0.0777
vn -0.5985 0.7986 -0.0633
vn -0.6992 -0.7096 -0.0877
vn -0.6275 0.7750 -0.0757
vn -0.6165 -0.7810 -0.0999
vn -0.7560 -0.6485 -0.0891
vn -0.6973 0.6985 -0.1609
vn -0.6413 0.7628 -0.0830
vn -0.6269 -0.7429 -0.2349
vn -0.7199 -0.6495 -0.2446
vn -0.7191 0.6516 -0.2414
vn -0.6550 0.7168 -0.2392
vn -0.6830 -0.6897 -0.2405
vn -0.7021 -0.6626 -0.2608
vn -0.7771 -0.5409 -0.3218
vn -0.7912 0.5215 -0.3194
vn -0.7140 0.6464 -0.2690
vn -0.6897 0.6804 -0.2476
vn -0.7008 -0.6644 -0.2597
vn -0.7518 -0.5836 -0.3071
vn -0.8372 -0.4504 -0.3102
vn -0.8372 0.4504 -0.3102
vn -0.7682 0.5599 -0.3104
vn -0.7008 0.6644 -0.2597
vn -0.7572 -0.5281 -0.3844
vn -0.7865 -0.4781 -0.3909
vn -0.7883 -0.2734 -0.5513
vn -0.8603 -0.0186 -0.5095
vn -0.8007 0.2529 -0.5431
vn -0.7960 0.4533 -0.4011
vn -0.7690 0.5085 -0.3874
vn -0.4539 0.8900 0.0439
vn -0.5401 0.8389 -0.0677
vn -0.4568 0.8880 -0.0530
vn -0.6044 0.7936 -0.0696
vn -0.4758 0.8776 -0.0586
vn -0.5782 0.8077 -0.1152
vn -0.4769 0.8697 -0.1270
vn -0.5542 0.8067 -0.2054
vn -0.5003 0.8464 -0.1828
vn -0.5612 0.7993 -0.2148
vn -0.5441 0.8169 -0.1912
vn -0.5957 -0.7189 -0.3582
vn -0.6052 0.7076 -0.3648
vn -0.5548 0.7901 -0.2607
vn -0.5730 -0.7139 -0.4026
vn -0.5982 -0.6903 -0.4071
vn -0.6502 -0.5645 -0.5085
vn -0.6553 0.5453 -0.5226
vn -0.6041 0.6834 -0.4099
vn -0.5763 0.7067 -0.4104
vn -0.4282 0.9028 0.0394
vn -0.4289 0.9022 -0.0458
vn -0.4412 0.8963 -0.0443
vn -0.4304 0.8922 -0.1365
vn -0.4149 0.8968 -0.1538
vn -0.4503 0.8499 -0.2738
vn -0.3844 0.9042 -0.1860
vn -0.4703 0.8266 -0.3090
vn -0.4068 0.8651 -0.2934
vn -0.5401 -0.7315 -0.4163
vn -0.5486 0.7242 -0.4178
vn -0.4644 0.8176 -0.3404
vn -0.3167 0.9480 0.0307
vn -0.3166 0.9478 -0.0365
vn -0.3012 0.9521 -0.0532
vn -0.3133 0.9401 -0.1345
vn -0.3413 0.9280 -0.1496
vn -0.3403 0.9151 -0.2164
vn -0.3934 0.8736 -0.2864
vn -0.3344 0.9105 -0.2432
vn -0.4315 0.8311 -0.3509
vn -0.3233 0.8910 -0.3187
vn -0.2388 0.9582 -0.1577
vn -0.2527 0.9449 -0.2080
vn -0.2611 0.9298 -0.2595
vn -0.2582 0.8927 -0.3694
vn -0.2343 0.9263 -0.2952
vn -0.1632 0.9667 -0.1971
vn -0.1811 0.9530 -0.2429
vn -0.1992 0.9263 -0.3200
vn -0.0684 0.9734 -0.2187
vn -0.0652 0.9442 -0.3228
vn -0.3020 0.9507 -0.0712
vn -0.2869 0.9520 -0.1063
vn -0.2123 0.9769 0.0231
vn -0.2130 0.9767 -0.0272
vn -0.2245 0.9723 -0.0655
vn -0.2490 0.9570 -0.1489
vn -0.2268 0.9689 -0.0993
vn -0.2294 0.9589 -0.1668
vn -0.1701 0.9853 0.0137
vn -0.1676 0.9857 -0.0196
vn -0.1585 0.9847 -0.0722
vn -0.1497 0.9830 -0.1063
vn -0.1766 0.9638 -0.1997
vn -0.1479 0.9790 -0.1405
vn -0.1483 0.9660 -0.2117
vn -0.0560 0.9983 0.0149
vn -0.0571 0.9981 -0.0222
vn -0.0745 0.9953 -0.0620
vn -0.0845 0.9897 -0.1160
vn -0.0795 0.9866 -0.1428
vn -0.0821 0.9655 -0.2472
vn -0.0739 0.9787 -0.1916
vn -0.3631 -0.8540 -0.3727
vn -0.2381 -0.8975 -0.3712
vn -0.2988 -0.8537 -0.4265
vn -0.3019 -0.8508 -0.4302
vn -0.1675 -0.9345 -0.3141
vn -0.1828 -0.8835 -0.4313
vn -0.1921 -0.8664 -0.4609
vn -0.0759 -0.9342 -0.3485
vn -0.0878 -0.9178 -0.3872
vn -0.1049 -0.8700 -0.4818
vn -0.1140 -0.8571 -0.5024
vn -0.7938 -0.2848 -0.5374
vn -0.8094 -0.0190 -0.5870
vn -0.8029 0.2534 -0.5396
vn -0.6749 -0.5723 -0.4658
vn -0.7091 -0.4808 -0.5157
vn -0.7363 -0.3003 -0.6064
vn -0.8090 -0.0191 -0.5875
vn -0.7394 0.2705 -0.6165
vn -0.7091 0.4808 -0.5157
vn -0.6927 0.5509 -0.4654
vn -0.7087 -0.4957 -0.5020
vn -0.7664 -0.3228 -0.5554
vn -0.8088 -0.0181 -0.5878
vn -0.7763 0.2926 -0.5583
vn -0.7091 0.4829 -0.5138
vn -0.8266 -0.0256 -0.5622
vn -0.5434 -0.7457 -0.3855
vn -0.5816 -0.6948 -0.4230
vn -0.5816 0.6948 -0.4230
vn -0.5693 0.7255 -0.3867
vn -0.5745 -0.6668 -0.4746
vn -0.6052 -0.5039 -0.6163
vn -0.6946 -0.3886 -0.6054
vn -0.6966 0.3599 -0.6207
vn -0.6161 0.4910 -0.6159
vn -0.5836 0.6507 -0.4857
vn -0.5407 -0.3589 -0.7608
vn -0.6574 -0.1967 -0.7274
vn -0.4740 -0.0266 -0.8801
vn -0.6586 0.1963 -0.7264
vn -0.5600 0.3283 -0.7607
vn -0.3861 -0.7612 -0.5211
vn -0.3917 0.7426 -0.5432
vn -0.3669 0.8520 -0.3736
vn -0.3847 -0.7625 -0.5201
vn -0.4100 -0.7361 -0.5385
vn -0.4412 -0.6202 -0.6486
vn -0.4409 0.5985 -0.6689
vn -0.4119 0.7358 -0.5375
vn -0.3865 0.7554 -0.5292
vn -0.4752 -0.6117 -0.6325
vn -0.4907 -0.5182 -0.7005
vn -0.5152 -0.3246 -0.7932
vn -0.5731 -0.0200 -0.8193
vn -0.5170 0.2954 -0.8034
vn -0.4907 0.5182 -0.7005
vn -0.4923 0.5917 -0.6384
vn -0.6082 -0.3122 -0.7298
vn -0.5733 -0.0211 -0.8191
vn -0.6203 0.2803 -0.7326
vn -0.2988 0.8537 -0.4265
vn -0.2761 0.8826 -0.3805
vn -0.3693 -0.7530 -0.5446
vn -0.3846 0.7369 -0.5559
vn -0.3127 0.8411 -0.4413
vn -0.3918 -0.7296 -0.5605
vn -0.4561 -0.5761 -0.6783
vn -0.4426 0.5738 -0.6891
vn -0.3952 0.7237 -0.5657
vn -0.2974 0.7649 -0.5714
vn -0.2690 -0.5988 -0.7544
vn -0.4606 -0.5071 -0.7285
vn -0.4241 -0.3102 -0.8509
vn -0.5098 -0.0205 -0.8600
vn -0.4305 0.2700 -0.8613
vn -0.4673 0.5074 -0.7239
vn -0.2958 0.6047 -0.7395
vn -0.1919 0.8667 -0.4604
vn -0.1712 0.9320 -0.3195
vn -0.2026 -0.8358 -0.5103
vn -0.1859 0.8723 -0.4523
vn -0.1369 -0.7941 -0.5921
vn -0.1862 -0.7676 -0.6133
vn -0.1397 0.7543 -0.6415
vn -0.1442 0.8349 -0.5311
vn -0.1445 -0.7187 -0.6801
vn -0.1782 -0.5462 -0.8185
vn -0.1946 -0.3716 -0.9078
vn -0.2201 -0.0221 -0.9752
vn -0.2014 0.3377 -0.9195
vn -0.1782 0.5462 -0.8185
vn -0.1561 0.6962 -0.7007
vn -0.3790 -0.0325 -0.9248
vn -0.0912 0.9030 -0.4198
vn -0.0759 0.9342 -0.3485
vn -0.1049 0.8700 -0.4818
vn -0.1397 -0.7543 -0.6415
vn -0.1173 0.8457 -0.5207
vn -0.1524 -0.7426 -0.6522
vn -0.1687 -0.5568 -0.8133
vn -0.2372 -0.3843 -0.8922
vn -0.2358 0.3453 -0.9084
vn -0.1607 0.7320 -0.6621
vn -0.2536 -0.3447 -0.9038
vn -0.2082 -0.2071 -0.9559
vn -0.1007 -0.0303 -0.9945
vn -0.2082 0.2071 -0.9559
vn -0.2430 0.3106 -0.9190
vn 0.4068 0.8651 -0.2934
vn 0.3403 0.9151 -0.2164
vn 0.3413 0.9280 -0.1496
vn 0.3133 0.9401 -0.1344
vn 0.3012 0.9521 -0.0532
vn 0.2343 0.9263 -0.2952
vn 0.2582 0.8927 -0.3694
vn 0.3233 0.8910 -0.3187
vn 0.2611 0.9298 -0.2595
vn 0.2527 0.9449 -0.2080
vn 0.2388 0.9582 -0.1577
vn 0.1992 0.9263 -0.3200
vn 0.1811 0.9530 -0.2429
vn 0.1632 0.9667 -0.1971
vn 0.0652 0.9442 -0.3228
vn 0.0684 0.9734 -0.2187
vn -0.0000 0.9498 -0.3130
vn -0.8762 0.3584 -0.3221
vn -0.8213 0.3486 -0.4517
vn -0.7203 0.3915 -0.5726
vn -0.7673 0.3410 -0.5431
vn -0.5553 0.2357 -0.7976
vn -0.4174 0.2022 -0.8859
vn -0.3072 -0.7480 -0.5883
vn -0.9263 0.3767 0.0067
vn -0.9060 0.4223 0.0288
vn -0.8265 0.5626 0.0189
vn 0.6150 -0.7849 -0.0755
vn -0.7865 0.3379 0.5170
vn -0.8744 0.4078 0.2629
vn -0.6894 0.3878 0.6118
vn -0.7569 0.2942 0.5836
vn 0.6048 -0.7933 -0.0700
vn -0.5477 0.2303 0.8044
vn -0.3985 0.2006 0.8949
vn -0.3119 -0.7030 0.6391
vn 0.6048 -0.7942 0.0587
vn 0.5386 -0.7992 -0.2669
vn 0.5553 -0.8056 -0.2064
vn 0.5542 -0.8067 -0.2054
vn -0.8296 0.3441 -0.4398
vn -0.8638 0.2364 -0.4448
vn -0.4541 -0.8883 -0.0690
vn 0.5791 -0.8065 -0.1193
vn -0.9493 0.3137 0.0182
vn -0.8996 0.4362 0.0225
vn -0.8039 0.5937 0.0363
vn -0.8471 0.1857 -0.4980
vn -0.9563 -0.2909 0.0275
vn -0.4226 -0.9063 -0.0000
vn 0.5963 -0.8001 -0.0656
vn -0.8024 0.3382 0.4918
vn -0.8574 0.2000 0.4742
vn -0.8354 0.2467 0.4912
vn -0.4682 -0.8772 0.1062
vn 0.5804 -0.8119 -0.0629
vn 0.5794 -0.8133 0.0528
vn 0.4535 -0.8279 -0.3301
vn 0.4723 -0.8255 -0.3089
vn 0.5151 -0.8285 -0.2198
vn 0.4553 -0.8760 -0.1590
vn 0.4632 -0.8687 -0.1756
vn 0.4149 -0.8968 -0.1538
vn 0.4503 -0.8838 -0.1275
vn 0.4300 -0.8921 -0.1389
vn -0.8993 0.4219 0.1155
vn 0.4558 -0.8886 -0.0525
vn 0.4390 -0.8973 -0.0452
vn 0.4259 -0.9037 -0.0435
vn 0.4559 -0.8889 0.0442
vn 0.4248 -0.9045 0.0367
vn 0.4243 -0.8358 -0.3483
vn 0.3824 -0.8867 -0.2597
vn 0.3667 -0.8854 -0.2856
vn 0.3344 -0.9105 -0.2432
vn 0.3525 -0.9133 -0.2040
vn 0.3431 -0.9140 -0.2163
vn 0.3400 -0.9287 -0.1481
vn 0.3081 -0.9418 -0.1348
vn 0.3014 -0.9519 -0.0559
vn 0.3166 -0.9478 -0.0365
vn 0.3167 -0.9480 0.0307
vn 0.2496 -0.9102 -0.3306
vn 0.2883 -0.9051 -0.3125
vn 0.2327 -0.9261 -0.2970
vn 0.2593 -0.9308 -0.2577
vn 0.2498 -0.9464 -0.2050
vn 0.2412 -0.9578 -0.1563
vn 0.2532 -0.9571 -0.1405
vn 0.2869 -0.9520 -0.1063
vn 0.2153 -0.9721 -0.0927
vn 0.3019 -0.9503 -0.0766
vn 0.2029 -0.9769 -0.0673
vn 0.3119 -0.9495 -0.0337
vn 0.1902 -0.9814 -0.0245
vn 0.3119 -0.9497 0.0280
vn 0.1894 -0.9817 0.0205
vn 0.1988 -0.9265 -0.3196
vn 0.1776 -0.9545 -0.2396
vn 0.1605 -0.9669 -0.1985
vn 0.1720 -0.9628 -0.2084
vn 0.2293 -0.9589 -0.1668
vn 0.1321 -0.9828 -0.1291
vn 0.1412 -0.9852 -0.0977
vn 0.1585 -0.9847 -0.0722
vn 0.1677 -0.9856 -0.0196
vn 0.1702 -0.9853 0.0137
vn 0.0653 -0.9442 -0.3229
vn 0.0652 -0.9719 -0.2262
vn 0.0700 -0.9649 -0.2531
vn 0.1431 -0.9668 -0.2119
vn 0.0585 -0.9830 -0.1742
vn 0.0702 -0.9885 -0.1337
vn 0.0846 -0.9896 -0.1160
vn 0.0746 -0.9953 -0.0619
vn 0.0571 -0.9981 -0.0222
vn 0.0560 -0.9983 0.0148
vn -0.0000 -0.9498 -0.3130
vn -0.0000 -0.9717 -0.2361
vn -0.0000 -0.9718 -0.2360
vn -0.0000 -0.9822 -0.1878
vn -0.0000 -0.9906 -0.1366
vn -0.0000 -0.9918 -0.1278
vn -0.0000 -0.9992 -0.0404
vn -0.0000 -0.9996 -0.0266
vn -0.0000 -0.9998 0.0203
vn 0.2203 0.9738 0.0568
vn 0.3022 0.9514 0.0598
vn 0.2273 0.9695 0.0921
vn 0.2869 0.9520 0.1063
vn 0.2580 0.9560 0.1400
vn 0.1637 0.9843 0.0655
vn 0.1512 0.9836 0.0984
vn 0.1553 0.9791 0.1315
vn 0.2293 0.9589 0.1668
vn 0.1576 0.9668 0.2013
vn 0.2050 0.9610 0.1857
vn 0.1483 0.9660 0.2117
vn 0.0688 0.9959 0.0584
vn 0.0810 0.9910 0.1065
vn 0.0683 0.9892 0.1297
vn 0.0714 0.9777 0.1975
vn 0.0816 0.9711 0.2244
vn -0.0000 0.9992 0.0402
vn -0.0000 0.9936 0.1126
vn -0.0000 0.9906 0.1366
vn -0.0000 0.9825 0.1864
vn -0.0000 0.9717 0.2361
vn 0.6248 0.7770 0.0761
vn 0.7571 0.6475 0.0872
vn 0.8268 0.5518 0.1093
vn 0.8075 -0.5800 0.1074
vn 0.7562 -0.6486 0.0860
vn 0.6470 0.7591 0.0715
vn 0.8298 0.5468 0.1117
vn 0.8152 -0.5688 0.1090
vn 0.7571 -0.6475 0.0872
vn 0.7106 0.6907 0.1338
vn 0.7316 0.6430 0.2266
vn 0.8297 0.5213 0.1996
vn 0.8158 -0.5435 0.1976
vn 0.7398 -0.6347 0.2231
vn 0.7052 -0.7023 0.0974
vn 0.7129 0.6467 0.2714
vn 0.8296 0.4784 0.2880
vn 0.8953 0.2718 0.3530
vn 0.8807 -0.3071 0.3607
vn 0.8269 -0.4885 0.2784
vn 0.7008 -0.6644 0.2597
vn 0.7473 0.6010 0.2835
vn 0.8372 0.4504 0.3102
vn 0.9090 0.2594 0.3263
vn 0.9333 -0.0192 0.3585
vn 0.9091 -0.2864 0.3025
vn 0.8372 -0.4504 0.3102
vn 0.7766 -0.5463 0.3139
vn 0.7986 0.5074 0.3237
vn 0.8362 0.3842 0.3913
vn 0.9010 0.2359 0.3642
vn 0.9226 -0.0192 0.3853
vn 0.9006 -0.2253 0.3717
vn 0.8096 -0.4361 0.3930
vn 0.5381 0.8402 0.0675
vn 0.6044 0.7936 0.0696
vn 0.5809 0.8084 0.0950
vn 0.5542 0.8067 0.2054
vn 0.6469 0.7247 0.2373
vn 0.6197 -0.7499 0.2315
vn 0.5582 0.8024 0.2108
vn 0.6851 0.6867 0.2429
vn 0.6773 -0.6952 0.2407
vn 0.5564 0.7923 0.2504
vn 0.7008 0.6644 0.2597
vn 0.7455 -0.5930 0.3044
vn 0.6999 -0.6669 0.2556
vn 0.6294 0.6980 0.3416
vn 0.6424 0.6517 0.4033
vn 0.7499 0.5296 0.3966
vn 0.7473 -0.5419 0.3847
vn 0.6209 -0.6693 0.4082
vn 0.6099 -0.7193 0.3327
vn 0.4415 0.8963 0.0413
vn 0.4735 0.8789 0.0582
vn 0.4325 0.8934 0.1219
vn 0.4717 0.8752 0.1074
vn 0.4149 0.8968 0.1538
vn 0.4909 0.8521 0.1815
vn 0.3928 0.9025 0.1766
vn 0.5361 0.8226 0.1898
vn 0.4591 0.8538 0.2457
vn 0.4782 0.8252 0.3006
vn 0.4717 0.8091 0.3505
vn 0.5661 0.7182 0.4047
vn 0.5656 -0.7238 0.3952
vn 0.3048 0.9514 0.0445
vn 0.3123 0.9414 0.1276
vn 0.3385 0.9295 0.1463
vn 0.3413 0.9177 0.2033
vn 0.3344 0.9105 0.2432
vn 0.3945 0.8731 0.2864
vn 0.3859 0.8794 0.2789
vn 0.4370 0.8312 0.3438
vn 0.2452 0.9577 0.1508
vn 0.2460 0.9481 0.2016
vn 0.2592 0.9336 0.2474
vn 0.2402 0.9264 0.2899
vn 0.3301 0.8946 0.3013
vn 0.1758 0.9562 0.2339
vn 0.1939 0.9303 0.3113
vn 0.0677 0.9724 0.2231
vn 0.0675 0.9500 0.3048
vn -0.0000 0.9549 0.2968
vn 0.6123 -0.7869 0.0764
vn 0.6303 -0.7730 0.0724
vn -0.3518 -0.8501 -0.3918
vn -0.8485 0.3507 -0.3964
vn -0.7748 0.3841 -0.5022
vn -0.7711 0.4201 -0.4785
vn -0.5934 0.2462 -0.7663
vn -0.5536 -0.7796 -0.2928
vn -0.5625 -0.8202 -0.1040
vn -0.9478 0.3138 0.0563
vn -0.8993 0.4325 0.0649
vn -0.8186 0.5669 0.0919
vn -0.4821 -0.8750 0.0449
vn -0.7642 0.3322 0.5529
vn -0.8681 0.4052 0.2867
vn -0.6871 0.3723 0.6239
vn -0.7440 0.2837 0.6049
vn -0.6648 -0.5196 0.5366
vn -0.5594 -0.8058 0.1943
vn -0.6076 0.2522 0.7532
vn 0.5936 -0.8022 0.0645
vn 0.5787 -0.8100 0.0950
vn 0.5582 -0.8047 0.2020
vn 0.5542 -0.8067 0.2054
vn -0.8996 0.3189 -0.2983
vn 0.5418 -0.8023 0.2506
vn -0.9564 0.2792 0.0859
vn -0.9318 0.3611 0.0380
vn -0.7373 0.3841 0.5558
vn 0.4558 -0.8886 0.0525
vn 0.4392 -0.8974 0.0424
vn 0.4463 -0.8884 0.1074
vn 0.4322 -0.8932 0.1242
vn 0.4534 -0.8744 0.1729
vn 0.4149 -0.8968 0.1538
vn 0.5185 -0.8291 0.2093
vn 0.4490 -0.8794 0.1580
vn 0.4779 -0.8269 0.2963
vn 0.4558 -0.8259 0.3319
vn 0.3043 -0.9514 0.0472
vn 0.3076 -0.9429 0.1276
vn 0.3382 -0.9297 0.1457
vn 0.3598 -0.9140 0.1872
vn 0.3442 -0.9167 0.2029
vn 0.3623 -0.8901 0.2764
vn 0.3344 -0.9105 0.2432
vn 0.4282 -0.8374 0.3397
vn 0.3736 -0.8916 0.2559
vn 0.3021 -0.9510 0.0651
vn 0.1981 -0.9784 0.0586
vn 0.2869 -0.9520 0.1063
vn 0.2154 -0.9730 0.0833
vn 0.2458 -0.9573 0.1522
vn 0.2627 -0.9560 0.1306
vn 0.2476 -0.9488 0.1959
vn 0.2624 -0.9319 0.2505
vn 0.2990 -0.9080 0.2934
vn 0.2385 -0.9264 0.2915
vn 0.1638 -0.9843 0.0655
vn 0.1419 -0.9859 0.0889
vn 0.2293 -0.9589 0.1668
vn 0.1339 -0.9832 0.1243
vn 0.1647 -0.9669 0.1947
vn 0.1801 -0.9632 0.1993
vn 0.1707 -0.9573 0.2331
vn 0.1930 -0.9308 0.3106
vn 0.0689 -0.9959 0.0584
vn 0.0811 -0.9910 0.1065
vn 0.0682 -0.9892 0.1297
vn 0.1483 -0.9660 0.2117
vn 0.0572 -0.9846 0.1653
vn 0.0701 -0.9721 0.2237
vn 0.0781 -0.9646 0.2518
vn 0.0675 -0.9500 0.3049
vn -0.0000 -0.9992 0.0403
vn -0.0000 -0.9936 0.1127
vn -0.0000 -0.9906 0.1366
vn -0.0000 -0.9854 0.1700
vn -0.0000 -0.9717 0.2361
vn -0.0000 -0.9718 0.2360
vn -0.0000 -0.9549 0.2969
vn 0.5466 -0.7662 -0.3379
vn 0.5392 -0.8420 0.0165
vn 0.5760 -0.6998 0.4225
vn -0.3067 -0.9338 -0.1845
vn -0.2765 -0.9293 0.2450
vn 0.8283 -0.5513 0.0994
vn 0.0355 -0.9934 -0.1088
vn -0.0094 -0.9994 0.0323
vn 0.1608 -0.9705 0.1796
vn -0.5887 -0.6067 -0.5342
vn 0.1749 0.8010 -0.5725
vn 0.0950 0.9043 -0.4162
vn 0.9469 -0.3189 -0.0418
vn 0.1015 0.6673 0.7379
vn 0.0810 0.7524 0.6537
vn 0.0650 0.8675 0.4932
vn 0.0564 0.9286 0.3667
vn 0.1280 0.9377 0.3230
vn 0.0672 0.9474 0.3128
vn 0.0915 0.9736 0.2091
vn 0.0754 0.9936 0.0846
vn 0.0649 0.9970 -0.0417
vn 0.3833 0.6936 -0.6099
vn 0.3930 0.6616 -0.6386
vn 0.3423 0.7876 -0.5123
vn 0.3772 -0.3780 -0.8455
vn 0.9475 0.2692 -0.1723
vn 0.2435 0.9153 -0.3208
vn 0.1808 -0.7736 0.6073
vn 0.0820 -0.9617 0.2616
vn 0.1584 0.6752 0.7205
vn 0.1913 0.7553 0.6268
vn 0.1801 0.8584 0.4803
vn 0.1821 0.9126 0.3661
vn 0.1578 0.9481 0.2762
vn 0.1380 0.9667 0.2156
vn 0.1492 0.9851 0.0859
vn 0.1580 0.9866 -0.0413
vn 0.6683 0.5415 -0.5101
vn 0.4793 0.5325 -0.6976
vn 0.5521 0.6074 -0.5711
vn 0.4941 -0.3169 -0.8096
vn 0.5451 -0.2899 -0.7866
vn 0.5968 -0.3716 -0.7111
vn 0.8540 0.1181 -0.5066
vn 0.9035 -0.0955 -0.4179
vn 0.9899 0.0882 -0.1109
vn 0.1108 0.9879 -0.1085
vn 0.3231 0.4855 0.8123
vn 0.2377 -0.7640 0.5999
vn 0.2567 -0.8800 0.3996
vn 0.6730 -0.3265 0.6637
vn 0.2922 0.5521 0.7809
vn 0.2609 0.6489 0.7148
vn 0.2410 0.7611 0.6021
vn 0.3196 -0.7865 0.5285
vn 0.3308 0.7784 0.5336
vn 0.2248 0.8460 0.4834
vn 0.2422 0.8947 0.3753
vn 0.2072 0.9434 0.2590
vn 0.2671 0.9460 0.1835
vn 0.2238 0.9545 0.1973
vn 0.2705 0.9585 0.0896
vn 0.2382 0.9680 0.0796
vn 0.2843 0.9580 -0.0367
vn 0.2245 0.9739 -0.0324
vn 0.7718 -0.3752 -0.5133
vn 0.7587 -0.3773 -0.5310
vn 0.8178 -0.1391 -0.5584
vn 0.7889 -0.1254 -0.6016
vn 0.8321 0.0007 -0.5547
vn 0.7553 0.0148 -0.6552
vn 0.8190 0.1376 -0.5570
vn 0.7562 0.1289 -0.6415
vn 0.7719 0.3750 -0.5133
vn 0.7352 0.3716 -0.5669
vn 0.7542 0.3809 -0.5349
vn 0.3575 -0.2893 0.8880
vn 0.3678 -0.0366 0.9292
vn 0.3463 0.2522 0.9036
vn 0.4123 -0.6241 0.6638
vn 0.3564 -0.4654 0.8102
vn 0.4750 -0.3442 0.8099
vn 0.5305 0.3185 0.7856
vn 0.3716 0.4614 0.8056
vn 0.4394 0.6114 0.6581
vn 0.3665 -0.7956 0.4824
vn 0.4036 -0.7274 0.5549
vn 0.4126 0.7183 0.5602
vn 0.3755 0.7887 0.4868
vn 0.4188 -0.8117 0.4072
vn 0.4156 0.8060 0.4216
vn 0.3305 0.8702 0.3655
vn 0.3435 0.9108 0.2289
vn 0.3304 0.9393 0.0922
vn 0.3395 0.9394 -0.0477
vn 0.5095 -0.0520 0.8589
vn 0.5109 -0.5715 0.6422
vn 0.5933 -0.3472 0.7263
vn 0.5844 -0.1486 0.7977
vn 0.6847 -0.0302 0.7282
vn 0.6036 0.1461 0.7838
vn 0.5945 0.3199 0.7377
vn 0.5120 0.5466 0.6626
vn 0.4394 -0.6965 0.5673
vn 0.4737 -0.5846 0.6587
vn 0.4939 0.5598 0.6653
vn 0.4456 0.6851 0.5762
vn 0.4748 -0.8205 0.3183
vn 0.4794 -0.7718 0.4177
vn 0.4873 0.7606 0.4291
vn 0.4852 0.8133 0.3212
vn 0.5355 -0.7983 0.2754
vn 0.5356 0.7980 0.2761
vn 0.4289 0.8694 0.2453
vn 0.5421 -0.8340 0.1029
vn 0.5547 0.8245 0.1117
vn 0.4183 0.9033 0.0949
vn 0.5402 -0.8391 -0.0641
vn 0.5564 0.8279 -0.0703
vn 0.4194 0.9059 -0.0593
vn 0.5452 -0.2976 0.7837
vn 0.6241 -0.0164 0.7812
vn 0.5477 0.2654 0.7935
vn 0.6700 -0.6028 0.4332
vn 0.6343 -0.4281 0.6437
vn 0.7650 -0.3100 0.5645
vn 0.7710 -0.0155 0.6366
vn 0.7784 0.2731 0.5653
vn 0.6335 0.4253 0.6464
vn 0.6731 0.5781 0.4613
vn 0.5885 -0.7150 0.3775
vn 0.6741 -0.5922 0.4415
vn 0.7850 -0.3578 0.5058
vn 0.8354 -0.0173 0.5494
vn 0.7947 0.3291 0.5100
vn 0.6935 0.5663 0.4454
vn 0.5974 0.7035 0.3850
vn 0.5858 -0.7576 0.2877
vn 0.6945 -0.6502 0.3079
vn 0.7047 0.6358 0.3149
vn 0.5982 0.7476 0.2887
vn 0.5848 -0.8009 0.1284
vn 0.7130 -0.6860 0.1452
vn 0.7130 0.6860 0.1452
vn 0.6112 0.7822 0.1209
vn 0.5832 -0.8082 -0.0813
vn 0.7172 -0.6907 -0.0920
vn 0.6150 0.7844 -0.0806
vn 0.7606 -0.3499 0.5468
vn 0.8383 -0.0173 0.5450
vn 0.7650 0.3208 0.5585
vn 0.7696 -0.5791 0.2690
vn 0.9226 -0.3096 0.2299
vn 0.9565 -0.0152 0.2913
vn 0.9298 0.2829 0.2354
vn 0.7772 0.5628 0.2814
vn 0.8102 -0.5637 0.1608
vn 0.9124 -0.3688 0.1778
vn 0.9799 -0.0188 0.1987
vn 0.9205 0.3513 0.1709
vn 0.8233 0.5421 0.1681
vn 0.7551 0.6515 0.0731
vn 0.8083 -0.5799 -0.1019
vn 0.9197 -0.3757 -0.1141
vn 0.9919 -0.0191 -0.1252
vn 0.9257 0.3609 -0.1133
vn 0.8371 0.5344 -0.1168
vn 0.7623 0.6313 -0.1427
vn 0.6813 0.7252 -0.0997
vn -0.7743 0.3341 0.5374
vn -0.8762 0.4819 0.0054
vn -0.9037 0.4262 0.0414
vn -0.9230 0.3843 0.0178
vn -0.8249 0.3600 -0.4359
vn -0.8671 0.3559 -0.3486
vn -0.5151 0.2074 0.8317
vn -0.7310 0.3053 0.6103
vn -0.6795 0.3714 0.6327
vn -0.8513 0.3977 0.3422
vn -0.8795 0.4754 0.0188
vn -0.5526 0.2001 -0.8091
vn -0.7750 0.4677 -0.4249
vn -0.1780 0.0595 0.9822
vn -0.3619 0.1677 0.9170
vn -0.3612 0.2178 -0.9067
vn 0.3702 -0.1706 0.9132
vn 0.1874 -0.0640 0.9802
vn 0.7554 -0.4285 0.4958
vn 0.6810 -0.3737 0.6297
vn 0.5198 -0.2108 0.8279
vn 0.8705 -0.3564 -0.3396
vn -0.7723 0.3446 0.5336
vn -0.8245 0.3515 0.4434
vn -0.9085 0.4162 0.0363
vn -0.9062 0.4219 0.0278
vn -0.8174 0.3560 -0.4529
vn -0.8572 0.3549 -0.3731
vn -0.5233 0.1916 0.8303
vn -0.6329 0.2926 0.7168
vn -0.7531 0.4273 0.5003
vn -0.7838 0.3465 0.5154
vn -0.8187 0.3658 0.4427
vn -0.9071 0.4199 0.0284
vn -0.9053 0.4239 0.0287
vn -0.9159 0.4001 0.0312
vn -0.9592 0.2819 0.0205
vn -0.5362 0.1886 -0.8227
vn -0.6326 0.2924 -0.7172
vn -0.7668 0.4625 -0.4451
vn -0.8109 0.3525 -0.4671
vn -0.8495 0.3649 -0.3811
vn -0.0927 0.0067 0.9957
vn -0.3189 0.1955 0.9274
vn -0.4994 0.1848 0.8464
vn -0.6081 0.2740 0.7451
vn -0.7739 0.3746 0.5106
vn -0.7592 0.3777 0.5300
vn -0.8856 0.4128 -0.2128
vn -0.8266 0.5623 0.0234
vn -0.3272 0.2038 -0.9227
vn -0.5096 0.1866 -0.8399
vn -0.6101 0.2754 -0.7429
vn -0.7772 0.4246 -0.4643
vn -0.7901 0.3769 -0.4833
vn 0.3910 -0.1727 0.9041
vn 0.2107 -0.0862 0.9737
vn -0.0597 0.0046 0.9982
vn -0.2948 0.1699 0.9403
vn -0.4747 0.1810 0.8614
vn -0.9310 0.3570 0.0757
vn 0.2243 -0.0995 -0.9694
vn 0.1486 0.7304 -0.6666
vn -0.0000 0.9994 -0.0337
vn -0.0000 0.9978 0.0659
vn -0.0000 0.9774 0.2112
vn -0.0000 0.9413 0.3375
vn -0.0000 0.9342 0.3567
vn -0.0000 0.8595 0.5111
vn -0.0000 0.7738 0.6334
vn 0.1018 0.7077 0.6991
vn -0.0000 0.6306 0.7761
vn -0.0000 0.9067 -0.4217
vn -0.0000 0.7992 -0.6011
vn -0.0000 0.7306 -0.6828
vn -0.0000 -0.9854 -0.1703
vn -0.0000 -0.9809 0.1943
vn 0.0669 -0.9839 -0.1655
vn 0.0703 -0.9803 0.1847
vn 0.1522 -0.9738 -0.1688
vn 0.1999 -0.9608 -0.1923
vn 0.1826 -0.9706 0.1565
vn 0.3099 -0.9453 0.1023
vn -0.9494 0.3137 0.0182
vn 0.2395 -0.9537 -0.1817
vn 0.2421 -0.9126 0.3295
vn 0.1808 -0.9810 0.0709
vn 0.4142 -0.9086 -0.0534
vn 0.4106 -0.9077 0.0867
vn 0.4082 -0.8788 0.2470
vn 0.3263 -0.9439 -0.0498
vn 0.3185 -0.9432 0.0950
vn 0.3518 -0.9185 -0.1806
vn 0.4272 -0.9029 0.0477
vn 0.3296 -0.9174 0.2233
vn 0.3250 -0.8761 0.3561
vn 0.7639 -0.3782 -0.5229
vn 0.2416 -0.9614 -0.1319
vn 0.2912 -0.9560 -0.0356
vn 0.2036 -0.9786 -0.0303
vn 0.3021 -0.9496 0.0836
vn 0.2027 -0.9771 0.0643
vn 0.2508 -0.9401 0.2311
vn 0.3942 -0.9009 -0.1817
vn 0.2551 -0.9524 0.1671
vn 0.2304 -0.9034 0.3616
vn 0.2183 -0.8515 0.4768
vn 0.5147 -0.3764 -0.7703
vn 0.4883 -0.5491 -0.6783
vn 0.6717 -0.5483 -0.4983
vn 0.5547 -0.6093 -0.5667
vn 0.1595 -0.9863 -0.0428
vn 0.1492 -0.9851 0.0861
vn 0.2089 -0.9494 0.2345
vn 0.1386 -0.9739 0.1796
vn 0.1804 -0.9216 0.3436
vn 0.1672 -0.9366 0.3079
vn 0.1587 -0.8436 0.5130
vn 0.3421 -0.4442 -0.8280
vn 0.4502 -0.5319 -0.7172
vn 0.3951 -0.5974 -0.6978
vn 0.4015 -0.6749 -0.6191
vn 0.3805 -0.6975 -0.6072
vn 0.3423 -0.7876 -0.5123
vn 0.0648 -0.9970 -0.0418
vn 0.0754 -0.9936 0.0847
vn 0.0758 -0.9783 0.1930
vn 0.0742 -0.9359 0.3444
vn 0.0774 -0.9438 0.3213
vn 0.0775 -0.8529 0.5163
vn 0.1902 -0.8872 -0.4204
vn 0.1797 -0.5078 -0.8425
vn 0.1559 -0.6013 -0.7837
vn 0.1576 -0.7562 -0.6351
vn 0.1768 -0.8011 -0.5718
vn -0.0000 -0.9994 -0.0338
vn -0.0000 -0.9978 0.0659
vn -0.0000 -0.9775 0.2111
vn -0.0000 -0.9344 0.3563
vn -0.0000 -0.9477 0.3191
vn -0.0000 -0.8642 0.5032
vn -0.0000 -0.8725 -0.4887
vn -0.0000 -0.5491 -0.8358
vn -0.0000 -0.6098 -0.7926
vn -0.0000 -0.7652 -0.6438
vn -0.0000 0.9854 -0.1701
vn -0.0000 0.9809 0.1948
vn -0.0000 -0.7996 -0.6005
vn 0.8877 0.3251 -0.3261
vn 0.0671 0.9840 -0.1652
vn 0.0701 0.9803 0.1849
vn 0.8271 0.1307 -0.5467
vn 0.9719 0.1183 -0.2035
vn 0.1611 0.9718 -0.1721
vn 0.5132 0.8474 0.1360
vn 0.1936 0.9690 0.1532
vn 0.8319 0.0001 -0.5549
vn 0.9761 -0.0000 -0.2174
vn 0.2725 0.9485 -0.1616
vn 0.2116 0.9497 -0.2308
vn 0.2074 0.9631 -0.1715
vn 0.0571 0.9947 0.0852
vn 0.2524 0.8947 0.3686
vn 0.8271 -0.1307 -0.5467
vn 0.9719 -0.1183 -0.2035
vn 0.8880 -0.3248 -0.3256
vn 0.9292 0.3137 -0.1955
vn 0.9726 0.1498 -0.1779
vn 0.3531 0.9170 -0.1859
vn 0.6940 -0.7179 -0.0547
vn 0.3969 0.9167 0.0467
vn 0.9807 -0.0000 -0.1957
vn 0.9726 -0.1498 -0.1779
vn 0.9292 -0.3137 -0.1955
vn 0.8653 0.5009 -0.0189
vn 0.9087 0.3764 -0.1807
vn 0.9589 0.2832 -0.0184
vn 0.9841 0.1766 -0.0163
vn 0.9998 -0.0000 -0.0208
vn 0.5617 -0.8024 -0.2016
vn 0.4585 -0.8303 -0.3169
vn 0.5294 0.8233 -0.2047
vn 0.4245 0.8839 -0.1964
vn 0.5554 -0.7609 0.3355
vn 0.3709 -0.9135 -0.1671
vn 0.5797 0.8072 -0.1115
vn 0.4908 0.8707 -0.0308
vn 0.9841 -0.1766 -0.0163
vn 0.9087 -0.3764 -0.1807
vn 0.9589 -0.2832 -0.0184
vn 0.9087 0.3764 0.1807
vn 0.9253 0.3259 0.1941
vn 0.9727 0.1519 0.1755
vn 0.9807 -0.0000 0.1955
vn 0.9727 -0.1519 0.1755
vn 0.9253 -0.3259 0.1941
vn 0.9087 -0.3764 0.1807
vn 0.8992 0.3214 0.2969
vn 0.9727 0.1281 0.1935
vn 0.9806 -0.0000 0.1959
vn 0.5737 -0.7917 -0.2098
vn 0.6903 -0.6971 -0.1938
vn 0.6881 0.6973 -0.2007
vn 0.6114 0.7678 -0.1914
vn 0.5903 -0.7883 -0.1736
vn 0.7394 -0.6155 -0.2730
vn 0.7449 0.6050 -0.2814
vn 0.6385 0.7480 -0.1813
vn 0.9727 -0.1281 0.1935
vn 0.8992 -0.3214 0.2969
vn 0.8503 0.1396 0.5074
vn 0.8477 -0.0000 0.5304
vn 0.8503 -0.1396 0.5074
vn 0.6906 0.5912 -0.4167
vn 0.7094 0.5391 -0.4539
vn 0.7885 0.4745 -0.3913
vn 0.8372 0.3793 -0.3940
vn 0.8373 -0.3794 -0.3936
vn 0.7797 0.6054 -0.1597
vn 0.8321 0.5337 -0.1509
vn 0.7932 0.6087 -0.0166
vn 0.8445 0.5353 -0.0152
vn 0.7837 0.6013 0.1559
vn 0.8313 0.5347 0.1519
vn 0.8255 -0.5347 -0.1805
vn 0.9162 -0.3593 -0.1771
vn 0.9792 -0.0188 -0.2019
vn 0.9258 0.3388 -0.1677
vn 0.8350 0.5160 -0.1912
vn 0.8168 -0.4602 -0.3480
vn 0.8831 -0.2679 -0.3851
vn 0.9060 -0.0178 -0.4229
vn 0.8856 0.2486 -0.3922
vn 0.8256 0.4374 -0.3563
vn 0.6981 0.6039 0.3846
vn 0.8043 0.4797 0.3506
vn 0.8490 0.3889 0.3579
vn 0.8490 -0.3889 0.3579
vn 0.7104 0.5486 0.4409
vn 0.7703 0.3764 0.5147
vn 0.8186 0.1408 0.5569
vn 0.8319 -0.0000 0.5550
vn 0.8186 -0.1408 0.5569
vn 0.7703 -0.3764 0.5147
vn 0.8201 0.1500 0.5522
vn 0.8314 -0.0000 0.5557
vn 0.8201 -0.1500 0.5522
vn 0.5069 0.7884 -0.3484
vn 0.5964 0.6992 -0.3942
vn 0.6060 0.6825 -0.4086
vn 0.5662 0.8025 -0.1882
vn 0.6198 0.7666 -0.1679
vn 0.5926 0.8054 -0.0115
vn 0.6312 0.7755 -0.0148
vn 0.5663 0.8078 0.1637
vn 0.6273 0.7638 0.1521
vn 0.5123 0.7876 0.3423
vn 0.6176 0.6810 0.3936
vn 0.6025 0.7081 0.3682
vn 0.5664 0.6096 0.5546
vn 0.6711 0.5594 0.4864
vn 0.5002 0.5612 0.6594
vn 0.5236 0.3782 0.7634
vn 0.5323 0.3774 0.7577
vn 0.5721 0.1521 0.8060
vn 0.5760 -0.0000 0.8174
vn 0.5721 -0.1521 0.8060
vn 0.5323 -0.3774 0.7577
vn 0.5147 0.3764 0.7703
vn 0.5539 0.1438 0.8201
vn 0.5552 -0.0000 0.8317
vn 0.5539 -0.1438 0.8201
vn 0.5147 -0.3764 0.7703
vn 0.3841 0.8352 -0.3936
vn 0.3369 0.9231 -0.1855
vn 0.3505 0.9059 -0.2377
vn 0.4032 0.8983 -0.1743
vn 0.3824 0.9240 -0.0080
vn 0.3828 0.9238 -0.0080
vn 0.3370 0.9273 0.1628
vn 0.4038 0.9027 0.1484
vn 0.3473 0.9102 0.2255
vn 0.3902 0.8382 0.3810
vn 0.3481 0.7884 0.5072
vn 0.3802 0.7102 0.5924
vn 0.4042 0.6916 0.5986
vn 0.4069 0.5921 0.6956
vn 0.4376 0.5503 0.7111
vn 0.3551 0.4639 0.8116
vn 0.3818 0.4159 0.8254
vn 0.3373 0.3353 0.8796
vn 0.5532 0.1371 0.8217
vn 0.5550 -0.0000 0.8319
vn 0.5532 -0.1371 0.8217
vn 0.3373 -0.3353 0.8796
vn 0.3818 -0.4159 0.8254
vn 0.1672 0.9268 -0.3362
vn 0.1630 0.8972 -0.4105
vn 0.2314 0.9040 -0.3595
vn 0.1738 0.9662 -0.1903
vn 0.1653 0.9862 -0.0092
vn 0.1829 0.9690 0.1663
vn 0.1798 0.9240 0.3373
vn 0.2318 0.9120 0.3383
vn 0.1591 0.9039 0.3970
vn 0.1751 0.8088 0.5614
vn 0.1583 0.7778 0.6082
vn 0.1559 0.6013 0.7837
vn 0.1774 0.5383 0.8239
vn 0.1807 0.3764 0.9087
vn 0.1807 -0.3764 0.9087
vn -0.0000 0.9240 -0.3825
vn -0.0000 0.9238 -0.3829
vn -0.0000 0.9835 -0.1811
vn -0.0000 1.0000 -0.0098
vn -0.0000 0.9888 0.1495
vn -0.0000 0.9241 0.3823
vn -0.0000 0.9239 0.3827
vn -0.0000 0.8106 0.5856
vn -0.0000 0.7854 0.6190
vn -0.0000 0.6089 0.7932
vn -0.0000 0.5706 0.8212
vn -0.0000 0.3832 0.9237
vn 0.8653 -0.5009 -0.0189
vn 0.7095 -0.5393 -0.4537
vn 0.7885 -0.4747 -0.3912
vn 0.6906 -0.5912 -0.4166
vn 0.8321 -0.5337 -0.1509
vn 0.7797 -0.6054 -0.1597
vn 0.8445 -0.5353 -0.0152
vn 0.7932 -0.6087 -0.0166
vn 0.8313 -0.5347 0.1519
vn 0.7837 -0.6013 0.1559
vn 0.8043 -0.4797 0.3506
vn 0.6981 -0.6039 0.3846
vn 0.7104 -0.5486 0.4409
vn 0.5968 -0.6998 -0.3925
vn 0.6059 -0.6826 -0.4086
vn 0.5070 -0.7884 -0.3483
vn 0.6198 -0.7666 -0.1679
vn 0.5662 -0.8025 -0.1882
vn 0.6312 -0.7755 -0.0148
vn 0.5926 -0.8054 -0.0115
vn 0.6273 -0.7638 0.1521
vn 0.5663 -0.8078 0.1637
vn 0.6176 -0.6810 0.3936
vn 0.5123 -0.7876 0.3423
vn 0.6711 -0.5594 0.4864
vn 0.5664 -0.6096 0.5546
vn 0.6025 -0.7081 0.3682
vn 0.5236 -0.3782 0.7634
vn 0.5002 -0.5612 0.6594
vn 0.3841 -0.8353 -0.3934
vn 0.3505 -0.9059 -0.2377
vn 0.4032 -0.8983 -0.1743
vn 0.3369 -0.9231 -0.1855
vn 0.3828 -0.9238 -0.0080
vn 0.3824 -0.9240 -0.0080
vn 0.4038 -0.9027 0.1484
vn 0.3370 -0.9273 0.1628
vn 0.3902 -0.8382 0.3810
vn 0.3473 -0.9102 0.2255
vn 0.3802 -0.7102 0.5924
vn 0.3481 -0.7884 0.5072
vn 0.4376 -0.5503 0.7111
vn 0.4069 -0.5921 0.6956
vn 0.4042 -0.6916 0.5986
vn 0.3551 -0.4639 0.8116
vn 0.1629 -0.8972 -0.4105
vn 0.2313 -0.9041 -0.3594
vn 0.1672 -0.9268 -0.3362
vn 0.1738 -0.9662 -0.1903
vn 0.1653 -0.9862 -0.0092
vn 0.1829 -0.9690 0.1663
vn 0.2318 -0.9120 0.3383
vn 0.1798 -0.9240 0.3373
vn 0.1751 -0.8088 0.5614
vn 0.1591 -0.9039 0.3970
vn 0.1559 -0.6013 0.7837
vn 0.1583 -0.7778 0.6082
vn 0.1774 -0.5383 0.8239
vn -0.0000 -0.9238 -0.3829
vn -0.0000 -0.9240 -0.3825
vn -0.0000 -0.9835 -0.1811
vn -0.0000 -1.0000 -0.0098
vn -0.0000 -0.9888 0.1495
vn -0.0000 -0.9241 0.3823
vn -0.0000 -0.8106 0.5856
vn -0.0000 -0.9239 0.3827
vn -0.0000 -0.6089 0.7932
vn -0.0000 -0.7854 0.6190
vn -0.0000 -0.3832 0.9237
vn -0.0000 -0.5706 0.8212
vn 0.1986 0.1233 0.9723
vn 0.2250 -0.0000 0.9744
vn 0.1986 -0.1233 0.9723
vn 0.1877 0.1441 0.9716
vn 0.1953 -0.0000 0.9807
vn 0.1877 -0.1441 0.9716
vn -0.0000 0.3810 0.9246
vn -0.0000 0.1532 0.9882
vn -0.0000 -0.0000 1.0000
vn -0.0000 -0.1532 0.9882
vn -0.0000 -0.3809 0.9246
vn -0.0701 0.9803 0.1849
vn -0.0671 0.9840 -0.1652
vn -0.1936 0.9690 0.1532
vn -0.1611 0.9718 -0.1721
vn -0.2524 0.8947 0.3686
vn -0.5132 0.8474 0.1360
vn -0.0571 0.9947 0.0852
vn -0.2074 0.9631 -0.1715
vn -0.2116 0.9497 -0.2308
vn -0.3969 0.9167 0.0467
vn -0.2725 0.9485 -0.1616
vn -0.3531 0.9170 -0.1859
vn -0.4908 0.8707 -0.0308
vn -0.3709 -0.9135 -0.1671
vn -0.5554 -0.7609 0.3355
vn -0.6940 -0.7179 -0.0547
vn -0.4245 0.8839 -0.1964
vn -0.4585 -0.8303 -0.3169
vn -0.5797 0.8072 -0.1115
vn -0.6385 0.7480 -0.1813
vn -0.5903 -0.7883 -0.1736
vn -0.5294 0.8233 -0.2047
vn -0.6114 0.7678 -0.1914
vn -0.5737 -0.7917 -0.2098
vn -0.5617 -0.8024 -0.2016
vn -0.7449 0.6050 -0.2814
vn -0.8256 0.4374 -0.3563
vn -0.8168 -0.4602 -0.3480
vn -0.7394 -0.6155 -0.2730
vn -0.6881 0.6973 -0.2007
vn -0.8350 0.5160 -0.1912
vn -0.8255 -0.5347 -0.1805
vn -0.6903 -0.6971 -0.1938
vn -0.8856 0.2486 -0.3922
vn -0.9060 -0.0178 -0.4229
vn -0.8831 -0.2679 -0.3851
vn -0.9258 0.3388 -0.1677
vn -0.9792 -0.0188 -0.2019
vn -0.9162 -0.3593 -0.1771
vn -0.0703 -0.9803 0.1847
vn -0.0669 -0.9839 -0.1655
vn -0.1826 -0.9706 0.1565
vn -0.1522 -0.9738 -0.1688
vn -0.1808 -0.9810 0.0709
vn -0.2421 -0.9126 0.3295
vn -0.3099 -0.9453 0.1023
vn -0.2395 -0.9537 -0.1817
vn -0.1999 -0.9608 -0.1923
vn -0.4272 -0.9029 0.0477
vn -0.3518 -0.9185 -0.1806
vn -0.3942 -0.9009 -0.1817
vn 0.2309 0.1052 0.9673
vn 0.2440 -0.3514 0.9039
vn 0.3346 0.1609 0.9285
vn 0.3009 0.1435 0.9428
vn 0.1181 0.0342 0.9924
vn -0.1726 -0.0493 0.9838
vn 0.2692 0.1261 0.9548
vn 0.0809 0.0277 0.9963
vn -0.1965 -0.0724 0.9778
vn -0.3718 -0.1680 0.9130
vn -0.2009 0.2447 0.9486
vn -0.2194 -0.0937 0.9711
vn -0.3954 -0.1701 0.9026
vn 0.3826 0.1692 0.9083
vn 0.2078 0.0833 0.9746
vn -0.0408 -0.0028 0.9992
vn -0.2693 -0.1439 0.9522
vn 0.3599 0.1669 0.9179
vn 0.1837 0.0601 0.9811
vn -0.1004 -0.0311 0.9945
vn -0.2853 -0.1350 0.9489
vn 0.1561 0.0413 0.9869
vn -0.1382 -0.0379 0.9897
vn -0.3185 -0.1527 0.9355
vn -0.3496 -0.1660 0.9221
vn -0.0649 0.9970 -0.0417
vn -0.0754 0.9936 0.0846
vn -0.0915 0.9736 0.2091
vn -0.0672 0.9474 0.3128
vn -0.0564 0.9286 0.3667
vn -0.0650 0.8675 0.4932
vn -0.0810 0.7524 0.6537
vn -0.1018 0.7077 0.6991
vn -0.1015 0.6673 0.7379
vn -0.0950 0.9043 -0.4162
vn -0.1749 0.8010 -0.5725
vn -0.1486 0.7304 -0.6666
vn -0.1580 0.9866 -0.0413
vn -0.1492 0.9851 0.0859
vn -0.1380 0.9667 0.2156
vn -0.1578 0.9481 0.2762
vn -0.1280 0.9377 0.3230
vn -0.1821 0.9126 0.3661
vn -0.1801 0.8584 0.4803
vn -0.1913 0.7553 0.6268
vn -0.1584 0.6752 0.7205
vn -0.0820 -0.9617 0.2616
vn -0.1808 -0.7736 0.6073
vn -0.9469 -0.3189 -0.0418
vn -0.2435 0.9153 -0.3208
vn -0.3772 -0.3780 -0.8455
vn -0.3423 0.7876 -0.5123
vn -0.3930 0.6616 -0.6386
vn -0.2245 0.9739 -0.0324
vn -0.2382 0.9680 0.0796
vn -0.2238 0.9545 0.1973
vn -0.2072 0.9434 0.2590
vn -0.2422 0.8947 0.3753
vn -0.2248 0.8460 0.4834
vn -0.2410 0.7611 0.6021
vn -0.2609 0.6489 0.7148
vn -0.2567 -0.8800 0.3996
vn -0.2377 -0.7640 0.5999
vn -0.3231 0.4855 0.8123
vn -0.9475 0.2692 -0.1723
vn -0.1108 0.9879 -0.1085
vn -0.5451 -0.2899 -0.7866
vn -0.3833 0.6936 -0.6099
vn -0.5521 0.6074 -0.5712
vn -0.4793 0.5325 -0.6976
vn -0.2843 0.9580 -0.0367
vn -0.3395 0.9394 -0.0477
vn -0.2705 0.9585 0.0896
vn -0.3304 0.9393 0.0922
vn -0.2671 0.9460 0.1835
vn -0.3435 0.9109 0.2289
vn -0.3305 0.8702 0.3655
vn -0.3755 0.7887 0.4868
vn -0.3308 0.7784 0.5336
vn -0.4126 0.7183 0.5602
vn -0.4036 -0.7274 0.5549
vn -0.3665 -0.7956 0.4824
vn -0.3196 -0.7865 0.5285
vn -0.4394 0.6114 0.6581
vn -0.2922 0.5521 0.7809
vn -0.3716 0.4613 0.8056
vn -0.3564 -0.4654 0.8102
vn -0.4122 -0.6241 0.6638
vn -0.6730 -0.3265 0.6637
vn -0.3463 0.2522 0.9036
vn -0.9899 0.0882 -0.1109
vn -0.3678 -0.0366 0.9292
vn -0.9035 -0.0955 -0.4179
vn -0.3575 -0.2893 0.8880
vn -0.8540 0.1181 -0.5066
vn -0.5968 -0.3716 -0.7111
vn -0.4941 -0.3169 -0.8096
vn -0.6683 0.5415 -0.5101
vn -0.7542 0.3809 -0.5349
vn -0.7352 0.3716 -0.5669
vn -0.7562 0.1289 -0.6415
vn -0.7553 0.0148 -0.6552
vn -0.7889 -0.1254 -0.6016
vn -0.7587 -0.3773 -0.5310
vn -0.4194 0.9059 -0.0593
vn -0.4183 0.9033 0.0949
vn -0.4289 0.8694 0.2453
vn -0.4852 0.8133 0.3212
vn -0.4156 0.8060 0.4215
vn -0.4873 0.7606 0.4291
vn -0.4794 -0.7718 0.4177
vn -0.4748 -0.8205 0.3183
vn -0.4188 -0.8117 0.4072
vn -0.4456 0.6851 0.5762
vn -0.4394 -0.6965 0.5673
vn -0.5120 0.5466 0.6626
vn -0.5945 0.3199 0.7377
vn -0.5305 0.3185 0.7856
vn -0.6036 0.1461 0.7838
vn -0.5844 -0.1486 0.7977
vn -0.5933 -0.3472 0.7263
vn -0.4750 -0.3442 0.8099
vn -0.5109 -0.5715 0.6422
vn -0.5095 -0.0520 0.8589
vn -0.7719 0.3750 -0.5133
vn -0.8190 0.1376 -0.5570
vn -0.8321 0.0007 -0.5547
vn -0.8178 -0.1391 -0.5584
vn -0.7718 -0.3752 -0.5133
vn -0.5564 0.8279 -0.0703
vn -0.6150 0.7844 -0.0806
vn -0.5832 -0.8082 -0.0813
vn -0.5402 -0.8391 -0.0641
vn -0.5547 0.8245 0.1117
vn -0.6112 0.7822 0.1209
vn -0.5848 -0.8009 0.1284
vn -0.5421 -0.8340 0.1029
vn -0.5356 0.7980 0.2761
vn -0.5982 0.7476 0.2887
vn -0.5858 -0.7576 0.2877
vn -0.5355 -0.7984 0.2754
vn -0.5974 0.7035 0.3850
vn -0.5885 -0.7150 0.3775
vn -0.6731 0.5781 0.4613
vn -0.4939 0.5598 0.6653
vn -0.6335 0.4253 0.6464
vn -0.6343 -0.4281 0.6437
vn -0.6700 -0.6028 0.4332
vn -0.4737 -0.5846 0.6587
vn -0.5477 0.2654 0.7935
vn -0.6241 -0.0164 0.7812
vn -0.6847 -0.0302 0.7282
vn -0.5452 -0.2976 0.7837
vn -0.6813 0.7252 -0.0997
vn -0.7623 0.6313 -0.1427
vn -0.8083 -0.5799 -0.1019
vn -0.7172 -0.6907 -0.0920
vn -0.7551 0.6515 0.0731
vn -0.7130 0.6860 0.1452
vn -0.8233 0.5421 0.1681
vn -0.8102 -0.5637 0.1608
vn -0.7130 -0.6860 0.1452
vn -0.7047 0.6358 0.3149
vn -0.7772 0.5628 0.2814
vn -0.7696 -0.5791 0.2690
vn -0.6945 -0.6502 0.3079
vn -0.6935 0.5663 0.4454
vn -0.7650 0.3208 0.5585
vn -0.7947 0.3291 0.5100
vn -0.8383 -0.0173 0.5450
vn -0.8354 -0.0173 0.5494
vn -0.7606 -0.3499 0.5468
vn -0.7850 -0.3578 0.5058
vn -0.6741 -0.5922 0.4415
vn -0.7784 0.2731 0.5653
vn -0.7710 -0.0155 0.6366
vn -0.7650 -0.3100 0.5645
vn -0.8371 0.5344 -0.1168
vn -0.9257 0.3609 -0.1133
vn -0.9919 -0.0191 -0.1252
vn -0.9197 -0.3757 -0.1141
vn -0.9205 0.3513 0.1709
vn -0.9799 -0.0188 0.1987
vn -0.9124 -0.3688 0.1778
vn -0.9298 0.2829 0.2354
vn -0.9565 -0.0152 0.2913
vn -0.9226 -0.3096 0.2299
vn -0.0648 -0.9970 -0.0418
vn -0.0754 -0.9936 0.0847
vn -0.0758 -0.9783 0.1930
vn -0.0742 -0.9359 0.3444
vn -0.0774 -0.9438 0.3213
vn -0.0775 -0.8529 0.5163
vn -0.1902 -0.8872 -0.4204
vn -0.1797 -0.5078 -0.8425
vn -0.1559 -0.6013 -0.7837
vn -0.1576 -0.7562 -0.6351
vn -0.1768 -0.8011 -0.5718
vn -0.1595 -0.9863 -0.0428
vn -0.1492 -0.9851 0.0861
vn -0.1386 -0.9739 0.1796
vn -0.2440 -0.3514 0.9039
vn -0.2309 0.1052 0.9673
vn -0.1804 -0.9216 0.3436
vn -0.1672 -0.9366 0.3079
vn -0.1587 -0.8436 0.5130
vn -0.3421 -0.4442 -0.8280
vn -0.3951 -0.5974 -0.6978
vn -0.4015 -0.6749 -0.6191
vn -0.3423 -0.7876 -0.5123
vn -0.2416 -0.9614 -0.1319
vn -0.2036 -0.9786 -0.0303
vn -0.2027 -0.9771 0.0643
vn -0.2508 -0.9401 0.2311
vn -0.2551 -0.9524 0.1671
vn -0.2089 -0.9494 0.2345
vn -0.2304 -0.9034 0.3616
vn -0.2183 -0.8515 0.4768
vn -0.5147 -0.3764 -0.7703
vn -0.4502 -0.5319 -0.7172
vn -0.4883 -0.5491 -0.6783
vn -0.5547 -0.6093 -0.5667
vn -0.3805 -0.6975 -0.6072
vn -0.3263 -0.9439 -0.0498
vn -0.2912 -0.9560 -0.0356
vn 0.2693 -0.1439 0.9522
vn 0.0408 -0.0028 0.9992
vn -0.2078 0.0833 0.9746
vn -0.3826 0.1692 0.9083
vn -0.3185 -0.9432 0.0950
vn -0.3021 -0.9496 0.0836
vn -0.3296 -0.9174 0.2233
vn -0.3250 -0.8761 0.3561
vn -0.7639 -0.3782 -0.5229
vn -0.6717 -0.5483 -0.4983
vn -0.4142 -0.9086 -0.0534
vn -0.4106 -0.9077 0.0867
vn -0.4082 -0.8788 0.2470
vn 0.2853 -0.1350 0.9489
vn 0.1004 -0.0311 0.9945
vn -0.1837 0.0601 0.9811
vn -0.3599 0.1669 0.9179
vn 0.8762 0.4819 0.0054
vn 0.3185 -0.1527 0.9355
vn 0.1382 -0.0379 0.9897
vn -0.1561 0.0413 0.9869
vn -0.1672 0.9268 -0.3362
vn -0.1630 0.8972 -0.4105
vn -0.1738 0.9662 -0.1903
vn -0.1653 0.9862 -0.0092
vn -0.1829 0.9690 0.1663
vn -0.1798 0.9240 0.3373
vn -0.1591 0.9039 0.3970
vn -0.1751 0.8088 0.5614
vn -0.1583 0.7778 0.6082
vn 0.3496 -0.1660 0.9221
vn -0.1559 0.6013 0.7837
vn -0.1774 0.5383 0.8239
vn -0.1807 0.3764 0.9087
vn -0.2314 0.9040 -0.3595
vn -0.3841 0.8352 -0.3936
vn -0.3369 0.9231 -0.1855
vn -0.3505 0.9059 -0.2377
vn -0.3824 0.9240 -0.0080
vn -0.3370 0.9273 0.1628
vn -0.3473 0.9102 0.2255
vn -0.2318 0.9120 0.3383
vn -0.3902 0.8382 0.3810
vn -0.3481 0.7884 0.5072
vn -0.4042 0.6916 0.5986
vn -0.4069 0.5921 0.6956
vn -0.3551 0.4639 0.8116
vn -0.3818 0.4159 0.8254
vn -0.3373 0.3353 0.8796
vn -0.3373 -0.3353 0.8796
vn -0.3818 -0.4159 0.8254
vn -0.1807 -0.3764 0.9087
vn -0.5069 0.7884 -0.3484
vn -0.5964 0.6992 -0.3942
vn -0.4032 0.8983 -0.1743
vn -0.5662 0.8025 -0.1882
vn -0.3828 0.9238 -0.0080
vn -0.5926 0.8054 -0.0115
vn -0.4038 0.9027 0.1484
vn -0.5663 0.8078 0.1637
vn -0.5123 0.7876 0.3423
vn -0.6025 0.7081 0.3682
vn -0.3802 0.7102 0.5924
vn -0.5664 0.6096 0.5546
vn -0.5002 0.5612 0.6594
vn -0.4376 0.5503 0.7111
vn -0.5236 0.3782 0.7634
vn -0.5147 0.3764 0.7703
vn -0.5539 0.1438 0.8201
vn -0.5532 0.1371 0.8217
vn -0.5552 -0.0000 0.8317
vn -0.5550 -0.0000 0.8319
vn -0.5539 -0.1438 0.8201
vn -0.5532 -0.1371 0.8217
vn -0.5147 -0.3764 0.7703
vn -0.6060 0.6825 -0.4086
vn -0.6906 0.5912 -0.4167
vn -0.7094 0.5391 -0.4539
vn -0.6198 0.7666 -0.1679
vn -0.7797 0.6054 -0.1597
vn -0.6312 0.7755 -0.0148
vn -0.7932 0.6087 -0.0166
vn -0.6273 0.7638 0.1521
vn -0.7837 0.6013 0.1559
vn -0.6176 0.6810 0.3936
vn -0.3346 0.1609 0.9285
vn -0.6981 0.6039 0.3846
vn -0.7104 0.5486 0.4409
vn -0.6711 0.5594 0.4864
vn -0.7703 0.3764 0.5147
vn -0.5323 0.3774 0.7577
vn -0.8201 0.1500 0.5522
vn -0.5721 0.1521 0.8060
vn -0.8314 -0.0000 0.5557
vn -0.5760 -0.0000 0.8174
vn -0.8201 -0.1500 0.5522
vn -0.5721 -0.1521 0.8060
vn -0.7703 -0.3764 0.5147
vn -0.5323 -0.3774 0.7577
vn -0.7885 0.4745 -0.3913
vn 0.1726 -0.0493 0.9838
vn -0.1181 0.0342 0.9924
vn -0.3009 0.1435 0.9428
vn -0.8372 0.3793 -0.3940
vn -0.8877 0.3251 -0.3261
vn -0.8271 0.1307 -0.5467
vn -0.8319 0.0001 -0.5549
vn -0.8271 -0.1307 -0.5467
vn -0.8880 -0.3248 -0.3256
vn -0.8373 -0.3794 -0.3936
vn -0.8321 0.5337 -0.1509
vn -0.9087 0.3764 -0.1807
vn -0.9292 0.3138 -0.1955
vn -0.9292 -0.3138 -0.1955
vn -0.9087 -0.3764 -0.1807
vn -0.8445 0.5353 -0.0152
vn -0.8653 0.5009 -0.0189
vn -0.8313 0.5347 0.1519
vn -0.9087 0.3764 0.1807
vn 0.3718 -0.1680 0.9130
vn 0.1965 -0.0724 0.9778
vn -0.0809 0.0277 0.9963
vn -0.2692 0.1261 0.9548
vn -0.9253 0.3259 0.1941
vn -0.9253 -0.3259 0.1941
vn -0.9087 -0.3764 0.1807
vn -0.8043 0.4797 0.3506
vn -0.8490 0.3889 0.3579
vn -0.8992 0.3214 0.2969
vn -0.8992 -0.3214 0.2969
vn -0.8490 -0.3889 0.3579
vn -0.8503 0.1396 0.5074
vn -0.8186 0.1408 0.5569
vn -0.8477 -0.0000 0.5304
vn -0.8319 -0.0000 0.5550
vn -0.8503 -0.1396 0.5074
vn -0.8186 -0.1408 0.5569
vn -0.9719 0.1183 -0.2035
vn -0.9761 -0.0000 -0.2174
vn 0.3954 -0.1701 0.9026
vn 0.2194 -0.0937 0.9711
vn 0.2009 0.2447 0.9486
vn -0.9719 -0.1183 -0.2035
vn -0.9726 0.1498 -0.1779
vn -0.9807 -0.0000 -0.1957
vn -0.9726 -0.1498 -0.1779
vn -0.9589 0.2832 -0.0184
vn -0.9841 0.1766 -0.0163
vn -0.9998 -0.0000 -0.0208
vn -0.9841 -0.1766 -0.0163
vn -0.9589 -0.2832 -0.0184
vn -0.9727 0.1519 0.1755
vn -0.9807 -0.0000 0.1955
vn -0.9727 -0.1519 0.1755
vn -0.9727 0.1281 0.1935
vn -0.9806 -0.0000 0.1959
vn -0.9727 -0.1281 0.1935
vn -0.1629 -0.8972 -0.4105
vn -0.1672 -0.9268 -0.3362
vn -0.1738 -0.9662 -0.1903
vn -0.1653 -0.9862 -0.0092
vn -0.1829 -0.9690 0.1663
vn -0.1798 -0.9240 0.3373
vn -0.1751 -0.8088 0.5614
vn -0.1591 -0.9039 0.3970
vn -0.1559 -0.6013 0.7837
vn -0.1583 -0.7778 0.6082
vn -0.1774 -0.5383 0.8239
vn -0.3841 -0.8353 -0.3934
vn -0.2313 -0.9041 -0.3594
vn -0.3505 -0.9059 -0.2377
vn -0.3369 -0.9231 -0.1855
vn -0.3824 -0.9240 -0.0080
vn -0.3370 -0.9273 0.1627
vn -0.3902 -0.8382 0.3810
vn -0.3473 -0.9102 0.2255
vn -0.2318 -0.9120 0.3383
vn -0.3481 -0.7884 0.5072
vn -0.4069 -0.5921 0.6956
vn -0.4042 -0.6916 0.5986
vn -0.3551 -0.4639 0.8116
vn -0.5968 -0.6998 -0.3925
vn -0.5070 -0.7884 -0.3483
vn -0.5662 -0.8025 -0.1882
vn -0.4032 -0.8983 -0.1743
vn -0.5926 -0.8054 -0.0115
vn -0.3828 -0.9238 -0.0080
vn -0.5663 -0.8078 0.1637
vn -0.4038 -0.9027 0.1484
vn -0.5123 -0.7876 0.3423
vn -0.5664 -0.6096 0.5546
vn -0.6025 -0.7081 0.3682
vn -0.3802 -0.7102 0.5924
vn -0.5236 -0.3782 0.7634
vn -0.5002 -0.5612 0.6594
vn -0.4376 -0.5503 0.7111
vn -0.7095 -0.5393 -0.4537
vn -0.6906 -0.5912 -0.4166
vn -0.6059 -0.6826 -0.4086
vn -0.7797 -0.6054 -0.1597
vn -0.6198 -0.7666 -0.1679
vn -0.7932 -0.6087 -0.0166
vn -0.6312 -0.7755 -0.0148
vn -0.7837 -0.6013 0.1559
vn -0.6273 -0.7638 0.1521
vn -0.6981 -0.6039 0.3846
vn -0.6176 -0.6810 0.3936
vn -0.7104 -0.5486 0.4409
vn -0.6711 -0.5594 0.4864
vn -0.7885 -0.4747 -0.3912
vn -0.8321 -0.5337 -0.1509
vn -0.8653 -0.5009 -0.0189
vn -0.8445 -0.5353 -0.0152
vn -0.8313 -0.5347 0.1519
vn -0.8043 -0.4797 0.3506
vn -0.1877 0.1441 0.9716
vn -0.1953 -0.0000 0.9807
vn -0.1877 -0.1441 0.9716
vn -0.1986 0.1233 0.9723
vn -0.2250 -0.0000 0.9744
vn -0.1986 -0.1233 0.9723
vn 0.7668 0.4625 -0.4451
vn 0.6326 0.2924 -0.7172
vn 0.8572 0.3549 -0.3731
vn 0.5362 0.1886 -0.8227
vn 0.8174 0.3560 -0.4529
vn 0.9071 0.4199 0.0284
vn 0.9062 0.4219 0.0278
vn 0.9085 0.4162 0.0363
vn 0.7531 0.4273 0.5003
vn 0.8245 0.3515 0.4434
vn 0.7723 0.3446 0.5336
vn 0.6329 0.2926 0.7168
vn 0.5233 0.1916 0.8303
vn 0.7772 0.4246 -0.4643
vn 0.6101 0.2754 -0.7429
vn 0.8495 0.3649 -0.3811
vn 0.5096 0.1866 -0.8399
vn 0.8109 0.3525 -0.4671
vn 0.3272 0.2038 -0.9227
vn 0.8266 0.5623 0.0234
vn 0.8856 0.4128 -0.2128
vn 0.9592 0.2819 0.0205
vn 0.9159 0.4001 0.0312
vn 0.9053 0.4239 0.0287
vn 0.7739 0.3746 0.5106
vn 0.8187 0.3658 0.4427
vn 0.7838 0.3465 0.5154
vn 0.6081 0.2740 0.7451
vn 0.4994 0.1848 0.8464
vn 0.3189 0.1955 0.9274
vn 0.0927 0.0067 0.9957
vn 0.7901 0.3769 -0.4833
vn -0.2243 -0.0995 -0.9694
vn 0.7592 0.3777 0.5300
vn 0.4747 0.1810 0.8614
vn 0.2948 0.1699 0.9403
vn 0.0597 0.0046 0.9982
vn -0.2107 -0.0862 0.9737
vn -0.3910 -0.1727 0.9041
vn 0.7750 0.4677 -0.4249
vn 0.8671 0.3559 -0.3486
vn 0.5526 0.2001 -0.8091
vn 0.8249 0.3600 -0.4359
vn 0.8795 0.4754 0.0188
vn 0.9230 0.3843 0.0178
vn 0.9037 0.4262 0.0414
vn 0.8513 0.3977 0.3422
vn 0.7310 0.3053 0.6103
vn 0.7743 0.3341 0.5374
vn 0.5151 0.2074 0.8317
vn 0.3612 0.2178 -0.9067
vn 0.6795 0.3714 0.6327
vn 0.3619 0.1677 0.9170
vn 0.1780 0.0595 0.9822
vn -0.1874 -0.0640 0.9802
vn -0.3702 -0.1706 0.9132
vn -0.6810 -0.3737 0.6297
vn -0.5198 -0.2108 0.8279
vt 0.754276 0.984633
vt 0.799950 0.999665
vt 0.690534 0.999145
vt 0.738672 0.984130
vt 0.753212 0.981558
vt 0.787728 0.966454
vt 0.739811 0.981525
vt 0.703770 0.966039
vt 0.327354 0.403531
vt 0.232595 0.437091
vt 0.220931 0.310846
vt 0.335041 0.311793
vt 0.896138 0.990316
vt 0.981259 0.977254
vt 0.866454 0.957725
vt 0.942462 0.947146
vt 0.847418 0.932381
vt 0.885044 0.915607
vt 0.794546 0.924744
vt 0.824460 0.909813
vt 0.221377 0.174165
vt 0.333942 0.172996
vt 0.698092 0.925823
vt 0.767033 0.904861
vt 0.794051 0.890249
vt 0.728133 0.904876
vt 0.698623 0.889702
vt 0.232757 0.055124
vt 0.325817 0.087553
vt 0.598868 0.989678
vt 0.627971 0.957179
vt 0.644590 0.934116
vt 0.667923 0.911396
vt 0.610139 0.916584
vt 0.518818 0.977416
vt 0.558000 0.947170
vt 0.115718 0.987867
vt 0.056062 0.302374
vt 0.068378 0.963264
vt 0.027086 0.932883
vt 0.987779 0.901527
vt 0.868719 0.882133
vt 0.948393 0.870223
vt 0.849283 0.853598
vt 0.888243 0.837559
vt 0.799167 0.846983
vt 0.831096 0.831242
vt 0.056504 0.181409
vt 0.694553 0.848213
vt 0.775143 0.826450
vt 0.798571 0.812770
vt 0.722077 0.826465
vt 0.389103 0.985999
vt 0.625512 0.881497
vt 0.642497 0.855583
vt 0.662589 0.832957
vt 0.606543 0.838621
vt 0.695299 0.812160
vt 0.431396 0.963361
vt 0.472745 0.932881
vt 0.512360 0.901533
vt 0.552047 0.870218
vt 0.156557 0.974675
vt 0.218169 0.983999
vt 0.139296 0.953480
vt 0.123808 0.916927
vt 0.074129 0.887016
vt 0.032739 0.855778
vt 0.993495 0.824325
vt 0.871643 0.805509
vt 0.954170 0.792936
vt 0.273920 0.980096
vt 0.257566 0.999642
vt 0.251713 0.999941
vt 0.234795 0.982044
vt 0.291077 0.983213
vt 0.351396 0.973275
vt 0.622510 0.804824
vt 0.366196 0.954086
vt 0.380626 0.915975
vt 0.425443 0.887015
vt 0.467117 0.855768
vt 0.506655 0.824347
vt 0.546211 0.793005
vt 0.218649 0.943559
vt 0.195243 0.921437
vt 0.158681 0.898353
vt 0.218618 0.908411
vt 0.143106 0.876928
vt 0.128296 0.839153
vt 0.080906 0.809801
vt 0.038210 0.778525
vt 0.290901 0.944045
vt 0.255662 0.926666
vt 0.253183 0.926673
vt 0.290951 0.907443
vt 0.315474 0.919884
vt 0.349157 0.896767
vt 0.361978 0.877413
vt 0.375922 0.838153
vt 0.418486 0.809820
vt 0.461191 0.778579
vt 0.219096 0.866836
vt 0.195845 0.843266
vt 0.161963 0.820262
vt 0.218506 0.831217
vt 0.146876 0.800288
vt 0.132152 0.761321
vt 0.290319 0.867258
vt 0.255510 0.849679
vt 0.253300 0.849699
vt 0.290981 0.830276
vt 0.314716 0.841597
vt 0.346014 0.818786
vt 0.358377 0.800988
vt 0.381071 0.766002
vt 0.208704 0.795385
vt 0.209756 0.765987
vt 0.300761 0.796069
vt 0.306955 0.760726
vt 0.552246 0.560085
vt 0.558513 0.580480
vt 0.544482 0.597030
vt 0.543287 0.568339
vt 0.554250 0.525240
vt 0.561686 0.524857
vt 0.542655 0.525327
vt 0.554192 0.468628
vt 0.561774 0.469122
vt 0.542885 0.468472
vt 0.552201 0.434151
vt 0.558962 0.413939
vt 0.543789 0.423615
vt 0.544837 0.396563
vt 0.529952 0.605176
vt 0.529209 0.576955
vt 0.528591 0.524931
vt 0.529116 0.468990
vt 0.530302 0.415159
vt 0.530978 0.388984
vt 0.521146 0.609694
vt 0.515604 0.587899
vt 0.514722 0.524856
vt 0.515054 0.469190
vt 0.515652 0.406095
vt 0.520409 0.385590
vt 0.511420 0.613622
vt 0.516612 0.638615
vt 0.501170 0.648903
vt 0.501099 0.616732
vt 0.501106 0.584011
vt 0.501083 0.525304
vt 0.501091 0.468713
vt 0.501150 0.409340
vt 0.510379 0.381642
vt 0.517165 0.356501
vt 0.501161 0.379320
vt 0.501307 0.347056
vt 0.484162 0.638904
vt 0.489563 0.614198
vt 0.485323 0.588452
vt 0.487203 0.524919
vt 0.487431 0.469145
vt 0.487424 0.406659
vt 0.492070 0.381134
vt 0.486619 0.355725
vt 0.848352 0.770533
vt 0.909615 0.761712
vt 0.792126 0.774449
vt 0.834845 0.752918
vt 0.867036 0.733171
vt 0.791904 0.748979
vt 0.791489 0.729807
vt 0.691624 0.770720
vt 0.717006 0.747889
vt 0.692420 0.734514
vt 0.640450 0.777131
vt 0.657931 0.754576
vt 0.602844 0.760682
vt 0.999101 0.747142
vt 0.960019 0.715763
vt 0.852382 0.693776
vt 0.916960 0.684489
vt 0.792136 0.698337
vt 0.837694 0.674690
vt 0.871176 0.655377
vt 0.791832 0.670020
vt 0.791206 0.650774
vt 0.698281 0.697745
vt 0.698337 0.671150
vt 0.698885 0.651978
vt 0.619324 0.728127
vt 0.642045 0.693193
vt 0.654145 0.676198
vt 0.624263 0.656356
vt 0.500961 0.747129
vt 0.540574 0.715697
vt 0.583348 0.684495
vt 0.088077 0.732589
vt 0.043930 0.701306
vt 0.004857 0.669938
vt 0.965727 0.638542
vt 0.856284 0.617005
vt 0.923800 0.607269
vt 0.791800 0.622105
vt 0.840614 0.596363
vt 0.875134 0.577576
vt 0.791562 0.591047
vt 0.790883 0.571879
vt 0.698308 0.621550
vt 0.698559 0.592195
vt 0.699186 0.573061
vt 0.638282 0.616448
vt 0.651473 0.597897
vt 0.620430 0.578535
vt 0.398292 0.733818
vt 0.455687 0.701286
vt 0.495183 0.669953
vt 0.534650 0.638528
vt 0.576598 0.607267
vt 0.164681 0.741884
vt 0.208850 0.747368
vt 0.150378 0.723639
vt 0.135882 0.683486
vt 0.095468 0.655361
vt 0.049832 0.624117
vt 0.010446 0.592756
vt 0.971033 0.561551
vt 0.859573 0.540689
vt 0.928822 0.531218
vt 0.791616 0.546012
vt 0.843690 0.521352
vt 0.884334 0.508402
vt 0.792551 0.517684
vt 0.283884 0.748765
vt 0.698448 0.545443
vt 0.697535 0.518397
vt 0.309112 0.723736
vt 0.342973 0.740155
vt 0.360185 0.717538
vt 0.634967 0.540096
vt 0.648556 0.522531
vt 0.378436 0.689298
vt 0.394612 0.655892
vt 0.449801 0.624070
vt 0.489422 0.592750
vt 0.529116 0.561544
vt 0.571435 0.531099
vt 0.611148 0.510198
vt 0.207718 0.719575
vt 0.208306 0.686063
vt 0.167058 0.663481
vt 0.208011 0.666984
vt 0.154321 0.646896
vt 0.130231 0.611981
vt 0.113953 0.578937
vt 0.055736 0.547466
vt 0.017610 0.516341
vt 0.763292 0.414335
vt 0.305636 0.682317
vt 0.279688 0.668361
vt 0.306386 0.646123
vt 0.338919 0.661696
vt 0.358149 0.639092
vt 0.375422 0.612620
vt 0.390967 0.577939
vt 0.443800 0.547406
vt 0.482431 0.516363
vt 0.762808 0.077162
vt 0.366091 0.367329
vt 0.290298 0.433018
vt 0.295880 0.297523
vt 0.368322 0.298563
vt 0.861839 0.994432
vt 0.948849 0.984317
vt 0.471905 0.303480
vt 0.841187 0.968189
vt 0.881188 0.952965
vt 0.786672 0.960909
vt 0.815932 0.947264
vt 0.296385 0.155827
vt 0.366364 0.154666
vt 0.678611 0.998814
vt 0.689796 0.963961
vt 0.759169 0.943650
vt 0.785675 0.929123
vt 0.724444 0.943694
vt 0.691303 0.927550
vt 0.302266 0.070882
vt 0.362473 0.096884
vt 0.618246 0.991915
vt 0.634774 0.972795
vt 0.660488 0.951731
vt 0.605098 0.955742
vt 0.562710 0.984821
vt 0.007344 0.986503
vt 0.996281 0.988722
vt 0.061816 0.998792
vt 0.009007 0.989904
vt 0.999874 0.990785
vt 0.019953 0.972806
vt 0.144234 0.295391
vt 0.992162 0.936048
vt 0.863738 0.920722
vt 0.959208 0.908478
vt 0.838040 0.885879
vt 0.901452 0.877193
vt 0.782629 0.888997
vt 0.823820 0.868816
vt 0.857948 0.848887
vt 0.782507 0.866047
vt 0.782183 0.847034
vt 0.145435 0.158548
vt 0.687609 0.887748
vt 0.719034 0.865140
vt 0.688262 0.849943
vt 0.433627 0.996642
vt 0.619196 0.918887
vt 0.633732 0.896187
vt 0.655530 0.873329
vt 0.601104 0.878151
vt 0.553333 0.908408
vt 0.010060 0.917825
vt 0.007651 0.917442
vt 0.059658 0.924221
vt 0.008273 0.914689
vt 0.006099 0.914275
vt 0.025029 0.896601
vt 0.139596 0.983379
vt 0.215032 0.987272
vt 0.126879 0.955311
vt 0.997770 0.857956
vt 0.968087 0.832375
vt 0.842296 0.809132
vt 0.909045 0.799927
vt 0.782740 0.812840
vt 0.317087 0.986335
vt 0.684865 0.810216
vt 0.380546 0.981727
vt 0.616049 0.842182
vt 0.631634 0.817745
vt 0.394288 0.957851
vt 0.472273 0.970097
vt 0.547344 0.831195
vt 0.597334 0.800216
vt 0.015940 0.838874
vt 0.009062 0.839050
vt 0.063868 0.846303
vt 0.019640 0.839224
vt 0.012461 0.839325
vt 0.031033 0.820840
vt 0.218084 0.960766
vt 0.165673 0.937646
vt 0.217905 0.942442
vt 0.147261 0.914853
vt 0.131003 0.878031
vt 0.998405 0.785381
vt 0.320929 0.953080
vt 0.295811 0.941428
vt 0.321323 0.915743
vt 0.358609 0.933163
vt 0.412005 0.926741
vt 0.373173 0.910491
vt 0.391430 0.881674
vt 0.467515 0.893947
vt 0.217596 0.909820
vt 0.218146 0.882671
vt 0.168712 0.859296
vt 0.217788 0.863494
vt 0.151212 0.838094
vt 0.135259 0.800132
vt 0.087044 0.770802
vt 0.318340 0.876009
vt 0.291925 0.863016
vt 0.319009 0.838216
vt 0.355090 0.854810
vt 0.408379 0.848837
vt 0.371359 0.832057
vt 0.388601 0.804977
vt 0.461694 0.816735
vt 0.217463 0.833598
vt 0.218007 0.803668
vt 0.171601 0.780862
vt 0.217676 0.784509
vt 0.155233 0.761331
vt 0.315871 0.798480
vt 0.287802 0.784610
vt 0.316526 0.760688
vt 0.351177 0.776426
vt 0.404662 0.770904
vt 0.217333 0.757365
vt 0.479688 0.610459
vt 0.471440 0.606388
vt 0.472292 0.578307
vt 0.473196 0.525011
vt 0.473553 0.468958
vt 0.473033 0.418767
vt 0.482439 0.385336
vt 0.472185 0.390303
vt 0.457360 0.598540
vt 0.458592 0.570178
vt 0.459390 0.525308
vt 0.459487 0.468595
vt 0.458979 0.426493
vt 0.457617 0.397714
vt 0.443042 0.581556
vt 0.449308 0.562254
vt 0.445103 0.520087
vt 0.445311 0.473954
vt 0.449473 0.433424
vt 0.443405 0.413341
vt 0.439894 0.534655
vt 0.431633 0.519511
vt 0.438321 0.497630
vt 0.438324 0.496466
vt 0.440310 0.459570
vt 0.431858 0.474664
vt 0.826772 0.790492
vt 0.862536 0.770962
vt 0.782385 0.787146
vt 0.782062 0.768019
vt 0.714486 0.786752
vt 0.685514 0.772424
vt 0.651056 0.794937
vt 0.959768 0.753978
vt 0.846774 0.732401
vt 0.916452 0.722723
vt 0.782605 0.736619
vt 0.829868 0.712099
vt 0.866736 0.693062
vt 0.782271 0.708186
vt 0.781931 0.689011
vt 0.682288 0.732686
vt 0.710236 0.708354
vt 0.682947 0.694892
vt 0.612971 0.765489
vt 0.629647 0.739323
vt 0.646935 0.716542
vt 0.593588 0.722279
vt 0.541417 0.753996
vt 0.042894 0.739537
vt 0.004265 0.708148
vt 0.972178 0.673604
vt 0.850687 0.655636
vt 0.938127 0.646881
vt 0.782477 0.660387
vt 0.832763 0.633678
vt 0.870918 0.615177
vt 0.782159 0.629206
vt 0.781670 0.609980
vt 0.679886 0.655158
vt 0.706223 0.629943
vt 0.680595 0.617344
vt 0.610055 0.688783
vt 0.627778 0.660891
vt 0.643210 0.638172
vt 0.589895 0.644350
vt 0.535571 0.676787
vt 0.991071 0.655668
vt 0.986439 0.655532
vt 0.036534 0.661955
vt 0.991566 0.653900
vt 0.986918 0.653819
vt 0.004936 0.635108
vt 0.139532 0.722230
vt 0.094477 0.693570
vt 0.977040 0.597164
vt 0.854566 0.578904
vt 0.942259 0.568982
vt 0.782158 0.584175
vt 0.835731 0.555161
vt 0.874805 0.538061
vt 0.773496 0.546083
vt 0.796818 0.533429
vt 0.688007 0.582481
vt 0.697990 0.548748
vt 0.736888 0.530313
vt 0.776887 0.513523
vt 0.737023 0.530210
vt 0.369433 0.753633
vt 0.607114 0.612088
vt 0.628900 0.577221
vt 0.640366 0.559658
vt 0.671506 0.537278
vt 0.612072 0.540679
vt 0.692330 0.514307
vt 0.385592 0.728278
vt 0.455808 0.739534
vt 0.529830 0.599514
vt 0.571211 0.568345
vt 0.996060 0.579683
vt 0.995847 0.579035
vt 0.044186 0.585096
vt 0.993084 0.575557
vt 0.992484 0.574917
vt 0.010286 0.557147
vt 0.217879 0.724657
vt 0.174634 0.702498
vt 0.217558 0.705574
vt 0.159753 0.684588
vt 0.134854 0.649682
vt 0.117168 0.617786
vt 0.981874 0.520878
vt 0.864349 0.512862
vt 0.822429 0.457649
vt 0.313220 0.720954
vt 0.283415 0.706216
vt 0.313914 0.683171
vt 0.346895 0.698032
vt 0.400893 0.692967
vt 0.367393 0.675201
vt 0.615934 0.514262
vt 0.382483 0.651579
vt 0.449854 0.662327
vt 0.525470 0.523547
vt 0.834867 0.040170
vt 0.001131 0.502399
vt 0.988024 0.504182
vt 0.063708 0.506417
vt 0.009465 0.506258
vt 0.993862 0.509574
vt 0.217423 0.681184
vt 0.210893 0.641731
vt 0.179039 0.624159
vt 0.158841 0.601663
vt 0.210460 0.608686
vt 0.137741 0.573064
vt 0.120672 0.540327
vt 0.310385 0.643364
vt 0.234690 0.627727
vt 0.278577 0.627683
vt 0.310982 0.605641
vt 0.342204 0.619635
vt 0.397135 0.615031
vt 0.365245 0.596755
vt 0.379300 0.574871
vt 0.444093 0.585079
vt 0.392703 0.537623
vt 0.484310 0.554113
vt 0.619529 0.567201
vt 0.628022 0.584666
vt 0.618894 0.605199
vt 0.607400 0.580890
vt 0.619773 0.524804
vt 0.629389 0.524670
vt 0.605881 0.525185
vt 0.620142 0.469249
vt 0.629852 0.469406
vt 0.606003 0.468805
vt 0.619928 0.428959
vt 0.629648 0.410486
vt 0.607816 0.414667
vt 0.619742 0.390372
vt 0.651979 0.506686
vt 0.660779 0.524630
vt 0.652649 0.542541
vt 0.643901 0.524862
vt 0.652092 0.488461
vt 0.661085 0.470131
vt 0.644095 0.469847
vt 0.652811 0.452544
vt 0.643530 0.612452
vt 0.653672 0.627857
vt 0.646471 0.660126
vt 0.635370 0.625535
vt 0.642710 0.582277
vt 0.656861 0.587116
vt 0.643364 0.411769
vt 0.657071 0.408139
vt 0.644054 0.383143
vt 0.653674 0.369141
vt 0.636169 0.371482
vt 0.647020 0.336958
vt 0.633667 0.669853
vt 0.620227 0.646623
vt 0.622149 0.349045
vt 0.635020 0.325198
vt 0.664499 0.570926
vt 0.678769 0.585506
vt 0.668008 0.608546
vt 0.677439 0.524553
vt 0.677989 0.469534
vt 0.665224 0.425483
vt 0.680281 0.410377
vt 0.669209 0.387191
vt 0.671213 0.647107
vt 0.660731 0.670549
vt 0.673886 0.348643
vt 0.662678 0.324511
vt 0.648927 0.687649
vt 0.664771 0.697260
vt 0.654709 0.736907
vt 0.635211 0.698757
vt 0.649384 0.308141
vt 0.666734 0.300195
vt 0.636748 0.298685
vt 0.689772 0.562089
vt 0.702390 0.583270
vt 0.695660 0.601195
vt 0.687808 0.524644
vt 0.703005 0.525141
vt 0.688231 0.469453
vt 0.702992 0.468856
vt 0.690073 0.433910
vt 0.703152 0.411869
vt 0.696842 0.393571
vt 0.681563 0.623430
vt 0.700179 0.642186
vt 0.690779 0.666395
vt 0.682250 0.372584
vt 0.700097 0.361574
vt 0.695309 0.326657
vt 0.675689 0.681028
vt 0.694414 0.690165
vt 0.685915 0.729460
vt 0.677072 0.313998
vt 0.692139 0.304364
vt 0.674197 0.743489
vt 0.708383 0.612186
vt 0.719898 0.617002
vt 0.717905 0.648856
vt 0.720857 0.581737
vt 0.722792 0.523161
vt 0.723176 0.471546
vt 0.721784 0.412333
vt 0.709970 0.383683
vt 0.720121 0.379560
vt 0.718413 0.342776
vt 0.705118 0.674454
vt 0.716415 0.677301
vt 0.714416 0.703553
vt 0.708524 0.321119
vt 0.710380 0.737445
vt 0.715569 0.300191
vt 0.691915 0.751534
vt 0.709070 0.756780
vt 0.704850 0.781398
vt 0.678051 0.762230
vt 0.729667 0.504667
vt 0.740908 0.524127
vt 0.735104 0.540586
vt 0.729832 0.490281
vt 0.741537 0.470432
vt 0.736108 0.454452
vt 0.740015 0.624971
vt 0.738937 0.655522
vt 0.740338 0.577195
vt 0.741368 0.417767
vt 0.740036 0.372189
vt 0.740030 0.340781
vt 0.738862 0.682915
vt 0.736874 0.713129
vt 0.723015 0.317522
vt 0.738924 0.313345
vt 0.736826 0.741356
vt 0.735044 0.760083
vt 0.733182 0.789272
vt 0.747248 0.555097
vt 0.752699 0.555097
vt 0.759101 0.577195
vt 0.758917 0.524127
vt 0.758629 0.470432
vt 0.748012 0.440084
vt 0.752027 0.440085
vt 0.759163 0.417767
vt 0.759983 0.624972
vt 0.759956 0.655522
vt 0.760189 0.372189
vt 0.761079 0.340781
vt 0.760730 0.682915
vt 0.761163 0.713129
vt 0.761151 0.313345
vt 0.761958 0.741356
vt 0.763228 0.760083
vt 0.763214 0.789272
vt 0.656222 0.259605
vt 0.689284 0.267020
vt 0.676658 0.250225
vt 0.711396 0.257770
vt 0.694736 0.243202
vt 0.710231 0.238984
vt 0.681668 0.234418
vt 0.706161 0.218677
vt 0.738839 0.286973
vt 0.737339 0.253738
vt 0.736797 0.235484
vt 0.736802 0.210729
vt 0.763124 0.286973
vt 0.763187 0.253738
vt 0.765692 0.235484
vt 0.766798 0.210729
vt 0.592572 0.855069
vt 0.614268 0.866933
vt 0.583377 0.888008
vt 0.566341 0.860177
vt 0.591236 0.837699
vt 0.611729 0.847815
vt 0.559747 0.841442
vt 0.548260 0.900892
vt 0.535674 0.865881
vt 0.528177 0.845304
vt 0.502853 0.905413
vt 0.501966 0.869079
vt 0.501963 0.848479
vt 0.456303 0.901626
vt 0.466734 0.866217
vt 0.468875 0.845631
vt 0.642056 0.858739
vt 0.672418 0.866669
vt 0.655743 0.896846
vt 0.636528 0.844301
vt 0.662611 0.848467
vt 0.619551 0.918596
vt 0.576744 0.935900
vt 0.508092 0.943729
vt 0.432494 0.937935
vt 0.691827 0.855680
vt 0.725611 0.858855
vt 0.722203 0.883446
vt 0.682722 0.841379
vt 0.725631 0.843461
vt 0.711018 0.911863
vt 0.698615 0.940121
vt 0.666912 0.964827
vt 0.523019 0.981052
vt 0.363043 0.968649
vt 0.768554 0.858855
vt 0.774484 0.883446
vt 0.766786 0.843461
vt 0.778387 0.911863
vt 0.801385 0.940121
vt 0.833088 0.964827
vt 0.976981 0.981052
vt 0.136957 0.968649
vt 0.596703 0.554735
vt 0.591854 0.596720
vt 0.589411 0.567910
vt 0.597146 0.525371
vt 0.587770 0.525160
vt 0.597205 0.468592
vt 0.588188 0.468805
vt 0.596712 0.440324
vt 0.589923 0.428622
vt 0.592727 0.399395
vt 0.584106 0.608901
vt 0.575868 0.587285
vt 0.572147 0.524821
vt 0.572664 0.469181
vt 0.576943 0.407930
vt 0.584283 0.386861
vt 0.574396 0.620120
vt 0.581209 0.642232
vt 0.565142 0.662788
vt 0.562463 0.631714
vt 0.263113 0.530313
vt 0.223113 0.513523
vt 0.307670 0.514307
vt 0.262977 0.530210
vt 0.661498 0.156231
vt 0.665133 0.040170
vt 0.384066 0.514262
vt 0.660415 0.297663
vt 0.135651 0.512862
vt 0.677571 0.457649
vt 0.302465 0.518397
vt 0.578501 0.169220
vt 0.388853 0.510198
vt 0.351444 0.522531
vt 0.207449 0.517684
vt 0.578813 0.314463
vt 0.156311 0.521352
vt 0.115667 0.508402
vt 0.779272 0.157956
vt 0.767822 0.072527
vt 0.779455 0.296851
vt 0.763275 0.445364
vt 0.990535 0.506258
vt 0.006138 0.509574
vt 0.729794 0.172205
vt 0.737192 0.077162
vt 0.729335 0.312614
vt 0.736708 0.414335
vt 0.812717 0.171127
vt 0.808806 0.102656
vt 0.813250 0.313419
vt 0.809681 0.386687
vt 0.217260 0.812840
vt 0.217615 0.787147
vt 0.285514 0.786752
vt 0.315135 0.810216
vt 0.157704 0.809132
vt 0.173228 0.790492
vt 0.314486 0.772424
vt 0.317713 0.732686
vt 0.370353 0.739323
vt 0.387029 0.765489
vt 0.348944 0.794937
vt 0.402666 0.800216
vt 0.368366 0.817745
vt 0.217395 0.736619
vt 0.217729 0.708186
vt 0.289764 0.708354
vt 0.217938 0.768020
vt 0.153226 0.732402
vt 0.170132 0.712099
vt 0.137464 0.770962
vt 0.090955 0.799927
vt 0.458583 0.753996
vt 0.406412 0.722279
vt 0.317053 0.694892
vt 0.320115 0.655158
vt 0.372223 0.660891
vt 0.389945 0.688783
vt 0.353065 0.716542
vt 0.217523 0.660387
vt 0.217842 0.629206
vt 0.293777 0.629943
vt 0.218070 0.689011
vt 0.149313 0.655636
vt 0.167237 0.633678
vt 0.133264 0.693062
vt 0.083548 0.722723
vt 0.040232 0.753978
vt 0.001595 0.785381
vt 0.464430 0.676787
vt 0.410106 0.644350
vt 0.311993 0.582481
vt 0.302010 0.548749
vt 0.359634 0.559658
vt 0.371100 0.577221
vt 0.319405 0.617344
vt 0.392886 0.612088
vt 0.356790 0.638172
vt 0.226504 0.546083
vt 0.217842 0.584175
vt 0.218331 0.609980
vt 0.145434 0.578904
vt 0.164269 0.555160
vt 0.129082 0.615177
vt 0.061873 0.646881
vt 0.027822 0.673604
vt 0.995735 0.708148
vt 0.957107 0.739537
vt 0.912956 0.770802
vt 0.008929 0.655668
vt 0.008434 0.653900
vt 0.428789 0.568345
vt 0.387928 0.540679
vt 0.470170 0.599514
vt 0.573984 0.375501
vt 0.582934 0.352459
vt 0.563262 0.365776
vt 0.567214 0.333540
vt 0.554211 0.672113
vt 0.547158 0.649255
vt 0.630567 0.753633
vt 0.595338 0.770904
vt 0.544192 0.739534
vt 0.614408 0.728278
vt 0.328494 0.537278
vt 0.653106 0.698032
vt 0.686780 0.720954
vt 0.599107 0.692967
vt 0.683474 0.760688
vt 0.648823 0.776426
vt 0.203182 0.533429
vt 0.782121 0.724657
vt 0.782667 0.757365
vt 0.125195 0.538061
vt 0.057741 0.568982
vt 0.022960 0.597164
vt 0.995064 0.635108
vt 0.905524 0.693570
vt 0.963466 0.661955
vt 0.860469 0.722230
vt 0.844768 0.761331
vt 0.003940 0.579683
vt 0.006916 0.575557
vt 0.013082 0.653819
vt 0.013561 0.655532
vt 0.474530 0.523547
vt 0.547359 0.355005
vt 0.550244 0.320951
vt 0.543773 0.677168
vt 0.552304 0.700094
vt 0.535417 0.713846
vt 0.533771 0.679729
vt 0.632608 0.675201
vt 0.550146 0.662327
vt 0.617517 0.651580
vt 0.657796 0.619636
vt 0.689615 0.643364
vt 0.602866 0.615031
vt 0.686087 0.683171
vt 0.716585 0.706216
vt 0.789107 0.641731
vt 0.782577 0.681184
vt 0.782442 0.705575
vt 0.018126 0.520878
vt 0.989714 0.557147
vt 0.882832 0.617785
vt 0.955814 0.585096
vt 0.865146 0.649682
vt 0.820961 0.624159
vt 0.840247 0.684588
vt 0.825366 0.702498
vt 0.998869 0.502399
vt 0.007516 0.574917
vt 0.004153 0.579035
vt 0.321389 0.998814
vt 0.310204 0.963961
vt 0.365227 0.972795
vt 0.381754 0.991915
vt 0.133636 0.154666
vt 0.137527 0.096884
vt 0.213329 0.960909
vt 0.240832 0.943650
vt 0.275557 0.943694
vt 0.028095 0.303480
vt 0.131678 0.298563
vt 0.138161 0.994432
vt 0.158814 0.968189
vt 0.133909 0.367329
vt 0.437290 0.984821
vt 0.394903 0.955742
vt 0.197734 0.070882
vt 0.308697 0.927550
vt 0.312391 0.887748
vt 0.366269 0.896187
vt 0.380805 0.918887
vt 0.339512 0.951731
vt 0.203615 0.155827
vt 0.217372 0.888997
vt 0.217493 0.866047
vt 0.280966 0.865140
vt 0.214325 0.929123
vt 0.184068 0.947264
vt 0.204120 0.297523
vt 0.161960 0.885878
vt 0.176180 0.868816
vt 0.136263 0.920722
vt 0.118812 0.952965
vt 0.051151 0.984317
vt 0.209702 0.433018
vt 0.992656 0.986503
vt 0.990993 0.989904
vt 0.446667 0.908408
vt 0.398897 0.878151
vt 0.531008 0.643817
vt 0.311738 0.849943
vt 0.383951 0.842182
vt 0.344470 0.873329
vt 0.354565 0.158548
vt 0.566373 0.996642
vt 0.217818 0.847034
vt 0.355766 0.295391
vt 0.142052 0.848888
vt 0.098548 0.877193
vt 0.040792 0.908478
vt 0.007838 0.936048
vt 0.980047 0.972806
vt 0.938184 0.998792
vt 0.989940 0.917825
vt 0.991727 0.914689
vt 0.000127 0.990785
vt 0.003719 0.988722
vt 0.452656 0.831195
vt 0.534656 0.345214
vt 0.542263 0.318919
vt 0.518655 0.725502
vt 0.517488 0.683733
vt 0.619454 0.981727
vt 0.527727 0.970097
vt 0.605712 0.957851
vt 0.641392 0.933163
vt 0.679071 0.953079
vt 0.587995 0.926741
vt 0.682913 0.986336
vt 0.781917 0.960766
vt 0.784968 0.987272
vt 0.031913 0.832375
vt 0.002230 0.857956
vt 0.974971 0.896601
vt 0.873122 0.955311
vt 0.940342 0.924221
vt 0.860404 0.983379
vt 0.984060 0.838874
vt 0.980360 0.839224
vt 0.993901 0.914275
vt 0.992349 0.917442
vt 0.531332 0.316058
vt 0.538247 0.292525
vt 0.626827 0.910491
vt 0.532486 0.893947
vt 0.608570 0.881674
vt 0.644910 0.854810
vt 0.681660 0.876009
vt 0.591621 0.848837
vt 0.678677 0.915743
vt 0.704189 0.941428
vt 0.781855 0.882671
vt 0.782404 0.909820
vt 0.782096 0.942442
vt 0.968967 0.820840
vt 0.868997 0.878031
vt 0.936133 0.846303
vt 0.852739 0.914853
vt 0.834327 0.937646
vt 0.987540 0.839326
vt 0.990938 0.839050
vt 0.517861 0.312706
vt 0.628641 0.832057
vt 0.538307 0.816735
vt 0.611399 0.804977
vt 0.684129 0.798480
vt 0.680991 0.838216
vt 0.708075 0.863016
vt 0.781993 0.803668
vt 0.782537 0.833598
vt 0.782212 0.863494
vt 0.864741 0.800131
vt 0.848788 0.838094
vt 0.831288 0.859296
vt 0.712199 0.784610
vt 0.782324 0.784509
vt 0.828399 0.780862
vt 0.054803 0.520087
vt 0.054780 0.473954
vt 0.061731 0.496466
vt 0.061715 0.497630
vt 0.040695 0.468595
vt 0.041532 0.426493
vt 0.050559 0.433424
vt 0.040426 0.525308
vt 0.041051 0.570178
vt 0.050688 0.562254
vt 0.026899 0.468958
vt 0.027836 0.418766
vt 0.026420 0.525011
vt 0.026975 0.578307
vt 0.012815 0.469145
vt 0.013350 0.406659
vt 0.012551 0.524919
vt 0.013826 0.588452
vt 0.304701 0.812160
vt 0.308376 0.770720
vt 0.359550 0.777130
vt 0.377490 0.804824
vt 0.207874 0.774449
vt 0.208096 0.748979
vt 0.282994 0.747889
vt 0.201429 0.812770
vt 0.224857 0.826450
vt 0.277923 0.826465
vt 0.151648 0.770533
vt 0.165155 0.752918
vt 0.128357 0.805509
vt 0.453790 0.793005
vt 0.397156 0.760682
vt 0.301719 0.697745
vt 0.301663 0.671150
vt 0.345855 0.676197
vt 0.357955 0.693193
vt 0.307580 0.734514
vt 0.380676 0.728127
vt 0.342069 0.754576
vt 0.207864 0.698337
vt 0.208168 0.670020
vt 0.208511 0.729807
vt 0.147618 0.693776
vt 0.162306 0.674690
vt 0.132964 0.733171
vt 0.090385 0.761712
vt 0.045830 0.792936
vt 0.416652 0.684495
vt 0.375737 0.656356
vt 0.459426 0.715697
vt 0.499040 0.747129
vt 0.538809 0.778580
vt 0.301692 0.621550
vt 0.301441 0.592195
vt 0.348527 0.597897
vt 0.361718 0.616448
vt 0.301115 0.651978
vt 0.208200 0.622105
vt 0.208438 0.591047
vt 0.208795 0.650774
vt 0.143716 0.617005
vt 0.159386 0.596363
vt 0.128824 0.655377
vt 0.083040 0.684489
vt 0.039981 0.715763
vt 0.000899 0.747142
vt 0.961790 0.778525
vt 0.423402 0.607267
vt 0.379570 0.578535
vt 0.465351 0.638528
vt 0.504818 0.669953
vt 0.544314 0.701286
vt 0.601708 0.733817
vt 0.618929 0.766002
vt 0.301552 0.545443
vt 0.365033 0.540096
vt 0.300814 0.573061
vt 0.657028 0.740155
vt 0.693045 0.760726
vt 0.208384 0.546012
vt 0.209117 0.571880
vt 0.140427 0.540689
vt 0.124866 0.577576
vt 0.076200 0.607269
vt 0.034273 0.638542
vt 0.995143 0.669938
vt 0.956070 0.701306
vt 0.911923 0.732589
vt 0.867848 0.761321
vt 0.428565 0.531099
vt 0.470884 0.561544
vt 0.510579 0.592750
vt 0.550199 0.624070
vt 0.605388 0.655892
vt 0.621565 0.689298
vt 0.639815 0.717538
vt 0.661081 0.661696
vt 0.694364 0.682317
vt 0.690889 0.723736
vt 0.716116 0.748765
vt 0.791694 0.686063
vt 0.792282 0.719575
vt 0.791150 0.747368
vt 0.790244 0.765987
vt 0.071178 0.531218
vt 0.028968 0.561551
vt 0.989554 0.592756
vt 0.950168 0.624117
vt 0.904532 0.655361
vt 0.864118 0.683486
vt 0.849622 0.723639
vt 0.835319 0.741884
vt 0.245724 0.984633
vt 0.246788 0.981558
vt 0.260189 0.981525
vt 0.261328 0.984130
vt 0.296230 0.966039
vt 0.301908 0.925823
vt 0.355410 0.934116
vt 0.372029 0.957179
vt 0.309466 0.999145
vt 0.401132 0.989678
vt 0.166058 0.172996
vt 0.174183 0.087553
vt 0.205454 0.924744
vt 0.232967 0.904861
vt 0.271867 0.904876
vt 0.212272 0.966454
vt 0.200050 0.999665
vt 0.164959 0.311793
vt 0.133546 0.957726
vt 0.152582 0.932381
vt 0.103863 0.990316
vt 0.172646 0.403531
vt 0.442000 0.947170
vt 0.389861 0.916584
vt 0.481183 0.977416
vt 0.267243 0.055124
vt 0.301377 0.889702
vt 0.305447 0.848213
vt 0.357503 0.855584
vt 0.374488 0.881497
vt 0.332077 0.911396
vt 0.278623 0.174165
vt 0.200833 0.846983
vt 0.205949 0.890249
vt 0.175540 0.909813
vt 0.279069 0.310846
vt 0.131281 0.882133
vt 0.150717 0.853598
vt 0.114956 0.915607
vt 0.057538 0.947146
vt 0.018742 0.977254
vt 0.267405 0.437091
vt 0.447953 0.870218
vt 0.393457 0.838621
vt 0.487640 0.901533
vt 0.527255 0.932881
vt 0.568604 0.963361
vt 0.610897 0.985999
vt 0.337411 0.832956
vt 0.443496 0.181409
vt 0.168905 0.831242
vt 0.443938 0.302373
vt 0.726080 0.980096
vt 0.765205 0.982043
vt 0.111757 0.837559
vt 0.051607 0.870223
vt 0.012221 0.901527
vt 0.972914 0.932883
vt 0.931622 0.963264
vt 0.884282 0.987867
vt 0.493345 0.824347
vt 0.532884 0.855768
vt 0.574557 0.887015
vt 0.619374 0.915975
vt 0.633804 0.954086
vt 0.648604 0.973275
vt 0.684526 0.919884
vt 0.709099 0.944044
vt 0.708923 0.983213
vt 0.748287 0.999941
vt 0.781351 0.943559
vt 0.781831 0.983999
vt 0.742434 0.999642
vt 0.006505 0.824325
vt 0.967261 0.855778
vt 0.925871 0.887016
vt 0.876192 0.916927
vt 0.860704 0.953480
vt 0.804757 0.921437
vt 0.843444 0.974675
vt 0.581514 0.809820
vt 0.624078 0.838153
vt 0.638022 0.877413
vt 0.650843 0.896767
vt 0.685284 0.841597
vt 0.709681 0.867258
vt 0.709049 0.907443
vt 0.746818 0.926674
vt 0.780904 0.866836
vt 0.781383 0.908410
vt 0.744338 0.926666
vt 0.919095 0.809801
vt 0.871704 0.839153
vt 0.856894 0.876928
vt 0.804155 0.843266
vt 0.841319 0.898353
vt 0.641624 0.800989
vt 0.653986 0.818786
vt 0.699239 0.796069
vt 0.709019 0.830276
vt 0.746700 0.849699
vt 0.791297 0.795385
vt 0.781494 0.831217
vt 0.744490 0.849679
vt 0.853124 0.800288
vt 0.838037 0.820262
vt 0.998917 0.409340
vt 0.998906 0.379320
vt 0.008232 0.381134
vt 0.998930 0.468713
vt 0.998895 0.525304
vt 0.998826 0.584011
vt 0.998834 0.616732
vt 0.009904 0.614198
vt 0.985256 0.406095
vt 0.989949 0.381642
vt 0.985235 0.469190
vt 0.984990 0.524856
vt 0.983435 0.587899
vt 0.988019 0.613622
vt 0.971293 0.468990
vt 0.970735 0.415159
vt 0.971025 0.524931
vt 0.970121 0.576955
vt 0.957254 0.468472
vt 0.956594 0.423615
vt 0.957204 0.525327
vt 0.956442 0.568340
vt 0.945889 0.468628
vt 0.947926 0.434151
vt 0.945667 0.525240
vt 0.947716 0.560085
vt 0.501303 0.724206
vt 0.501303 0.687747
vt 0.620701 0.574871
vt 0.555907 0.585079
vt 0.515690 0.554113
vt 0.607297 0.537623
vt 0.634755 0.596755
vt 0.866218 0.156813
vt 0.572843 0.508434
vt 0.662984 0.541233
vt 0.692795 0.565796
vt 0.689019 0.605641
vt 0.721424 0.627683
vt 0.858310 0.296327
vt 0.782626 0.564265
vt 0.789540 0.608686
vt 0.765310 0.627727
vt 0.936292 0.506417
vt 0.879328 0.540326
vt 0.862259 0.573064
vt 0.811379 0.545673
vt 0.841160 0.601663
vt 0.011976 0.504182
vt 0.636656 0.520410
vt 0.633099 0.516598
vt 0.678989 0.503118
vt 0.691260 0.529538
vt 0.727235 0.549277
vt 0.963902 0.302817
vt 0.783763 0.532472
vt 0.753772 0.549320
vt 0.851052 0.509900
vt 0.839664 0.524751
vt 0.031840 0.315967
vt 0.035096 0.285135
vt 0.048907 0.295858
vt 0.040358 0.318074
vt 0.015274 0.312020
vt 0.017913 0.278202
vt 0.085284 0.311326
vt 0.093228 0.279819
vt 0.106720 0.302437
vt 0.094229 0.317329
vt 0.069338 0.301403
vt 0.079655 0.259537
vt 0.057156 0.253418
vt 0.064355 0.231153
vt 0.079560 0.237950
vt 0.037627 0.248823
vt 0.041666 0.225483
vt 0.018572 0.246244
vt 0.022574 0.223048
vt 0.501535 0.308894
vt 0.123919 0.261389
vt 0.135673 0.299297
vt 0.122324 0.314185
vt 0.102889 0.247290
vt 0.113031 0.230075
vt 0.126024 0.238968
vt 0.091748 0.243667
vt 0.091618 0.221195
vt 0.072023 0.199790
vt 0.048341 0.185289
vt 0.024767 0.179954
vt 0.480499 0.726194
vt 0.484797 0.684352
vt 0.139184 0.246830
vt 0.142565 0.227345
vt 0.159307 0.237299
vt 0.154571 0.257287
vt 0.129426 0.201968
vt 0.111589 0.178323
vt 0.089663 0.156129
vt 0.061074 0.150575
vt 0.068605 0.131839
vt 0.089275 0.136236
vt 0.032935 0.147095
vt 0.033242 0.126437
vt 0.484784 0.312020
vt 0.608862 0.623348
vt 0.606715 0.665634
vt 0.597149 0.645341
vt 0.609016 0.372608
vt 0.168173 0.201081
vt 0.179815 0.232712
vt 0.155130 0.171695
vt 0.139244 0.148492
vt 0.110150 0.141098
vt 0.111208 0.125047
vt 0.143105 0.131598
vt 0.083850 0.109963
vt 0.043650 0.098445
vt 0.597595 0.349587
vt 0.607187 0.329446
vt 0.197277 0.180429
vt 0.205306 0.214090
vt 0.189582 0.150794
vt 0.168770 0.140649
vt 0.174373 0.125063
vt 0.197628 0.134214
vt 0.154744 0.099119
vt 0.125098 0.078230
vt 0.067483 0.062094
vt 0.596031 0.676815
vt 0.607841 0.692087
vt 0.594820 0.722430
vt 0.587070 0.683295
vt 0.233188 0.172426
vt 0.236807 0.206328
vt 0.233187 0.147287
vt 0.228053 0.131925
vt 0.225498 0.112049
vt 0.218150 0.083671
vt 0.193626 0.056003
vt 0.136954 0.031359
vt 0.596078 0.318812
vt 0.608570 0.305294
vt 0.587849 0.313075
vt 0.576877 0.730478
vt 0.570292 0.693780
vt 0.086090 0.469281
vt 0.088130 0.425271
vt 0.104141 0.445344
vt 0.103237 0.471640
vt 0.085631 0.524752
vt 0.102993 0.522805
vt 0.086243 0.579100
vt 0.104001 0.550953
vt 0.068497 0.474664
vt 0.075103 0.406627
vt 0.068067 0.519511
vt 0.071991 0.582630
vt 0.075158 0.619197
vt 0.082584 0.611064
vt 0.057001 0.413341
vt 0.061236 0.363093
vt 0.072474 0.373992
vt 0.059880 0.459570
vt 0.059911 0.534656
vt 0.056554 0.581556
vt 0.060053 0.634015
vt 0.042825 0.397714
vt 0.044555 0.345356
vt 0.042187 0.598540
vt 0.045113 0.649671
vt 0.030658 0.349680
vt 0.028569 0.390303
vt 0.027643 0.606388
vt 0.028638 0.643723
vt 0.031195 0.680358
vt 0.042130 0.677565
vt 0.014868 0.355725
vt 0.018070 0.385336
vt 0.019596 0.610459
vt 0.014726 0.638904
vt 0.014923 0.684352
vt 0.571872 0.302878
vt 0.558160 0.740325
vt 0.554382 0.292614
vt 0.539911 0.745978
vt 0.528741 0.747509
vt 0.090871 0.396311
vt 0.095689 0.348958
vt 0.111946 0.378476
vt 0.107084 0.417753
vt 0.092459 0.595605
vt 0.106263 0.578266
vt 0.092725 0.640434
vt 0.111339 0.618452
vt 0.080967 0.351687
vt 0.082651 0.384734
vt 0.078121 0.650956
vt 0.084516 0.685068
vt 0.094271 0.678119
vt 0.064536 0.331354
vt 0.062706 0.664889
vt 0.067574 0.695213
vt 0.050656 0.320985
vt 0.052641 0.673363
vt 0.050239 0.701581
vt 0.032484 0.714996
vt 0.016584 0.726194
vt 0.516037 0.749705
vt 0.521970 0.768079
vt 0.501539 0.777829
vt 0.501536 0.752529
vt 0.477281 0.768551
vt 0.485899 0.750051
vt 0.622463 0.681962
vt 0.623978 0.732057
vt 0.105361 0.327737
vt 0.122778 0.342973
vt 0.105311 0.667416
vt 0.117784 0.650770
vt 0.105939 0.694802
vt 0.124689 0.676068
vt 0.092579 0.724654
vt 0.073935 0.732092
vt 0.080548 0.756282
vt 0.092674 0.751225
vt 0.055444 0.741966
vt 0.060487 0.764536
vt 0.036875 0.746369
vt 0.038376 0.769878
vt 0.026766 0.747791
vt 0.019539 0.768551
vt 0.014092 0.750051
vt 0.622709 0.313109
vt 0.607668 0.742420
vt 0.594967 0.750103
vt 0.609167 0.761769
vt 0.592633 0.781506
vt 0.583713 0.754896
vt 0.122130 0.734639
vt 0.134115 0.705762
vt 0.105484 0.744245
vt 0.106701 0.764198
vt 0.124680 0.755093
vt 0.089475 0.784151
vt 0.069375 0.800266
vt 0.047778 0.814808
vt 0.022876 0.820162
vt 0.572566 0.797772
vt 0.563605 0.763001
vt 0.138421 0.746353
vt 0.153364 0.738668
vt 0.139899 0.768747
vt 0.156305 0.756987
vt 0.126252 0.798058
vt 0.109303 0.821757
vt 0.087396 0.839024
vt 0.055793 0.842814
vt 0.022877 0.845631
vt 0.552087 0.813184
vt 0.542235 0.769506
vt 0.526803 0.819373
vt 0.501962 0.824085
vt 0.165232 0.798946
vt 0.175919 0.763608
vt 0.154507 0.832003
vt 0.123755 0.843800
vt 0.109031 0.848785
vt 0.475216 0.820162
vt 0.640670 0.745584
vt 0.196051 0.819619
vt 0.204147 0.785979
vt 0.187248 0.841976
vt 0.626815 0.754038
vt 0.642556 0.766819
vt 0.628580 0.794143
vt 0.229416 0.827627
vt 0.233169 0.793722
vt 0.225604 0.845849
vt 0.061121 0.861586
vt 0.089192 0.855710
vt 0.030092 0.866217
vt 0.142991 0.858574
vt 0.159385 0.850181
vt 0.110746 0.868860
vt 0.077960 0.890101
vt 0.037637 0.901626
vt 0.181652 0.855882
vt 0.173630 0.875209
vt 0.152426 0.900886
vt 0.112978 0.921800
vt 0.067506 0.937935
vt 0.225588 0.861243
vt 0.220414 0.887971
vt 0.209249 0.916331
vt 0.193626 0.944033
vt 0.517569 0.516363
vt 0.556200 0.547406
vt 0.609033 0.577939
vt 0.624578 0.612620
vt 0.641851 0.639092
vt 0.666166 0.583281
vt 0.697585 0.604701
vt 0.693615 0.646123
vt 0.720312 0.668361
vt 0.795512 0.604142
vt 0.792199 0.643343
vt 0.791989 0.666983
vt 0.982390 0.516341
vt 0.944265 0.547466
vt 0.886047 0.578937
vt 0.869769 0.611981
vt 0.826607 0.584895
vt 0.845679 0.646895
vt 0.832942 0.663481
vt 0.998695 0.308894
vt 0.998697 0.273610
vt 0.594898 0.503692
vt 0.627223 0.537484
vt 0.643930 0.560590
vt 0.982158 0.312706
vt 0.982148 0.279262
vt 0.936256 0.166945
vt 0.703277 0.528739
vt 0.696925 0.568598
vt 0.726144 0.589794
vt 0.968984 0.316058
vt 0.963820 0.292525
vt 0.937869 0.319451
vt 0.788431 0.528348
vt 0.796037 0.569716
vt 0.769629 0.589809
vt 0.899506 0.502604
vt 0.867126 0.536955
vt 0.848024 0.562389
vt 0.998467 0.243295
vt 0.998463 0.220041
vt 0.978992 0.246673
vt 0.978966 0.223455
vt 0.739173 0.513444
vt 0.739220 0.512937
vt 0.959479 0.249128
vt 0.956741 0.225816
vt 0.754255 0.512353
vt 0.754265 0.513409
vt 0.940427 0.255051
vt 0.935595 0.232640
vt 0.946273 0.292614
vt 0.919519 0.261360
vt 0.920399 0.238807
vt 0.929279 0.302878
vt 0.912202 0.313075
vt 0.905514 0.283161
vt 0.904357 0.318812
vt 0.892292 0.305294
vt 0.998038 0.176017
vt 0.973186 0.180743
vt 0.947924 0.186910
vt 0.927464 0.202279
vt 0.907873 0.222682
vt 0.907215 0.244410
vt 0.894392 0.249650
vt 0.886570 0.232392
vt 0.875855 0.264259
vt 0.873719 0.240166
vt 0.877346 0.313109
vt 0.864905 0.298685
vt 0.998038 0.144144
vt 0.997149 0.123521
vt 0.969193 0.147410
vt 0.961698 0.126764
vt 0.938408 0.151922
vt 0.928628 0.133238
vt 0.910836 0.157583
vt 0.910893 0.137134
vt 0.887527 0.181843
vt 0.871417 0.205901
vt 0.856737 0.229294
vt 0.858900 0.247663
vt 0.844709 0.259605
vt 0.840398 0.238824
vt 0.997149 0.094660
vt 0.951838 0.099175
vt 0.916624 0.112052
vt 0.885147 0.127279
vt 0.890012 0.142551
vt 0.862053 0.150745
vt 0.855563 0.132992
vt 0.844170 0.176105
vt 0.833576 0.205972
vt 0.821004 0.234418
vt 0.823374 0.250225
vt 0.991921 0.056305
vt 0.923284 0.064127
vt 0.880409 0.081428
vt 0.844248 0.103170
vt 0.821815 0.127654
vt 0.831676 0.142098
vt 0.811342 0.153344
vt 0.798829 0.135984
vt 0.802205 0.184896
vt 0.795159 0.218677
vt 0.976980 0.018948
vt 0.833101 0.035181
vt 0.801382 0.059920
vt 0.789004 0.088143
vt 0.777853 0.116554
vt 0.774490 0.134460
vt 0.774431 0.149798
vt 0.769363 0.177288
vt 0.998824 0.347056
vt 0.998700 0.648903
vt 0.998668 0.687747
vt 0.984316 0.356501
vt 0.980113 0.385590
vt 0.982298 0.638615
vt 0.978100 0.609694
vt 0.982177 0.683733
vt 0.967049 0.345214
vt 0.969711 0.388984
vt 0.969071 0.605176
vt 0.967486 0.643816
vt 0.965538 0.679729
vt 0.955481 0.396563
vt 0.952934 0.355005
vt 0.955198 0.597031
vt 0.952557 0.649255
vt 0.955604 0.677168
vt 0.941558 0.413939
vt 0.937476 0.365776
vt 0.938452 0.469122
vt 0.938085 0.524857
vt 0.940963 0.580480
vt 0.936999 0.631714
vt 0.924429 0.407930
vt 0.926040 0.375501
vt 0.927772 0.469182
vt 0.927472 0.524821
vt 0.922981 0.587285
vt 0.925363 0.620120
vt 0.912044 0.468805
vt 0.910489 0.428621
vt 0.911995 0.525160
vt 0.910338 0.567910
vt 0.902850 0.468592
vt 0.903332 0.440324
vt 0.902799 0.525371
vt 0.903234 0.554735
vt 0.998467 0.724207
vt 0.998046 0.752529
vt 0.978064 0.725502
vt 0.983921 0.749705
vt 0.958308 0.318919
vt 0.962402 0.713846
vt 0.949781 0.320951
vt 0.947291 0.700094
vt 0.945321 0.672113
vt 0.934507 0.333540
vt 0.933175 0.662788
vt 0.928956 0.693780
vt 0.918869 0.352459
vt 0.916301 0.386861
vt 0.917412 0.642232
vt 0.915100 0.608901
vt 0.912557 0.683295
vt 0.902672 0.349587
vt 0.907721 0.399395
vt 0.907673 0.596720
vt 0.902566 0.645341
vt 0.903572 0.676815
vt 0.892637 0.414667
vt 0.891175 0.372608
vt 0.894113 0.468805
vt 0.894004 0.525185
vt 0.892144 0.580890
vt 0.891057 0.623348
vt 0.998042 0.777829
vt 0.974930 0.768079
vt 0.970909 0.747509
vt 0.959523 0.745978
vt 0.956101 0.769506
vt 0.940479 0.740325
vt 0.934166 0.763001
vt 0.920376 0.730478
vt 0.915448 0.754896
vt 0.904405 0.722430
vt 0.905015 0.750103
vt 0.893532 0.329446
vt 0.891610 0.692087
vt 0.892538 0.665634
vt 0.879928 0.349045
vt 0.881015 0.390372
vt 0.878043 0.646623
vt 0.880131 0.605199
vt 0.877045 0.681962
vt 0.997151 0.824085
vt 0.971486 0.819373
vt 0.947743 0.813184
vt 0.924220 0.797772
vt 0.905788 0.781506
vt 0.888815 0.761769
vt 0.891266 0.742420
vt 0.873498 0.732057
vt 0.872493 0.754038
vt 0.866109 0.325198
vt 0.863442 0.698757
vt 0.864764 0.669853
vt 0.997150 0.848479
vt 0.965032 0.845304
vt 0.935850 0.841442
vt 0.906036 0.837699
vt 0.886115 0.818207
vt 0.867414 0.794143
vt 0.855849 0.766819
vt 0.858709 0.745584
vt 0.844463 0.736907
vt 0.840631 0.755823
vt 0.859280 0.844301
vt 0.882972 0.847815
vt 0.841507 0.823951
vt 0.829530 0.794067
vt 0.819852 0.762230
vt 0.824887 0.743489
vt 0.811901 0.841379
vt 0.831692 0.848467
vt 0.801546 0.815129
vt 0.793827 0.781398
vt 0.766813 0.822741
vt 0.997145 0.869079
vt 0.961030 0.865881
vt 0.928302 0.860177
vt 0.905116 0.855069
vt 0.994404 0.905413
vt 0.950887 0.900892
vt 0.911522 0.888008
vt 0.882817 0.866933
vt 0.855472 0.858739
vt 0.991908 0.943729
vt 0.922025 0.935900
vt 0.865907 0.918596
vt 0.838735 0.896846
vt 0.824570 0.866669
vt 0.805629 0.855680
vt 0.850724 0.308141
vt 0.834738 0.300195
vt 0.812601 0.267020
vt 0.806429 0.243202
vt 0.823061 0.313998
vt 0.808834 0.304364
vt 0.791657 0.238984
vt 0.789697 0.257770
vt 0.785904 0.300191
vt 0.777431 0.317522
vt 0.880244 0.469249
vt 0.880468 0.428959
vt 0.879846 0.524804
vt 0.880252 0.567201
vt 0.871605 0.410487
vt 0.864112 0.371482
vt 0.870543 0.469406
vt 0.870232 0.524670
vt 0.870949 0.584666
vt 0.864587 0.625535
vt 0.857045 0.411769
vt 0.856313 0.383143
vt 0.856021 0.469847
vt 0.855982 0.524862
vt 0.856867 0.582277
vt 0.856094 0.612452
vt 0.847982 0.506686
vt 0.847948 0.488461
vt 0.853311 0.336958
vt 0.853176 0.660126
vt 0.851055 0.687649
vt 0.846694 0.369141
vt 0.843339 0.408139
vt 0.847243 0.452544
vt 0.842716 0.587116
vt 0.847299 0.542542
vt 0.846099 0.627857
vt 0.839128 0.470130
vt 0.835334 0.425482
vt 0.839010 0.524630
vt 0.835110 0.570926
vt 0.838390 0.324511
vt 0.834061 0.697260
vt 0.838076 0.670549
vt 0.828224 0.348643
vt 0.831392 0.387191
vt 0.827018 0.647107
vt 0.831181 0.608546
vt 0.823735 0.681028
vt 0.820934 0.410377
vt 0.817943 0.372584
vt 0.822442 0.469534
vt 0.822183 0.524553
vt 0.820163 0.585506
vt 0.818360 0.623430
vt 0.812000 0.469453
vt 0.810094 0.433910
vt 0.811957 0.524644
vt 0.810221 0.562089
vt 0.811978 0.729460
vt 0.807822 0.751534
vt 0.805212 0.326657
vt 0.805267 0.690165
vt 0.808299 0.666395
vt 0.799913 0.361574
vt 0.803353 0.393571
vt 0.799801 0.642186
vt 0.804088 0.601195
vt 0.794313 0.674454
vt 0.797031 0.411869
vt 0.790458 0.383683
vt 0.797065 0.468856
vt 0.796936 0.525141
vt 0.797463 0.583270
vt 0.791101 0.612187
vt 0.789768 0.756780
vt 0.787854 0.737445
vt 0.792243 0.321119
vt 0.783663 0.703553
vt 0.783429 0.342776
vt 0.782678 0.677301
vt 0.780186 0.648857
vt 0.780104 0.379560
vt 0.779385 0.412333
vt 0.777261 0.471546
vt 0.776852 0.523161
vt 0.778250 0.581737
vt 0.779708 0.617002
vt 0.770261 0.504667
vt 0.770317 0.490281
vt 0.764158 0.454452
vt 0.764610 0.540586
vt 0.612465 0.818207
vt 0.658370 0.755823
vt 0.666448 0.794067
vt 0.655850 0.823951
vt 0.697799 0.815129
vt 0.730637 0.822741
vt 0.207801 0.643343
vt 0.204488 0.604142
vt 0.173393 0.584895
vt 0.151976 0.562389
vt 0.203963 0.569716
vt 0.132875 0.536955
vt 0.100494 0.502604
vt 0.690319 0.386687
vt 0.302415 0.604701
vt 0.230371 0.589809
vt 0.273856 0.589794
vt 0.520992 0.279262
vt 0.303075 0.568598
vt 0.333834 0.583281
vt 0.356070 0.560590
vt 0.501532 0.273610
vt 0.372777 0.537484
vt 0.405102 0.503692
vt 0.691194 0.102656
vt 0.484766 0.278202
vt 0.595310 0.283161
vt 0.582080 0.261360
vt 0.560284 0.255051
vt 0.211569 0.528348
vt 0.562131 0.319451
vt 0.686750 0.313419
vt 0.540671 0.249128
vt 0.296723 0.528739
vt 0.245735 0.513409
vt 0.260828 0.513444
vt 0.245745 0.512353
vt 0.563744 0.166945
vt 0.260780 0.512937
vt 0.687283 0.171127
vt 0.521578 0.246673
vt 0.501951 0.243295
vt 0.482071 0.246244
vt 0.626152 0.264259
vt 0.605668 0.249650
vt 0.593743 0.244410
vt 0.581519 0.238807
vt 0.593814 0.222682
vt 0.567381 0.232640
vt 0.575760 0.202279
vt 0.544703 0.225816
vt 0.552223 0.186910
vt 0.525585 0.223455
vt 0.528497 0.180743
vt 0.501956 0.220041
vt 0.502848 0.176017
vt 0.482047 0.223048
vt 0.477112 0.179954
vt 0.641501 0.247663
vt 0.627967 0.240166
vt 0.644707 0.229294
vt 0.616449 0.232392
vt 0.632598 0.205901
vt 0.613881 0.181843
vt 0.592536 0.157583
vt 0.566828 0.151922
vt 0.536780 0.147410
vt 0.502849 0.144144
vt 0.474774 0.147095
vt 0.661518 0.238824
vt 0.670455 0.205972
vt 0.658465 0.176105
vt 0.641698 0.150745
vt 0.614501 0.142551
vt 0.592497 0.137134
vt 0.615676 0.127279
vt 0.574349 0.133238
vt 0.588454 0.112052
vt 0.538940 0.126764
vt 0.549063 0.099175
vt 0.503431 0.123521
vt 0.505592 0.094660
vt 0.467277 0.126437
vt 0.462456 0.098445
vt 0.698444 0.184896
vt 0.692188 0.153344
vt 0.674503 0.142098
vt 0.646169 0.132992
vt 0.679144 0.127654
vt 0.661284 0.103170
vt 0.634152 0.081428
vt 0.577967 0.064127
vt 0.508079 0.056305
vt 0.432517 0.062094
vt 0.733179 0.177288
vt 0.733171 0.149798
vt 0.701700 0.135984
vt 0.728929 0.134460
vt 0.725459 0.116554
vt 0.721569 0.088143
vt 0.698618 0.059920
vt 0.666899 0.035181
vt 0.523020 0.018948
vt 0.363046 0.031359
vt 0.416118 0.890101
vt 0.434031 0.861586
vt 0.441589 0.842814
vt 0.387035 0.868860
vt 0.407445 0.855710
vt 0.408681 0.839024
vt 0.386889 0.848785
vt 0.374945 0.921800
vt 0.345242 0.900886
vt 0.326288 0.875209
vt 0.354828 0.858574
vt 0.368453 0.843800
vt 0.312639 0.855882
vt 0.336375 0.850181
vt 0.343456 0.832003
vt 0.308784 0.841976
vt 0.306374 0.944033
vt 0.281857 0.916331
vt 0.274499 0.887971
vt 0.269440 0.861243
vt 0.266804 0.845849
vt 0.464896 0.714996
vt 0.468170 0.680358
vt 0.469863 0.643723
vt 0.471368 0.349680
vt 0.468468 0.315967
vt 0.449719 0.701581
vt 0.457083 0.677565
vt 0.454398 0.649671
vt 0.456050 0.345356
vt 0.460137 0.318074
vt 0.447065 0.673363
vt 0.435882 0.664889
vt 0.439225 0.634015
vt 0.439717 0.363093
vt 0.449410 0.320985
vt 0.436918 0.331354
vt 0.451285 0.295858
vt 0.419802 0.650956
vt 0.424556 0.619197
vt 0.427075 0.582630
vt 0.426330 0.406627
vt 0.427607 0.373992
vt 0.420899 0.351687
vt 0.406548 0.640434
vt 0.416729 0.611064
vt 0.412987 0.579100
vt 0.414093 0.524752
vt 0.414182 0.469281
vt 0.412438 0.425271
vt 0.417829 0.384734
vt 0.409691 0.396311
vt 0.407104 0.595605
vt 0.393351 0.578265
vt 0.395920 0.550953
vt 0.396949 0.522805
vt 0.396825 0.471640
vt 0.395938 0.445344
vt 0.393327 0.417753
vt 0.472923 0.747791
vt 0.462614 0.746369
vt 0.443598 0.741966
vt 0.423545 0.732092
vt 0.431503 0.695213
vt 0.431990 0.301403
vt 0.406311 0.724654
vt 0.415268 0.685068
vt 0.414856 0.311326
vt 0.393187 0.694802
vt 0.405156 0.678119
vt 0.404790 0.348958
vt 0.406200 0.317329
vt 0.394099 0.667416
vt 0.380240 0.650770
vt 0.388339 0.618452
vt 0.388225 0.378476
vt 0.395175 0.327737
vt 0.379501 0.342973
vt 0.394285 0.302438
vt 0.451647 0.814808
vt 0.459133 0.769878
vt 0.427956 0.800265
vt 0.437021 0.764536
vt 0.408269 0.784151
vt 0.418375 0.756282
vt 0.391471 0.764198
vt 0.407116 0.751225
vt 0.393706 0.744246
vt 0.375709 0.734639
vt 0.363700 0.705762
vt 0.374294 0.676068
vt 0.377826 0.314185
vt 0.388393 0.821757
vt 0.370597 0.798058
vt 0.357936 0.768747
vt 0.374447 0.755093
vt 0.361066 0.746353
vt 0.346044 0.738668
vt 0.331810 0.798946
vt 0.321748 0.763608
vt 0.342497 0.756987
vt 0.302720 0.819619
vt 0.294722 0.785979
vt 0.266818 0.827627
vt 0.263224 0.793722
vt 0.467525 0.285135
vt 0.736725 0.445364
vt 0.217374 0.564265
vt 0.188621 0.545673
vt 0.160336 0.524751
vt 0.216237 0.532472
vt 0.148948 0.509900
vt 0.641690 0.296327
vt 0.536098 0.302817
vt 0.720545 0.296851
vt 0.307205 0.565796
vt 0.246229 0.549320
vt 0.272765 0.549277
vt 0.633782 0.156813
vt 0.321011 0.503118
vt 0.720728 0.157956
vt 0.308740 0.529538
vt 0.337016 0.541233
vt 0.363344 0.520410
vt 0.427158 0.508434
vt 0.366901 0.516598
vt 0.732178 0.072527
vt 0.462575 0.248823
vt 0.443325 0.253418
vt 0.421687 0.259537
vt 0.407963 0.279820
vt 0.460607 0.225483
vt 0.452209 0.185289
vt 0.438721 0.231153
vt 0.430659 0.199790
vt 0.422506 0.237950
vt 0.410668 0.221195
vt 0.409338 0.243667
vt 0.397576 0.247290
vt 0.377683 0.261389
vt 0.365907 0.299297
vt 0.442372 0.150575
vt 0.415007 0.156129
vt 0.390695 0.178323
vt 0.389762 0.230075
vt 0.373731 0.201968
vt 0.375868 0.238968
vt 0.359463 0.227345
vt 0.361360 0.246830
vt 0.346113 0.257287
vt 0.433867 0.131839
vt 0.422047 0.109963
vt 0.414786 0.136236
vt 0.388809 0.125047
vt 0.393008 0.141098
vt 0.365615 0.148492
vt 0.346466 0.171695
vt 0.334790 0.201081
vt 0.342687 0.237299
vt 0.323148 0.232712
vt 0.387002 0.078230
vt 0.347581 0.099119
vt 0.359279 0.131598
vt 0.325650 0.125063
vt 0.336886 0.140649
vt 0.315125 0.150794
vt 0.303953 0.180429
vt 0.295831 0.214090
vt 0.306374 0.056003
vt 0.290747 0.083671
vt 0.279581 0.112049
vt 0.303443 0.134214
vt 0.274450 0.131925
vt 0.274409 0.147287
vt 0.270565 0.172426
vt 0.266791 0.206328
vt 0.921187 0.314463
vt 0.921499 0.169220
vt 0.770665 0.312614
vt 0.770206 0.172205
vt 0.839585 0.297663
vt 0.838502 0.156231
vt 0.679199 0.771788
vt 0.723326 0.778371
vt 0.719671 0.835084
vt 0.665999 0.823790
vt 0.280240 0.653372
vt 0.261408 0.661669
vt 0.730173 0.732510
vt 0.690804 0.731004
vt 0.291237 0.268849
vt 0.292991 0.306192
vt 0.699427 0.419694
vt 0.702346 0.365957
vt 0.287654 0.711667
vt 0.273878 0.710213
vt 0.294134 0.750259
vt 0.266771 0.745790
vt 0.307194 0.815387
vt 0.268764 0.816085
vt 0.300651 0.843923
vt 0.268767 0.846078
vt 0.326091 0.836359
vt 0.324313 0.861803
vt 0.277343 0.879331
vt 0.368123 0.909993
vt 0.300597 0.934129
vt 0.474695 0.936175
vt 0.426736 0.976822
vt 0.596073 0.923424
vt 0.678057 0.951341
vt 0.652796 0.711223
vt 0.655445 0.759258
vt 0.626716 0.778443
vt 0.626549 0.746423
vt 0.679806 0.428911
vt 0.670201 0.359744
vt 0.302240 0.592343
vt 0.302753 0.642593
vt 0.656734 0.656379
vt 0.314596 0.299796
vt 0.323298 0.260816
vt 0.315370 0.703855
vt 0.323055 0.739813
vt 0.336776 0.786690
vt 0.359169 0.829061
vt 0.374640 0.849952
vt 0.413849 0.875416
vt 0.480021 0.893270
vt 0.562010 0.884693
vt 0.627807 0.642389
vt 0.626887 0.694767
vt 0.596332 0.714800
vt 0.599991 0.662337
vt 0.651631 0.384522
vt 0.662371 0.449344
vt 0.626358 0.413122
vt 0.626214 0.356401
vt 0.319931 0.406194
vt 0.630919 0.474068
vt 0.316416 0.457335
vt 0.633922 0.527914
vt 0.320984 0.520042
vt 0.629710 0.585637
vt 0.324752 0.594431
vt 0.326279 0.644834
vt 0.341395 0.312082
vt 0.342589 0.262707
vt 0.340716 0.363252
vt 0.342683 0.634333
vt 0.342937 0.685674
vt 0.342810 0.731856
vt 0.363328 0.243976
vt 0.362251 0.274285
vt 0.361178 0.718943
vt 0.362767 0.752105
vt 0.394563 0.810261
vt 0.401121 0.840426
vt 0.435345 0.827123
vt 0.425436 0.848007
vt 0.487349 0.833340
vt 0.487267 0.856368
vt 0.540597 0.831006
vt 0.549182 0.853979
vt 0.604951 0.380621
vt 0.606072 0.412149
vt 0.577964 0.417240
vt 0.586559 0.355136
vt 0.609611 0.471831
vt 0.580952 0.471183
vt 0.610638 0.528613
vt 0.580385 0.528940
vt 0.607375 0.587196
vt 0.578015 0.582722
vt 0.603014 0.619055
vt 0.584738 0.644829
vt 0.347386 0.466350
vt 0.341813 0.409678
vt 0.349587 0.524955
vt 0.346303 0.586678
vt 0.357530 0.384092
vt 0.367536 0.338070
vt 0.360841 0.447706
vt 0.361076 0.545642
vt 0.357517 0.608305
vt 0.365827 0.659536
vt 0.384754 0.290595
vt 0.387592 0.256498
vt 0.382421 0.705509
vt 0.386107 0.736587
vt 0.413599 0.242923
vt 0.408642 0.271592
vt 0.406139 0.721187
vt 0.411480 0.753055
vt 0.448572 0.788775
vt 0.491283 0.800366
vt 0.534839 0.793989
vt 0.361433 0.499370
vt 0.361367 0.492995
vt 0.384063 0.397099
vt 0.381267 0.351420
vt 0.375018 0.467036
vt 0.374298 0.526223
vt 0.382660 0.596317
vt 0.379881 0.643105
vt 0.400375 0.334263
vt 0.397669 0.374250
vt 0.397249 0.619081
vt 0.400018 0.662197
vt 0.426604 0.294844
vt 0.432537 0.261172
vt 0.423608 0.701206
vt 0.428266 0.731939
vt 0.455534 0.249754
vt 0.460141 0.280280
vt 0.459318 0.714380
vt 0.455589 0.744739
vt 0.493133 0.244128
vt 0.494188 0.273813
vt 0.493176 0.720858
vt 0.492965 0.750945
vt 0.530809 0.248459
vt 0.529825 0.278544
vt 0.525749 0.716151
vt 0.530014 0.746276
vt 0.394610 0.461328
vt 0.395172 0.427849
vt 0.394406 0.531409
vt 0.394759 0.567455
vt 0.410101 0.396306
vt 0.419481 0.352922
vt 0.411710 0.461374
vt 0.411876 0.531281
vt 0.409402 0.597166
vt 0.416921 0.641579
vt 0.433845 0.341312
vt 0.437755 0.389021
vt 0.430757 0.462013
vt 0.429918 0.530718
vt 0.437024 0.604566
vt 0.432470 0.654539
vt 0.463640 0.324688
vt 0.466480 0.365808
vt 0.466164 0.630504
vt 0.462679 0.670821
vt 0.494512 0.316744
vt 0.494759 0.356503
vt 0.484819 0.637075
vt 0.494422 0.671324
vt 0.525797 0.321865
vt 0.524078 0.362104
vt 0.521743 0.666784
vt 0.444448 0.461052
vt 0.448820 0.413768
vt 0.443815 0.531497
vt 0.447968 0.581847
vt 0.467834 0.402721
vt 0.468878 0.461647
vt 0.468639 0.530908
vt 0.466931 0.594720
vt 0.495029 0.392696
vt 0.495147 0.461203
vt 0.495047 0.531206
vt 0.494953 0.611629
vt 0.504712 0.640102
vt 0.523112 0.398355
vt 0.521694 0.461965
vt 0.521278 0.530548
vt 0.520281 0.606693
vt 0.510454 0.638617
vt 0.529043 0.632051
vt 0.762808 0.077163
vt 0.611148 0.510198
vt 0.375422 0.612620
vt 0.394612 0.655892
vt 0.358149 0.639092
vt 0.338919 0.661696
vt 0.306385 0.646123
vt 0.305632 0.682320
vt 0.378431 0.689299
vt 0.279688 0.668361
vt 0.309170 0.723646
vt 0.360169 0.717540
vt 0.208311 0.686067
vt 0.207680 0.719493
vt 0.208133 0.745820
vt 0.284435 0.746776
vt 0.017610 0.516341
vt 0.884334 0.508402
vt 0.763292 0.414335
vt 0.971032 0.561551
vt 0.130231 0.611981
vt 0.154321 0.646895
vt 0.167058 0.663481
vt 0.135886 0.683487
vt 0.150322 0.723614
vt 0.164278 0.741681
vt 0.634967 0.540096
vt 0.648556 0.522531
vt 0.620430 0.578535
vt 0.455687 0.701286
vt 0.398342 0.733827
vt 0.697535 0.518397
vt 0.698448 0.545443
vt 0.343421 0.740072
vt 0.308420 0.759871
vt 0.381596 0.765994
vt 0.792551 0.517684
vt 0.208570 0.765006
vt 0.843689 0.521352
vt 0.859573 0.540689
vt 0.875134 0.577576
vt 0.923800 0.607269
vt 0.088072 0.732587
vt 0.131660 0.761300
vt 0.638282 0.616448
vt 0.651473 0.597897
vt 0.624263 0.656356
vt 0.500923 0.747144
vt 0.461245 0.778594
vt 0.698559 0.592195
vt 0.698308 0.621550
vt 0.698885 0.651978
vt 0.791205 0.650774
vt 0.840614 0.596363
vt 0.871176 0.655377
vt 0.999099 0.747142
vt 0.038199 0.778526
vt 0.654145 0.676197
vt 0.619324 0.728127
vt 0.602824 0.760685
vt 0.546143 0.793002
vt 0.698337 0.671150
vt 0.698281 0.697746
vt 0.692420 0.734514
vt 0.657931 0.754576
vt 0.791832 0.670020
vt 0.792136 0.698337
vt 0.852383 0.693776
vt 0.640450 0.777131
vt 0.691624 0.770720
vt 0.791904 0.748979
vt 0.792126 0.774449
vt 0.301654 0.796232
vt 0.359098 0.800939
vt 0.301590 0.823667
vt 0.346679 0.818413
vt 0.207944 0.795655
vt 0.208258 0.824802
vt 0.146398 0.800372
vt 0.161401 0.819928
vt 0.418770 0.809793
vt 0.376958 0.838119
vt 0.301024 0.842831
vt 0.301526 0.872485
vt 0.362928 0.877680
vt 0.291300 0.907687
vt 0.349469 0.896882
vt 0.208894 0.844027
vt 0.208375 0.871927
vt 0.218263 0.908643
vt 0.255657 0.926699
vt 0.253194 0.926705
vt 0.080892 0.809800
vt 0.127565 0.839092
vt 0.142491 0.877119
vt 0.158424 0.898434
vt 0.506620 0.824331
vt 0.467137 0.855759
vt 0.425465 0.887021
vt 0.380641 0.915982
vt 0.315500 0.919896
vt 0.290904 0.944049
vt 0.351396 0.973275
vt 0.218646 0.943564
vt 0.195217 0.921451
vt 0.218169 0.983999
vt 0.257566 0.999642
vt 0.251713 0.999941
vt 0.993492 0.824324
vt 0.032726 0.855778
vt 0.074120 0.887019
vt 0.123796 0.916931
vt 0.606543 0.838621
vt 0.662589 0.832957
vt 0.234795 0.982044
vt 0.056062 0.302374
vt 0.273920 0.980096
vt 0.068378 0.963264
vt 0.642497 0.855583
vt 0.610139 0.916584
vt 0.232757 0.055124
vt 0.694553 0.848213
vt 0.667923 0.911396
vt 0.221377 0.174165
vt 0.799167 0.846983
vt 0.794051 0.890249
vt 0.220931 0.310846
vt 0.849283 0.853598
vt 0.824460 0.909813
vt 0.942462 0.947146
vt 0.627971 0.957179
vt 0.644590 0.934116
vt 0.325817 0.087553
vt 0.698092 0.925823
vt 0.728133 0.904876
vt 0.767033 0.904861
vt 0.787728 0.966454
vt 0.799950 0.999665
vt 0.335041 0.311793
vt 0.896137 0.990316
vt 0.327354 0.403531
vt 0.738672 0.984130
vt 0.753212 0.981558
vt 0.821943 0.951341
vt 0.073263 0.976822
vt 0.198828 0.934129
vt 0.220959 0.879331
vt 0.222873 0.846078
vt 0.230343 0.816085
vt 0.232636 0.745790
vt 0.240954 0.700089
vt 0.257693 0.700089
vt 0.237324 0.661669
vt 0.766878 0.732509
vt 0.770442 0.778371
vt 0.779696 0.835084
vt 0.207801 0.643343
vt 0.204488 0.604142
vt 0.173393 0.584895
vt 0.203963 0.569716
vt 0.785219 0.104117
vt 0.722971 0.104117
vt 0.678300 0.048751
vt 0.821700 0.048751
vt 0.132875 0.536955
vt 0.100494 0.502604
vt 0.690319 0.386687
vt 0.302415 0.604701
vt 0.230371 0.589809
vt 0.273856 0.589794
vt 0.663200 0.119796
vt 0.598208 0.076503
vt 0.303075 0.568598
vt 0.356070 0.560590
vt 0.372777 0.537484
vt 0.405102 0.503692
vt 0.691194 0.102656
vt 0.211569 0.528348
vt 0.631779 0.142696
vt 0.567061 0.120156
vt 0.615153 0.158849
vt 0.583523 0.145488
vt 0.325735 0.251323
vt 0.562131 0.319451
vt 0.245735 0.513409
vt 0.260828 0.513444
vt 0.563744 0.166945
vt 0.260780 0.512938
vt 0.687283 0.171128
vt 0.594931 0.184072
vt 0.549907 0.156393
vt 0.538042 0.206281
vt 0.493123 0.199841
vt 0.448855 0.211386
vt 0.491222 0.158171
vt 0.436728 0.163502
vt 0.579459 0.237239
vt 0.394578 0.197352
vt 0.600244 0.337620
vt 0.540915 0.137292
vt 0.490838 0.135179
vt 0.487127 0.106869
vt 0.447540 0.139297
vt 0.414722 0.125096
vt 0.407613 0.147699
vt 0.372351 0.162043
vt 0.560405 0.256578
vt 0.339275 0.213952
vt 0.653058 0.336265
vt 0.626584 0.304628
vt 0.657026 0.285812
vt 0.601515 0.285155
vt 0.626758 0.253388
vt 0.475757 0.063784
vt 0.381743 0.090100
vt 0.373098 0.137090
vt 0.335297 0.125540
vt 0.324528 0.151357
vt 0.306047 0.190529
vt 0.676512 0.316049
vt 0.696675 0.305448
vt 0.689151 0.265130
vt 0.657247 0.240177
vt 0.681084 0.227039
vt 0.627367 0.221459
vt 0.668889 0.176164
vt 0.426943 0.023147
vt 0.301268 0.065900
vt 0.280173 0.117854
vt 0.277181 0.145831
vt 0.270305 0.180243
vt 0.262583 0.257345
vt 0.735686 0.349277
vt 0.733357 0.296124
vt 0.730497 0.256638
vt 0.729362 0.218259
vt 0.720278 0.164761
vt 0.073057 0.023147
vt 0.199354 0.065900
vt 0.222630 0.117854
vt 0.230348 0.145831
vt 0.231502 0.180243
vt 0.238450 0.257345
vt 0.765694 0.349276
vt 0.770384 0.296124
vt 0.770622 0.256638
vt 0.777610 0.218259
vt 0.714675 0.895839
vt 0.777153 0.895839
vt 0.780411 0.164761
vt 0.562151 0.558963
vt 0.547450 0.601088
vt 0.547455 0.570700
vt 0.660983 0.880180
vt 0.563455 0.529097
vt 0.546407 0.528961
vt 0.616904 0.849211
vt 0.326999 0.741540
vt 0.623472 0.822178
vt 0.563489 0.470903
vt 0.546955 0.471039
vt 0.594987 0.817102
vt 0.585998 0.841965
vt 0.562162 0.441037
vt 0.547790 0.429300
vt 0.548827 0.398912
vt 0.528634 0.613949
vt 0.518109 0.592094
vt 0.516277 0.528695
vt 0.575380 0.768942
vt 0.591462 0.274296
vt 0.587585 0.270815
vt 0.516851 0.471305
vt 0.518789 0.407906
vt 0.531008 0.386051
vt 0.508573 0.624375
vt 0.518296 0.647096
vt 0.482989 0.647320
vt 0.493070 0.624722
vt 0.483844 0.593141
vt 0.486365 0.528755
vt 0.486829 0.471245
vt 0.568483 0.287204
vt 0.562086 0.704568
vt 0.566562 0.733510
vt 0.484605 0.406859
vt 0.509562 0.375625
vt 0.519989 0.352904
vt 0.493787 0.375278
vt 0.471215 0.615441
vt 0.454330 0.603478
vt 0.455475 0.573210
vt 0.456277 0.528934
vt 0.456939 0.471066
vt 0.455743 0.426790
vt 0.473706 0.384559
vt 0.455893 0.396522
vt 0.484663 0.352680
vt 0.425123 0.584159
vt 0.440339 0.560850
vt 0.438752 0.529153
vt 0.438796 0.470847
vt 0.557554 0.333462
vt 0.553240 0.375551
vt 0.552688 0.619984
vt 0.556466 0.662583
vt 0.440439 0.439150
vt 0.425187 0.415841
vt 0.421647 0.528940
vt 0.422187 0.471060
vt 0.576270 0.685877
vt 0.563320 0.736451
vt 0.556374 0.697903
vt 0.551999 0.651539
vt 0.553085 0.348461
vt 0.522049 0.745432
vt 0.518620 0.708827
vt 0.481533 0.746294
vt 0.481527 0.709668
vt 0.440326 0.737892
vt 0.446069 0.699176
vt 0.450458 0.651105
vt 0.550912 0.413681
vt 0.549333 0.460801
vt 0.549180 0.531595
vt 0.550701 0.582925
vt 0.451804 0.348895
vt 0.400928 0.716868
vt 0.423605 0.687811
vt 0.416549 0.646810
vt 0.418267 0.353190
vt 0.402446 0.665275
vt 0.376195 0.646704
vt 0.397263 0.622402
vt 0.396240 0.587931
vt 0.393704 0.528625
vt 0.394364 0.471376
vt 0.396597 0.412069
vt 0.399831 0.377598
vt 0.376316 0.589052
vt 0.376151 0.528676
vt 0.376192 0.471324
vt 0.376467 0.410948
vt 0.376332 0.353296
vt 0.595750 0.760279
vt 0.585597 0.824565
vt 0.571505 0.773446
vt 0.532797 0.837027
vt 0.522807 0.783056
vt 0.471934 0.837571
vt 0.474122 0.783859
vt 0.416417 0.827180
vt 0.431018 0.775825
vt 0.376659 0.781423
vt 0.404563 0.761685
vt 0.376492 0.748574
vt 0.346661 0.717282
vt 0.376192 0.698263
vt 0.350135 0.666005
vt 0.334042 0.646968
vt 0.352692 0.623091
vt 0.355620 0.587979
vt 0.357710 0.528663
vt 0.358299 0.471337
vt 0.355980 0.412021
vt 0.354999 0.376909
vt 0.327076 0.585730
vt 0.330570 0.528869
vt 0.331208 0.471131
vt 0.327262 0.414270
vt 0.335746 0.353032
vt 0.627549 0.854277
vt 0.575943 0.862014
vt 0.627431 0.877802
vt 0.555071 0.904584
vt 0.532690 0.869191
vt 0.448557 0.905969
vt 0.460310 0.869799
vt 0.377391 0.880166
vt 0.419281 0.863533
vt 0.377497 0.855288
vt 0.336084 0.827908
vt 0.319652 0.776305
vt 0.345834 0.762164
vt 0.311639 0.739780
vt 0.304531 0.700996
vt 0.326402 0.688264
vt 0.295939 0.644364
vt 0.301388 0.604038
vt 0.293256 0.585774
vt 0.312225 0.564164
vt 0.313955 0.529051
vt 0.314006 0.470949
vt 0.312234 0.435836
vt 0.302537 0.395962
vt 0.293445 0.414226
vt 0.297651 0.355636
vt 0.669956 0.861690
vt 0.707957 0.867734
vt 0.695433 0.902042
vt 0.644157 0.956420
vt 0.395751 0.960733
vt 0.301818 0.908532
vt 0.279539 0.870966
vt 0.326157 0.863834
vt 0.279553 0.839137
vt 0.270576 0.785147
vt 0.270299 0.748167
vt 0.266794 0.711617
vt 0.266124 0.656923
vt 0.265163 0.625149
vt 0.280401 0.618157
vt 0.283102 0.381843
vt 0.779598 0.867734
vt 0.797175 0.902042
vt 0.855843 0.956420
vt 0.104249 0.960733
vt 0.193029 0.908533
vt 0.206846 0.870966
vt 0.218347 0.839137
vt 0.221704 0.785147
vt 0.229392 0.748167
vt 0.229432 0.711617
vt 0.233034 0.656923
vt 0.233088 0.625149
vt 0.578914 0.314123
vt 0.557498 0.302097
vt 0.563504 0.263549
vt 0.522804 0.291173
vt 0.522819 0.254568
vt 0.484917 0.290332
vt 0.482157 0.253706
vt 0.447995 0.300824
vt 0.440961 0.262108
vt 0.426154 0.312189
vt 0.406512 0.283132
vt 0.402566 0.334725
vt 0.598008 0.239721
vt 0.575235 0.226554
vt 0.588321 0.175435
vt 0.530068 0.216944
vt 0.534134 0.162973
vt 0.481560 0.216140
vt 0.473467 0.162429
vt 0.432916 0.224175
vt 0.418329 0.172820
vt 0.407130 0.238315
vt 0.377346 0.218577
vt 0.376460 0.301738
vt 0.376733 0.251426
vt 0.351861 0.282718
vt 0.350192 0.333995
vt 0.629924 0.145723
vt 0.586318 0.137986
vt 0.629697 0.122198
vt 0.545662 0.130809
vt 0.558654 0.095416
vt 0.473502 0.130201
vt 0.456033 0.094031
vt 0.428069 0.136467
vt 0.379619 0.119834
vt 0.379824 0.144712
vt 0.337769 0.172092
vt 0.348506 0.237836
vt 0.322614 0.223695
vt 0.329374 0.311736
vt 0.311797 0.260220
vt 0.305993 0.299004
vt 0.678419 0.138310
vt 0.720402 0.132266
vt 0.702825 0.097958
vt 0.644157 0.043580
vt 0.395751 0.039267
vt 0.306971 0.091468
vt 0.337191 0.136166
vt 0.293154 0.129034
vt 0.281653 0.160863
vt 0.278296 0.214853
vt 0.270608 0.251833
vt 0.270569 0.288384
vt 0.266967 0.343077
vt 0.266912 0.374851
vt 0.792043 0.132266
vt 0.804567 0.097958
vt 0.855843 0.043580
vt 0.104249 0.039267
vt 0.198182 0.091468
vt 0.220461 0.129034
vt 0.220447 0.160863
vt 0.229424 0.214853
vt 0.229701 0.251833
vt 0.233206 0.288383
vt 0.233877 0.343077
vt 0.234837 0.374851
vt 0.294654 0.528858
vt 0.295262 0.471142
vt 0.265362 0.588349
vt 0.264678 0.528761
vt 0.265196 0.471239
vt 0.265751 0.411651
vt 0.234249 0.588349
vt 0.234804 0.528761
vt 0.235322 0.471239
vt 0.234638 0.411651
vt 0.921187 0.314463
vt 0.921499 0.169220
vt 0.770665 0.312614
vt 0.770206 0.172206
vt 0.836985 0.880180
vt 0.902002 0.923424
vt 0.875459 0.849211
vt 0.934189 0.884693
vt 0.171810 0.741540
vt 0.874118 0.822178
vt 0.903867 0.817102
vt 0.909644 0.841965
vt 0.950563 0.853979
vt 0.921372 0.768942
vt 0.956477 0.831006
vt 0.961912 0.793989
vt 0.931118 0.733510
vt 0.910039 0.274296
vt 0.914598 0.270815
vt 0.934281 0.287204
vt 0.922729 0.237239
vt 0.969462 0.746276
vt 0.940520 0.256577
vt 0.935871 0.704568
vt 0.942815 0.662583
vt 0.943202 0.333462
vt 0.970823 0.716151
vt 0.976415 0.666784
vt 0.973723 0.278544
vt 0.975036 0.321865
vt 0.969455 0.248459
vt 0.947146 0.619984
vt 0.949256 0.582925
vt 0.946787 0.375551
vt 0.949141 0.413680
vt 0.970392 0.632051
vt 0.978817 0.606693
vt 0.976954 0.362104
vt 0.978039 0.398355
vt 0.950804 0.531595
vt 0.950680 0.460801
vt 0.978305 0.530548
vt 0.978690 0.461965
vt 0.838841 0.119796
vt 0.903516 0.076503
vt 0.874617 0.142696
vt 0.934839 0.120156
vt 0.174451 0.251323
vt 0.889563 0.158849
vt 0.905922 0.184072
vt 0.923882 0.145488
vt 0.950135 0.156393
vt 0.965220 0.206281
vt 0.498429 0.785367
vt 0.492554 0.862579
vt 0.486817 0.939619
vt 0.510184 0.630943
vt 0.504337 0.708156
vt 0.024286 0.936175
vt 0.118154 0.909993
vt 0.170917 0.861803
vt 0.199055 0.843923
vt 0.192087 0.815387
vt 0.205822 0.750259
vt 0.210499 0.711667
vt 0.223405 0.710213
vt 0.217784 0.653372
vt 0.808453 0.731004
vt 0.818370 0.771788
vt 0.831036 0.823790
vt 0.012814 0.893270
vt 0.085987 0.875416
vt 0.117469 0.849952
vt 0.136708 0.829061
vt 0.167969 0.836359
vt 0.160390 0.786690
vt 0.175512 0.739813
vt 0.182673 0.703855
vt 0.196941 0.642593
vt 0.186925 0.299796
vt 0.207764 0.306192
vt 0.800653 0.419694
vt 0.820466 0.428911
vt 0.178223 0.260816
vt 0.210305 0.268849
vt 0.799190 0.365957
vt 0.841072 0.711223
vt 0.831794 0.359745
vt 0.842522 0.759258
vt 0.872574 0.778443
vt 0.008771 0.856368
vt 0.066920 0.848007
vt 0.098372 0.840426
vt 0.104948 0.810261
vt 0.136872 0.752105
vt 0.156114 0.731856
vt 0.156900 0.685674
vt 0.172134 0.644834
vt 0.158655 0.312082
vt 0.838494 0.449344
vt 0.158714 0.262707
vt 0.173783 0.594431
vt 0.197622 0.592343
vt 0.842376 0.656379
vt 0.871869 0.642388
vt 0.850863 0.384522
vt 0.873103 0.746423
vt 0.872689 0.694767
vt 0.898408 0.714800
vt 0.008714 0.833340
vt 0.006849 0.800366
vt 0.061015 0.827123
vt 0.051122 0.788775
vt 0.087996 0.753055
vt 0.112006 0.736587
vt 0.115424 0.705509
vt 0.136856 0.718943
vt 0.132414 0.659536
vt 0.117867 0.290595
vt 0.139582 0.274285
vt 0.134218 0.338070
vt 0.113323 0.256498
vt 0.137705 0.243976
vt 0.142020 0.608305
vt 0.156586 0.634333
vt 0.153482 0.586678
vt 0.142907 0.384092
vt 0.160224 0.363252
vt 0.181225 0.406194
vt 0.158692 0.409678
vt 0.150405 0.524955
vt 0.178708 0.520042
vt 0.870112 0.585637
vt 0.152665 0.466350
vt 0.183895 0.457335
vt 0.865763 0.527914
vt 0.869283 0.474068
vt 0.873782 0.413122
vt 0.873911 0.356401
vt 0.899635 0.662337
vt 0.894712 0.619055
vt 0.913373 0.644829
vt 0.892325 0.587196
vt 0.888873 0.528613
vt 0.890931 0.471831
vt 0.894278 0.412149
vt 0.897362 0.380621
vt 0.006873 0.750945
vt 0.043671 0.744739
vt 0.069193 0.731939
vt 0.074752 0.701205
vt 0.092782 0.721187
vt 0.099980 0.662197
vt 0.075509 0.294844
vt 0.092650 0.271592
vt 0.099663 0.334263
vt 0.069035 0.261172
vt 0.087614 0.242923
vt 0.118670 0.643105
vt 0.120620 0.351420
vt 0.116334 0.596317
vt 0.125299 0.526223
vt 0.138707 0.545642
vt 0.138577 0.499370
vt 0.125445 0.467036
vt 0.139319 0.447706
vt 0.138741 0.492995
vt 0.116919 0.397099
vt 0.921969 0.582722
vt 0.918984 0.528940
vt 0.919677 0.471183
vt 0.922051 0.417240
vt 0.915327 0.355136
vt 0.005803 0.720858
vt 0.005021 0.671324
vt 0.006834 0.273813
vt 0.005866 0.316743
vt 0.007873 0.244128
vt 0.039043 0.714380
vt 0.035912 0.670822
vt 0.041376 0.280280
vt 0.037443 0.324688
vt 0.044508 0.249754
vt 0.065776 0.654539
vt 0.067950 0.341312
vt 0.081753 0.641579
vt 0.082285 0.352922
vt 0.090019 0.597166
vt 0.102592 0.619081
vt 0.105011 0.567455
vt 0.090485 0.396306
vt 0.102391 0.374250
vt 0.105126 0.427849
vt 0.105487 0.531409
vt 0.105496 0.461328
vt 0.988456 0.638617
vt 0.994765 0.640102
vt 0.005823 0.356503
vt 0.005278 0.392696
vt 0.004754 0.611629
vt 0.014215 0.637075
vt 0.033395 0.630504
vt 0.032026 0.594720
vt 0.034256 0.365808
vt 0.033200 0.402721
vt 0.062223 0.604566
vt 0.051914 0.581847
vt 0.062936 0.389021
vt 0.051252 0.413768
vt 0.056066 0.531497
vt 0.069696 0.530718
vt 0.087891 0.531281
vt 0.055661 0.461052
vt 0.069620 0.462013
vt 0.088515 0.461374
vt 0.004858 0.531206
vt 0.004948 0.461203
vt 0.030996 0.530908
vt 0.031484 0.461647
vt 0.025230 0.063784
vt 0.131943 0.090100
vt 0.164898 0.125540
vt 0.183105 0.151357
vt 0.194614 0.190529
vt 0.805009 0.305448
vt 0.811152 0.265130
vt 0.821573 0.227039
vt 0.834062 0.176164
vt 0.019983 0.106869
vt 0.085313 0.125096
vt 0.131271 0.137090
vt 0.133987 0.162043
vt 0.163650 0.213952
vt 0.825867 0.316049
vt 0.848851 0.285812
vt 0.844911 0.240177
vt 0.873326 0.221459
vt 0.963189 0.137292
vt 0.012841 0.135179
vt 0.053571 0.139297
vt 0.069246 0.163502
vt 0.094756 0.147699
vt 0.106901 0.197352
vt 0.847196 0.336265
vt 0.873707 0.304628
vt 0.873564 0.253388
vt 0.903763 0.285155
vt 0.012744 0.158171
vt 0.008752 0.199841
vt 0.489816 0.630943
vt 0.051457 0.211386
vt 0.900127 0.337620
vt 0.754265 0.513409
vt 0.788431 0.528348
vt 0.703277 0.528739
vt 0.937869 0.319451
vt 0.936256 0.166945
vt 0.826607 0.584895
vt 0.796037 0.569715
vt 0.867126 0.536955
vt 0.944264 0.547466
vt 0.899506 0.502604
vt 0.982390 0.516341
vt 0.809681 0.386687
vt 0.736708 0.414335
vt 0.769629 0.589809
vt 0.795512 0.604142
vt 0.696925 0.568598
vt 0.495663 0.708155
vt 0.812717 0.171128
vt 0.666166 0.583281
vt 0.609033 0.577939
vt 0.627223 0.537484
vt 0.594898 0.503692
vt 0.808806 0.102656
vt 0.737192 0.077163
vt 0.832942 0.663481
vt 0.864114 0.683487
vt 0.791689 0.686067
vt 0.792199 0.643343
vt 0.869769 0.611981
vt 0.028968 0.561551
vt 0.071178 0.531218
vt 0.694369 0.682320
vt 0.720312 0.668361
vt 0.661081 0.661696
vt 0.641851 0.639092
vt 0.501572 0.785367
vt 0.624578 0.612620
vt 0.388853 0.510198
vt 0.821581 0.861690
vt 0.870303 0.877802
vt 0.941346 0.904584
vt 0.043967 0.905969
vt 0.120381 0.880166
vt 0.162809 0.863834
vt 0.162231 0.827908
vt 0.177386 0.776305
vt 0.188203 0.739780
vt 0.194007 0.700996
vt 0.202349 0.644364
vt 0.216898 0.618157
vt 0.870076 0.854277
vt 0.911679 0.824565
vt 0.913682 0.862014
vt 0.954338 0.869191
vt 0.026498 0.869799
vt 0.071931 0.863533
vt 0.081671 0.827180
vt 0.120176 0.855288
vt 0.122654 0.781423
vt 0.151494 0.762164
vt 0.148139 0.717282
vt 0.170626 0.688264
vt 0.164254 0.646967
vt 0.172738 0.585730
vt 0.197463 0.604038
vt 0.206555 0.585774
vt 0.187766 0.564164
vt 0.172924 0.414270
vt 0.198612 0.395962
vt 0.206744 0.414226
vt 0.187775 0.435836
vt 0.165958 0.353032
vt 0.204061 0.355636
vt 0.219599 0.381843
vt 0.901992 0.760279
vt 0.924765 0.773446
vt 0.965866 0.837027
vt 0.969932 0.783056
vt 0.026533 0.837571
vt 0.018440 0.783859
vt 0.067084 0.775825
vt 0.092870 0.761685
vt 0.093488 0.716868
vt 0.123267 0.748574
vt 0.123540 0.698263
vt 0.123668 0.646704
vt 0.149808 0.666005
vt 0.145001 0.623091
vt 0.144020 0.587979
vt 0.141701 0.528663
vt 0.168792 0.528869
vt 0.185994 0.529051
vt 0.142290 0.471337
vt 0.169430 0.471131
vt 0.186045 0.470949
vt 0.144380 0.412021
vt 0.147308 0.376909
vt 0.936496 0.736451
vt 0.921086 0.685877
vt 0.942502 0.697903
vt 0.977181 0.745432
vt 0.977196 0.708827
vt 0.017843 0.746294
vt 0.015083 0.709668
vt 0.059039 0.737892
vt 0.052005 0.699176
vt 0.073846 0.687811
vt 0.081733 0.646810
vt 0.097434 0.665275
vt 0.100169 0.622402
vt 0.103403 0.587931
vt 0.123533 0.589052
vt 0.105636 0.528625
vt 0.123808 0.528676
vt 0.106296 0.471376
vt 0.123849 0.471324
vt 0.103760 0.412069
vt 0.123684 0.410948
vt 0.102737 0.377598
vt 0.123806 0.353296
vt 0.946915 0.651539
vt 0.507447 0.862579
vt 0.951173 0.601088
vt 0.937838 0.558963
vt 0.952210 0.570700
vt 0.936511 0.529097
vt 0.936545 0.470903
vt 0.937849 0.441037
vt 0.952550 0.398912
vt 0.952544 0.429300
vt 0.948001 0.348461
vt 0.980011 0.647096
vt 0.968992 0.613949
vt 0.981211 0.592094
vt 0.971366 0.386051
vt 0.981891 0.407906
vt 0.981704 0.352904
vt 0.015337 0.647320
vt 0.990438 0.624375
vt 0.006213 0.624722
vt 0.991427 0.375625
vt 0.048196 0.651105
vt 0.015395 0.593141
vt 0.026294 0.615441
vt 0.044107 0.603478
vt 0.513184 0.939619
vt 0.044257 0.573210
vt 0.016156 0.406859
vt 0.028785 0.384559
vt 0.045670 0.396522
vt 0.044525 0.426790
vt 0.006930 0.375278
vt 0.017011 0.352680
vt 0.049542 0.348895
vt 0.074813 0.584159
vt 0.059561 0.560850
vt 0.074877 0.415841
vt 0.059661 0.439150
vt 0.083451 0.353190
vt 0.061203 0.529153
vt 0.077813 0.528940
vt 0.061248 0.470847
vt 0.078353 0.471060
vt 0.953045 0.528961
vt 0.953593 0.471039
vt 0.983149 0.528695
vt 0.983723 0.471305
vt 0.013171 0.528755
vt 0.013635 0.471245
vt 0.043061 0.528934
vt 0.043723 0.471066
vt 0.830044 0.138310
vt 0.872569 0.122198
vt 0.944929 0.095416
vt 0.051443 0.094031
vt 0.122609 0.119834
vt 0.173843 0.136166
vt 0.163916 0.172092
vt 0.180348 0.223695
vt 0.188361 0.260220
vt 0.195469 0.299004
vt 0.872451 0.145723
vt 0.914403 0.175435
vt 0.924057 0.137986
vt 0.967310 0.130809
vt 0.039690 0.130201
vt 0.080719 0.136467
vt 0.083583 0.172820
vt 0.122503 0.144712
vt 0.123341 0.218577
vt 0.154166 0.237836
vt 0.153339 0.282718
vt 0.173599 0.311736
vt 0.904250 0.239721
vt 0.928495 0.226554
vt 0.967203 0.162973
vt 0.977193 0.216944
vt 0.028066 0.162429
vt 0.025878 0.216140
vt 0.068982 0.224175
vt 0.095436 0.238315
vt 0.099072 0.283132
vt 0.123508 0.251426
vt 0.123808 0.301737
vt 0.149865 0.333995
vt 0.923730 0.314123
vt 0.936680 0.263549
vt 0.943626 0.302097
vt 0.977951 0.254568
vt 0.981380 0.291173
vt 0.018467 0.253706
vt 0.018473 0.290332
vt 0.059674 0.262108
vt 0.053931 0.300824
vt 0.076395 0.312189
vt 0.097554 0.334725
vt 0.204738 0.528859
vt 0.205346 0.471141
vt 0.838599 0.819928
vt 0.872435 0.839092
vt 0.791106 0.844027
vt 0.791743 0.824802
vt 0.853602 0.800372
vt 0.919108 0.809800
vt 0.792056 0.795655
vt 0.868340 0.761300
vt 0.961801 0.778526
vt 0.791430 0.765006
vt 0.698976 0.842831
vt 0.698410 0.823667
vt 0.698347 0.796232
vt 0.691580 0.759870
vt 0.623042 0.838119
vt 0.653321 0.818413
vt 0.640902 0.800939
vt 0.618404 0.765994
vt 0.581231 0.809793
vt 0.538755 0.778595
vt 0.841576 0.898434
vt 0.876204 0.916931
vt 0.804783 0.921451
vt 0.781737 0.908643
vt 0.857509 0.877119
vt 0.925880 0.887019
vt 0.791625 0.871927
vt 0.967274 0.855778
vt 0.006508 0.824324
vt 0.744343 0.926699
vt 0.781354 0.943564
vt 0.709096 0.944049
vt 0.746807 0.926705
vt 0.708700 0.907687
vt 0.698474 0.872485
vt 0.684500 0.919896
vt 0.619359 0.915982
vt 0.650531 0.896882
vt 0.637072 0.877679
vt 0.574536 0.887021
vt 0.532863 0.855759
vt 0.493381 0.824331
vt 0.453858 0.793002
vt 0.443938 0.302374
vt 0.931622 0.963264
vt 0.726080 0.980096
vt 0.765205 0.982044
vt 0.748287 0.999941
vt 0.393457 0.838621
vt 0.279069 0.310846
vt 0.057538 0.947146
vt 0.168905 0.831242
vt 0.278623 0.174165
vt 0.224857 0.826450
vt 0.267243 0.055124
vt 0.337411 0.832957
vt 0.357503 0.855583
vt 0.172646 0.403531
vt 0.164959 0.311793
vt 0.103863 0.990316
vt 0.175540 0.909813
vt 0.205949 0.890249
vt 0.232967 0.904861
vt 0.174183 0.087553
vt 0.301908 0.925822
vt 0.332077 0.911396
vt 0.355410 0.934116
vt 0.372029 0.957179
vt 0.200050 0.999665
vt 0.212272 0.966454
vt 0.261328 0.984130
vt 0.246788 0.981558
vt 0.835722 0.741681
vt 0.791867 0.745820
vt 0.849678 0.723614
vt 0.911928 0.732587
vt 0.792320 0.719493
vt 0.076200 0.607269
vt 0.124866 0.577576
vt 0.156311 0.521352
vt 0.715566 0.746775
vt 0.690830 0.723646
vt 0.656580 0.740072
vt 0.601658 0.733827
vt 0.639831 0.717540
vt 0.621569 0.689299
vt 0.544314 0.701286
vt 0.365033 0.540096
vt 0.000902 0.747142
vt 0.128824 0.655377
vt 0.159386 0.596363
vt 0.209117 0.571880
vt 0.208438 0.591047
vt 0.208384 0.546012
vt 0.301441 0.592195
vt 0.301552 0.545443
vt 0.302465 0.518397
vt 0.499078 0.747144
vt 0.416652 0.684495
vt 0.361718 0.616448
vt 0.147618 0.693776
vt 0.208200 0.622105
vt 0.301692 0.621550
vt 0.397176 0.760685
vt 0.380676 0.728127
vt 0.165155 0.752918
vt 0.208096 0.748979
vt 0.207864 0.698337
vt 0.282994 0.747889
vt 0.301719 0.697745
vt 0.308376 0.770720
vt 0.359550 0.777130
vt 0.207874 0.774449
vt 0.729335 0.312614
vt 0.729794 0.172206
vt 0.578813 0.314463
vt 0.578501 0.169220
s 0
f 2166/1/1 2157/2/1 2152/3/1 2164/4/1
f 2157/2/2 2166/1/2 2165/5/2 2156/6/2
f 2165/5/3 2166/1/3 2164/4/3 2163/7/3
f 2156/6/4 2165/5/4 2163/7/4 2151/8/4
f 2164/4/5 2152/3/5 2151/8/5 2163/7/5
f 2162/9/6 2144/10/6 2138/11/6 2158/12/6
f 2144/10/7 2162/9/7 2161/13/7 2143/14/7
f 2161/13/8 2162/9/8 2158/12/8 2157/2/8
f 2143/14/9 2161/13/9 2160/15/9 2142/16/9
f 2160/15/10 2161/13/10 2157/2/10 2156/6/10
f 2142/16/11 2160/15/11 2159/17/11 2141/18/11
f 2159/17/12 2160/15/12 2156/6/12 2155/19/12
f 2141/18/13 2159/17/13 2155/19/13 2137/20/13
f 2158/12/6 2138/11/6 2134/21/6 2153/22/6
f 2157/2/14 2158/12/14 2153/22/14 2152/3/14
f 2155/19/15 2156/6/15 2151/8/15 2150/23/15
f 2137/20/2 2155/19/2 2154/24/2 2136/25/2
f 2154/24/16 2155/19/16 2150/23/16 2149/26/16
f 2136/25/17 2154/24/17 2149/26/17 2132/27/17
f 2153/22/6 2134/21/6 2130/28/6 2148/29/6
f 2152/3/18 2153/22/18 2148/29/18 2147/30/18
f 2151/8/19 2152/3/19 2147/30/19 2146/31/19
f 2150/23/20 2151/8/20 2146/31/20 2145/32/20
f 2133/33/21 2150/23/21 2145/32/21 2127/34/21
f 2150/23/5 2133/33/5 2132/27/5 2149/26/5
f 2148/29/22 2130/28/22 2129/35/22 2147/30/22
f 2147/30/23 2129/35/23 2128/36/23 2146/31/23
f 2146/31/24 2128/36/24 2127/34/24 2145/32/24
f 2144/10/25 2124/37/25 2117/38/25 2138/11/25
f 2124/37/26 2144/10/26 2143/14/26 2123/39/26
f 2123/39/27 2143/14/27 2142/16/27 2122/40/27
f 2122/40/28 2142/16/28 2141/18/28 2121/41/28
f 2121/41/29 2141/18/29 2140/42/29 2120/43/29
f 2140/42/30 2141/18/30 2137/20/30 2136/25/30
f 2120/43/31 2140/42/31 2139/44/31 2119/45/31
f 2139/44/32 2140/42/32 2136/25/32 2135/46/32
f 2119/45/33 2139/44/33 2135/46/33 2116/47/33
f 2138/11/6 2117/38/6 2114/48/6 2134/21/6
f 2135/46/34 2136/25/34 2132/27/34 2131/49/34
f 2116/47/2 2135/46/2 2036/50/2 2031/51/2
f 2036/50/35 2135/46/35 2131/49/35 2035/52/35
f 2134/21/36 2114/48/36 2112/53/36 2130/28/36
f 2132/27/37 2133/33/37 2127/34/37 2126/54/37
f 2131/49/38 2132/27/38 2126/54/38 2125/55/38
f 2113/56/39 2131/49/39 2125/55/39 2107/57/39
f 2131/49/40 2113/56/40 2028/58/40 2035/52/40
f 2130/28/41 2112/53/41 2111/59/41 2129/35/41
f 2129/35/42 2111/59/42 2110/60/42 2128/36/42
f 2128/36/43 2110/60/43 2109/61/43 2127/34/43
f 2127/34/44 2109/61/44 2108/62/44 2126/54/44
f 2126/54/45 2108/62/45 2107/57/45 2125/55/45
f 2124/37/46 2106/63/46 2099/64/46 2117/38/46
f 2106/63/47 2124/37/47 2123/39/47 2105/65/47
f 2105/65/48 2123/39/48 2122/40/48 2104/66/48
f 2104/66/49 2122/40/49 2121/41/49 2103/67/49
f 2103/67/50 2121/41/50 2120/43/50 2102/68/50
f 2102/68/51 2120/43/51 2119/45/51 2101/69/51
f 2101/69/52 2119/45/52 2034/70/52 2023/71/52
f 2034/70/53 2119/45/53 2116/47/53 2031/51/53
f 2118/72/54 2100/73/54 2096/74/54 2115/75/54
f 2100/73/55 2118/72/55 2117/38/55 2099/64/55
f 2117/38/56 2118/72/56 2115/75/56 2114/48/56
f 2115/75/57 2096/74/57 2095/76/57 2114/48/57
f 2114/48/58 2095/76/58 2092/77/58 2112/53/58
f 2028/58/59 2113/56/59 2107/57/59 2025/78/59
f 2112/53/60 2092/77/60 2091/79/60 2111/59/60
f 2111/59/61 2091/79/61 2090/80/61 2110/60/61
f 2110/60/62 2090/80/62 2089/81/62 2109/61/62
f 2109/61/63 2089/81/63 2088/82/63 2108/62/63
f 2108/62/64 2088/82/64 2087/83/64 2107/57/64
f 2107/57/65 2087/83/65 2011/84/65 2025/78/65
f 2106/63/66 2105/65/66 2098/85/66 2099/64/66
f 2105/65/67 2104/66/67 2097/86/67 2098/85/67
f 2104/66/68 2086/87/68 2081/88/68 2097/86/68
f 2086/87/69 2104/66/69 2103/67/69 2085/89/69
f 2085/89/70 2103/67/70 2102/68/70 2084/90/70
f 2084/90/71 2102/68/71 2101/69/71 2083/91/71
f 2083/91/72 2101/69/72 2023/71/72 2006/92/72
f 2100/73/73 2099/64/73 2095/76/73 2096/74/73
f 2099/64/74 2098/85/74 2094/93/74 2095/76/74
f 2098/85/75 2082/94/75 2078/95/75 2094/93/75
f 2082/94/76 2098/85/76 2097/86/76 2081/88/76
f 2095/76/77 2094/93/77 2091/79/77 2092/77/77
f 2094/93/78 2078/95/78 2077/96/78 2093/97/78
f 2094/93/79 2093/97/79 2090/80/79 2091/79/79
f 2093/97/80 2077/96/80 2074/98/80 2090/80/80
f 2090/80/81 2074/98/81 2073/99/81 2089/81/81
f 2089/81/82 2073/99/82 2072/100/82 2088/82/82
f 2088/82/83 2072/100/83 2071/101/83 2087/83/83
f 2087/83/84 2071/101/84 1993/102/84 2011/84/84
f 2086/87/85 2085/89/85 2080/103/85 2081/88/85
f 2085/89/86 2084/90/86 2079/104/86 2080/103/86
f 2084/90/87 2070/105/87 2067/106/87 2079/104/87
f 2070/105/88 2084/90/88 2083/91/88 2069/107/88
f 2069/107/89 2083/91/89 2006/92/89 1986/108/89
f 2082/94/90 2081/88/90 2077/96/90 2078/95/90
f 2081/88/91 2080/103/91 2076/109/91 2077/96/91
f 2080/103/92 2068/110/92 2065/111/92 2076/109/92
f 2068/110/93 2080/103/93 2079/104/93 2067/106/93
f 2077/96/94 2076/109/94 2073/99/94 2074/98/94
f 2076/109/78 2065/111/78 2064/112/78 2075/113/78
f 2076/109/95 2075/113/95 2072/100/95 2073/99/95
f 2075/113/96 2064/112/96 2062/114/96 2072/100/96
f 2072/100/97 2062/114/97 2061/115/97 2071/101/97
f 2071/101/98 2061/115/98 1971/116/98 1993/102/98
f 2070/105/99 2069/107/99 2066/117/99 2067/106/99
f 2069/107/100 1986/108/100 1978/118/100 2066/117/100
f 2068/110/101 2067/106/101 2064/112/101 2065/111/101
f 2067/106/102 2066/117/102 2063/119/102 2064/112/102
f 2066/117/103 1978/118/103 1975/120/103 2063/119/103
f 2064/112/104 2063/119/104 2061/115/104 2062/114/104
f 2063/119/105 1975/120/105 1971/116/105 2061/115/105
f 2060/121/106 1553/122/106 1546/123/106 2056/124/106
f 1553/122/107 2060/121/107 2059/125/107 1552/126/107
f 2059/125/108 2060/121/108 2056/124/108 2055/127/108
f 1552/126/109 2059/125/109 2058/128/109 1551/129/109
f 2058/128/110 2059/125/110 2055/127/110 2054/130/110
f 1551/129/111 2058/128/111 2057/131/111 1550/132/111
f 2057/131/112 2058/128/112 2054/130/112 2053/133/112
f 1550/132/113 2057/131/113 2053/133/113 1545/134/113
f 2056/124/114 1546/123/114 1541/135/114 2052/136/114
f 2055/127/115 2056/124/115 2052/136/115 2051/137/115
f 2054/130/116 2055/127/116 2051/137/116 2050/138/116
f 2053/133/117 2054/130/117 2050/138/117 2049/139/117
f 1545/134/118 2053/133/118 2049/139/118 1540/140/118
f 2052/136/114 1541/135/114 1536/141/114 2047/142/114
f 2051/137/119 2052/136/119 2047/142/119 2046/143/119
f 2050/138/120 2051/137/120 2046/143/120 2045/144/120
f 2049/139/121 2050/138/121 2045/144/121 2044/145/121
f 1540/140/118 2049/139/118 2044/145/118 1535/146/118
f 2048/147/122 1537/148/122 1532/149/122 2042/150/122
f 1537/148/123 2048/147/123 2047/142/123 1536/141/123
f 2047/142/114 2048/147/114 2042/150/114 2041/151/114
f 2046/143/124 2047/142/124 2041/151/124 2040/152/124
f 2045/144/125 2046/143/125 2040/152/125 2039/153/125
f 2044/145/126 2045/144/126 2039/153/126 2038/154/126
f 1535/146/127 2044/145/127 2043/155/127 1534/156/127
f 2043/155/118 2044/145/118 2038/154/118 2037/157/118
f 1534/156/128 2043/155/128 2037/157/128 1531/158/128
f 2042/150/129 1532/149/129 1314/159/129 1832/160/129
f 2041/151/130 2042/150/130 1832/160/130 1831/161/130
f 2040/152/131 2041/151/131 1831/161/131 1830/162/131
f 2039/153/132 2040/152/132 1830/162/132 1829/163/132
f 2038/154/133 2039/153/133 1829/163/133 1828/164/133
f 2037/157/134 2038/154/134 1828/164/134 1827/165/134
f 1531/158/135 2037/157/135 1827/165/135 1311/166/135
f 2031/51/136 2036/50/136 2035/52/136 2028/58/136
f 2023/71/137 2034/70/137 2033/167/137 2022/168/137
f 2033/167/138 2034/70/138 2031/51/138 2030/169/138
f 2022/168/139 2033/167/139 2032/170/139 2021/171/139
f 2032/170/140 2033/167/140 2030/169/140 2029/172/140
f 2021/171/141 2032/170/141 2029/172/141 2018/173/141
f 2030/169/142 2031/51/142 2028/58/142 2027/174/142
f 2029/172/143 2030/169/143 2027/174/143 2026/175/143
f 2018/173/144 2029/172/144 2026/175/144 2014/176/144
f 2027/174/145 2028/58/145 2025/78/145 2024/177/145
f 2015/178/146 2027/174/146 2024/177/146 2010/179/146
f 2027/174/147 2015/178/147 2014/176/147 2026/175/147
f 2025/78/148 2011/84/148 2010/179/148 2024/177/148
f 2006/92/149 2023/71/149 2022/168/149 2005/180/149
f 2005/180/150 2022/168/150 2021/171/150 2004/181/150
f 2004/181/151 2021/171/151 2020/182/151 2003/183/151
f 2020/182/152 2021/171/152 2018/173/152 2017/184/152
f 2003/183/153 2020/182/153 2019/185/153 2002/186/153
f 2019/185/154 2020/182/154 2017/184/154 2016/187/154
f 2002/186/155 2019/185/155 2016/187/155 1999/188/155
f 2017/184/156 2018/173/156 2014/176/156 2013/189/156
f 2016/187/157 2017/184/157 2013/189/157 2012/190/157
f 1999/188/158 2016/187/158 2012/190/158 1996/191/158
f 2014/176/159 2015/178/159 2010/179/159 2009/192/159
f 2013/189/160 2014/176/160 2009/192/160 2008/193/160
f 2012/190/161 2013/189/161 2008/193/161 2007/194/161
f 1996/191/162 2012/190/162 2007/194/162 1989/195/162
f 2011/84/163 1993/102/163 1992/196/163 2010/179/163
f 2010/179/164 1992/196/164 1991/197/164 2009/192/164
f 2009/192/165 1991/197/165 1990/198/165 2008/193/165
f 2008/193/166 1990/198/166 1989/195/166 2007/194/166
f 1986/108/167 2006/92/167 2005/180/167 1985/199/167
f 1985/199/168 2005/180/168 2004/181/168 1984/200/168
f 1984/200/169 2004/181/169 2003/183/169 1983/201/169
f 1983/201/170 2003/183/170 2002/186/170 1982/202/170
f 1982/202/171 2002/186/171 2001/203/171 1981/204/171
f 2001/203/172 2002/186/172 1999/188/172 1998/205/172
f 1981/204/173 2001/203/173 2000/206/173 1980/207/173
f 2000/206/174 2001/203/174 1998/205/174 1997/208/174
f 1980/207/175 2000/206/175 1997/208/175 1977/209/175
f 1998/205/176 1999/188/176 1996/191/176 1995/210/176
f 1997/208/177 1998/205/177 1995/210/177 1994/211/177
f 1977/209/178 1997/208/178 1994/211/178 1973/212/178
f 1995/210/179 1996/191/179 1989/195/179 1988/213/179
f 1994/211/180 1995/210/180 1988/213/180 1987/214/180
f 1973/212/181 1994/211/181 1987/214/181 1965/215/181
f 1993/102/182 1971/116/182 1970/216/182 1992/196/182
f 1992/196/183 1970/216/183 1969/217/183 1991/197/183
f 1991/197/184 1969/217/184 1968/218/184 1990/198/184
f 1990/198/185 1968/218/185 1967/219/185 1989/195/185
f 1989/195/186 1967/219/186 1966/220/186 1988/213/186
f 1988/213/187 1966/220/187 1965/215/187 1987/214/187
f 1986/108/188 1963/221/188 1955/222/188 1978/118/188
f 1963/221/189 1986/108/189 1985/199/189 1962/223/189
f 1962/223/190 1985/199/190 1984/200/190 1961/224/190
f 1961/224/191 1984/200/191 1983/201/191 1960/225/191
f 1960/225/192 1983/201/192 1982/202/192 1959/226/192
f 1959/226/193 1982/202/193 1981/204/193 1958/227/193
f 1958/227/194 1981/204/194 1980/207/194 1957/228/194
f 1957/228/195 1980/207/195 1979/229/195 1956/230/195
f 1979/229/196 1980/207/196 1977/209/196 1976/231/196
f 1956/230/197 1979/229/197 1115/232/197 1111/233/197
f 1115/232/198 1979/229/198 1976/231/198 1114/234/198
f 1978/118/199 1955/222/199 1952/235/199 1975/120/199
f 1976/231/200 1977/209/200 1973/212/200 1972/236/200
f 1114/234/201 1976/231/201 1972/236/201 1113/237/201
f 1975/120/202 1952/235/202 1951/238/202 1974/239/202
f 1975/120/203 1974/239/203 1970/216/203 1971/116/203
f 1974/239/204 1951/238/204 1948/240/204 1970/216/204
f 1972/236/205 1973/212/205 1965/215/205 1964/241/205
f 1113/237/206 1972/236/206 1964/241/206 1112/242/206
f 1970/216/207 1948/240/207 1947/243/207 1969/217/207
f 1969/217/208 1947/243/208 1946/244/208 1968/218/208
f 1968/218/209 1946/244/209 1945/245/209 1967/219/209
f 1967/219/210 1945/245/210 1944/246/210 1966/220/210
f 1966/220/211 1944/246/211 1943/247/211 1965/215/211
f 1965/215/212 1943/247/212 1942/248/212 1964/241/212
f 1964/241/213 1942/248/213 1108/249/213 1112/242/213
f 1963/221/214 1962/223/214 1954/250/214 1955/222/214
f 1962/223/215 1961/224/215 1953/251/215 1954/250/215
f 1961/224/216 1448/252/216 1442/253/216 1953/251/216
f 1448/252/217 1961/224/217 1960/225/217 1447/254/217
f 1447/254/218 1960/225/218 1959/226/218 1446/255/218
f 1446/255/219 1959/226/219 1958/227/219 1445/256/219
f 1445/256/220 1958/227/220 1957/228/220 1444/257/220
f 1444/257/221 1957/228/221 1956/230/221 1443/258/221
f 1443/258/222 1956/230/222 1111/233/222 1096/259/222
f 1955/222/223 1954/250/223 1951/238/223 1952/235/223
f 1954/250/224 1953/251/224 1950/260/224 1951/238/224
f 1953/251/225 1442/253/225 1437/261/225 1950/260/225
f 1951/238/226 1950/260/226 1947/243/226 1948/240/226
f 1950/260/227 1437/261/227 1436/262/227 1949/263/227
f 1950/260/228 1949/263/228 1946/244/228 1947/243/228
f 1949/263/229 1436/262/229 1432/264/229 1946/244/229
f 1946/244/230 1432/264/230 1431/265/230 1945/245/230
f 1945/245/231 1431/265/231 1430/266/231 1944/246/231
f 1944/246/232 1430/266/232 1429/267/232 1943/247/232
f 1943/247/233 1429/267/233 1428/268/233 1942/248/233
f 1942/248/234 1428/268/234 1093/269/234 1108/249/234
f 1941/270/6 1925/271/6 1919/272/6 1938/273/6
f 1925/271/235 1941/270/235 1940/274/235 1924/275/235
f 1940/274/236 1941/270/236 1938/273/236 1937/276/236
f 1924/275/237 1940/274/237 1939/277/237 1923/278/237
f 1939/277/238 1940/274/238 1937/276/238 1936/279/238
f 1923/278/239 1939/277/239 1936/279/239 1918/280/239
f 1938/273/6 1919/272/6 1914/281/6 1934/282/6
f 1937/276/240 1938/273/240 1934/282/240 1933/283/240
f 1936/279/241 1937/276/241 1933/283/241 1932/284/241
f 1918/280/2 1936/279/2 1935/285/2 1917/286/2
f 1935/285/242 1936/279/242 1932/284/242 1931/287/242
f 1917/286/243 1935/285/243 1931/287/243 1912/288/243
f 1934/282/6 1914/281/6 1909/289/6 1930/290/6
f 1933/283/244 1934/282/244 1930/290/244 1929/291/244
f 1932/284/245 1933/283/245 1929/291/245 1928/292/245
f 1913/293/246 1932/284/246 1928/292/246 1907/294/246
f 1932/284/247 1913/293/247 1912/288/247 1931/287/247
f 1930/290/248 1909/289/248 1908/295/248 1929/291/248
f 1929/291/249 1908/295/249 1907/294/249 1928/292/249
f 1927/296/250 1904/297/250 1900/298/250 1925/271/250
f 1904/297/251 1927/296/251 1926/299/251 1903/300/251
f 1926/299/252 1927/296/252 1925/271/252 1924/275/252
f 1903/300/253 1926/299/253 1924/275/253 1899/301/253
f 1925/271/254 1900/298/254 1894/302/254 1919/272/254
f 1899/301/255 1924/275/255 1923/278/255 1898/303/255
f 1898/303/256 1923/278/256 1922/304/256 1897/305/256
f 1922/304/257 1923/278/257 1918/280/257 1917/286/257
f 1897/305/258 1922/304/258 1921/306/258 1896/307/258
f 1921/306/259 1922/304/259 1917/286/259 1916/308/259
f 1896/307/260 1921/306/260 1920/309/260 1895/310/260
f 1920/309/261 1921/306/261 1916/308/261 1915/311/261
f 1895/310/262 1920/309/262 1915/311/262 1893/312/262
f 1919/272/6 1894/302/6 1892/313/6 1914/281/6
f 1916/308/263 1917/286/263 1912/288/263 1911/314/263
f 1915/311/264 1916/308/264 1911/314/264 1910/315/264
f 1893/312/265 1915/311/265 1910/315/265 1890/316/265
f 1914/281/266 1892/313/266 1889/317/266 1909/289/266
f 1912/288/267 1913/293/267 1907/294/267 1906/318/267
f 1911/314/268 1912/288/268 1906/318/268 1905/319/268
f 1891/320/269 1911/314/269 1905/319/269 1886/321/269
f 1911/314/270 1891/320/270 1890/316/270 1910/315/270
f 1906/318/271 1887/322/271 1886/321/271 1905/319/271
f 1904/297/272 1903/300/272 1899/301/272 1900/298/272
f 1902/323/273 1884/324/273 1878/325/273 1898/303/273
f 1884/324/274 1902/323/274 1901/326/274 1883/327/274
f 1901/326/275 1902/323/275 1898/303/275 1897/305/275
f 1883/327/276 1901/326/276 1897/305/276 1877/328/276
f 1900/298/277 1880/329/277 1874/330/277 1894/302/277
f 1880/329/278 1900/298/278 1899/301/278 1879/331/278
f 1879/331/279 1899/301/279 1898/303/279 1878/325/279
f 1877/328/280 1897/305/280 1896/307/280 1876/332/280
f 1876/332/281 1896/307/281 1895/310/281 1875/333/281
f 1875/333/282 1895/310/282 1812/334/282 1805/335/282
f 1812/334/283 1895/310/283 1893/312/283 1810/336/283
f 1894/302/284 1874/330/284 1872/337/284 1892/313/284
f 1810/336/285 1893/312/285 1890/316/285 1808/338/285
f 1892/313/286 1872/337/286 1869/339/286 1889/317/286
f 1890/316/287 1891/320/287 1886/321/287 1885/340/287
f 1808/338/288 1890/316/288 1885/340/288 1806/341/288
f 1889/317/289 1869/339/289 1868/342/289 1888/343/289
f 1885/340/290 1865/344/290 1794/345/290 1806/341/290
f 1884/324/291 1883/327/291 1877/328/291 1878/325/291
f 1882/346/292 1864/347/292 1859/348/292 1876/332/292
f 1864/347/291 1882/346/291 1881/349/291 1863/350/291
f 1881/349/293 1882/346/293 1876/332/293 1875/333/293
f 1863/350/294 1881/349/294 1875/333/294 1858/351/294
f 1880/329/295 1879/331/295 1873/352/295 1874/330/295
f 1879/331/296 1862/353/296 1857/354/296 1873/352/296
f 1862/353/297 1879/331/297 1878/325/297 1861/355/297
f 1861/355/298 1878/325/298 1877/328/298 1860/356/298
f 1860/356/299 1877/328/299 1876/332/299 1859/348/299
f 1858/351/300 1875/333/300 1805/335/300 1791/357/300
f 1874/330/301 1873/352/301 1871/358/301 1872/337/301
f 1873/352/302 1857/354/302 1854/359/302 1871/358/302
f 1872/337/303 1871/358/303 1868/342/303 1869/339/303
f 1871/358/304 1854/359/304 1853/360/304 1870/361/304
f 1871/358/305 1870/361/305 1867/362/305 1868/342/305
f 1870/361/306 1853/360/306 1850/363/306 1867/362/306
f 1867/362/307 1850/363/307 1849/364/307 1866/365/307
f 1864/347/291 1863/350/291 1858/351/291 1859/348/291
f 1862/353/308 1861/355/308 1856/366/308 1857/354/308
f 1861/355/309 1860/356/309 1855/367/309 1856/366/309
f 1860/356/310 1846/368/310 1843/369/310 1855/367/310
f 1846/368/311 1860/356/311 1859/348/311 1845/370/311
f 1845/370/312 1859/348/312 1858/351/312 1844/371/312
f 1844/371/313 1858/351/313 1791/357/313 1772/372/313
f 1857/354/314 1856/366/314 1853/360/314 1854/359/314
f 1856/366/315 1855/367/315 1852/373/315 1853/360/315
f 1855/367/316 1843/369/316 1840/374/316 1852/373/316
f 1853/360/317 1852/373/317 1849/364/317 1850/363/317
f 1852/373/318 1840/374/318 1839/375/318 1851/376/318
f 1852/373/319 1851/376/319 1848/377/319 1849/364/319
f 1851/376/320 1839/375/320 1837/378/320 1848/377/320
f 1848/377/321 1837/378/321 1836/379/321 1847/380/321
f 1846/368/322 1845/370/322 1842/381/322 1843/369/322
f 1845/370/323 1844/371/323 1841/382/323 1842/381/323
f 1844/371/324 1835/383/324 1834/384/324 1841/382/324
f 1835/383/325 1844/371/325 1772/372/325 1745/385/325
f 1843/369/326 1842/381/326 1839/375/326 1840/374/326
f 1842/381/327 1841/382/327 1838/386/327 1839/375/327
f 1841/382/328 1834/384/328 1833/387/328 1838/386/328
f 1839/375/329 1838/386/329 1836/379/329 1837/378/329
f 1838/386/330 1833/387/330 1734/388/330 1761/389/330
f 1838/386/331 1761/389/331 1756/390/331 1836/379/331
f 1835/383/332 1745/385/332 1737/391/332 1834/384/332
f 1834/384/333 1737/391/333 1734/388/333 1833/387/333
f 1832/160/334 1314/159/334 1313/392/334 1831/161/334
f 1831/161/335 1313/392/335 1308/393/335 1826/394/335
f 1830/162/336 1831/161/336 1826/394/336 1825/395/336
f 1829/163/337 1830/162/337 1825/395/337 1824/396/337
f 1828/164/338 1829/163/338 1824/396/338 1823/397/338
f 1312/398/339 1828/164/339 1823/397/339 1307/399/339
f 1828/164/340 1312/398/340 1311/166/340 1827/165/340
f 1826/394/335 1308/393/335 1303/400/335 1822/401/335
f 1825/395/341 1826/394/341 1822/401/341 1821/402/341
f 1824/396/342 1825/395/342 1821/402/342 1820/403/342
f 1823/397/343 1824/396/343 1820/403/343 1819/404/343
f 1307/399/339 1823/397/339 1819/404/339 1302/405/339
f 1822/401/344 1303/400/344 1299/406/344 1818/407/344
f 1821/402/345 1822/401/345 1818/407/345 1817/408/345
f 1820/403/346 1821/402/346 1817/408/346 1816/409/346
f 1819/404/347 1820/403/347 1816/409/347 1815/410/347
f 1302/405/348 1819/404/348 1815/410/348 1296/411/348
f 1818/407/349 1299/406/349 1298/412/349 1817/408/349
f 1817/408/350 1298/412/350 1292/413/350 1814/414/350
f 1816/409/351 1817/408/351 1814/414/351 1813/415/351
f 1297/416/352 1816/409/352 1813/415/352 1291/417/352
f 1816/409/353 1297/416/353 1296/411/353 1815/410/353
f 1814/414/354 1292/413/354 1291/417/354 1813/415/354
f 1805/335/355 1812/334/355 1811/418/355 1804/419/355
f 1811/418/356 1812/334/356 1810/336/356 1809/420/356
f 1804/419/357 1811/418/357 1809/420/357 1801/421/357
f 1809/420/358 1810/336/358 1808/338/358 1807/422/358
f 1801/421/359 1809/420/359 1807/422/359 1797/423/359
f 1798/424/360 1808/338/360 1806/341/360 1794/345/360
f 1808/338/361 1798/424/361 1797/423/361 1807/422/361
f 1791/357/362 1805/335/362 1804/419/362 1790/425/362
f 1790/425/363 1804/419/363 1803/426/363 1789/427/363
f 1803/426/364 1804/419/364 1801/421/364 1800/428/364
f 1789/427/365 1803/426/365 1802/429/365 1788/430/365
f 1802/429/366 1803/426/366 1800/428/366 1799/431/366
f 1788/430/367 1802/429/367 1799/431/367 1785/432/367
f 1800/428/368 1801/421/368 1797/423/368 1796/433/368
f 1799/431/369 1800/428/369 1796/433/369 1795/434/369
f 1785/432/370 1799/431/370 1795/434/370 1781/435/370
f 1797/423/371 1798/424/371 1794/345/371 1793/436/371
f 1796/433/372 1797/423/372 1793/436/372 1792/437/372
f 1782/438/373 1796/433/373 1792/437/373 1777/439/373
f 1796/433/374 1782/438/374 1781/435/374 1795/434/374
f 1793/436/375 1778/440/375 1777/439/375 1792/437/375
f 1772/372/376 1791/357/376 1790/425/376 1771/441/376
f 1771/441/377 1790/425/377 1789/427/377 1770/442/377
f 1770/442/378 1789/427/378 1788/430/378 1769/443/378
f 1769/443/379 1788/430/379 1787/444/379 1768/445/379
f 1787/444/380 1788/430/380 1785/432/380 1784/446/380
f 1768/445/381 1787/444/381 1786/447/381 1767/448/381
f 1786/447/382 1787/444/382 1784/446/382 1783/449/382
f 1767/448/383 1786/447/383 1783/449/383 1764/450/383
f 1784/446/384 1785/432/384 1781/435/384 1780/451/384
f 1783/449/385 1784/446/385 1780/451/385 1779/452/385
f 1764/450/386 1783/449/386 1779/452/386 1759/453/386
f 1781/435/387 1782/438/387 1777/439/387 1776/454/387
f 1780/451/388 1781/435/388 1776/454/388 1775/455/388
f 1760/456/389 1780/451/389 1775/455/389 1753/457/389
f 1780/451/390 1760/456/390 1759/453/390 1779/452/390
f 1776/454/391 1754/458/391 1753/457/391 1775/455/391
f 1774/459/392 1749/460/392 1742/461/392 1769/443/392
f 1749/460/393 1774/459/393 1773/462/393 1748/463/393
f 1773/462/394 1774/459/394 1769/443/394 1768/445/394
f 1748/463/395 1773/462/395 1768/445/395 1741/464/395
f 1745/385/396 1772/372/396 1771/441/396 1744/465/396
f 1744/465/397 1771/441/397 1770/442/397 1743/466/397
f 1743/466/398 1770/442/398 1769/443/398 1742/461/398
f 1741/464/399 1768/445/399 1767/448/399 1740/467/399
f 1740/467/400 1767/448/400 1766/468/400 1739/469/400
f 1766/468/401 1767/448/401 1764/450/401 1763/470/401
f 1739/469/402 1766/468/402 1765/471/402 1738/472/402
f 1765/471/403 1766/468/403 1763/470/403 1762/473/403
f 1738/472/404 1765/471/404 1762/473/404 1735/474/404
f 1763/470/405 1764/450/405 1759/453/405 1758/475/405
f 1762/473/406 1763/470/406 1758/475/406 1757/476/406
f 1735/474/407 1762/473/407 1107/477/407 1104/478/407
f 1107/477/408 1762/473/408 1757/476/408 1106/479/408
f 1761/389/409 1734/388/409 1730/480/409 1756/390/409
f 1759/453/410 1760/456/410 1753/457/410 1752/481/410
f 1758/475/411 1759/453/411 1752/481/411 1751/482/411
f 1757/476/412 1758/475/412 1751/482/412 1750/483/412
f 1731/484/413 1757/476/413 1750/483/413 1724/485/413
f 1757/476/5 1731/484/5 1103/486/5 1106/479/5
f 1756/390/414 1730/480/414 1729/487/414 1755/488/414
f 1752/481/415 1726/489/415 1725/490/415 1751/482/415
f 1751/482/416 1725/490/416 1724/485/416 1750/483/416
f 1749/460/417 1748/463/417 1741/464/417 1742/461/417
f 1747/491/418 1723/492/418 1716/493/418 1740/467/418
f 1723/492/419 1747/491/419 1746/494/419 1722/495/419
f 1746/494/394 1747/491/394 1740/467/394 1739/469/394
f 1722/495/420 1746/494/420 1739/469/420 1715/496/420
f 1745/385/421 1744/465/421 1736/497/421 1737/391/421
f 1744/465/422 1720/498/422 1713/499/422 1736/497/422
f 1720/498/423 1744/465/423 1743/466/423 1719/500/423
f 1719/500/424 1743/466/424 1742/461/424 1718/501/424
f 1718/501/425 1742/461/425 1741/464/425 1717/502/425
f 1717/502/426 1741/464/426 1740/467/426 1716/493/426
f 1715/496/427 1739/469/427 1738/472/427 1714/503/427
f 1714/503/428 1738/472/428 1105/504/428 1100/505/428
f 1105/504/429 1738/472/429 1735/474/429 1104/478/429
f 1737/391/430 1736/497/430 1733/506/430 1734/388/430
f 1736/497/431 1713/499/431 1709/507/431 1733/506/431
f 1734/388/432 1733/506/432 1729/487/432 1730/480/432
f 1733/506/433 1709/507/433 1708/508/433 1732/509/433
f 1733/506/434 1732/509/434 1728/510/434 1729/487/434
f 1732/509/435 1708/508/435 1705/511/435 1728/510/435
f 1103/486/436 1731/484/436 1724/485/436 1102/512/436
f 1728/510/437 1705/511/437 1704/513/437 1727/514/437
f 1724/485/438 1700/515/438 1097/516/438 1102/512/438
f 1723/492/439 1722/495/439 1715/496/439 1716/493/439
f 1721/517/440 1209/518/440 1205/519/440 1714/503/440
f 1209/518/441 1721/517/441 1101/520/441 1088/521/441
f 1101/520/442 1721/517/442 1714/503/442 1100/505/442
f 1720/498/443 1719/500/443 1712/522/443 1713/499/443
f 1719/500/444 1718/501/444 1711/523/444 1712/522/444
f 1718/501/445 1717/502/445 1710/524/445 1711/523/445
f 1717/502/446 1208/525/446 1203/526/446 1710/524/446
f 1208/525/447 1717/502/447 1716/493/447 1207/527/447
f 1207/527/448 1716/493/448 1715/496/448 1206/528/448
f 1206/528/449 1715/496/449 1714/503/449 1205/519/449
f 1713/499/450 1712/522/450 1708/508/450 1709/507/450
f 1712/522/451 1711/523/451 1707/529/451 1708/508/451
f 1711/523/452 1204/530/452 1199/531/452 1707/529/452
f 1204/530/453 1711/523/453 1710/524/453 1203/526/453
f 1708/508/454 1707/529/454 1704/513/454 1705/511/454
f 1707/529/455 1199/531/455 1198/532/455 1706/533/455
f 1707/529/456 1706/533/456 1703/534/456 1704/513/456
f 1706/533/457 1198/532/457 1194/535/457 1703/534/457
f 1703/534/458 1194/535/458 1193/536/458 1702/537/458
f 1702/537/459 1193/536/459 1192/538/459 1701/539/459
f 1699/540/460 1686/541/460 1500/542/460 1529/543/460
f 1686/541/461 1699/540/461 1698/544/461 1685/545/461
f 1698/544/462 1699/540/462 1529/543/462 1528/546/462
f 1685/545/463 1698/544/463 1697/547/463 1684/548/463
f 1697/547/464 1698/544/464 1528/546/464 1527/549/464
f 1684/548/465 1697/547/465 1696/550/465 1683/551/465
f 1696/550/466 1697/547/466 1527/549/466 1526/552/466
f 1683/551/467 1696/550/467 1526/552/467 1499/553/467
f 1695/554/468 1680/555/468 1675/556/468 1691/557/468
f 1680/555/469 1695/554/469 1694/558/469 1679/559/469
f 1694/558/470 1695/554/470 1691/557/470 1690/560/470
f 1679/559/471 1694/558/471 1690/560/471 1674/561/471
f 1693/562/472 1677/563/472 1670/564/472 1687/565/472
f 1677/563/473 1693/562/473 1692/566/473 1676/567/473
f 1692/566/474 1693/562/474 1687/565/474 1686/541/474
f 1676/567/475 1692/566/475 1691/557/475 1675/556/475
f 1691/557/476 1692/566/476 1686/541/476 1685/545/476
f 1690/560/477 1691/557/477 1685/545/477 1684/548/477
f 1674/561/478 1690/560/478 1689/568/478 1673/569/478
f 1689/568/479 1690/560/479 1684/548/479 1683/551/479
f 1673/569/480 1689/568/480 1688/570/480 1672/571/480
f 1688/570/481 1689/568/481 1683/551/481 1682/572/481
f 1672/571/482 1688/570/482 1682/572/482 1669/573/482
f 1687/565/483 1670/564/483 1482/574/483 1501/575/483
f 1686/541/484 1687/565/484 1501/575/484 1500/542/484
f 1682/572/485 1683/551/485 1499/553/485 1498/576/485
f 1669/573/486 1682/572/486 1498/576/486 1481/577/486
f 1681/578/487 1663/579/487 1656/580/487 1676/567/487
f 1663/579/488 1681/578/488 1680/555/488 1662/581/488
f 1680/555/489 1681/578/489 1676/567/489 1675/556/489
f 1662/581/490 1680/555/490 1679/559/490 1661/582/490
f 1661/582/491 1679/559/491 1678/583/491 1660/584/491
f 1678/583/492 1679/559/492 1674/561/492 1673/569/492
f 1660/584/493 1678/583/493 1673/569/493 1655/585/493
f 1677/563/494 1657/586/494 1652/587/494 1670/564/494
f 1657/586/495 1677/563/495 1676/567/495 1656/580/495
f 1655/585/496 1673/569/496 1672/571/496 1654/588/496
f 1654/588/497 1672/571/497 1669/573/497 1651/589/497
f 1671/590/498 1653/591/498 1470/592/498 1483/593/498
f 1653/591/499 1671/590/499 1670/564/499 1652/587/499
f 1670/564/500 1671/590/500 1483/593/500 1482/574/500
f 1651/589/501 1669/573/501 1603/594/501 1601/595/501
f 1603/594/502 1669/573/502 1481/577/502 1388/596/502
f 1668/597/503 1649/598/503 1642/599/503 1663/579/503
f 1649/598/504 1668/597/504 1667/600/504 1648/601/504
f 1667/600/505 1668/597/505 1663/579/505 1662/581/505
f 1648/601/506 1667/600/506 1666/602/506 1647/603/506
f 1666/602/507 1667/600/507 1662/581/507 1661/582/507
f 1647/603/508 1666/602/508 1665/604/508 1646/605/508
f 1665/604/509 1666/602/509 1661/582/509 1660/584/509
f 1646/605/510 1665/604/510 1660/584/510 1641/606/510
f 1664/607/511 1643/608/511 1638/609/511 1657/586/511
f 1643/608/512 1664/607/512 1663/579/512 1642/599/512
f 1663/579/513 1664/607/513 1657/586/513 1656/580/513
f 1641/606/514 1660/584/514 1659/610/514 1640/611/514
f 1659/610/515 1660/584/515 1655/585/515 1654/588/515
f 1640/611/516 1659/610/516 1654/588/516 1637/612/516
f 1658/613/517 1639/614/517 1635/615/517 1653/591/517
f 1639/614/518 1658/613/518 1657/586/518 1638/609/518
f 1657/586/519 1658/613/519 1653/591/519 1652/587/519
f 1637/612/520 1654/588/520 1602/616/520 1600/617/520
f 1602/616/521 1654/588/521 1651/589/521 1601/595/521
f 1653/591/522 1635/615/522 1460/618/522 1470/592/522
f 1650/619/523 1632/620/523 1625/621/523 1643/608/523
f 1632/620/524 1650/619/524 1649/598/524 1631/622/524
f 1649/598/525 1650/619/525 1643/608/525 1642/599/525
f 1631/622/526 1649/598/526 1648/601/526 1630/623/526
f 1630/623/527 1648/601/527 1647/603/527 1629/624/527
f 1629/624/528 1647/603/528 1646/605/528 1628/625/528
f 1628/625/529 1646/605/529 1645/626/529 1627/627/529
f 1645/626/530 1646/605/530 1641/606/530 1640/611/530
f 1627/627/531 1645/626/531 1640/611/531 1624/628/531
f 1644/629/532 1626/630/532 1623/631/532 1639/614/532
f 1626/630/533 1644/629/533 1643/608/533 1625/621/533
f 1643/608/534 1644/629/534 1639/614/534 1638/609/534
f 1624/628/535 1640/611/535 1637/612/535 1622/632/535
f 1639/614/536 1623/631/536 1620/633/536 1635/615/536
f 1622/632/537 1637/612/537 1600/617/537 1596/634/537
f 1636/635/538 1621/636/538 1455/637/538 1461/638/538
f 1621/636/539 1636/635/539 1635/615/539 1620/633/539
f 1635/615/540 1636/635/540 1461/638/540 1460/618/540
f 1634/639/541 1618/640/541 1613/641/541 1630/623/541
f 1618/640/542 1634/639/542 1633/642/542 1617/643/542
f 1633/642/543 1634/639/543 1630/623/543 1629/624/543
f 1617/643/544 1633/642/544 1629/624/544 1612/644/544
f 1632/620/545 1615/645/545 1608/646/545 1625/621/545
f 1615/645/524 1632/620/524 1631/622/524 1614/647/524
f 1614/647/546 1631/622/546 1630/623/546 1613/641/546
f 1612/644/547 1629/624/547 1628/625/547 1611/648/547
f 1611/648/548 1628/625/548 1627/627/548 1610/649/548
f 1610/649/549 1627/627/549 1624/628/549 1607/650/549
f 1626/630/550 1609/651/550 1606/652/550 1623/631/550
f 1609/651/533 1626/630/533 1625/621/533 1608/646/533
f 1607/650/551 1624/628/551 1597/653/551 1593/654/551
f 1597/653/552 1624/628/552 1622/632/552 1596/634/552
f 1623/631/553 1606/652/553 1604/655/553 1620/633/553
f 1621/636/554 1605/656/554 1451/657/554 1455/637/554
f 1605/656/555 1621/636/555 1620/633/555 1604/655/555
f 1619/658/556 1083/659/556 1078/660/556 1614/647/556
f 1083/659/557 1619/658/557 1618/640/557 1082/661/557
f 1618/640/558 1619/658/558 1614/647/558 1613/641/558
f 1082/661/559 1618/640/559 1617/643/559 1081/662/559
f 1081/662/560 1617/643/560 1616/663/560 1080/664/560
f 1616/663/561 1617/643/561 1612/644/561 1611/648/561
f 1080/664/562 1616/663/562 1611/648/562 1075/665/562
f 1615/645/563 1079/666/563 1072/667/563 1608/646/563
f 1079/666/564 1615/645/564 1614/647/564 1078/660/564
f 1075/665/565 1611/648/565 1610/649/565 1074/668/565
f 1074/668/566 1610/649/566 1607/650/566 1071/669/566
f 1609/651/567 1073/670/567 1070/671/567 1606/652/567
f 1073/670/568 1609/651/568 1608/646/568 1072/667/568
f 1071/669/569 1607/650/569 1593/654/569 987/672/569
f 1606/652/570 1070/671/570 1068/673/570 1604/655/570
f 1605/656/571 1069/674/571 952/675/571 1451/657/571
f 1069/674/572 1605/656/572 1604/655/572 1068/673/572
f 1601/595/573 1603/594/573 1388/596/573 1377/676/573
f 1600/617/574 1602/616/574 1601/595/574 1599/677/574
f 1599/677/575 1601/595/575 1377/676/575 1363/678/575
f 1596/634/576 1600/617/576 1599/677/576 1595/679/576
f 1595/679/577 1599/677/577 1598/680/577 1594/681/577
f 1598/680/578 1599/677/578 1363/678/578 1362/682/578
f 1594/681/579 1598/680/579 1362/682/579 1352/683/579
f 1593/654/580 1597/653/580 1596/634/580 1592/684/580
f 1592/684/581 1596/634/581 1595/679/581 1591/685/581
f 1591/685/582 1595/679/582 1594/681/582 1590/686/582
f 1590/686/583 1594/681/583 1352/683/583 1342/687/583
f 987/672/584 1593/654/584 1592/684/584 986/688/584
f 986/688/585 1592/684/585 1591/685/585 985/689/585
f 985/689/586 1591/685/586 1590/686/586 984/690/586
f 984/690/587 1590/686/587 1342/687/587 832/691/587
f 1589/692/588 1584/693/588 1583/694/588 1588/695/588
f 1584/693/589 1589/692/589 1465/696/589 1456/697/589
f 1465/696/590 1589/692/590 1588/695/590 1464/698/590
f 1588/695/591 1583/694/591 1582/699/591 1587/700/591
f 1464/698/592 1588/695/592 1587/700/592 1463/701/592
f 1587/700/593 1582/699/593 1581/702/593 1586/703/593
f 1463/701/594 1587/700/594 1586/703/594 1462/704/594
f 1586/703/595 1581/702/595 1330/705/595 1333/706/595
f 1462/704/596 1586/703/596 1333/706/596 1232/707/596
f 1585/708/597 1579/709/597 1578/710/597 1584/693/597
f 1579/709/598 1585/708/598 1457/711/598 1452/712/598
f 1457/711/599 1585/708/599 1584/693/599 1456/697/599
f 1584/693/600 1578/710/600 1577/713/600 1583/694/600
f 1583/694/601 1577/713/601 1576/714/601 1582/699/601
f 1582/699/602 1576/714/602 1575/715/602 1581/702/602
f 1581/702/603 1575/715/603 1325/716/603 1330/705/603
f 1580/717/604 1574/718/604 1573/719/604 1579/709/604
f 1574/718/605 1580/717/605 1453/720/605 1449/721/605
f 1453/720/606 1580/717/606 1579/709/606 1452/712/606
f 1579/709/607 1573/719/607 1572/722/607 1578/710/607
f 1578/710/608 1572/722/608 1571/723/608 1577/713/608
f 1577/713/609 1571/723/609 1570/724/609 1576/714/609
f 1576/714/610 1570/724/610 1569/725/610 1575/715/610
f 1575/715/611 1569/725/611 1320/726/611 1325/716/611
f 1574/718/612 973/727/612 972/728/612 1573/719/612
f 973/727/613 1574/718/613 1449/721/613 950/729/613
f 1573/719/614 972/728/614 971/730/614 1572/722/614
f 1572/722/615 971/730/615 970/731/615 1571/723/615
f 1571/723/616 970/731/616 969/732/616 1570/724/616
f 1570/724/617 969/732/617 968/733/617 1569/725/617
f 1569/725/618 968/733/618 717/734/618 1320/726/618
f 1568/735/619 1529/543/619 1522/736/619 1564/737/619
f 1529/543/620 1568/735/620 1567/738/620 1528/546/620
f 1567/738/621 1568/735/621 1564/737/621 1563/739/621
f 1528/546/622 1567/738/622 1566/740/622 1527/549/622
f 1566/740/623 1567/738/623 1563/739/623 1562/741/623
f 1527/549/624 1566/740/624 1565/742/624 1526/552/624
f 1565/742/625 1566/740/625 1562/741/625 1561/743/625
f 1526/552/626 1565/742/626 1561/743/626 1521/744/626
f 1564/737/627 1522/736/627 1517/745/627 1559/746/627
f 1563/739/628 1564/737/628 1559/746/628 1558/747/628
f 1562/741/629 1563/739/629 1558/747/629 1557/748/629
f 1561/743/630 1562/741/630 1557/748/630 1556/749/630
f 1521/744/631 1561/743/631 1556/749/631 1516/750/631
f 1560/751/632 1518/752/632 1513/753/632 1554/754/632
f 1518/752/633 1560/751/633 1559/746/633 1517/745/633
f 2/755/634 5/756/634 4/757/634 1/758/634
f 4/757/635 8/759/635 7/760/635 3/761/635
f 5/756/636 9/762/636 8/759/636 4/757/636
f 6/763/637 10/764/637 9/762/637 5/756/637
f 13/765/638 17/766/638 16/767/638 12/768/638
f 14/769/639 18/770/639 17/766/639 13/765/639
f 15/771/640 19/772/640 18/770/640 14/769/640
f 8/759/641 21/773/641 20/774/641 7/760/641
f 9/762/641 22/775/641 21/773/641 8/759/641
f 10/764/641 23/776/641 22/775/641 9/762/641
f 11/777/642 24/778/642 23/776/642 10/764/642
f 17/766/643 26/779/643 25/780/643 16/767/643
f 18/770/641 27/781/641 26/779/641 17/766/641
f 19/772/644 28/782/644 27/781/644 18/770/644
f 26/779/641 30/783/641 29/784/641 25/780/641
f 27/781/641 31/785/641 30/783/641 26/779/641
f 28/782/641 32/786/641 31/785/641 27/781/641
f 37/787/645 36/788/645 34/789/645 35/790/645
f 39/791/646 38/792/646 36/788/646 37/787/646
f 45/793/647 44/794/647 40/795/647 41/796/647
f 46/797/648 45/793/648 41/796/648 42/798/648
f 46/797/649 35/790/649 34/789/649 45/793/649
f 35/790/650 46/797/650 42/798/650 33/799/650
f 48/800/651 47/801/651 43/802/651 44/794/651
f 49/803/652 48/800/652 44/794/652 45/793/652
f 36/788/653 49/803/653 45/793/653 34/789/653
f 51/804/654 50/805/654 47/801/654 48/800/654
f 52/806/655 51/804/655 48/800/655 49/803/655
f 38/792/656 52/806/656 49/803/656 36/788/656
f 39/791/657 53/807/657 52/806/657 38/792/657
f 57/808/658 41/796/658 40/795/658 56/809/658
f 1559/746/659 1560/751/659 1554/754/659 1553/122/659
f 60/810/660 59/811/660 54/812/660 55/813/660
f 61/814/661 60/810/661 55/813/661 56/809/661
f 61/814/662 44/794/662 43/802/662 60/810/662
f 44/794/663 61/814/663 56/809/663 40/795/663
f 63/815/664 62/816/664 58/817/664 59/811/664
f 64/818/665 63/815/665 59/811/665 60/810/665
f 47/801/666 64/818/666 60/810/666 43/802/666
f 66/819/667 65/820/667 62/816/667 63/815/667
f 67/821/668 66/819/668 63/815/668 64/818/668
f 50/805/669 67/821/669 64/818/669 47/801/669
f 51/804/670 68/822/670 67/821/670 50/805/670
f 52/806/671 69/823/671 68/822/671 51/804/671
f 53/807/672 70/824/672 69/823/672 52/806/672
f 75/825/673 55/813/673 54/812/673 74/826/673
f 1558/747/674 1559/746/674 1553/122/674 1552/126/674
f 1557/748/675 1558/747/675 1552/126/675 1551/129/675
f 1556/749/676 1557/748/676 1551/129/676 1550/132/676
f 79/827/677 78/828/677 71/829/677 72/830/677
f 80/831/678 79/827/678 72/830/678 73/832/678
f 81/833/679 80/831/679 73/832/679 74/826/679
f 81/833/680 59/811/680 58/817/680 80/831/680
f 59/811/681 81/833/681 74/826/681 54/812/681
f 83/834/682 2/755/682 1/758/682 78/828/682
f 84/835/683 83/834/683 78/828/683 79/827/683
f 85/836/684 84/835/684 79/827/684 80/831/684
f 62/816/685 85/836/685 80/831/685 58/817/685
f 87/837/686 86/838/686 83/834/686 84/835/686
f 88/839/687 87/837/687 84/835/687 85/836/687
f 65/820/688 88/839/688 85/836/688 62/816/688
f 66/819/689 89/840/689 88/839/689 65/820/689
f 67/821/690 90/841/690 89/840/690 66/819/690
f 68/822/691 91/842/691 90/841/691 67/821/691
f 69/823/692 92/843/692 91/842/692 68/822/692
f 70/824/693 93/844/693 92/843/693 69/823/693
f 95/845/694 94/846/694 89/840/694 90/841/694
f 97/847/695 72/830/695 71/829/695 96/848/695
f 98/849/696 73/832/696 72/830/696 97/847/696
f 1516/750/697 1556/749/697 1555/850/697 1515/851/697
f 1555/850/698 1556/749/698 1550/132/698 1549/852/698
f 1515/851/699 1555/850/699 1549/852/699 1512/853/699
f 1554/754/700 1513/753/700 1510/854/700 1547/855/700
f 102/856/701 77/857/701 76/858/701 101/859/701
f 103/860/702 4/757/702 3/761/702 96/848/702
f 103/860/703 78/828/703 1/758/703 4/757/703
f 78/828/704 103/860/704 96/848/704 71/829/704
f 104/861/705 105/862/705 101/859/705 100/863/705
f 105/862/706 106/864/706 102/856/706 101/859/706
f 106/864/707 82/865/707 77/857/707 102/856/707
f 83/834/708 107/866/708 5/756/708 2/755/708
f 108/867/709 109/868/709 106/864/709 105/862/709
f 110/869/710 6/763/710 5/756/710 107/866/710
f 86/838/711 110/869/711 107/866/711 83/834/711
f 87/837/712 111/870/712 110/869/712 86/838/712
f 88/839/713 112/871/713 111/870/713 87/837/713
f 89/840/714 113/872/714 112/871/714 88/839/714
f 91/842/715 115/873/715 114/874/715 90/841/715
f 92/843/716 116/875/716 115/873/716 91/842/716
f 116/875/717 117/876/717 109/868/717 108/867/717
f 93/844/718 117/876/718 116/875/718 92/843/718
f 119/877/694 118/878/694 111/870/694 112/871/694
f 94/846/719 120/879/719 113/872/719 89/840/719
f 120/879/720 121/880/720 114/874/720 113/872/720
f 95/845/721 121/880/721 120/879/721 94/846/721
f 121/880/722 95/845/722 90/841/722 114/874/722
f 122/881/723 96/848/723 3/761/723 7/760/723
f 1553/122/724 1554/754/724 1547/855/724 1546/123/724
f 1549/852/725 1550/132/725 1545/134/725 1544/882/725
f 1512/853/726 1549/852/726 1544/882/726 1509/883/726
f 1548/884/727 1511/885/727 1508/886/727 1543/887/727
f 127/888/728 100/863/728 99/889/728 126/890/728
f 128/891/729 129/892/729 126/890/729 125/893/729
f 129/892/730 130/894/730 127/888/730 126/890/730
f 130/894/731 104/861/731 100/863/731 127/888/731
f 131/895/732 105/862/732 104/861/732 130/894/732
f 133/896/733 134/897/733 130/894/733 129/892/733
f 134/897/734 135/898/734 131/895/734 130/894/734
f 135/898/735 108/867/735 105/862/735 131/895/735
f 110/869/736 136/899/736 10/764/736 6/763/736
f 111/870/737 137/900/737 136/899/737 110/869/737
f 113/872/738 139/901/738 138/902/738 112/871/738
f 139/901/739 140/903/739 133/896/739 132/904/739
f 114/874/740 140/903/740 139/901/740 113/872/740
f 140/903/741 141/905/741 134/897/741 133/896/741
f 115/873/742 141/905/742 140/903/742 114/874/742
f 141/905/743 142/906/743 135/898/743 134/897/743
f 116/875/744 142/906/744 141/905/744 115/873/744
f 142/906/745 116/875/745 108/867/745 135/898/745
f 143/907/746 11/777/746 10/764/746 136/899/746
f 118/878/747 144/908/747 137/900/747 111/870/747
f 144/908/748 145/909/748 138/902/748 137/900/748
f 119/877/749 145/909/749 144/908/749 118/878/749
f 145/909/750 119/877/750 112/871/750 138/902/750
f 151/910/751 150/911/751 146/912/751 147/913/751
f 152/914/752 151/910/752 147/913/752 148/915/752
f 154/916/753 153/917/753 149/918/753 150/911/753
f 155/919/754 154/916/754 150/911/754 151/910/754
f 156/920/755 155/919/755 151/910/755 152/914/755
f 158/921/756 157/922/756 154/916/756 155/919/756
f 159/923/757 158/921/757 155/919/757 156/920/757
f 163/924/758 147/913/758 146/912/758 162/925/758
f 164/926/759 148/915/759 147/913/759 163/924/759
f 167/927/760 166/928/760 160/929/760 161/930/760
f 168/931/761 167/927/761 161/930/761 162/925/761
f 168/931/762 150/911/762 149/918/762 167/927/762
f 150/911/763 168/931/763 162/925/763 146/912/763
f 169/932/764 152/914/764 148/915/764 164/926/764
f 171/933/765 170/934/765 165/935/765 166/928/765
f 172/936/766 171/933/766 166/928/766 167/927/766
f 153/917/767 172/936/767 167/927/767 149/918/767
f 154/916/768 173/937/768 172/936/768 153/917/768
f 174/938/764 156/920/764 152/914/764 169/932/764
f 176/939/769 175/940/769 170/934/769 171/933/769
f 177/941/770 176/939/770 171/933/770 172/936/770
f 178/942/771 177/941/771 172/936/771 173/937/771
f 157/922/772 178/942/772 173/937/772 154/916/772
f 158/921/773 179/943/773 178/942/773 157/922/773
f 159/923/774 180/944/774 179/943/774 158/921/774
f 180/944/764 159/923/764 156/920/764 174/938/764
f 182/945/775 181/946/775 179/943/775 180/944/775
f 185/947/776 161/930/776 160/929/776 184/948/776
f 1511/885/777 1548/884/777 1547/855/777 1510/854/777
f 1547/855/778 1548/884/778 1543/887/778 1542/949/778
f 1546/123/779 1547/855/779 1542/949/779 1541/135/779
f 188/950/780 35/790/780 33/799/780 183/951/780
f 189/952/781 188/950/781 183/951/781 184/948/781
f 189/952/782 166/928/782 165/935/782 188/950/782
f 166/928/783 189/952/783 184/948/783 160/929/783
f 190/953/784 169/932/784 164/926/784 187/954/784
f 191/955/785 37/787/785 35/790/785 188/950/785
f 170/934/786 191/955/786 188/950/786 165/935/786
f 192/956/764 174/938/764 169/932/764 190/953/764
f 193/957/787 39/791/787 37/787/787 191/955/787
f 175/940/788 193/957/788 191/955/788 170/934/788
f 176/939/789 194/958/789 193/957/789 175/940/789
f 177/941/790 195/959/790 194/958/790 176/939/790
f 178/942/791 196/960/791 195/959/791 177/941/791
f 179/943/792 197/961/792 196/960/792 178/942/792
f 198/962/793 180/944/793 174/938/793 192/956/793
f 200/963/794 199/964/794 195/959/794 196/960/794
f 181/946/795 201/965/795 197/961/795 179/943/795
f 201/965/796 202/966/796 198/962/796 197/961/796
f 182/945/797 202/966/797 201/965/797 181/946/797
f 202/966/798 182/945/798 180/944/798 198/962/798
f 203/967/799 183/951/799 33/799/799 42/798/799
f 1544/882/800 1545/134/800 1540/140/800 1539/968/800
f 1509/883/801 1544/882/801 1539/968/801 1507/969/801
f 1543/887/802 1508/886/802 1505/970/802 1538/971/802
f 1542/949/778 1543/887/778 1538/971/778 1537/148/778
f 207/972/803 187/954/803 186/973/803 206/974/803
f 208/975/804 209/976/804 206/974/804 205/977/804
f 209/976/805 210/978/805 207/972/805 206/974/805
f 210/978/806 190/953/806 187/954/806 207/972/806
f 211/979/807 212/980/807 210/978/807 209/976/807
f 212/980/808 192/956/808 190/953/808 210/978/808
f 193/957/809 213/981/809 53/807/809 39/791/809
f 194/958/810 214/982/810 213/981/810 193/957/810
f 195/959/811 215/983/811 214/982/811 194/958/811
f 197/961/812 217/984/812 216/985/812 196/960/812
f 217/984/813 218/986/813 212/980/813 211/979/813
f 198/962/814 218/986/814 217/984/814 197/961/814
f 218/986/815 198/962/815 192/956/815 212/980/815
f 220/987/816 219/988/816 213/981/816 214/982/816
f 199/964/817 221/989/817 215/983/817 195/959/817
f 221/989/818 222/990/818 216/985/818 215/983/818
f 200/963/819 222/990/819 221/989/819 199/964/819
f 222/990/820 200/963/820 196/960/820 216/985/820
f 1541/135/821 1542/949/821 1537/148/821 1536/141/821
f 1539/968/822 1540/140/822 1535/146/822 1534/156/822
f 1507/969/823 1539/968/823 1438/991/823 1415/992/823
f 226/993/824 205/977/824 204/994/824 225/995/824
f 227/996/825 228/997/825 225/995/825 224/998/825
f 228/997/826 229/999/826 226/993/826 225/995/826
f 229/999/827 208/975/827 205/977/827 226/993/827
f 230/1000/828 209/976/828 208/975/828 229/999/828
f 231/1001/829 232/1002/829 229/999/829 228/997/829
f 232/1002/830 233/1003/830 230/1000/830 229/999/830
f 233/1003/831 211/979/831 209/976/831 230/1000/831
f 213/981/832 234/1004/832 70/824/832 53/807/832
f 215/983/833 236/1005/833 235/1006/833 214/982/833
f 236/1005/834 237/1007/834 232/1002/834 231/1001/834
f 216/985/835 237/1007/835 236/1005/835 215/983/835
f 237/1007/836 238/1008/836 233/1003/836 232/1002/836
f 217/984/837 238/1008/837 237/1007/837 216/985/837
f 238/1008/838 217/984/838 211/979/838 233/1003/838
f 219/988/839 239/1009/839 234/1004/839 213/981/839
f 239/1009/818 240/1010/818 235/1006/818 234/1004/818
f 220/987/818 240/1010/818 239/1009/818 219/988/818
f 240/1010/840 220/987/840 214/982/840 235/1006/840
f 1438/991/841 1539/968/841 1534/156/841 1433/1011/841
f 242/1012/842 224/998/842 223/1013/842 241/1014/842
f 82/865/843 243/1015/843 241/1014/843 77/857/843
f 243/1015/844 244/1016/844 242/1012/844 241/1014/844
f 244/1016/845 227/996/845 224/998/845 242/1012/845
f 245/1017/846 228/997/846 227/996/846 244/1016/846
f 246/1018/847 247/1019/847 244/1016/847 243/1015/847
f 247/1019/848 248/1020/848 245/1017/848 244/1016/848
f 248/1020/849 231/1001/849 228/997/849 245/1017/849
f 234/1004/850 249/1021/850 93/844/850 70/824/850
f 249/1021/851 250/1022/851 247/1019/851 246/1018/851
f 235/1006/852 250/1022/852 249/1021/852 234/1004/852
f 250/1022/853 251/1023/853 248/1020/853 247/1019/853
f 236/1005/854 251/1023/854 250/1022/854 235/1006/854
f 251/1023/855 236/1005/855 231/1001/855 248/1020/855
f 252/1024/856 243/1015/856 82/865/856 106/864/856
f 109/868/857 253/1025/857 252/1024/857 106/864/857
f 253/1025/858 246/1018/858 243/1015/858 252/1024/858
f 117/876/859 254/1026/859 253/1025/859 109/868/859
f 249/1021/860 254/1026/860 117/876/860 93/844/860
f 254/1026/861 249/1021/861 246/1018/861 253/1025/861
f 259/1027/862 258/1028/862 255/1029/862 256/1030/862
f 262/1031/863 261/1032/863 257/1033/863 258/1028/863
f 263/1034/864 262/1031/864 258/1028/864 259/1027/864
f 264/1035/865 263/1034/865 259/1027/865 260/1036/865
f 266/1037/866 265/1038/866 261/1032/866 262/1031/866
f 267/1039/867 266/1037/867 262/1031/867 263/1034/867
f 268/1040/868 267/1039/868 263/1034/868 264/1035/868
f 271/1041/869 270/1042/869 265/1038/869 266/1037/869
f 272/1043/870 271/1041/870 266/1037/870 267/1039/870
f 273/1044/871 272/1043/871 267/1039/871 268/1040/871
f 281/1045/872 280/1046/872 277/1047/872 278/1048/872
f 283/1049/873 282/1050/873 279/1051/873 280/1046/873
f 284/1052/874 283/1049/874 280/1046/874 281/1045/874
f 276/1053/875 284/1052/875 281/1045/875 275/1054/875
f 286/1055/876 285/1056/876 282/1050/876 283/1049/876
f 287/1057/877 286/1055/877 283/1049/877 284/1052/877
f 292/1058/878 278/1048/878 277/1047/878 291/1059/878
f 294/1060/879 293/1061/879 288/1062/879 289/1063/879
f 295/1064/880 294/1060/880 289/1063/880 290/1065/880
f 296/1066/881 295/1064/881 290/1065/881 291/1059/881
f 296/1066/882 280/1046/882 279/1051/882 295/1064/882
f 280/1046/883 296/1066/883 291/1059/883 277/1047/883
f 298/1067/884 297/1068/884 293/1061/884 294/1060/884
f 299/1069/885 298/1067/885 294/1060/885 295/1064/885
f 282/1050/886 299/1069/886 295/1064/886 279/1051/886
f 301/1070/887 300/1071/887 297/1068/887 298/1067/887
f 302/1072/888 301/1070/888 298/1067/888 299/1069/888
f 285/1056/889 302/1072/889 299/1069/889 282/1050/889
f 286/1055/890 303/1073/890 302/1072/890 285/1056/890
f 287/1057/891 304/1074/891 303/1073/891 286/1055/891
f 308/1075/892 289/1063/892 288/1062/892 307/1076/892
f 309/1077/893 290/1065/893 289/1063/893 308/1075/893
f 310/1078/894 291/1059/894 290/1065/894 309/1077/894
f 311/1079/895 292/1058/895 291/1059/895 310/1078/895
f 313/1080/896 312/1081/896 305/1082/896 306/1083/896
f 314/1084/897 313/1080/897 306/1083/897 307/1076/897
f 293/1061/898 314/1084/898 307/1076/898 288/1062/898
f 316/1085/899 315/1086/899 312/1081/899 313/1080/899
f 317/1087/900 316/1085/900 313/1080/900 314/1084/900
f 297/1068/901 317/1087/901 314/1084/901 293/1061/901
f 319/1088/902 318/1089/902 315/1086/902 316/1085/902
f 320/1090/903 319/1088/903 316/1085/903 317/1087/903
f 300/1071/904 320/1090/904 317/1087/904 297/1068/904
f 301/1070/905 321/1091/905 320/1090/905 300/1071/905
f 302/1072/906 322/1092/906 321/1091/906 301/1070/906
f 303/1073/907 323/1093/907 322/1092/907 302/1072/907
f 304/1074/908 324/1094/908 323/1093/908 303/1073/908
f 327/1095/909 306/1083/909 305/1082/909 326/1096/909
f 328/1097/910 307/1076/910 306/1083/910 327/1095/910
f 329/1098/911 308/1075/911 307/1076/911 328/1097/911
f 330/1099/912 309/1077/912 308/1075/912 329/1098/912
f 331/1100/913 310/1078/913 309/1077/913 330/1099/913
f 332/1101/914 311/1079/914 310/1078/914 331/1100/914
f 333/1102/915 13/765/915 12/768/915 325/1103/915
f 334/1104/916 333/1102/916 325/1103/916 326/1096/916
f 312/1081/917 334/1104/917 326/1096/917 305/1082/917
f 335/1105/918 336/1106/918 332/1101/918 331/1100/918
f 337/1107/919 14/769/919 13/765/919 333/1102/919
f 338/1108/920 337/1107/920 333/1102/920 334/1104/920
f 315/1086/921 338/1108/921 334/1104/921 312/1081/921
f 340/1109/922 15/771/922 14/769/922 337/1107/922
f 341/1110/923 340/1109/923 337/1107/923 338/1108/923
f 318/1089/924 341/1110/924 338/1108/924 315/1086/924
f 319/1088/925 342/1111/925 341/1110/925 318/1089/925
f 320/1090/926 343/1112/926 342/1111/926 319/1088/926
f 321/1091/927 344/1113/927 343/1112/927 320/1090/927
f 322/1092/928 345/1114/928 344/1113/928 321/1091/928
f 323/1093/929 346/1115/929 345/1114/929 322/1092/929
f 324/1094/930 347/1116/930 346/1115/930 323/1093/930
f 348/1117/931 325/1103/931 12/768/931 16/767/931
f 349/1118/932 326/1096/932 325/1103/932 348/1117/932
f 350/1119/933 327/1095/933 326/1096/933 349/1118/933
f 351/1120/934 328/1097/934 327/1095/934 350/1119/934
f 352/1121/935 329/1098/935 328/1097/935 351/1120/935
f 353/1122/936 330/1099/936 329/1098/936 352/1121/936
f 354/1123/937 331/1100/937 330/1099/937 353/1122/937
f 355/1124/938 356/1125/938 353/1122/938 352/1121/938
f 356/1125/939 357/1126/939 354/1123/939 353/1122/939
f 357/1126/940 335/1105/940 331/1100/940 354/1123/940
f 358/1127/941 336/1106/941 335/1105/941 357/1126/941
f 359/1128/942 360/1129/942 357/1126/942 356/1125/942
f 360/1129/943 361/1130/943 358/1127/943 357/1126/943
f 361/1130/944 339/1131/944 336/1106/944 358/1127/944
f 340/1109/945 362/1132/945 19/772/945 15/771/945
f 341/1110/946 363/1133/946 362/1132/946 340/1109/946
f 342/1111/947 364/1134/947 363/1133/947 341/1110/947
f 343/1112/948 365/1135/948 364/1134/948 342/1111/948
f 344/1113/949 366/1136/949 365/1135/949 343/1112/949
f 345/1114/950 367/1137/950 366/1136/950 344/1113/950
f 367/1137/951 368/1138/951 360/1129/951 359/1128/951
f 346/1115/952 368/1138/952 367/1137/952 345/1114/952
f 368/1138/953 369/1139/953 361/1130/953 360/1129/953
f 347/1116/954 369/1139/954 368/1138/954 346/1115/954
f 369/1139/955 347/1116/955 339/1131/955 361/1130/955
f 373/1140/956 372/1141/956 370/1142/956 371/1143/956
f 380/1144/957 379/1145/957 374/1146/957 375/1147/957
f 381/1148/958 380/1144/958 375/1147/958 376/1149/958
f 381/1148/703 371/1143/703 370/1142/703 380/1144/703
f 382/1150/959 381/1148/959 376/1149/959 377/1151/959
f 384/1152/960 383/1153/960 378/1154/960 379/1145/960
f 385/1155/961 384/1152/961 379/1145/961 380/1144/961
f 372/1141/962 385/1155/962 380/1144/962 370/1142/962
f 373/1140/768 386/1156/768 385/1155/768 372/1141/768
f 386/1156/963 373/1140/963 371/1143/963 381/1148/963
f 387/1157/964 386/1156/964 381/1148/964 382/1150/964
f 389/1158/965 388/1159/965 384/1152/965 385/1155/965
f 390/1160/966 389/1158/966 385/1155/966 386/1156/966
f 391/1161/967 390/1160/967 386/1156/967 387/1157/967
f 395/1162/968 375/1147/968 374/1146/968 394/1163/968
f 396/1164/969 376/1149/969 375/1147/969 395/1162/969
f 397/1165/970 377/1151/970 376/1149/970 396/1164/970
f 399/1166/971 398/1167/971 392/1168/971 393/1169/971
f 400/1170/972 399/1166/972 393/1169/972 394/1163/972
f 400/1170/703 379/1145/703 378/1154/703 399/1166/703
f 379/1145/973 400/1170/973 394/1163/973 374/1146/973
f 401/1171/764 382/1150/764 377/1151/764 397/1165/764
f 402/1172/974 276/1053/974 275/1054/974 398/1167/974
f 403/1173/975 402/1172/975 398/1167/975 399/1166/975
f 383/1153/976 403/1173/976 399/1166/976 378/1154/976
f 384/1152/768 404/1174/768 403/1173/768 383/1153/768
f 405/1175/764 387/1157/764 382/1150/764 401/1171/764
f 407/1176/977 406/1177/977 402/1172/977 403/1173/977
f 408/1178/978 407/1176/978 403/1173/978 404/1174/978
f 388/1159/979 408/1178/979 404/1174/979 384/1152/979
f 389/1158/980 409/1179/980 408/1178/980 388/1159/980
f 390/1160/981 410/1180/981 409/1179/981 389/1158/981
f 391/1161/982 411/1181/982 410/1180/982 390/1160/982
f 411/1181/764 391/1161/764 387/1157/764 405/1175/764
f 413/1182/983 393/1169/983 392/1168/983 412/1183/983
f 414/1184/984 394/1163/984 393/1169/984 413/1182/984
f 415/1185/985 395/1162/985 394/1163/985 414/1184/985
f 416/1186/986 396/1164/986 395/1162/986 415/1185/986
f 417/1187/987 397/1165/987 396/1164/987 416/1186/987
f 418/1188/988 281/1045/988 278/1048/988 412/1183/988
f 418/1188/989 398/1167/989 275/1054/989 281/1045/989
f 398/1167/990 418/1188/990 412/1183/990 392/1168/990
f 419/1189/991 401/1171/991 397/1165/991 417/1187/991
f 402/1172/768 421/1190/768 284/1052/768 276/1053/768
f 422/1191/764 405/1175/764 401/1171/764 419/1189/764
f 423/1192/992 422/1191/992 419/1189/992 420/1193/992
f 424/1194/993 287/1057/993 284/1052/993 421/1190/993
f 406/1177/994 424/1194/994 421/1190/994 402/1172/994
f 407/1176/995 425/1195/995 424/1194/995 406/1177/995
f 408/1178/996 426/1196/996 425/1195/996 407/1176/996
f 409/1179/997 427/1197/997 426/1196/997 408/1178/997
f 410/1180/998 428/1198/998 427/1197/998 409/1179/998
f 411/1181/999 429/1199/999 428/1198/999 410/1180/999
f 429/1199/1000 411/1181/1000 405/1175/1000 422/1191/1000
f 430/1200/1001 412/1183/1001 278/1048/1001 292/1058/1001
f 431/1201/1002 413/1182/1002 412/1183/1002 430/1200/1002
f 432/1202/1003 414/1184/1003 413/1182/1003 431/1201/1003
f 433/1203/1004 415/1185/1004 414/1184/1004 432/1202/1004
f 434/1204/1005 416/1186/1005 415/1185/1005 433/1203/1005
f 435/1205/1006 417/1187/1006 416/1186/1006 434/1204/1006
f 436/1206/1007 437/1207/1007 434/1204/1007 433/1203/1007
f 437/1207/1008 438/1208/1008 435/1205/1008 434/1204/1008
f 438/1208/1009 419/1189/1009 417/1187/1009 435/1205/1009
f 439/1209/1010 420/1193/1010 419/1189/1010 438/1208/1010
f 441/1210/1011 442/1211/1011 438/1208/1011 437/1207/1011
f 442/1211/1012 443/1212/1012 439/1209/1012 438/1208/1012
f 423/1192/1013 443/1212/1013 442/1211/1013 422/1191/1013
f 443/1212/1014 423/1192/1014 420/1193/1014 439/1209/1014
f 424/1194/1015 444/1213/1015 304/1074/1015 287/1057/1015
f 425/1195/1016 445/1214/1016 444/1213/1016 424/1194/1016
f 426/1196/1017 446/1215/1017 445/1214/1017 425/1195/1017
f 427/1197/1018 447/1216/1018 446/1215/1018 426/1196/1018
f 447/1216/1019 448/1217/1019 441/1210/1019 440/1218/1019
f 428/1198/1020 448/1217/1020 447/1216/1020 427/1197/1020
f 448/1217/1021 449/1219/1021 442/1211/1021 441/1210/1021
f 429/1199/1022 449/1219/1022 448/1217/1022 428/1198/1022
f 449/1219/1023 429/1199/1023 422/1191/1023 442/1211/1023
f 450/1220/1024 430/1200/1024 292/1058/1024 311/1079/1024
f 451/1221/1025 431/1201/1025 430/1200/1025 450/1220/1025
f 452/1222/1026 432/1202/1026 431/1201/1026 451/1221/1026
f 453/1223/1027 433/1203/1027 432/1202/1027 452/1222/1027
f 454/1224/1028 455/1225/1028 452/1222/1028 451/1221/1028
f 455/1225/1029 456/1226/1029 453/1223/1029 452/1222/1029
f 456/1226/1030 436/1206/1030 433/1203/1030 453/1223/1030
f 457/1227/1031 437/1207/1031 436/1206/1031 456/1226/1031
f 459/1228/1032 460/1229/1032 456/1226/1032 455/1225/1032
f 460/1229/1033 461/1230/1033 457/1227/1033 456/1226/1033
f 441/1210/1034 461/1230/1034 460/1229/1034 440/1218/1034
f 461/1230/1035 441/1210/1035 437/1207/1035 457/1227/1035
f 444/1213/1036 462/1231/1036 324/1094/1036 304/1074/1036
f 445/1214/1037 463/1232/1037 462/1231/1037 444/1213/1037
f 463/1232/1038 464/1233/1038 459/1228/1038 458/1234/1038
f 446/1215/1039 464/1233/1039 463/1232/1039 445/1214/1039
f 464/1233/1040 465/1235/1040 460/1229/1040 459/1228/1040
f 447/1216/1041 465/1235/1041 464/1233/1041 446/1215/1041
f 465/1235/1042 447/1216/1042 440/1218/1042 460/1229/1042
f 466/1236/1043 450/1220/1043 311/1079/1043 332/1101/1043
f 467/1237/1044 451/1221/1044 450/1220/1044 466/1236/1044
f 336/1106/1045 468/1238/1045 466/1236/1045 332/1101/1045
f 468/1238/1046 469/1239/1046 467/1237/1046 466/1236/1046
f 469/1239/1047 454/1224/1047 451/1221/1047 467/1237/1047
f 470/1240/1031 455/1225/1031 454/1224/1031 469/1239/1031
f 339/1131/1048 471/1241/1048 468/1238/1048 336/1106/1048
f 471/1241/1049 472/1242/1049 469/1239/1049 468/1238/1049
f 472/1242/1050 473/1243/1050 470/1240/1050 469/1239/1050
f 459/1228/1051 473/1243/1051 472/1242/1051 458/1234/1051
f 473/1243/1052 459/1228/1052 455/1225/1052 470/1240/1052
f 347/1116/1053 474/1244/1053 471/1241/1053 339/1131/1053
f 462/1231/1054 474/1244/1054 347/1116/1054 324/1094/1054
f 474/1244/1055 475/1245/1055 472/1242/1055 471/1241/1055
f 463/1232/1056 475/1245/1056 474/1244/1056 462/1231/1056
f 475/1245/1057 463/1232/1057 458/1234/1057 472/1242/1057
f 477/1246/1058 476/1247/1058 269/1248/1058 270/1042/1058
f 478/1249/1059 477/1246/1059 270/1042/1059 271/1041/1059
f 479/1250/1060 478/1249/1060 271/1041/1060 272/1043/1060
f 480/1251/1061 479/1250/1061 272/1043/1061 273/1044/1061
f 481/1252/1062 480/1251/1062 273/1044/1062 274/1253/1062
f 483/1254/1063 482/1255/1063 476/1247/1063 477/1246/1063
f 484/1256/1064 483/1254/1064 477/1246/1064 478/1249/1064
f 485/1257/1065 484/1256/1065 478/1249/1065 479/1250/1065
f 486/1258/1066 485/1257/1066 479/1250/1066 480/1251/1066
f 487/1259/1067 486/1258/1067 480/1251/1067 481/1252/1067
f 489/1260/1068 488/1261/1068 483/1254/1068 484/1256/1068
f 490/1262/1069 489/1260/1069 484/1256/1069 485/1257/1069
f 491/1263/1070 490/1262/1070 485/1257/1070 486/1258/1070
f 493/1264/1071 492/1265/1071 488/1261/1071 489/1260/1071
f 494/1266/1072 493/1264/1072 489/1260/1072 490/1262/1072
f 495/1267/1073 494/1266/1073 490/1262/1073 491/1263/1073
f 497/1268/1074 496/1269/1074 492/1265/1074 493/1264/1074
f 498/1270/1075 497/1268/1075 493/1264/1075 494/1266/1075
f 499/1271/1076 498/1270/1076 494/1266/1076 495/1267/1076
f 1538/971/1077 1505/970/1077 1503/1272/1077 1533/1273/1077
f 1537/148/1078 1538/971/1078 1533/1273/1078 1532/149/1078
f 502/1274/1079 124/1275/1079 123/1276/1079 501/1277/1079
f 503/1278/1080 125/893/1080 124/1275/1080 502/1274/1080
f 21/773/1081 504/1279/1081 500/1280/1081 20/774/1081
f 505/1281/1082 506/1282/1082 502/1274/1082 501/1277/1082
f 506/1282/1083 507/1283/1083 503/1278/1083 502/1274/1083
f 507/1283/1084 128/891/1084 125/893/1084 503/1278/1084
f 508/1284/1085 129/892/1085 128/891/1085 507/1283/1085
f 22/775/641 509/1285/641 504/1279/641 21/773/641
f 511/1286/1086 512/1287/1086 507/1283/1086 506/1282/1086
f 512/1287/1087 513/1288/1087 508/1284/1087 507/1283/1087
f 133/896/1088 513/1288/1088 512/1287/1088 132/904/1088
f 513/1288/1089 133/896/1089 129/892/1089 508/1284/1089
f 23/776/1090 514/1289/1090 509/1285/1090 22/775/1090
f 137/900/1091 515/1290/1091 514/1289/1091 136/899/1091
f 515/1290/1092 516/1291/1092 511/1286/1092 510/1292/1092
f 138/902/1093 516/1291/1093 515/1290/1093 137/900/1093
f 516/1291/1094 517/1293/1094 512/1287/1094 511/1286/1094
f 139/901/1095 517/1293/1095 516/1291/1095 138/902/1095
f 517/1293/1096 139/901/1096 132/904/1096 512/1287/1096
f 24/778/1097 518/1294/1097 514/1289/1097 23/776/1097
f 143/907/1098 518/1294/1098 24/778/1098 11/777/1098
f 518/1294/1099 143/907/1099 136/899/1099 514/1289/1099
f 523/1295/1100 501/1277/1100 500/1280/1100 522/1296/1100
f 504/1279/1101 524/1297/1101 522/1296/1101 500/1280/1101
f 524/1297/1102 525/1298/1102 523/1295/1102 522/1296/1102
f 525/1298/1103 505/1281/1103 501/1277/1103 523/1295/1103
f 526/1299/1104 506/1282/1104 505/1281/1104 525/1298/1104
f 509/1285/1105 528/1300/1105 524/1297/1105 504/1279/1105
f 528/1300/1106 529/1301/1106 525/1298/1106 524/1297/1106
f 529/1301/1107 530/1302/1107 526/1299/1107 525/1298/1107
f 511/1286/1088 530/1302/1088 529/1301/1088 510/1292/1088
f 530/1302/1108 511/1286/1108 506/1282/1108 526/1299/1108
f 514/1289/1109 532/1303/1109 528/1300/1109 509/1285/1109
f 532/1303/1110 533/1304/1110 529/1301/1110 528/1300/1110
f 515/1290/1111 533/1304/1111 532/1303/1111 514/1289/1111
f 533/1304/1112 515/1290/1112 510/1292/1112 529/1301/1112
f 520/1305/1113 536/1306/1113 535/1307/1113 519/1308/1113
f 521/1309/1114 537/1310/1114 536/1306/1114 520/1305/1114
f 531/1311/1115 540/1312/1115 539/1313/1115 527/1314/1115
f 534/1315/1116 542/1316/1116 540/1312/1116 531/1311/1116
f 544/1317/1117 543/1318/1117 541/1319/1117 542/1316/1117
f 535/1307/1118 544/1317/1118 542/1316/1118 534/1315/1118
f 546/1320/1119 545/1321/1119 543/1318/1119 544/1317/1119
f 536/1306/1120 546/1320/1120 544/1317/1120 535/1307/1120
f 548/1322/1121 547/1323/1121 545/1321/1121 546/1320/1121
f 537/1310/1122 548/1322/1122 546/1320/1122 536/1306/1122
f 1433/1011/1123 1534/156/1123 1531/158/1123 1427/1324/1123
f 539/1313/1124 551/1325/1124 549/1326/1124 538/1327/1124
f 553/1328/1125 552/1329/1125 550/1330/1125 551/1325/1125
f 540/1312/1126 553/1328/1126 551/1325/1126 539/1313/1126
f 555/1331/1127 554/1332/1127 552/1329/1127 553/1328/1127
f 555/1331/1128 542/1316/1128 541/1319/1128 554/1332/1128
f 542/1316/1129 555/1331/1129 553/1328/1129 540/1312/1129
f 543/1318/1130 556/1333/1130 554/1332/1130 541/1319/1130
f 545/1321/1131 557/1334/1131 556/1333/1131 543/1318/1131
f 547/1323/1132 558/1335/1132 557/1334/1132 545/1321/1132
f 1533/1273/1133 1503/1272/1133 1278/1336/1133 1315/1337/1133
f 1532/149/1134 1533/1273/1134 1315/1337/1134 1314/159/1134
f 562/1338/1135 561/1339/1135 559/1340/1135 560/1341/1135
f 562/1338/1136 551/1325/1136 550/1330/1136 561/1339/1136
f 551/1325/1137 562/1338/1137 560/1341/1137 549/1326/1137
f 552/1329/1138 563/1342/1138 561/1339/1138 550/1330/1138
f 554/1332/1139 564/1343/1139 563/1342/1139 552/1329/1139
f 556/1333/1140 566/1344/1140 564/1343/1140 554/1332/1140
f 568/1345/1141 567/1346/1141 565/1347/1141 566/1344/1141
f 557/1334/1142 568/1345/1142 566/1344/1142 556/1333/1142
f 570/1348/1143 569/1349/1143 567/1346/1143 568/1345/1143
f 558/1335/1144 570/1348/1144 568/1345/1144 557/1334/1144
f 1427/1324/1145 1531/158/1145 1311/166/1145 1212/1350/1145
f 1530/1351/1146 1501/575/1146 1496/1352/1146 1523/1353/1146
f 1501/575/1147 1530/1351/1147 1529/543/1147 1500/542/1147
f 1529/543/1148 1530/1351/1148 1523/1353/1148 1522/736/1148
f 1499/553/1149 1526/552/1149 1525/1354/1149 1498/576/1149
f 561/1339/1150 572/1355/1150 571/1356/1150 559/1340/1150
f 563/1342/1151 573/1357/1151 572/1355/1151 561/1339/1151
f 564/1343/1152 575/1358/1152 573/1357/1152 563/1342/1152
f 577/1359/1153 576/1360/1153 574/1361/1153 575/1358/1153
f 577/1359/1154 566/1344/1154 565/1347/1154 576/1360/1154
f 566/1344/1155 577/1359/1155 575/1358/1155 564/1343/1155
f 567/1346/1156 578/1362/1156 576/1360/1156 565/1347/1156
f 569/1349/1157 579/1363/1157 578/1362/1157 567/1346/1157
f 1525/1354/1158 1526/552/1158 1521/744/1158 1520/1364/1158
f 1498/576/1159 1525/1354/1159 1520/1364/1159 1495/1365/1159
f 572/1355/1160 581/1366/1160 580/1367/1160 571/1356/1160
f 573/1357/1161 583/1368/1161 581/1366/1161 572/1355/1161
f 585/1369/1162 584/1370/1162 582/1371/1162 583/1368/1162
f 585/1369/1163 575/1358/1163 574/1361/1163 584/1370/1163
f 575/1358/1164 585/1369/1164 583/1368/1164 573/1357/1164
f 576/1360/1165 586/1372/1165 584/1370/1165 574/1361/1165
f 578/1362/1166 587/1373/1166 586/1372/1166 576/1360/1166
f 579/1363/1167 588/1374/1167 587/1373/1167 578/1362/1167
f 1524/1375/1168 1497/1376/1168 1493/1377/1168 1519/1378/1168
f 1497/1376/1169 1524/1375/1169 1523/1353/1169 1496/1352/1169
f 581/1366/1170 590/1379/1170 589/1380/1170 580/1367/1170
f 592/1381/1171 583/1368/1171 582/1371/1171 591/1382/1171
f 583/1368/1172 592/1381/1172 590/1379/1172 581/1366/1172
f 584/1370/1173 593/1383/1173 591/1382/1173 582/1371/1173
f 586/1372/1174 594/1384/1174 593/1383/1174 584/1370/1174
f 587/1373/1175 595/1385/1175 594/1384/1175 586/1372/1175
f 588/1374/1176 596/1386/1176 595/1385/1176 587/1373/1176
f 1523/1353/1177 1524/1375/1177 1519/1378/1177 1518/752/1177
f 1522/736/1178 1523/1353/1178 1518/752/1178 1517/745/1178
f 1520/1364/1179 1521/744/1179 1516/750/1179 1515/851/1179
f 1495/1365/1180 1520/1364/1180 1426/1387/1180 1404/1388/1180
f 1426/1387/1181 1520/1364/1181 1515/851/1181 1425/1389/1181
f 1519/1378/1182 1493/1377/1182 1491/1390/1182 1514/1391/1182
f 602/1392/1183 601/1393/1183 597/1394/1183 598/1395/1183
f 603/1396/1184 602/1392/1184 598/1395/1184 599/1397/1184
f 604/1398/1185 603/1396/1185 599/1397/1185 600/1399/1185
f 608/1400/1186 607/1401/1186 601/1393/1186 602/1392/1186
f 609/1402/1187 608/1400/1187 602/1392/1187 603/1396/1187
f 609/1402/1188 256/1030/1188 255/1029/1188 608/1400/1188
f 610/1403/1189 609/1402/1189 603/1396/1189 604/1398/1189
f 611/1404/1190 610/1403/1190 604/1398/1190 605/1405/1190
f 613/1406/1191 612/1407/1191 606/1408/1191 607/1401/1191
f 614/1409/1192 613/1406/1192 607/1401/1192 608/1400/1192
f 614/1409/1193 258/1028/1193 257/1033/1193 613/1406/1193
f 258/1028/1194 614/1409/1194 608/1400/1194 255/1029/1194
f 615/1410/1195 259/1027/1195 256/1030/1195 609/1402/1195
f 616/1411/1196 615/1410/1196 609/1402/1196 610/1403/1196
f 616/1411/1197 260/1036/1197 259/1027/1197 615/1410/1197
f 617/1412/1198 616/1411/1198 610/1403/1198 611/1404/1198
f 619/1413/1199 618/1414/1199 612/1407/1199 613/1406/1199
f 261/1032/1200 619/1413/1200 613/1406/1200 257/1033/1200
f 620/1415/1201 264/1035/1201 260/1036/1201 616/1411/1201
f 621/1416/1202 620/1415/1202 616/1411/1202 617/1412/1202
f 623/1417/1203 520/1305/1203 519/1308/1203 618/1414/1203
f 624/1418/1204 623/1417/1204 618/1414/1204 619/1413/1204
f 265/1038/1205 624/1418/1205 619/1413/1205 261/1032/1205
f 625/1419/1206 268/1040/1206 264/1035/1206 620/1415/1206
f 626/1420/1207 625/1419/1207 620/1415/1207 621/1416/1207
f 627/1421/1208 626/1420/1208 621/1416/1208 622/1422/1208
f 628/1423/1209 521/1309/1209 520/1305/1209 623/1417/1209
f 629/1424/1210 628/1423/1210 623/1417/1210 624/1418/1210
f 629/1424/1211 270/1042/1211 269/1248/1211 628/1423/1211
f 270/1042/1205 629/1424/1205 624/1418/1205 265/1038/1205
f 630/1425/1206 273/1044/1206 268/1040/1206 625/1419/1206
f 631/1426/1212 630/1425/1212 625/1419/1212 626/1420/1212
f 631/1426/1213 274/1253/1213 273/1044/1213 630/1425/1213
f 632/1427/1208 631/1426/1208 626/1420/1208 627/1421/1208
f 1518/752/1214 1519/1378/1214 1514/1391/1214 1513/753/1214
f 1425/1389/1215 1515/851/1215 1512/853/1215 1424/1428/1215
f 1514/1391/1216 1491/1390/1216 1489/1429/1216 1511/885/1216
f 1513/753/1217 1514/1391/1217 1511/885/1217 1510/854/1217
f 1424/1428/1218 1512/853/1218 1509/883/1218 1420/1430/1218
f 1511/885/1219 1489/1429/1219 1487/1431/1219 1508/886/1219
f 1420/1430/1220 1509/883/1220 1507/969/1220 1415/992/1220
f 1508/886/1221 1487/1431/1221 1485/1432/1221 1505/970/1221
f 638/1433/1222 637/1434/1222 633/1435/1222 634/1436/1222
f 601/1393/1223 638/1433/1223 634/1436/1223 597/1394/1223
f 639/1437/1224 604/1398/1224 600/1399/1224 635/1438/1224
f 640/1439/1225 639/1437/1225 635/1438/1225 636/1440/1225
f 640/1439/1226 605/1405/1226 604/1398/1226 639/1437/1226
f 642/1441/1227 531/1311/1227 527/1314/1227 637/1434/1227
f 643/1442/1228 642/1441/1228 637/1434/1228 638/1433/1228
f 643/1442/1229 607/1401/1229 606/1408/1229 642/1441/1229
f 607/1401/1230 643/1442/1230 638/1433/1230 601/1393/1230
f 644/1443/1231 611/1404/1231 605/1405/1231 640/1439/1231
f 645/1444/1232 644/1443/1232 640/1439/1232 641/1445/1232
f 646/1446/1233 534/1315/1233 531/1311/1233 642/1441/1233
f 612/1407/1234 646/1446/1234 642/1441/1234 606/1408/1234
f 647/1447/1235 617/1412/1235 611/1404/1235 644/1443/1235
f 648/1448/1236 647/1447/1236 644/1443/1236 645/1444/1236
f 649/1449/1237 535/1307/1237 534/1315/1237 646/1446/1237
f 649/1449/1238 618/1414/1238 519/1308/1238 535/1307/1238
f 618/1414/1239 649/1449/1239 646/1446/1239 612/1407/1239
f 650/1450/1240 621/1416/1240 617/1412/1240 647/1447/1240
f 651/1451/1241 650/1450/1241 647/1447/1241 648/1448/1241
f 651/1451/1242 622/1422/1242 621/1416/1242 650/1450/1242
f 652/1452/1243 627/1421/1243 622/1422/1243 651/1451/1243
f 653/1453/1244 632/1427/1244 627/1421/1244 652/1452/1244
f 1506/1454/1245 1486/1455/1245 1484/1456/1245 1504/1457/1245
f 1486/1455/1246 1506/1454/1246 1505/970/1246 1485/1432/1246
f 1505/970/1247 1506/1454/1247 1504/1457/1247 1503/1272/1247
f 1504/1457/1248 1484/1456/1248 1257/1458/1248 1279/1459/1248
f 1503/1272/1249 1504/1457/1249 1279/1459/1249 1278/1336/1249
f 1502/1460/1250 1483/593/1250 1479/1461/1250 1497/1376/1250
f 1483/593/1251 1502/1460/1251 1501/575/1251 1482/574/1251
f 658/1462/1252 539/1313/1252 538/1327/1252 655/1463/1252
f 658/1462/1253 637/1434/1253 527/1314/1253 539/1313/1253
f 637/1434/1254 658/1462/1254 655/1463/1254 633/1435/1254
f 659/1464/1255 640/1439/1255 636/1440/1255 656/1465/1255
f 660/1466/1256 659/1464/1256 656/1465/1256 657/1467/1256
f 660/1466/1257 641/1445/1257 640/1439/1257 659/1464/1257
f 661/1468/1258 645/1444/1258 641/1445/1258 660/1466/1258
f 663/1469/1259 648/1448/1259 645/1444/1259 661/1468/1259
f 664/1470/1260 663/1469/1260 661/1468/1260 662/1471/1260
f 665/1472/1261 651/1451/1261 648/1448/1261 663/1469/1261
f 666/1473/1262 665/1472/1262 663/1469/1262 664/1470/1262
f 667/1474/1263 652/1452/1263 651/1451/1263 665/1472/1263
f 668/1475/1264 667/1474/1264 665/1472/1264 666/1473/1264
f 669/1476/1265 653/1453/1265 652/1452/1265 667/1474/1265
f 670/1477/1266 669/1476/1266 667/1474/1266 668/1475/1266
f 670/1477/1267 654/1478/1267 653/1453/1267 669/1476/1267
f 1501/575/1268 1502/1460/1268 1497/1376/1268 1496/1352/1268
f 1481/577/1269 1498/576/1269 1405/1479/1269 1388/596/1269
f 1405/1479/1270 1498/576/1270 1495/1365/1270 1404/1388/1270
f 1497/1376/1271 1479/1461/1271 1477/1480/1271 1493/1377/1271
f 1494/1481/1272 1478/1482/1272 1476/1483/1272 1492/1484/1272
f 1478/1482/1273 1494/1481/1273 1493/1377/1273 1477/1480/1273
f 672/1485/1274 660/1466/1274 657/1467/1274 671/1486/1274
f 674/1487/1275 661/1468/1275 660/1466/1275 672/1485/1275
f 675/1488/1276 674/1487/1276 672/1485/1276 673/1489/1276
f 675/1488/1277 662/1471/1277 661/1468/1277 674/1487/1277
f 676/1490/1278 664/1470/1278 662/1471/1278 675/1488/1278
f 677/1491/1279 666/1473/1279 664/1470/1279 676/1490/1279
f 678/1492/1280 668/1475/1280 666/1473/1280 677/1491/1280
f 679/1493/1281 670/1477/1281 668/1475/1281 678/1492/1281
f 1493/1377/1282 1494/1481/1282 1492/1484/1282 1491/1390/1282
f 1492/1484/1283 1476/1483/1283 1475/1494/1283 1490/1495/1283
f 1491/1390/1284 1492/1484/1284 1490/1495/1284 1489/1429/1284
f 682/1496/1285 672/1485/1285 671/1486/1285 680/1497/1285
f 683/1498/1286 682/1496/1286 680/1497/1286 681/1499/1286
f 683/1498/1287 673/1489/1287 672/1485/1287 682/1496/1287
f 684/1500/1288 675/1488/1288 673/1489/1288 683/1498/1288
f 685/1501/1289 676/1490/1289 675/1488/1289 684/1500/1289
f 686/1502/1290 677/1491/1290 676/1490/1290 685/1501/1290
f 687/1503/1291 678/1492/1291 677/1491/1291 686/1502/1291
f 688/1504/1292 679/1493/1292 678/1492/1292 687/1503/1292
f 1490/1495/1293 1475/1494/1293 1474/1505/1293 1488/1506/1293
f 1489/1429/1294 1490/1495/1294 1488/1506/1294 1487/1431/1294
f 1488/1506/1295 1474/1505/1295 1473/1507/1295 1486/1455/1295
f 1487/1431/1296 1488/1506/1296 1486/1455/1296 1485/1432/1296
f 1486/1455/1297 1473/1507/1297 1472/1508/1297 1484/1456/1297
f 690/1509/1298 683/1498/1298 681/1499/1298 689/1510/1298
f 691/1511/1299 684/1500/1299 683/1498/1299 690/1509/1299
f 692/1512/1300 685/1501/1300 684/1500/1300 691/1511/1300
f 693/1513/1301 686/1502/1301 685/1501/1301 692/1512/1301
f 1484/1456/1302 1472/1508/1302 1241/1514/1302 1257/1458/1302
f 1483/593/1303 1470/592/1303 1468/1515/1303 1479/1461/1303
f 695/1516/1304 690/1509/1304 689/1510/1304 694/1517/1304
f 696/1518/1305 691/1511/1305 690/1509/1305 695/1516/1305
f 1480/1519/1306 1469/1520/1306 1467/1521/1306 1478/1482/1306
f 1469/1520/1307 1480/1519/1307 1479/1461/1307 1468/1515/1307
f 698/1522/1308 695/1516/1308 694/1517/1308 697/1523/1308
f 699/1524/1309 696/1518/1309 695/1516/1309 698/1522/1309
f 701/1525/1310 687/1503/1310 686/1502/1310 700/1526/1310
f 702/1527/1311 688/1504/1311 687/1503/1311 701/1525/1311
f 704/1528/1312 692/1512/1312 691/1511/1312 703/1529/1312
f 705/1530/1313 693/1513/1313 692/1512/1313 704/1528/1313
f 705/1530/1314 700/1526/1314 686/1502/1314 693/1513/1314
f 706/1531/1315 701/1525/1315 700/1526/1315 705/1530/1315
f 707/1532/1316 702/1527/1316 701/1525/1316 706/1531/1316
f 708/1533/1317 703/1529/1317 691/1511/1317 696/1518/1317
f 709/1534/1318 704/1528/1318 703/1529/1318 708/1533/1318
f 710/1535/1319 705/1530/1319 704/1528/1319 709/1534/1319
f 711/1536/1320 706/1531/1320 705/1530/1320 710/1535/1320
f 712/1537/1321 707/1532/1321 706/1531/1321 711/1536/1321
f 713/1538/1322 708/1533/1322 696/1518/1322 699/1524/1322
f 714/1539/1323 709/1534/1323 708/1533/1323 713/1538/1323
f 715/1540/1324 710/1535/1324 709/1534/1324 714/1539/1324
f 716/1541/1325 711/1536/1325 710/1535/1325 715/1540/1325
f 717/734/1326 712/1537/1326 711/1536/1326 716/1541/1326
f 719/1542/1327 348/1117/1327 16/767/1327 25/780/1327
f 720/1543/1328 349/1118/1328 348/1117/1328 719/1542/1328
f 721/1544/1329 350/1119/1329 349/1118/1329 720/1543/1329
f 722/1545/1330 351/1120/1330 350/1119/1330 721/1544/1330
f 723/1546/1331 352/1121/1331 351/1120/1331 722/1545/1331
f 725/1547/1332 726/1548/1332 722/1545/1332 721/1544/1332
f 726/1548/1333 727/1549/1333 723/1546/1333 722/1545/1333
f 727/1549/1334 355/1124/1334 352/1121/1334 723/1546/1334
f 728/1550/1335 356/1125/1335 355/1124/1335 727/1549/1335
f 731/1551/1336 732/1552/1336 727/1549/1336 726/1548/1336
f 732/1552/1337 733/1553/1337 728/1550/1337 727/1549/1337
f 733/1553/1338 359/1128/1338 356/1125/1338 728/1550/1338
f 362/1132/1339 734/1554/1339 28/782/1339 19/772/1339
f 363/1133/1340 735/1555/1340 734/1554/1340 362/1132/1340
f 364/1134/1341 736/1556/1341 735/1555/1341 363/1133/1341
f 736/1556/1342 737/1557/1342 731/1551/1342 730/1558/1342
f 365/1135/1343 737/1557/1343 736/1556/1343 364/1134/1343
f 737/1557/1344 738/1559/1344 732/1552/1344 731/1551/1344
f 366/1136/1345 738/1559/1345 737/1557/1345 365/1135/1345
f 738/1559/1346 739/1560/1346 733/1553/1346 732/1552/1346
f 367/1137/1347 739/1560/1347 738/1559/1347 366/1136/1347
f 739/1560/1348 367/1137/1348 359/1128/1348 733/1553/1348
f 718/1561/1349 740/1562/1349 537/1310/1349 521/1309/1349
f 741/1563/1350 719/1542/1350 25/780/1350 29/784/1350
f 742/1564/1351 720/1543/1351 719/1542/1351 741/1563/1351
f 743/1565/1352 721/1544/1352 720/1543/1352 742/1564/1352
f 724/1566/1353 744/1567/1353 740/1562/1353 718/1561/1353
f 30/783/1354 745/1568/1354 741/1563/1354 29/784/1354
f 745/1568/1355 746/1569/1355 742/1564/1355 741/1563/1355
f 746/1569/1356 747/1570/1356 743/1565/1356 742/1564/1356
f 747/1570/1357 725/1547/1357 721/1544/1357 743/1565/1357
f 748/1571/1358 726/1548/1358 725/1547/1358 747/1570/1358
f 729/1572/1359 749/1573/1359 744/1567/1359 724/1566/1359
f 31/785/641 750/1574/641 745/1568/641 30/783/641
f 751/1575/1360 752/1576/1360 747/1570/1360 746/1569/1360
f 752/1576/1361 753/1577/1361 748/1571/1361 747/1570/1361
f 731/1551/1088 753/1577/1088 752/1576/1088 730/1558/1088
f 753/1577/1362 731/1551/1362 726/1548/1362 748/1571/1362
f 32/786/1363 755/1578/1363 750/1574/1363 31/785/1363
f 734/1554/1364 755/1578/1364 32/786/1364 28/782/1364
f 755/1578/1365 756/1579/1365 751/1575/1365 750/1574/1365
f 735/1555/1366 756/1579/1366 755/1578/1366 734/1554/1366
f 756/1579/1367 757/1580/1367 752/1576/1367 751/1575/1367
f 736/1556/1368 757/1580/1368 756/1579/1368 735/1555/1368
f 757/1580/1369 736/1556/1369 730/1558/1369 752/1576/1369
f 762/1581/1370 761/1582/1370 547/1323/1370 548/1322/1370
f 740/1562/1371 762/1581/1371 548/1322/1371 537/1310/1371
f 764/1583/1372 763/1584/1372 761/1582/1372 762/1581/1372
f 744/1567/1373 764/1583/1373 762/1581/1373 740/1562/1373
f 766/1585/1374 746/1569/1374 745/1568/1374 765/1586/1374
f 768/1587/1372 767/1588/1372 763/1584/1372 764/1583/1372
f 749/1573/1375 768/1587/1375 764/1583/1375 744/1567/1375
f 750/1574/1376 769/1589/1376 765/1586/1376 745/1568/1376
f 769/1589/1377 770/1590/1377 766/1585/1377 765/1586/1377
f 751/1575/1378 770/1590/1378 769/1589/1378 750/1574/1378
f 770/1590/1379 751/1575/1379 746/1569/1379 766/1585/1379
f 772/1591/1380 771/1592/1380 767/1588/1380 768/1587/1380
f 754/1593/1381 772/1591/1381 768/1587/1381 749/1573/1381
f 774/1594/1382 773/1595/1382 771/1592/1382 772/1591/1382
f 758/1596/1383 774/1594/1383 772/1591/1383 754/1593/1383
f 759/1597/1384 775/1598/1384 774/1594/1384 758/1596/1384
f 760/1599/1385 776/1600/1385 775/1598/1385 759/1597/1385
f 761/1582/1386 778/1601/1386 558/1335/1386 547/1323/1386
f 763/1584/1387 779/1602/1387 778/1601/1387 761/1582/1387
f 767/1588/1388 780/1603/1388 779/1602/1388 763/1584/1388
f 771/1592/1389 781/1604/1389 780/1603/1389 767/1588/1389
f 773/1595/1390 782/1605/1390 781/1604/1390 771/1592/1390
f 774/1594/1391 783/1606/1391 782/1605/1391 773/1595/1391
f 785/1607/1392 784/1608/1392 782/1605/1392 783/1606/1392
f 775/1598/1393 785/1607/1393 783/1606/1393 774/1594/1393
f 787/1609/1394 786/1610/1394 784/1608/1394 785/1607/1394
f 776/1600/1395 787/1609/1395 785/1607/1395 775/1598/1395
f 777/1611/1396 788/1612/1396 787/1609/1396 776/1600/1396
f 790/1613/1397 789/1614/1397 569/1349/1397 570/1348/1397
f 778/1601/1398 790/1613/1398 570/1348/1398 558/1335/1398
f 792/1615/1399 791/1616/1399 789/1614/1399 790/1613/1399
f 779/1602/1400 792/1615/1400 790/1613/1400 778/1601/1400
f 794/1617/1401 793/1618/1401 791/1616/1401 792/1615/1401
f 780/1603/1402 794/1617/1402 792/1615/1402 779/1602/1402
f 796/1619/1403 795/1620/1403 793/1618/1403 794/1617/1403
f 781/1604/1404 796/1619/1404 794/1617/1404 780/1603/1404
f 782/1605/1405 797/1621/1405 796/1619/1405 781/1604/1405
f 784/1608/1406 798/1622/1406 797/1621/1406 782/1605/1406
f 786/1610/1407 799/1623/1407 798/1622/1407 784/1608/1407
f 787/1609/1408 800/1624/1408 799/1623/1408 786/1610/1408
f 802/1625/1409 801/1626/1409 799/1623/1409 800/1624/1409
f 788/1612/1410 802/1625/1410 800/1624/1410 787/1609/1410
f 789/1614/1411 803/1627/1411 579/1363/1411 569/1349/1411
f 791/1616/1412 804/1628/1412 803/1627/1412 789/1614/1412
f 793/1618/1413 805/1629/1413 804/1628/1413 791/1616/1413
f 795/1620/1414 806/1630/1414 805/1629/1414 793/1618/1414
f 796/1619/1415 807/1631/1415 806/1630/1415 795/1620/1415
f 809/1632/1416 808/1633/1416 806/1630/1416 807/1631/1416
f 797/1621/1417 809/1632/1417 807/1631/1417 796/1619/1417
f 798/1622/1418 810/1634/1418 809/1632/1418 797/1621/1418
f 799/1623/1419 811/1635/1419 810/1634/1419 798/1622/1419
f 801/1626/1420 812/1636/1420 811/1635/1420 799/1623/1420
f 802/1625/1421 813/1637/1421 812/1636/1421 801/1626/1421
f 803/1627/1422 814/1638/1422 588/1374/1422 579/1363/1422
f 804/1628/1423 815/1639/1423 814/1638/1423 803/1627/1423
f 805/1629/1424 816/1640/1424 815/1639/1424 804/1628/1424
f 806/1630/1425 817/1641/1425 816/1640/1425 805/1629/1425
f 808/1633/1426 818/1642/1426 817/1641/1426 806/1630/1426
f 809/1632/1427 819/1643/1427 818/1642/1427 808/1633/1427
f 821/1644/1428 820/1645/1428 818/1642/1428 819/1643/1428
f 810/1634/1429 821/1644/1429 819/1643/1429 809/1632/1429
f 811/1635/1430 822/1646/1430 821/1644/1430 810/1634/1430
f 812/1636/1431 823/1647/1431 822/1646/1431 811/1635/1431
f 814/1638/1432 824/1648/1432 596/1386/1432 588/1374/1432
f 815/1639/1433 825/1649/1433 824/1648/1433 814/1638/1433
f 816/1640/1434 826/1650/1434 825/1649/1434 815/1639/1434
f 817/1641/1435 827/1651/1435 826/1650/1435 816/1640/1435
f 818/1642/1436 828/1652/1436 827/1651/1436 817/1641/1436
f 820/1645/1437 829/1653/1437 828/1652/1437 818/1642/1437
f 821/1644/1438 830/1654/1438 829/1653/1438 820/1645/1438
f 822/1646/1439 831/1655/1439 830/1654/1439 821/1644/1439
f 823/1647/1440 832/691/1440 831/1655/1440 822/1646/1440
f 833/1656/1441 718/1561/1441 521/1309/1441 628/1423/1441
f 476/1247/1442 833/1656/1442 628/1423/1442 269/1248/1442
f 834/1657/1443 481/1252/1443 274/1253/1443 631/1426/1443
f 835/1658/1444 834/1657/1444 631/1426/1444 632/1427/1444
f 836/1659/1445 724/1566/1445 718/1561/1445 833/1656/1445
f 482/1255/1446 836/1659/1446 833/1656/1446 476/1247/1446
f 483/1254/1447 837/1660/1447 836/1659/1447 482/1255/1447
f 487/1259/1448 839/1661/1448 838/1662/1448 486/1258/1448
f 839/1661/1449 487/1259/1449 481/1252/1449 834/1657/1449
f 840/1663/1450 839/1661/1450 834/1657/1450 835/1658/1450
f 841/1664/1451 729/1572/1451 724/1566/1451 836/1659/1451
f 842/1665/1452 841/1664/1452 836/1659/1452 837/1660/1452
f 488/1261/1063 842/1665/1063 837/1660/1063 483/1254/1063
f 843/1666/1067 491/1263/1067 486/1258/1067 838/1662/1067
f 844/1667/1453 843/1666/1453 838/1662/1453 839/1661/1453
f 845/1668/1454 844/1667/1454 839/1661/1454 840/1663/1454
f 847/1669/1455 846/1670/1455 841/1664/1455 842/1665/1455
f 492/1265/1063 847/1669/1063 842/1665/1063 488/1261/1063
f 848/1671/1067 495/1267/1067 491/1263/1067 843/1666/1067
f 849/1672/1456 848/1671/1456 843/1666/1456 844/1667/1456
f 850/1673/1454 849/1672/1454 844/1667/1454 845/1668/1454
f 852/1674/1457 851/1675/1457 846/1670/1457 847/1669/1457
f 496/1269/1458 852/1674/1458 847/1669/1458 492/1265/1458
f 497/1268/1459 853/1676/1459 852/1674/1459 496/1269/1459
f 498/1270/1460 854/1677/1460 853/1676/1460 497/1268/1460
f 499/1271/1461 855/1678/1461 854/1677/1461 498/1270/1461
f 855/1678/1462 499/1271/1462 495/1267/1462 848/1671/1462
f 856/1679/1463 855/1678/1463 848/1671/1463 849/1672/1463
f 858/1680/1464 857/1681/1464 851/1675/1464 852/1674/1464
f 859/1682/1465 858/1680/1465 852/1674/1465 853/1676/1465
f 860/1683/1466 859/1682/1466 853/1676/1466 854/1677/1466
f 861/1684/1467 860/1683/1467 854/1677/1467 855/1678/1467
f 862/1685/1468 861/1684/1468 855/1678/1468 856/1679/1468
f 864/1686/1469 863/1687/1469 858/1680/1469 859/1682/1469
f 865/1688/1470 864/1686/1470 859/1682/1470 860/1683/1470
f 866/1689/1471 865/1688/1471 860/1683/1471 861/1684/1471
f 868/1690/1472 867/1691/1472 863/1687/1472 864/1686/1472
f 869/1692/1473 868/1690/1473 864/1686/1473 865/1688/1473
f 870/1693/1474 869/1692/1474 865/1688/1474 866/1689/1474
f 871/1694/1475 835/1658/1475 632/1427/1475 653/1453/1475
f 872/1695/1476 871/1694/1476 653/1453/1476 654/1478/1476
f 873/1696/1477 840/1663/1477 835/1658/1477 871/1694/1477
f 874/1697/1478 873/1696/1478 871/1694/1478 872/1695/1478
f 841/1664/1479 875/1698/1479 749/1573/1479 729/1572/1479
f 876/1699/1480 845/1668/1480 840/1663/1480 873/1696/1480
f 877/1700/1481 754/1593/1481 749/1573/1481 875/1698/1481
f 846/1670/1482 877/1700/1482 875/1698/1482 841/1664/1482
f 850/1673/1483 879/1701/1483 878/1702/1483 849/1672/1483
f 879/1701/1484 850/1673/1484 845/1668/1484 876/1699/1484
f 880/1703/1485 758/1596/1485 754/1593/1485 877/1700/1485
f 851/1675/1486 880/1703/1486 877/1700/1486 846/1670/1486
f 881/1704/1487 856/1679/1487 849/1672/1487 878/1702/1487
f 882/1705/1488 881/1704/1488 878/1702/1488 879/1701/1488
f 883/1706/1489 759/1597/1489 758/1596/1489 880/1703/1489
f 857/1681/1490 883/1706/1490 880/1703/1490 851/1675/1490
f 858/1680/1491 884/1707/1491 883/1706/1491 857/1681/1491
f 862/1685/1492 886/1708/1492 885/1709/1492 861/1684/1492
f 886/1708/1493 862/1685/1493 856/1679/1493 881/1704/1493
f 887/1710/1494 886/1708/1494 881/1704/1494 882/1705/1494
f 888/1711/1495 760/1599/1495 759/1597/1495 883/1706/1495
f 889/1712/1496 888/1711/1496 883/1706/1496 884/1707/1496
f 863/1687/1497 889/1712/1497 884/1707/1497 858/1680/1497
f 890/1713/1498 866/1689/1498 861/1684/1498 885/1709/1498
f 891/1714/1499 890/1713/1499 885/1709/1499 886/1708/1499
f 892/1715/1500 891/1714/1500 886/1708/1500 887/1710/1500
f 894/1716/1501 893/1717/1501 888/1711/1501 889/1712/1501
f 867/1691/1502 894/1716/1502 889/1712/1502 863/1687/1502
f 868/1690/1503 895/1718/1503 894/1716/1503 867/1691/1503
f 869/1692/1504 896/1719/1504 895/1718/1504 868/1690/1504
f 870/1693/1505 897/1720/1505 896/1719/1505 869/1692/1505
f 897/1720/1506 870/1693/1506 866/1689/1506 890/1713/1506
f 898/1721/1507 897/1720/1507 890/1713/1507 891/1714/1507
f 899/1722/1508 872/1695/1508 654/1478/1508 670/1477/1508
f 874/1697/1509 901/1723/1509 900/1724/1509 873/1696/1509
f 901/1723/1510 874/1697/1510 872/1695/1510 899/1722/1510
f 902/1725/1511 876/1699/1511 873/1696/1511 900/1724/1511
f 903/1726/1512 902/1725/1512 900/1724/1512 901/1723/1512
f 904/1727/1513 879/1701/1513 876/1699/1513 902/1725/1513
f 905/1728/1514 904/1727/1514 902/1725/1514 903/1726/1514
f 906/1729/1515 882/1705/1515 879/1701/1515 904/1727/1515
f 907/1730/1516 906/1729/1516 904/1727/1516 905/1728/1516
f 908/1731/1517 887/1710/1517 882/1705/1517 906/1729/1517
f 909/1732/1518 908/1731/1518 906/1729/1518 907/1730/1518
f 888/1711/1519 910/1733/1519 776/1600/1519 760/1599/1519
f 892/1715/1520 912/1734/1520 911/1735/1520 891/1714/1520
f 912/1734/1521 892/1715/1521 887/1710/1521 908/1731/1521
f 913/1736/1522 777/1611/1522 776/1600/1522 910/1733/1522
f 893/1717/1523 913/1736/1523 910/1733/1523 888/1711/1523
f 894/1716/1524 914/1737/1524 913/1736/1524 893/1717/1524
f 898/1721/1525 916/1738/1525 915/1739/1525 897/1720/1525
f 916/1738/1526 898/1721/1526 891/1714/1526 911/1735/1526
f 917/1740/1527 916/1738/1527 911/1735/1527 912/1734/1527
f 918/1741/1528 899/1722/1528 670/1477/1528 679/1493/1528
f 919/1742/1529 901/1723/1529 899/1722/1529 918/1741/1529
f 920/1743/1530 903/1726/1530 901/1723/1530 919/1742/1530
f 921/1744/1531 905/1728/1531 903/1726/1531 920/1743/1531
f 922/1745/1532 907/1730/1532 905/1728/1532 921/1744/1532
f 909/1732/1533 924/1746/1533 923/1747/1533 908/1731/1533
f 924/1746/1534 909/1732/1534 907/1730/1534 922/1745/1534
f 925/1748/1535 912/1734/1535 908/1731/1535 923/1747/1535
f 926/1749/1536 925/1748/1536 923/1747/1536 924/1746/1536
f 913/1736/1537 927/1750/1537 788/1612/1537 777/1611/1537
f 917/1740/1538 929/1751/1538 928/1752/1538 916/1738/1538
f 929/1751/1539 917/1740/1539 912/1734/1539 925/1748/1539
f 930/1753/1540 918/1741/1540 679/1493/1540 688/1504/1540
f 931/1754/1541 919/1742/1541 918/1741/1541 930/1753/1541
f 932/1755/1542 920/1743/1542 919/1742/1542 931/1754/1542
f 933/1756/1543 921/1744/1543 920/1743/1543 932/1755/1543
f 934/1757/1544 922/1745/1544 921/1744/1544 933/1756/1544
f 935/1758/1545 924/1746/1545 922/1745/1545 934/1757/1545
f 926/1749/1546 937/1759/1546 936/1760/1546 925/1748/1546
f 937/1759/1547 926/1749/1547 924/1746/1547 935/1758/1547
f 938/1761/1548 929/1751/1548 925/1748/1548 936/1760/1548
f 939/1762/1549 938/1761/1549 936/1760/1549 937/1759/1549
f 941/1763/1550 934/1757/1550 933/1756/1550 940/1764/1550
f 942/1765/1551 935/1758/1551 934/1757/1551 941/1763/1551
f 943/1766/1552 937/1759/1552 935/1758/1552 942/1765/1552
f 939/1762/1553 945/1767/1553 944/1768/1553 938/1761/1553
f 945/1767/1554 939/1762/1554 937/1759/1554 943/1766/1554
f 947/1769/1555 942/1765/1555 941/1763/1555 946/1770/1555
f 948/1771/1556 943/1766/1556 942/1765/1556 947/1769/1556
f 949/1772/1557 945/1767/1557 943/1766/1557 948/1771/1557
f 951/1773/1558 948/1771/1558 947/1769/1558 950/729/1558
f 952/675/1559 949/1772/1559 948/1771/1559 951/1773/1559
f 953/1774/1540 930/1753/1540 688/1504/1540 702/1527/1540
f 954/1775/1541 931/1754/1541 930/1753/1541 953/1774/1541
f 955/1776/1560 932/1755/1560 931/1754/1560 954/1775/1560
f 956/1777/1561 933/1756/1561 932/1755/1561 955/1776/1561
f 957/1778/1562 953/1774/1562 702/1527/1562 707/1532/1562
f 958/1779/1563 954/1775/1563 953/1774/1563 957/1778/1563
f 959/1780/1564 955/1776/1564 954/1775/1564 958/1779/1564
f 956/1777/1565 960/1781/1565 940/1764/1565 933/1756/1565
f 960/1781/1566 956/1777/1566 955/1776/1566 959/1780/1566
f 961/1782/1567 941/1763/1567 940/1764/1567 960/1781/1567
f 962/1783/1568 957/1778/1568 707/1532/1568 712/1537/1568
f 963/1784/1569 958/1779/1569 957/1778/1569 962/1783/1569
f 964/1785/1570 959/1780/1570 958/1779/1570 963/1784/1570
f 965/1786/1571 960/1781/1571 959/1780/1571 964/1785/1571
f 961/1782/1572 966/1787/1572 946/1770/1572 941/1763/1572
f 966/1787/1573 961/1782/1573 960/1781/1573 965/1786/1573
f 967/1788/1574 947/1769/1574 946/1770/1574 966/1787/1574
f 968/733/1575 962/1783/1575 712/1537/1575 717/734/1575
f 969/732/1576 963/1784/1576 962/1783/1576 968/733/1576
f 970/731/1577 964/1785/1577 963/1784/1577 969/732/1577
f 971/730/1578 965/1786/1578 964/1785/1578 970/731/1578
f 972/728/1579 966/1787/1579 965/1786/1579 971/730/1579
f 967/1788/1580 973/727/1580 950/729/1580 947/1769/1580
f 973/727/1581 967/1788/1581 966/1787/1581 972/728/1581
f 974/1789/1582 975/1790/1582 802/1625/1582 788/1612/1582
f 978/1791/1583 977/1792/1583 812/1636/1583 813/1637/1583
f 975/1790/1584 978/1791/1584 813/1637/1584 802/1625/1584
f 976/1793/1585 979/1794/1585 978/1791/1585 975/1790/1585
f 977/1792/1586 980/1795/1586 823/1647/1586 812/1636/1586
f 978/1791/1587 981/1796/1587 980/1795/1587 977/1792/1587
f 979/1794/1588 982/1797/1588 981/1796/1588 978/1791/1588
f 980/1795/1589 984/690/1589 832/691/1589 823/1647/1589
f 981/1796/1590 985/689/1590 984/690/1590 980/1795/1590
f 982/1797/1591 986/688/1591 985/689/1591 981/1796/1591
f 983/1798/1592 987/672/1592 986/688/1592 982/1797/1592
f 989/1799/1593 988/1800/1593 894/1716/1593 895/1718/1593
f 990/1801/1594 989/1799/1594 895/1718/1594 896/1719/1594
f 991/1802/1595 990/1801/1595 896/1719/1595 897/1720/1595
f 993/1803/1596 992/1804/1596 913/1736/1596 914/1737/1596
f 988/1800/1597 993/1803/1597 914/1737/1597 894/1716/1597
f 989/1799/1598 994/1805/1598 993/1803/1598 988/1800/1598
f 990/1801/1599 995/1806/1599 994/1805/1599 989/1799/1599
f 991/1802/1600 996/1807/1600 995/1806/1600 990/1801/1600
f 996/1807/1601 991/1802/1601 897/1720/1601 915/1739/1601
f 997/1808/1602 996/1807/1602 915/1739/1602 916/1738/1602
f 999/1809/1603 998/1810/1603 992/1804/1603 993/1803/1603
f 1000/1811/1604 999/1809/1604 993/1803/1604 994/1805/1604
f 1001/1812/1605 1000/1811/1605 994/1805/1605 995/1806/1605
f 1002/1813/1606 1001/1812/1606 995/1806/1606 996/1807/1606
f 1003/1814/1607 1002/1813/1607 996/1807/1607 997/1808/1607
f 1005/1815/1608 1004/1816/1608 1000/1811/1608 1001/1812/1608
f 1006/1817/1609 974/1789/1609 788/1612/1609 927/1750/1609
f 992/1804/1610 1006/1817/1610 927/1750/1610 913/1736/1610
f 1007/1818/1611 997/1808/1611 916/1738/1611 928/1752/1611
f 1008/1819/1612 1007/1818/1612 928/1752/1612 929/1751/1612
f 998/1810/1613 1009/1820/1613 1006/1817/1613 992/1804/1613
f 999/1809/1614 1010/1821/1614 1009/1820/1614 998/1810/1614
f 1000/1811/1615 1011/1822/1615 1010/1821/1615 999/1809/1615
f 1002/1813/1616 1013/1823/1616 1012/1824/1616 1001/1812/1616
f 1003/1814/1617 1014/1825/1617 1013/1823/1617 1002/1813/1617
f 1014/1825/1618 1003/1814/1618 997/1808/1618 1007/1818/1618
f 1016/1826/1619 1015/1827/1619 1010/1821/1619 1011/1822/1619
f 1004/1816/1620 1016/1826/1620 1011/1822/1620 1000/1811/1620
f 1005/1815/1621 1017/1828/1621 1016/1826/1621 1004/1816/1621
f 1017/1828/1622 1005/1815/1622 1001/1812/1622 1012/1824/1622
f 1018/1829/1623 1017/1828/1623 1012/1824/1623 1013/1823/1623
f 1006/1817/1624 1019/1830/1624 975/1790/1624 974/1789/1624
f 1008/1819/1625 1021/1831/1625 1020/1832/1625 1007/1818/1625
f 1021/1831/1626 1008/1819/1626 929/1751/1626 938/1761/1626
f 1022/1833/1627 976/1793/1627 975/1790/1627 1019/1830/1627
f 1009/1820/1628 1022/1833/1628 1019/1830/1628 1006/1817/1628
f 1010/1821/1629 1023/1834/1629 1022/1833/1629 1009/1820/1629
f 1014/1825/1630 1025/1835/1630 1024/1836/1630 1013/1823/1630
f 1025/1835/1631 1014/1825/1631 1007/1818/1631 1020/1832/1631
f 1026/1837/1632 1025/1835/1632 1020/1832/1632 1021/1831/1632
f 1028/1838/1633 1027/1839/1633 1022/1833/1633 1023/1834/1633
f 1015/1827/1634 1028/1838/1634 1023/1834/1634 1010/1821/1634
f 1016/1826/1635 1029/1840/1635 1028/1838/1635 1015/1827/1635
f 1017/1828/1636 1030/1841/1636 1029/1840/1636 1016/1826/1636
f 1018/1829/1637 1031/1842/1637 1030/1841/1637 1017/1828/1637
f 1031/1842/1638 1018/1829/1638 1013/1823/1638 1024/1836/1638
f 1032/1843/1639 1031/1842/1639 1024/1836/1639 1025/1835/1639
f 1034/1844/1640 1033/1845/1640 1028/1838/1640 1029/1840/1640
f 1035/1846/1641 1034/1844/1641 1029/1840/1641 1030/1841/1641
f 1036/1847/1642 1035/1846/1642 1030/1841/1642 1031/1842/1642
f 1037/1848/1643 1021/1831/1643 938/1761/1643 944/1768/1643
f 1038/1849/1644 1037/1848/1644 944/1768/1644 945/1767/1644
f 1022/1833/1645 1039/1850/1645 979/1794/1645 976/1793/1645
f 1026/1837/1646 1041/1851/1646 1040/1852/1646 1025/1835/1646
f 1041/1851/1647 1026/1837/1647 1021/1831/1647 1037/1848/1647
f 1027/1839/1648 1042/1853/1648 1039/1850/1648 1022/1833/1648
f 1028/1838/1649 1043/1854/1649 1042/1853/1649 1027/1839/1649
f 1032/1843/1650 1045/1855/1650 1044/1856/1650 1031/1842/1650
f 1045/1855/1651 1032/1843/1651 1025/1835/1651 1040/1852/1651
f 1046/1857/1652 1045/1855/1652 1040/1852/1652 1041/1851/1652
f 1048/1858/1653 1047/1859/1653 1042/1853/1653 1043/1854/1653
f 1033/1845/1654 1048/1858/1654 1043/1854/1654 1028/1838/1654
f 1034/1844/1655 1049/1860/1655 1048/1858/1655 1033/1845/1655
f 1035/1846/1656 1050/1861/1656 1049/1860/1656 1034/1844/1656
f 1036/1847/1657 1051/1862/1657 1050/1861/1657 1035/1846/1657
f 1051/1862/1658 1036/1847/1658 1031/1842/1658 1044/1856/1658
f 1052/1863/1659 1051/1862/1659 1044/1856/1659 1045/1855/1659
f 1038/1849/1660 1054/1864/1660 1053/1865/1660 1037/1848/1660
f 1054/1864/1661 1038/1849/1661 945/1767/1661 949/1772/1661
f 1039/1850/1662 1055/1866/1662 982/1797/1662 979/1794/1662
f 1056/1867/1663 1041/1851/1663 1037/1848/1663 1053/1865/1663
f 1057/1868/1664 983/1798/1664 982/1797/1664 1055/1866/1664
f 1042/1853/1665 1057/1868/1665 1055/1866/1665 1039/1850/1665
f 1046/1857/1666 1059/1869/1666 1058/1870/1666 1045/1855/1666
f 1059/1869/1667 1046/1857/1667 1041/1851/1667 1056/1867/1667
f 1047/1859/1668 1060/1871/1668 1057/1868/1668 1042/1853/1668
f 1048/1858/1669 1061/1872/1669 1060/1871/1669 1047/1859/1669
f 1049/1860/1670 1062/1873/1670 1061/1872/1670 1048/1858/1670
f 1050/1861/1671 1063/1874/1671 1062/1873/1671 1049/1860/1671
f 1051/1862/1672 1064/1875/1672 1063/1874/1672 1050/1861/1672
f 1052/1863/1673 1065/1876/1673 1064/1875/1673 1051/1862/1673
f 1065/1876/1674 1052/1863/1674 1045/1855/1674 1058/1870/1674
f 1067/1877/1675 1066/1878/1675 1062/1873/1675 1063/1874/1675
f 1054/1864/1676 1069/674/1676 1068/673/1676 1053/1865/1676
f 1069/674/1677 1054/1864/1677 949/1772/1677 952/675/1677
f 1070/671/1678 1056/1867/1678 1053/1865/1678 1068/673/1678
f 1057/1868/1679 1071/669/1679 987/672/1679 983/1798/1679
f 1059/1869/1666 1073/670/1666 1072/667/1666 1058/1870/1666
f 1073/670/1680 1059/1869/1680 1056/1867/1680 1070/671/1680
f 1060/1871/1681 1074/668/1681 1071/669/1681 1057/1868/1681
f 1061/1872/1682 1075/665/1682 1074/668/1682 1060/1871/1682
f 1062/1873/1683 1076/1879/1683 1075/665/1683 1061/1872/1683
f 1064/1875/1684 1078/660/1684 1077/1880/1684 1063/1874/1684
f 1065/1876/1673 1079/666/1673 1078/660/1673 1064/1875/1673
f 1079/666/1685 1065/1876/1685 1058/1870/1685 1072/667/1685
f 1081/662/1686 1080/664/1686 1075/665/1686 1076/1879/1686
f 1066/1878/1687 1081/662/1687 1076/1879/1687 1062/1873/1687
f 1067/1877/1688 1082/661/1688 1081/662/1688 1066/1878/1688
f 1082/661/1689 1067/1877/1689 1063/1874/1689 1077/1880/1689
f 1083/659/1690 1082/661/1690 1077/1880/1690 1078/660/1690
f 1479/1461/1691 1480/1519/1691 1478/1482/1691 1477/1480/1691
f 1478/1482/1692 1467/1521/1692 1466/1881/1692 1476/1483/1692
f 1476/1483/1693 1466/1881/1693 1465/696/1693 1475/1494/1693
f 1475/1494/1694 1465/696/1694 1464/698/1694 1474/1505/1694
f 1474/1505/1695 1464/698/1695 1463/701/1695 1473/1507/1695
f 1473/1507/594 1463/701/594 1462/704/594 1472/1508/594
f 1472/1508/596 1462/704/596 1232/707/596 1241/1514/596
f 1471/1882/1696 1461/638/1696 1459/1883/1696 1469/1520/1696
f 1461/638/1697 1471/1882/1697 1470/592/1697 1460/618/1697
f 1470/592/1698 1471/1882/1698 1469/1520/1698 1468/1515/1698
f 1469/1520/1699 1459/1883/1699 1458/1884/1699 1467/1521/1699
f 1467/1521/1700 1458/1884/1700 1457/711/1700 1466/1881/1700
f 1466/1881/1701 1457/711/1701 1456/697/1701 1465/696/1701
f 1461/638/1702 1455/637/1702 1454/1885/1702 1459/1883/1702
f 1459/1883/1703 1454/1885/1703 1453/720/1703 1458/1884/1703
f 1458/1884/1704 1453/720/1704 1452/712/1704 1457/711/1704
f 1455/637/1705 1451/657/1705 1450/1886/1705 1454/1885/1705
f 1454/1885/1706 1450/1886/1706 1449/721/1706 1453/720/1706
f 1451/657/1707 952/675/1707 951/1773/1707 1450/1886/1707
f 1450/1886/613 951/1773/613 950/729/613 1449/721/613
f 1448/252/1708 1447/254/1708 1441/1887/1708 1442/253/1708
f 1447/254/1709 1446/255/1709 1440/1888/1709 1441/1887/1709
f 1446/255/1710 1445/256/1710 1439/1889/1710 1440/1888/1710
f 1445/256/1711 1423/1890/1711 1418/1891/1711 1439/1889/1711
f 1423/1890/1712 1445/256/1712 1444/257/1712 1422/1892/1712
f 1422/1892/1713 1444/257/1713 1443/258/1713 1421/1893/1713
f 1421/1893/1714 1443/258/1714 1096/259/1714 1092/1894/1714
f 1442/253/1715 1441/1887/1715 1436/262/1715 1437/261/1715
f 1441/1887/1716 1440/1888/1716 1435/1895/1716 1436/262/1716
f 1440/1888/1717 1419/1896/1717 1414/1897/1717 1435/1895/1717
f 1419/1896/453 1440/1888/453 1439/1889/453 1418/1891/453
f 1415/992/1718 1438/991/1718 1433/1011/1718 1410/1898/1718
f 1436/262/1719 1435/1895/1719 1431/265/1719 1432/264/1719
f 1435/1895/1720 1414/1897/1720 1413/1899/1720 1434/1900/1720
f 1435/1895/1721 1434/1900/1721 1430/266/1721 1431/265/1721
f 1434/1900/1722 1413/1899/1722 1409/1901/1722 1430/266/1722
f 1410/1898/1723 1433/1011/1723 1427/1324/1723 1406/1902/1723
f 1430/266/1724 1409/1901/1724 1408/1903/1724 1429/267/1724
f 1429/267/1725 1408/1903/1725 1407/1904/1725 1428/268/1725
f 1428/268/1726 1407/1904/1726 1089/1905/1726 1093/269/1726
f 1406/1902/1727 1427/1324/1727 1212/1350/1727 1190/1906/1727
f 1404/1388/1728 1426/1387/1728 1425/1389/1728 1403/1907/1728
f 1403/1907/1729 1425/1389/1729 1424/1428/1729 1402/1908/1729
f 1402/1908/1730 1424/1428/1730 1420/1430/1730 1400/1909/1730
f 1423/1890/1731 1422/1892/1731 1417/1910/1731 1418/1891/1731
f 1422/1892/1732 1421/1893/1732 1416/1911/1732 1417/1910/1732
f 1421/1893/1733 1092/1894/1733 1091/1912/1733 1416/1911/1733
f 1400/1909/1734 1420/1430/1734 1415/992/1734 1396/1913/1734
f 1419/1896/1735 1418/1891/1735 1413/1899/1735 1414/1897/1735
f 1418/1891/1736 1417/1910/1736 1412/1914/1736 1413/1899/1736
f 1417/1910/1737 1398/1915/1737 1394/1916/1737 1412/1914/1737
f 1398/1915/1738 1417/1910/1738 1416/1911/1738 1397/1917/1738
f 1397/1917/1739 1416/1911/1739 1411/1918/1739 1393/1919/1739
f 1416/1911/1740 1091/1912/1740 1090/1920/1740 1411/1918/1740
f 1396/1913/1741 1415/992/1741 1410/1898/1741 1392/1921/1741
f 1413/1899/1742 1412/1914/1742 1408/1903/1742 1409/1901/1742
f 1412/1914/1743 1394/1916/1743 1393/1919/1743 1411/1918/1743
f 1412/1914/1744 1411/1918/1744 1407/1904/1744 1408/1903/1744
f 1411/1918/1745 1090/1920/1745 1089/1905/1745 1407/1904/1745
f 1392/1921/1746 1410/1898/1746 1406/1902/1746 1390/1922/1746
f 1390/1922/1747 1406/1902/1747 1190/1906/1747 1174/1923/1747
f 1388/596/1748 1405/1479/1748 1404/1388/1748 1387/1924/1748
f 1387/1924/1749 1404/1388/1749 1403/1907/1749 1385/1925/1749
f 1385/1925/1750 1403/1907/1750 1402/1908/1750 1383/1926/1750
f 1383/1926/1751 1402/1908/1751 1401/1927/1751 1382/1928/1751
f 1401/1927/1752 1402/1908/1752 1400/1909/1752 1399/1929/1752
f 1382/1928/1753 1401/1927/1753 1399/1929/1753 1381/1930/1753
f 1399/1929/1754 1400/1909/1754 1396/1913/1754 1395/1931/1754
f 1381/1930/1755 1399/1929/1755 1395/1931/1755 1380/1932/1755
f 1398/1915/1756 1397/1917/1756 1393/1919/1756 1394/1916/1756
f 1395/1931/1757 1396/1913/1757 1392/1921/1757 1391/1933/1757
f 1380/1932/1758 1395/1931/1758 1391/1933/1758 1379/1934/1758
f 1391/1933/1757 1392/1921/1757 1390/1922/1757 1389/1935/1757
f 1379/1934/1759 1391/1933/1759 1389/1935/1759 1378/1936/1759
f 1389/1935/1760 1390/1922/1760 1174/1923/1760 1173/1937/1760
f 1378/1936/1761 1389/1935/1761 1173/1937/1761 1163/1938/1761
f 1377/676/1762 1388/596/1762 1387/1924/1762 1375/1939/1762
f 1375/1939/1763 1387/1924/1763 1386/1940/1763 1374/1941/1763
f 1386/1940/1764 1387/1924/1764 1385/1925/1764 1384/1942/1764
f 1374/1941/1765 1386/1940/1765 1384/1942/1765 1373/1943/1765
f 1384/1942/1766 1385/1925/1766 1383/1926/1766 1382/1928/1766
f 1373/1943/1767 1384/1942/1767 1382/1928/1767 1372/1944/1767
f 1372/1944/1768 1382/1928/1768 1381/1930/1768 1371/1945/1768
f 1371/1945/1769 1381/1930/1769 1380/1932/1769 1369/1946/1769
f 1369/1946/1770 1380/1932/1770 1379/1934/1770 1367/1947/1770
f 1367/1947/1771 1379/1934/1771 1378/1936/1771 1365/1948/1771
f 1365/1948/1772 1378/1936/1772 1163/1938/1772 1153/1949/1772
f 1363/678/1773 1377/676/1773 1376/1950/1773 1362/682/1773
f 1376/1950/1774 1377/676/1774 1375/1939/1774 1374/1941/1774
f 1362/682/1775 1376/1950/1775 1374/1941/1775 1361/1951/1775
f 1361/1951/1776 1374/1941/1776 1373/1943/1776 1360/1952/1776
f 1360/1952/1777 1373/1943/1777 1372/1944/1777 1359/1953/1777
f 1359/1953/1778 1372/1944/1778 1371/1945/1778 1357/1954/1778
f 1357/1954/1779 1371/1945/1779 1370/1955/1779 1356/1956/1779
f 1370/1955/1780 1371/1945/1780 1369/1946/1780 1368/1957/1780
f 1356/1956/1781 1370/1955/1781 1368/1957/1781 1355/1958/1781
f 1368/1957/1782 1369/1946/1782 1367/1947/1782 1366/1959/1782
f 1355/1958/1783 1368/1957/1783 1366/1959/1783 1354/1960/1783
f 1366/1959/1784 1367/1947/1784 1365/1948/1784 1364/1961/1784
f 1354/1960/1785 1366/1959/1785 1364/1961/1785 1353/1962/1785
f 1364/1961/1786 1365/1948/1786 1153/1949/1786 1152/1963/1786
f 1353/1962/1787 1364/1961/1787 1152/1963/1787 1141/1964/1787
f 1352/683/1788 1362/682/1788 1361/1951/1788 1351/1965/1788
f 1351/1965/1789 1361/1951/1789 1360/1952/1789 1350/1966/1789
f 1350/1966/1790 1360/1952/1790 1359/1953/1790 1348/1967/1790
f 1348/1967/1791 1359/1953/1791 1358/1968/1791 1347/1969/1791
f 1358/1968/1792 1359/1953/1792 1357/1954/1792 1356/1956/1792
f 1347/1969/1793 1358/1968/1793 1356/1956/1793 1346/1970/1793
f 1346/1970/1794 1356/1956/1794 1355/1958/1794 1345/1971/1794
f 1345/1971/1795 1355/1958/1795 1354/1960/1795 1344/1972/1795
f 1344/1972/1796 1354/1960/1796 1353/1962/1796 1343/1973/1796
f 1343/1973/1797 1353/1962/1797 1141/1964/1797 1132/1974/1797
f 1342/687/1798 1352/683/1798 1351/1965/1798 1341/1975/1798
f 1341/1975/1799 1351/1965/1799 1350/1966/1799 1340/1976/1799
f 1340/1976/1800 1350/1966/1800 1349/1977/1800 1339/1978/1800
f 1349/1977/1801 1350/1966/1801 1348/1967/1801 1347/1969/1801
f 1339/1978/1802 1349/1977/1802 1347/1969/1802 1338/1979/1802
f 1338/1979/1803 1347/1969/1803 1346/1970/1803 1337/1980/1803
f 1337/1980/1804 1346/1970/1804 1345/1971/1804 1336/1981/1804
f 1336/1981/1805 1345/1971/1805 1344/1972/1805 1335/1982/1805
f 1335/1982/1806 1344/1972/1806 1343/1973/1806 1334/1983/1806
f 1334/1983/1807 1343/1973/1807 1132/1974/1807 1123/1984/1807
f 832/691/1808 1342/687/1808 1341/1975/1808 831/1655/1808
f 831/1655/1809 1341/1975/1809 1340/1976/1809 830/1654/1809
f 830/1654/1810 1340/1976/1810 1339/1978/1810 829/1653/1810
f 829/1653/1811 1339/1978/1811 1338/1979/1811 828/1652/1811
f 828/1652/1812 1338/1979/1812 1337/1980/1812 827/1651/1812
f 827/1651/1813 1337/1980/1813 1336/1981/1813 826/1650/1813
f 826/1650/1814 1336/1981/1814 1335/1982/1814 825/1649/1814
f 825/1649/1815 1335/1982/1815 1334/1983/1815 824/1648/1815
f 824/1648/1816 1334/1983/1816 1123/1984/1816 596/1386/1816
f 1333/706/1817 1330/705/1817 1329/1985/1817 1332/1986/1817
f 1232/707/1818 1333/706/1818 1332/1986/1818 1231/1987/1818
f 1332/1986/1819 1329/1985/1819 1328/1988/1819 1331/1989/1819
f 1231/1987/1820 1332/1986/1820 1331/1989/1820 1230/1990/1820
f 1331/1989/1821 1328/1988/1821 1223/1991/1821 1230/1990/1821
f 1330/705/1822 1325/716/1822 1324/1992/1822 1329/1985/1822
f 1329/1985/1823 1324/1992/1823 1323/1993/1823 1328/1988/1823
f 1328/1988/1824 1323/1993/1824 1322/1994/1824 1327/1995/1824
f 1223/1991/1825 1328/1988/1825 1327/1995/1825 1222/1996/1825
f 1327/1995/1826 1322/1994/1826 1321/1997/1826 1326/1998/1826
f 1222/1996/1827 1327/1995/1827 1326/1998/1827 1221/1999/1827
f 1326/1998/1828 1321/1997/1828 1218/2000/1828 1221/1999/1828
f 1325/716/1829 1320/726/1829 1319/2001/1829 1324/1992/1829
f 1324/1992/1830 1319/2001/1830 1318/2002/1830 1323/1993/1830
f 1323/1993/1831 1318/2002/1831 1317/2003/1831 1322/1994/1831
f 1322/1994/1832 1317/2003/1832 1316/2004/1832 1321/1997/1832
f 1321/1997/1833 1316/2004/1833 1215/2005/1833 1218/2000/1833
f 1320/726/1834 717/734/1834 716/1541/1834 1319/2001/1834
f 1319/2001/1835 716/1541/1835 715/1540/1835 1318/2002/1835
f 1318/2002/1836 715/1540/1836 714/1539/1836 1317/2003/1836
f 1317/2003/1837 714/1539/1837 713/1538/1837 1316/2004/1837
f 1316/2004/1838 713/1538/1838 699/1524/1838 1215/2005/1838
f 1315/1337/1839 1278/1336/1839 1277/2006/1839 1310/2007/1839
f 1314/159/1840 1315/1337/1840 1310/2007/1840 1309/2008/1840
f 1313/392/1841 1314/159/1841 1309/2008/1841 1308/393/1841
f 1311/166/1842 1312/398/1842 1307/399/1842 1306/2009/1842
f 1212/1350/1843 1311/166/1843 1306/2009/1843 1211/2010/1843
f 1310/2007/1844 1277/2006/1844 1276/2011/1844 1305/2012/1844
f 1309/2008/1840 1310/2007/1840 1305/2012/1840 1304/2013/1840
f 1308/393/1845 1309/2008/1845 1304/2013/1845 1303/400/1845
f 1306/2009/1846 1307/399/1846 1302/405/1846 1301/2014/1846
f 1211/2010/1847 1306/2009/1847 1301/2014/1847 1210/2015/1847
f 1305/2012/1848 1276/2011/1848 1275/2016/1848 1304/2013/1848
f 1304/2013/1849 1275/2016/1849 1272/2017/1849 1300/2018/1849
f 1303/400/1850 1304/2013/1850 1300/2018/1850 1299/406/1850
f 1301/2014/1851 1302/405/1851 1296/411/1851 1295/2019/1851
f 1274/2020/1852 1301/2014/1852 1295/2019/1852 1271/2021/1852
f 1301/2014/1853 1274/2020/1853 1188/2022/1853 1210/2015/1853
f 1300/2018/1854 1272/2017/1854 1269/2023/1854 1294/2024/1854
f 1299/406/1855 1300/2018/1855 1294/2024/1855 1293/2025/1855
f 1298/412/1856 1299/406/1856 1293/2025/1856 1292/413/1856
f 1296/411/1857 1297/416/1857 1291/417/1857 1290/2026/1857
f 1295/2019/1858 1296/411/1858 1290/2026/1858 1289/2027/1858
f 1271/2021/1859 1295/2019/1859 1289/2027/1859 1267/2028/1859
f 1294/2024/1860 1269/2023/1860 1265/2029/1860 1288/2030/1860
f 1293/2025/1861 1294/2024/1861 1288/2030/1861 1287/2031/1861
f 1292/413/1862 1293/2025/1862 1287/2031/1862 1286/2032/1862
f 1291/417/1863 1292/413/1863 1286/2032/1863 1285/2033/1863
f 1290/2026/1864 1291/417/1864 1285/2033/1864 1284/2034/1864
f 1268/2035/1865 1290/2026/1865 1284/2034/1865 1263/2036/1865
f 1290/2026/1866 1268/2035/1866 1267/2028/1866 1289/2027/1866
f 1288/2030/1867 1265/2029/1867 1264/2037/1867 1287/2031/1867
f 1287/2031/1868 1264/2037/1868 1260/2038/1868 1283/2039/1868
f 1286/2032/1869 1287/2031/1869 1283/2039/1869 1282/2040/1869
f 1285/2033/1870 1286/2032/1870 1282/2040/1870 1281/2041/1870
f 1284/2034/1871 1285/2033/1871 1281/2041/1871 1280/2042/1871
f 1263/2036/1872 1284/2034/1872 1280/2042/1872 1259/2043/1872
f 1279/1459/1873 1257/1458/1873 1256/2044/1873 1278/1336/1873
f 1278/1336/1874 1256/2044/1874 1254/2045/1874 1277/2006/1874
f 1277/2006/1875 1254/2045/1875 1252/2046/1875 1276/2011/1875
f 1276/2011/1876 1252/2046/1876 1250/2047/1876 1273/2048/1876
f 1275/2016/1877 1276/2011/1877 1273/2048/1877 1272/2017/1877
f 1188/2022/1878 1274/2020/1878 1271/2021/1878 1187/2049/1878
f 1273/2048/1879 1250/2047/1879 1248/2050/1879 1270/2051/1879
f 1272/2017/1880 1273/2048/1880 1270/2051/1880 1269/2023/1880
f 1187/2049/1881 1271/2021/1881 1267/2028/1881 1184/2052/1881
f 1270/2051/1882 1248/2050/1882 1247/2053/1882 1266/2054/1882
f 1269/2023/1883 1270/2051/1883 1266/2054/1883 1265/2029/1883
f 1267/2028/1884 1268/2035/1884 1263/2036/1884 1262/2055/1884
f 1184/2052/1885 1267/2028/1885 1262/2055/1885 1180/2056/1885
f 1266/2054/1886 1247/2053/1886 1246/2057/1886 1265/2029/1886
f 1265/2029/1887 1246/2057/1887 1243/2058/1887 1261/2059/1887
f 1264/2037/1888 1265/2029/1888 1261/2059/1888 1260/2038/1888
f 1262/2055/1889 1263/2036/1889 1259/2043/1889 1258/2060/1889
f 1245/2061/1890 1262/2055/1890 1258/2060/1890 1242/2062/1890
f 1262/2055/1891 1245/2061/1891 1165/2063/1891 1180/2056/1891
f 1257/1458/1892 1241/1514/1892 1240/2064/1892 1255/2065/1892
f 1256/2044/1893 1257/1458/1893 1255/2065/1893 1254/2045/1893
f 1255/2065/1894 1240/2064/1894 1239/2066/1894 1253/2067/1894
f 1254/2045/1895 1255/2065/1895 1253/2067/1895 1252/2046/1895
f 1253/2067/1896 1239/2066/1896 1238/2068/1896 1251/2069/1896
f 1252/2046/1897 1253/2067/1897 1251/2069/1897 1250/2047/1897
f 1251/2069/1898 1238/2068/1898 1237/2070/1898 1249/2071/1898
f 1250/2047/1899 1251/2069/1899 1249/2071/1899 1248/2050/1899
f 1249/2071/1900 1237/2070/1900 1236/2072/1900 1248/2050/1900
f 1248/2050/1901 1236/2072/1901 1234/2073/1901 1247/2053/1901
f 1247/2053/1902 1234/2073/1902 1233/2074/1902 1244/2075/1902
f 1246/2057/1903 1247/2053/1903 1244/2075/1903 1243/2058/1903
f 1165/2063/1904 1245/2061/1904 1242/2062/1904 1164/2076/1904
f 1241/1514/1905 1232/707/1905 1231/1987/1905 1240/2064/1905
f 1240/2064/1906 1231/1987/1906 1230/1990/1906 1239/2066/1906
f 1239/2066/1907 1230/1990/1907 1229/2077/1907 1238/2068/1907
f 1238/2068/1908 1229/2077/1908 1228/2078/1908 1237/2070/1908
f 1237/2070/1909 1228/2078/1909 1227/2079/1909 1235/2080/1909
f 1236/2072/1910 1237/2070/1910 1235/2080/1910 1234/2073/1910
f 1235/2080/1911 1227/2079/1911 1226/2081/1911 1234/2073/1911
f 1234/2073/1912 1226/2081/1912 1224/2082/1912 1233/2074/1912
f 1230/1990/1913 1223/1991/1913 1222/1996/1913 1229/2077/1913
f 1229/2077/1914 1222/1996/1914 1221/1999/1914 1228/2078/1914
f 1228/2078/1915 1221/1999/1915 1220/2083/1915 1227/2079/1915
f 1227/2079/1916 1220/2083/1916 1219/2084/1916 1225/2085/1916
f 1226/2081/1917 1227/2079/1917 1225/2085/1917 1224/2082/1917
f 1221/1999/1918 1218/2000/1918 1217/2086/1918 1220/2083/1918
f 1220/2083/1919 1217/2086/1919 1216/2087/1919 1219/2084/1919
f 1218/2000/1920 1215/2005/1920 1214/2088/1920 1217/2086/1920
f 1217/2086/1921 1214/2088/1921 1213/2089/1921 1216/2087/1921
f 1215/2005/1838 699/1524/1838 698/1522/1838 1214/2088/1838
f 1214/2088/1922 698/1522/1922 697/1523/1922 1213/2089/1922
f 1190/1906/1923 1212/1350/1923 1211/2010/1923 1189/2090/1923
f 1189/2090/1924 1211/2010/1924 1210/2015/1924 1188/2022/1924
f 1209/518/1925 1088/521/1925 1087/2091/1925 1205/519/1925
f 1208/525/1926 1207/527/1926 1202/2092/1926 1203/526/1926
f 1207/527/1927 1206/528/1927 1201/2093/1927 1202/2092/1927
f 1206/528/1928 1186/2094/1928 1182/2095/1928 1201/2093/1928
f 1186/2094/1929 1206/528/1929 1205/519/1929 1185/2096/1929
f 1185/2096/1930 1205/519/1930 1200/2097/1930 1181/2098/1930
f 1205/519/1931 1087/2091/1931 1086/2099/1931 1200/2097/1931
f 1204/530/1932 1203/526/1932 1198/532/1932 1199/531/1932
f 1203/526/1933 1202/2092/1933 1197/2100/1933 1198/532/1933
f 1202/2092/1934 1183/2101/1934 1179/2102/1934 1197/2100/1934
f 1183/2101/453 1202/2092/453 1201/2093/453 1182/2095/453
f 1181/2098/1935 1200/2097/1935 1195/2103/1935 1177/2104/1935
f 1200/2097/1740 1086/2099/1740 1085/2105/1740 1195/2103/1740
f 1198/532/1936 1197/2100/1936 1193/536/1936 1194/535/1936
f 1197/2100/1937 1179/2102/1937 1178/2106/1937 1196/2107/1937
f 1197/2100/1938 1196/2107/1938 1192/538/1938 1193/536/1938
f 1196/2107/1939 1178/2106/1939 1176/2108/1939 1192/538/1939
f 1177/2104/1940 1195/2103/1940 1191/2109/1940 1175/2110/1940
f 1195/2103/1941 1085/2105/1941 1084/2111/1941 1191/2109/1941
f 1192/538/1942 1176/2108/1942 1175/2110/1942 1191/2109/1942
f 1174/1923/1943 1190/1906/1943 1189/2090/1943 1172/2112/1943
f 1172/2112/1944 1189/2090/1944 1188/2022/1944 1170/2113/1944
f 1170/2113/1945 1188/2022/1945 1187/2049/1945 1168/2114/1945
f 1168/2114/1946 1187/2049/1946 1184/2052/1946 1166/2115/1946
f 1186/2094/1947 1185/2096/1947 1181/2098/1947 1182/2095/1947
f 1166/2115/1948 1184/2052/1948 1180/2056/1948 1165/2063/1948
f 1183/2101/1949 1182/2095/1949 1178/2106/1949 1179/2102/1949
f 1182/2095/1950 1181/2098/1950 1177/2104/1950 1178/2106/1950
f 1178/2106/1951 1177/2104/1951 1175/2110/1951 1176/2108/1951
f 1173/1937/1952 1174/1923/1952 1172/2112/1952 1171/2116/1952
f 1163/1938/1953 1173/1937/1953 1171/2116/1953 1162/2117/1953
f 1171/2116/1954 1172/2112/1954 1170/2113/1954 1169/2118/1954
f 1162/2117/1955 1171/2116/1955 1169/2118/1955 1161/2119/1955
f 1169/2118/1956 1170/2113/1956 1168/2114/1956 1167/2120/1956
f 1161/2119/1957 1169/2118/1957 1167/2120/1957 1159/2121/1957
f 1160/2122/1958 1168/2114/1958 1166/2115/1958 1158/2123/1958
f 1168/2114/1959 1160/2122/1959 1159/2121/1959 1167/2120/1959
f 1158/2123/1960 1166/2115/1960 1165/2063/1960 1156/2124/1960
f 1156/2124/1961 1165/2063/1961 1164/2076/1961 1154/2125/1961
f 1153/1949/1962 1163/1938/1962 1162/2117/1962 1151/2126/1962
f 1151/2126/1963 1162/2117/1963 1161/2119/1963 1149/2127/1963
f 1149/2127/1964 1161/2119/1964 1159/2121/1964 1147/2128/1964
f 1159/2121/1965 1160/2122/1965 1158/2123/1965 1157/2129/1965
f 1147/2128/1966 1159/2121/1966 1157/2129/1966 1146/2130/1966
f 1157/2129/1967 1158/2123/1967 1156/2124/1967 1155/2131/1967
f 1146/2130/1968 1157/2129/1968 1155/2131/1968 1144/2132/1968
f 1145/2133/1969 1156/2124/1969 1154/2125/1969 1143/2134/1969
f 1156/2124/1970 1145/2133/1970 1144/2132/1970 1155/2131/1970
f 1152/1963/1971 1153/1949/1971 1151/2126/1971 1150/2135/1971
f 1141/1964/1972 1152/1963/1972 1150/2135/1972 1140/2136/1972
f 1150/2135/1973 1151/2126/1973 1149/2127/1973 1148/2137/1973
f 1140/2136/1974 1150/2135/1974 1148/2137/1974 1138/2138/1974
f 1139/2139/1975 1149/2127/1975 1147/2128/1975 1137/2140/1975
f 1149/2127/1976 1139/2139/1976 1138/2138/1976 1148/2137/1976
f 1137/2140/1977 1147/2128/1977 1146/2130/1977 1135/2141/1977
f 1135/2141/1978 1146/2130/1978 1144/2132/1978 1134/2142/1978
f 1144/2132/1979 1145/2133/1979 1143/2134/1979 1142/2143/1979
f 1134/2142/1980 1144/2132/1980 1142/2143/1980 1133/2144/1980
f 1132/1974/1981 1141/1964/1981 1140/2136/1981 1131/2145/1981
f 1131/2145/1982 1140/2136/1982 1138/2138/1982 1130/2146/1982
f 1138/2138/1983 1139/2139/1983 1137/2140/1983 1136/2147/1983
f 1130/2146/1984 1138/2138/1984 1136/2147/1984 1128/2148/1984
f 1129/2149/1985 1137/2140/1985 1135/2141/1985 1127/2150/1985
f 1137/2140/1986 1129/2149/1986 1128/2148/1986 1136/2147/1986
f 1127/2150/1987 1135/2141/1987 1134/2142/1987 1125/2151/1987
f 1125/2151/1988 1134/2142/1988 1133/2144/1988 1124/2152/1988
f 1123/1984/1989 1132/1974/1989 1131/2145/1989 1122/2153/1989
f 1122/2153/1990 1131/2145/1990 1130/2146/1990 1121/2154/1990
f 1121/2154/1991 1130/2146/1991 1128/2148/1991 1120/2155/1991
f 1128/2148/1992 1129/2149/1992 1127/2150/1992 1126/2156/1992
f 1120/2155/1993 1128/2148/1993 1126/2156/1993 1118/2157/1993
f 1119/2158/1994 1127/2150/1994 1125/2151/1994 1117/2159/1994
f 1127/2150/1995 1119/2158/1995 1118/2157/1995 1126/2156/1995
f 1117/2159/1996 1125/2151/1996 1124/2152/1996 1116/2160/1996
f 596/1386/1997 1123/1984/1997 1122/2153/1997 595/1385/1997
f 595/1385/1998 1122/2153/1998 1121/2154/1998 594/1384/1998
f 594/1384/1999 1121/2154/1999 1120/2155/1999 593/1383/1999
f 593/1383/2000 1120/2155/2000 1118/2157/2000 591/1382/2000
f 592/1381/2001 1119/2158/2001 1117/2159/2001 590/1379/2001
f 1119/2158/2002 592/1381/2002 591/1382/2002 1118/2157/2002
f 590/1379/2003 1117/2159/2003 1116/2160/2003 589/1380/2003
f 1111/233/2004 1115/232/2004 1114/234/2004 1110/2161/2004
f 1110/2161/2005 1114/234/2005 1113/237/2005 1109/2162/2005
f 1109/2162/2006 1113/237/2006 1112/242/2006 1108/249/2006
f 1096/259/2007 1111/233/2007 1110/2161/2007 1095/2163/2007
f 1095/2163/1740 1110/2161/1740 1109/2162/1740 1094/2164/1740
f 1094/2164/2008 1109/2162/2008 1108/249/2008 1093/269/2008
f 1104/478/2009 1107/477/2009 1106/479/2009 1103/486/2009
f 1100/505/2010 1105/504/2010 1104/478/2010 1099/2165/2010
f 1099/2165/2011 1104/478/2011 1103/486/2011 1098/2166/2011
f 1098/2166/2012 1103/486/2012 1102/512/2012 1097/516/2012
f 1088/521/2013 1101/520/2013 1100/505/2013 1087/2091/2013
f 1087/2091/1740 1100/505/1740 1099/2165/1740 1086/2099/1740
f 1086/2099/1740 1099/2165/1740 1098/2166/1740 1085/2105/1740
f 1085/2105/1740 1098/2166/1740 1097/516/1740 1084/2111/1740
f 1092/1894/1740 1096/259/1740 1095/2163/1740 1091/1912/1740
f 1091/1912/1740 1095/2163/1740 1094/2164/1740 1090/1920/1740
f 1090/1920/1740 1094/2164/1740 1093/269/1740 1089/1905/1740
f 3246/2167/2014 3234/2168/2014 3015/2169/2014 3031/2170/2014
f 3248/2171/2015 3235/2172/2015 3233/2173/2015 3245/2174/2015
f 3153/2175/2016 3249/2176/2016 3247/2177/2016 3152/2178/2016
f 3250/2179/2017 3237/2180/2017 3235/2172/2017 3248/2171/2017
f 3251/2181/2018 3238/2182/2018 3237/2180/2018 3250/2179/2018
f 3252/2183/2019 3239/2184/2019 3238/2182/2019 3251/2181/2019
f 3253/2185/2020 3240/2186/2020 3239/2184/2020 3252/2183/2020
f 3254/2187/2021 3255/2188/2021 3253/2185/2021 3252/2183/2021
f 3255/2188/2022 3241/2189/2022 3240/2186/2022 3253/2185/2022
f 3256/2190/2023 3242/2191/2023 3241/2189/2023 3255/2188/2023
f 3257/2192/2024 3243/2193/2024 3242/2191/2024 3256/2190/2024
f 3258/2194/2025 3244/2195/2025 3243/2193/2025 3257/2192/2025
f 3260/2196/2026 3261/2197/2026 3053/2198/2026 3052/2199/2026
f 3246/2167/2027 3261/2197/2027 3260/2196/2027 3245/2174/2027
f 3261/2197/2028 3246/2167/2028 3031/2170/2028 3053/2198/2028
f 3247/2177/2029 3262/2200/2029 3164/2201/2029 3152/2178/2029
f 3263/2202/2030 3264/2203/2030 3260/2196/2030 3259/2204/2030
f 3264/2203/2031 3248/2171/2031 3245/2174/2031 3260/2196/2031
f 3265/2205/2032 3249/2176/2032 3153/2175/2032 3165/2206/2032
f 3249/2176/2033 3265/2205/2033 3262/2200/2033 3247/2177/2033
f 3266/2207/2034 3250/2179/2034 3248/2171/2034 3264/2203/2034
f 3267/2208/2035 3251/2181/2035 3250/2179/2035 3266/2207/2035
f 3268/2209/2036 3252/2183/2036 3251/2181/2036 3267/2208/2036
f 3269/2210/2037 3254/2187/2037 3252/2183/2037 3268/2209/2037
f 3270/2211/2038 3255/2188/2038 3254/2187/2038 3269/2210/2038
f 3271/2212/2039 3256/2190/2039 3255/2188/2039 3270/2211/2039
f 3272/2213/2040 3257/2192/2040 3256/2190/2040 3271/2212/2040
f 3273/2214/2041 3258/2194/2041 3257/2192/2041 3272/2213/2041
f 3278/2215/2042 3279/2216/2042 3077/2217/2042 3076/2218/2042
f 3260/2196/2043 3279/2216/2043 3278/2215/2043 3259/2204/2043
f 3279/2216/2044 3260/2196/2044 3052/2199/2044 3077/2217/2044
f 3176/2219/2045 3280/2220/2045 3274/2221/2045 3175/2222/2045
f 3262/2200/2046 3280/2220/2046 3176/2219/2046 3164/2201/2046
f 3280/2220/2047 3281/2223/2047 3275/2224/2047 3274/2221/2047
f 3281/2223/2048 3282/2225/2048 3276/2226/2048 3275/2224/2048
f 3282/2225/2049 3283/2227/2049 3277/2228/2049 3276/2226/2049
f 3283/2227/2050 3284/2229/2050 3278/2215/2050 3277/2228/2050
f 3284/2229/2051 3263/2202/2051 3259/2204/2051 3278/2215/2051
f 3285/2230/2052 3264/2203/2052 3263/2202/2052 3284/2229/2052
f 3286/2231/2053 3265/2205/2053 3165/2206/2053 3177/2232/2053
f 3265/2205/2054 3286/2231/2054 3280/2220/2054 3262/2200/2054
f 3286/2231/2055 3287/2233/2055 3281/2223/2055 3280/2220/2055
f 3288/2234/2056 3289/2235/2056 3285/2230/2056 3284/2229/2056
f 3289/2235/2057 3266/2207/2057 3264/2203/2057 3285/2230/2057
f 3290/2236/2058 3267/2208/2058 3266/2207/2058 3289/2235/2058
f 3178/2237/2059 3291/2238/2059 3286/2231/2059 3177/2232/2059
f 3292/2239/2060 3293/2240/2060 3290/2236/2060 3289/2235/2060
f 3293/2240/2061 3268/2209/2061 3267/2208/2061 3290/2236/2061
f 3294/2241/2062 3269/2210/2062 3268/2209/2062 3293/2240/2062
f 3295/2242/2063 3270/2211/2063 3269/2210/2063 3294/2241/2063
f 3296/2243/2064 3297/2244/2064 3295/2242/2064 3294/2241/2064
f 3297/2244/2065 3271/2212/2065 3270/2211/2065 3295/2242/2065
f 3298/2245/2066 3299/2246/2066 3297/2244/2066 3296/2243/2066
f 3299/2246/2067 3272/2213/2067 3271/2212/2067 3297/2244/2067
f 3300/2247/2068 3301/2248/2068 3299/2246/2068 3298/2245/2068
f 3301/2248/2069 3273/2214/2069 3272/2213/2069 3299/2246/2069
f 3186/2249/2070 3302/2250/2070 3106/2251/2070 3002/2252/2070
f 3274/2221/2071 3302/2250/2071 3186/2249/2071 3175/2222/2071
f 3302/2250/2072 3303/2253/2072 3107/2254/2072 3106/2251/2072
f 3275/2224/2073 3303/2253/2073 3302/2250/2073 3274/2221/2073
f 3303/2253/2074 3304/2255/2074 3108/2256/2074 3107/2254/2074
f 3276/2226/2075 3304/2255/2075 3303/2253/2075 3275/2224/2075
f 3304/2255/2076 3305/2257/2076 3109/2258/2076 3108/2256/2076
f 3277/2228/2077 3305/2257/2077 3304/2255/2077 3276/2226/2077
f 3305/2257/2078 3306/2259/2078 3110/2260/2078 3109/2258/2078
f 3278/2215/2079 3306/2259/2079 3305/2257/2079 3277/2228/2079
f 3306/2259/2080 3278/2215/2080 3076/2218/2080 3110/2260/2080
f 3308/2261/2081 3282/2225/2081 3281/2223/2081 3307/2262/2081
f 3309/2263/2082 3283/2227/2082 3282/2225/2082 3308/2261/2082
f 3310/2264/2083 3284/2229/2083 3283/2227/2083 3309/2263/2083
f 3312/2265/2084 3287/2233/2084 3286/2231/2084 3311/2266/2084
f 3287/2233/2085 3312/2265/2085 3307/2262/2085 3281/2223/2085
f 3312/2265/2086 3313/2267/2086 3308/2261/2086 3307/2262/2086
f 3314/2268/2087 3315/2269/2087 3310/2264/2087 3309/2263/2087
f 3315/2269/2088 3288/2234/2088 3284/2229/2088 3310/2264/2088
f 3316/2270/2089 3289/2235/2089 3288/2234/2089 3315/2269/2089
f 3317/2271/2090 3291/2238/2090 3178/2237/2090 3187/2272/2090
f 3291/2238/2091 3317/2271/2091 3311/2266/2091 3286/2231/2091
f 3318/2273/2092 3292/2239/2092 3289/2235/2092 3316/2270/2092
f 3319/2274/2093 3293/2240/2093 3292/2239/2093 3318/2273/2093
f 3188/2275/2094 3320/2276/2094 3317/2271/2094 3187/2272/2094
f 3321/2277/2095 3322/2278/2095 3319/2274/2095 3318/2273/2095
f 3322/2278/2096 3294/2241/2096 3293/2240/2096 3319/2274/2096
f 3323/2279/2097 3296/2243/2097 3294/2241/2097 3322/2278/2097
f 3324/2280/2098 3298/2245/2098 3296/2243/2098 3323/2279/2098
f 3325/2281/2099 3300/2247/2099 3298/2245/2099 3324/2280/2099
f 3327/2282/2100 3309/2263/2100 3308/2261/2100 3326/2283/2100
f 3329/2284/2101 3312/2265/2101 3311/2266/2101 3328/2285/2101
f 3330/2286/2102 3313/2267/2102 3312/2265/2102 3329/2284/2102
f 3313/2267/2103 3330/2286/2103 3326/2283/2103 3308/2261/2103
f 3330/2286/2104 3331/2287/2104 3327/2282/2104 3326/2283/2104
f 3331/2287/2105 3314/2268/2105 3309/2263/2105 3327/2282/2105
f 3332/2288/2106 3315/2269/2106 3314/2268/2106 3331/2287/2106
f 3333/2289/2107 3316/2270/2107 3315/2269/2107 3332/2288/2107
f 3317/2271/2108 3334/2290/2108 3328/2285/2108 3311/2266/2108
f 3334/2290/2109 3335/2291/2109 3329/2284/2109 3328/2285/2109
f 3336/2292/2110 3337/2293/2110 3333/2289/2110 3332/2288/2110
f 3337/2293/2111 3318/2273/2111 3316/2270/2111 3333/2289/2111
f 3338/2294/2112 3320/2276/2112 3188/2275/2112 3196/2295/2112
f 3320/2276/2113 3338/2294/2113 3334/2290/2113 3317/2271/2113
f 3339/2296/2114 3321/2277/2114 3318/2273/2114 3337/2293/2114
f 3340/2297/2115 3322/2278/2115 3321/2277/2115 3339/2296/2115
f 3197/2298/2116 3341/2299/2116 3338/2294/2116 3196/2295/2116
f 3342/2300/2117 3343/2301/2117 3340/2297/2117 3339/2296/2117
f 3343/2301/2118 3323/2279/2118 3322/2278/2118 3340/2297/2118
f 3198/2302/2119 3344/2303/2119 3341/2299/2119 3197/2298/2119
f 3345/2304/2120 3346/2305/2120 3343/2301/2120 3342/2300/2120
f 3346/2305/2121 3324/2280/2121 3323/2279/2121 3343/2301/2121
f 3199/2306/2122 3347/2307/2122 3344/2303/2122 3198/2302/2122
f 3348/2308/2123 3349/2309/2123 3346/2305/2123 3345/2304/2123
f 3349/2309/2124 3325/2281/2124 3324/2280/2124 3346/2305/2124
f 3351/2310/2125 3330/2286/2125 3329/2284/2125 3350/2311/2125
f 3352/2312/2126 3331/2287/2126 3330/2286/2126 3351/2310/2126
f 3353/2313/2127 3332/2288/2127 3331/2287/2127 3352/2312/2127
f 3355/2314/2128 3335/2291/2128 3334/2290/2128 3354/2315/2128
f 3335/2291/2129 3355/2314/2129 3350/2311/2129 3329/2284/2129
f 3355/2314/2130 3356/2316/2130 3351/2310/2130 3350/2311/2130
f 3356/2316/2131 3357/2317/2131 3352/2312/2131 3351/2310/2131
f 3357/2317/2132 3358/2318/2132 3353/2313/2132 3352/2312/2132
f 3358/2318/2133 3336/2292/2133 3332/2288/2133 3353/2313/2133
f 3359/2319/2134 3337/2293/2134 3336/2292/2134 3358/2318/2134
f 3338/2294/2135 3360/2320/2135 3354/2315/2135 3334/2290/2135
f 3360/2320/2136 3361/2321/2136 3355/2314/2136 3354/2315/2136
f 3361/2321/2137 3362/2322/2137 3356/2316/2137 3355/2314/2137
f 3362/2322/2138 3363/2323/2138 3357/2317/2138 3356/2316/2138
f 3363/2323/2139 3364/2324/2139 3358/2318/2139 3357/2317/2139
f 3364/2324/2140 3365/2325/2140 3359/2319/2140 3358/2318/2140
f 3365/2325/2141 3339/2296/2141 3337/2293/2141 3359/2319/2141
f 3341/2299/2142 3366/2326/2142 3360/2320/2142 3338/2294/2142
f 3366/2326/2143 3367/2327/2143 3361/2321/2143 3360/2320/2143
f 3368/2328/2144 3369/2329/2144 3365/2325/2144 3364/2324/2144
f 3369/2329/2145 3342/2300/2145 3339/2296/2145 3365/2325/2145
f 3344/2303/2146 3370/2330/2146 3366/2326/2146 3341/2299/2146
f 3370/2330/2147 3371/2331/2147 3367/2327/2147 3366/2326/2147
f 3372/2332/2148 3373/2333/2148 3369/2329/2148 3368/2328/2148
f 3373/2333/2149 3345/2304/2149 3342/2300/2149 3369/2329/2149
f 3347/2307/2150 3374/2334/2150 3370/2330/2150 3344/2303/2150
f 3374/2334/2151 3375/2335/2151 3371/2331/2151 3370/2330/2151
f 3377/2336/2152 3348/2308/2152 3345/2304/2152 3373/2333/2152
f 3379/2337/2153 3362/2322/2153 3361/2321/2153 3378/2338/2153
f 3380/2339/2154 3363/2323/2154 3362/2322/2154 3379/2337/2154
f 3381/2340/2155 3364/2324/2155 3363/2323/2155 3380/2339/2155
f 3367/2327/2156 3382/2341/2156 3378/2338/2156 3361/2321/2156
f 3382/2341/2157 3383/2342/2157 3379/2337/2157 3378/2338/2157
f 3383/2342/2158 3384/2343/2158 3380/2339/2158 3379/2337/2158
f 3384/2343/2159 3385/2344/2159 3381/2340/2159 3380/2339/2159
f 3385/2344/2160 3368/2328/2160 3364/2324/2160 3381/2340/2160
f 3371/2331/2161 3386/2345/2161 3382/2341/2161 3367/2327/2161
f 3386/2345/2162 3387/2346/2162 3383/2342/2162 3382/2341/2162
f 3387/2346/2163 3388/2347/2163 3384/2343/2163 3383/2342/2163
f 3388/2347/2164 3389/2348/2164 3385/2344/2164 3384/2343/2164
f 3389/2348/2165 3372/2332/2165 3368/2328/2165 3385/2344/2165
f 3390/2349/2166 3373/2333/2166 3372/2332/2166 3389/2348/2166
f 3375/2335/2167 3391/2350/2167 3386/2345/2167 3371/2331/2167
f 3391/2350/2168 3392/2351/2168 3387/2346/2168 3386/2345/2168
f 3392/2351/2169 3393/2352/2169 3388/2347/2169 3387/2346/2169
f 3393/2352/2170 3394/2353/2170 3389/2348/2170 3388/2347/2170
f 3394/2353/2171 3395/2354/2171 3390/2349/2171 3389/2348/2171
f 3377/2336/2172 3395/2354/2172 3394/2353/2172 3376/2355/2172
f 3395/2354/2173 3377/2336/2173 3373/2333/2173 3390/2349/2173
f 3396/248/234 3214/268/234 2902/2356/234 2906/2357/234
f 3397/247/233 3215/267/233 3214/268/233 3396/248/233
f 3398/246/232 3216/266/232 3215/267/232 3397/247/232
f 3399/245/231 3217/2358/231 3216/266/231 3398/246/231
f 3400/2359/230 3218/2360/230 3217/2358/230 3399/245/230
f 3403/2361/229 3221/2362/229 3218/2360/229 3400/2359/229
f 3404/2363/228 3403/2361/228 3400/2359/228 3401/2364/228
f 3404/2363/227 3222/2365/227 3221/2362/227 3403/2361/227
f 3405/2366/2174 3404/2363/2174 3401/2364/2174 3402/2367/2174
f 3407/2368/2175 3226/253/2175 3222/2365/2175 3404/2363/2175
f 3408/2369/2176 3407/2368/2176 3404/2363/2176 3405/2366/2176
f 3409/2370/2177 3408/2369/2177 3405/2366/2177 3406/2371/2177
f 3227/2372/222 3410/230/222 2909/2373/222 2905/2374/222
f 3228/257/221 3411/2375/221 3410/230/221 3227/2372/221
f 3229/256/220 3412/227/220 3411/2375/220 3228/257/220
f 3230/2376/219 3413/226/219 3412/227/219 3229/256/219
f 3231/2377/218 3414/225/218 3413/226/218 3230/2376/218
f 3232/2378/217 3415/2379/217 3414/225/217 3231/2377/217
f 3415/2379/216 3232/2378/216 3226/253/216 3407/2368/216
f 3416/2380/2178 3415/2379/2178 3407/2368/2178 3408/2369/2178
f 3417/2381/2179 3416/2380/2179 3408/2369/2179 3409/2370/2179
f 3418/2382/213 3396/248/213 2906/2357/213 2910/2383/213
f 3419/2384/212 3397/247/212 3396/248/212 3418/2382/212
f 3420/220/211 3398/246/211 3397/247/211 3419/2384/211
f 3421/219/210 3399/245/210 3398/246/210 3420/220/210
f 3422/218/209 3400/2359/209 3399/245/209 3421/219/209
f 3423/2385/208 3401/2364/208 3400/2359/208 3422/218/208
f 3424/2386/2180 3402/2367/2180 3401/2364/2180 3423/2385/2180
f 2911/2387/206 3426/2388/206 3418/2382/206 2910/2383/206
f 3426/2388/205 3427/212/205 3419/2384/205 3418/2382/205
f 3428/2389/2181 3405/2366/2181 3402/2367/2181 3424/2386/2181
f 3429/2390/2182 3428/2389/2182 3424/2386/2182 3425/2391/2182
f 3429/2390/2183 3406/2371/2183 3405/2366/2183 3428/2389/2183
f 2912/2392/201 3430/231/201 3426/2388/201 2911/2387/201
f 3430/231/200 3431/209/200 3427/212/200 3426/2388/200
f 3432/2393/2184 3409/2370/2184 3406/2371/2184 3429/2390/2184
f 2913/2394/198 3433/2395/198 3430/231/198 2912/2392/198
f 3410/230/197 3433/2395/197 2913/2394/197 2909/2373/197
f 3433/2395/196 3434/2396/196 3431/209/196 3430/231/196
f 3411/2375/195 3434/2396/195 3433/2395/195 3410/230/195
f 3412/227/194 3435/2397/194 3434/2396/194 3411/2375/194
f 3413/226/193 3436/202/193 3435/2397/193 3412/227/193
f 3414/225/192 3437/201/192 3436/202/192 3413/226/192
f 3415/2379/191 3438/200/191 3437/201/191 3414/225/191
f 3416/2380/2185 3439/2398/2185 3438/200/2185 3415/2379/2185
f 3417/2381/189 3440/2399/189 3439/2398/189 3416/2380/189
f 3440/2399/2186 3417/2381/2186 3409/2370/2186 3432/2393/2186
f 3442/2400/187 3420/220/187 3419/2384/187 3441/2401/187
f 3443/2402/186 3421/219/186 3420/220/186 3442/2400/186
f 3444/198/185 3422/218/185 3421/219/185 3443/2402/185
f 3445/197/184 3423/2385/184 3422/218/184 3444/198/184
f 3446/2403/2187 3424/2386/2187 3423/2385/2187 3445/197/2187
f 3447/2404/2188 3425/2391/2188 3424/2386/2188 3446/2403/2188
f 3427/212/181 3448/2405/181 3441/2401/181 3419/2384/181
f 3448/2405/180 3449/2406/180 3442/2400/180 3441/2401/180
f 3449/2406/179 3450/2407/179 3443/2402/179 3442/2400/179
f 3431/209/178 3451/208/178 3448/2405/178 3427/212/178
f 3451/208/177 3452/205/177 3449/2406/177 3448/2405/177
f 3452/205/176 3453/2408/176 3450/2407/176 3449/2406/176
f 3434/2396/175 3454/2409/175 3451/208/175 3431/209/175
f 3454/2409/174 3455/203/174 3452/205/174 3451/208/174
f 3435/2397/173 3455/203/173 3454/2409/173 3434/2396/173
f 3455/203/172 3456/2410/172 3453/2408/172 3452/205/172
f 3436/202/171 3456/2410/171 3455/203/171 3435/2397/171
f 3437/201/170 3457/183/170 3456/2410/170 3436/202/170
f 3438/200/169 3458/181/169 3457/183/169 3437/201/169
f 3439/2398/168 3459/2411/168 3458/181/168 3438/200/168
f 3440/2399/2189 3460/2412/2189 3459/2411/2189 3439/2398/2189
f 3462/193/166 3444/198/166 3443/2402/166 3461/2413/166
f 3463/2414/165 3445/197/165 3444/198/165 3462/193/165
f 3464/2415/2190 3446/2403/2190 3445/197/2190 3463/2414/2190
f 3465/2416/2191 3447/2404/2191 3446/2403/2191 3464/2415/2191
f 3450/2407/2192 3466/2417/2192 3461/2413/2192 3443/2402/2192
f 3466/2417/161 3467/2418/161 3462/193/161 3461/2413/161
f 3467/2418/160 3468/2419/160 3463/2414/160 3462/193/160
f 3468/2419/2193 3469/2420/2193 3464/2415/2193 3463/2414/2193
f 3453/2408/158 3470/2421/158 3466/2417/158 3450/2407/158
f 3470/2421/157 3471/2422/157 3467/2418/157 3466/2417/157
f 3471/2422/156 3472/173/156 3468/2419/156 3467/2418/156
f 3456/2410/155 3473/185/155 3470/2421/155 3453/2408/155
f 3473/185/154 3474/2423/154 3471/2422/154 3470/2421/154
f 3457/183/153 3474/2423/153 3473/185/153 3456/2410/153
f 3474/2423/152 3475/171/152 3472/173/152 3471/2422/152
f 3458/181/151 3475/171/151 3474/2423/151 3457/183/151
f 3459/2411/150 3476/168/150 3475/171/150 3458/181/150
f 3460/2412/149 3477/71/149 3476/168/149 3459/2411/149
f 3479/78/2194 3465/2416/2194 3464/2415/2194 3478/2424/2194
f 3481/2425/147 3469/2420/147 3468/2419/147 3480/175/147
f 3469/2420/146 3481/2425/146 3478/2424/146 3464/2415/146
f 3481/2425/145 3482/58/145 3479/78/145 3478/2424/145
f 3472/173/144 3483/2426/144 3480/175/144 3468/2419/144
f 3483/2426/143 3484/2427/143 3481/2425/143 3480/175/143
f 3484/2427/142 3485/51/142 3482/58/142 3481/2425/142
f 3475/171/141 3486/170/141 3483/2426/141 3472/173/141
f 3486/170/2195 3487/167/2195 3484/2427/2195 3483/2426/2195
f 3476/168/139 3487/167/139 3486/170/139 3475/171/139
f 3487/167/138 3488/70/138 3485/51/138 3484/2427/138
f 3477/71/137 3488/70/137 3487/167/137 3476/168/137
f 3485/51/136 3490/50/136 3489/52/136 3482/58/136
f 3493/2428/2196 3429/2390/2196 3425/2391/2196 3491/2429/2196
f 3494/2430/2197 3493/2428/2197 3491/2429/2197 3492/2431/2197
f 3495/2432/2198 3432/2393/2198 3429/2390/2198 3493/2428/2198
f 3496/2433/2199 3495/2432/2199 3493/2428/2199 3494/2430/2199
f 3497/2434/2200 3440/2399/2200 3432/2393/2200 3495/2432/2200
f 3498/2435/2201 3497/2434/2201 3495/2432/2201 3496/2433/2201
f 3499/2436/2202 3491/2429/2202 3425/2391/2202 3447/2404/2202
f 3500/2437/2203 3492/2431/2203 3491/2429/2203 3499/2436/2203
f 3503/2438/2204 3494/2430/2204 3492/2431/2204 3500/2437/2204
f 3504/2439/2205 3503/2438/2205 3500/2437/2205 3501/2440/2205
f 3505/2441/2206 3504/2439/2206 3501/2440/2206 3502/2442/2206
f 3507/2443/2207 3496/2433/2207 3494/2430/2207 3503/2438/2207
f 3508/2444/2208 3507/2443/2208 3503/2438/2208 3504/2439/2208
f 3509/2445/2209 3508/2444/2209 3504/2439/2209 3505/2441/2209
f 3510/2446/2210 3509/2445/2210 3505/2441/2210 3506/2447/2210
f 3497/2434/2211 3511/2448/2211 3460/2412/2211 3440/2399/2211
f 3498/2435/2212 3512/2449/2212 3511/2448/2212 3497/2434/2212
f 3512/2449/2213 3498/2435/2213 3496/2433/2213 3507/2443/2213
f 3513/2450/2214 3512/2449/2214 3507/2443/2214 3508/2444/2214
f 3514/2451/2215 3513/2450/2215 3508/2444/2215 3509/2445/2215
f 3515/2452/2216 3499/2436/2216 3447/2404/2216 3465/2416/2216
f 3516/2453/2217 3500/2437/2217 3499/2436/2217 3515/2452/2217
f 3517/2454/2218 3501/2440/2218 3500/2437/2218 3516/2453/2218
f 3518/2455/2219 3502/2442/2219 3501/2440/2219 3517/2454/2219
f 3521/2456/2220 3505/2441/2220 3502/2442/2220 3518/2455/2220
f 3522/2457/2221 3521/2456/2221 3518/2455/2221 3519/79/2221
f 3522/2457/78 3506/2447/78 3505/2441/78 3521/2456/78
f 3523/76/77 3522/2457/77 3519/79/77 3520/2458/77
f 3510/2446/2222 3526/2459/2222 3525/2460/2222 3509/2445/2222
f 3526/2459/2223 3510/2446/2223 3506/2447/2223 3522/2457/2223
f 3527/2461/74 3526/2459/74 3522/2457/74 3523/76/74
f 3528/2462/73 3527/2461/73 3523/76/73 3524/2463/73
f 3511/2448/72 3529/2464/72 3477/71/72 3460/2412/72
f 3512/2449/2224 3530/2465/2224 3529/2464/2224 3511/2448/2224
f 3513/2450/2225 3531/2466/2225 3530/2465/2225 3512/2449/2225
f 3514/2451/2226 3532/2467/2226 3531/2466/2226 3513/2450/2226
f 3532/2467/2227 3514/2451/2227 3509/2445/2227 3525/2460/2227
f 3533/65/2228 3532/2467/2228 3525/2460/2228 3526/2459/2228
f 3534/63/66 3533/65/66 3526/2459/66 3527/2461/66
f 3535/2468/2229 3515/2452/2229 3465/2416/2229 3479/78/2229
f 3536/62/2230 3516/2453/2230 3515/2452/2230 3535/2468/2230
f 3537/61/2231 3517/2454/2231 3516/2453/2231 3536/62/2231
f 3538/60/2232 3518/2455/2232 3517/2454/2232 3537/61/2232
f 3539/59/2233 3519/79/2233 3518/2455/2233 3538/60/2233
f 3540/53/60 3520/2458/60 3519/79/60 3539/59/60
f 3482/58/59 3541/2469/59 3535/2468/59 3479/78/59
f 3542/48/58 3523/76/58 3520/2458/58 3540/53/58
f 3543/2470/57 3524/2463/57 3523/76/57 3542/48/57
f 3545/2471/56 3546/2472/56 3543/2470/56 3542/48/56
f 3528/2462/55 3546/2472/55 3545/2471/55 3527/2461/55
f 3546/2472/2234 3528/2462/2234 3524/2463/2234 3543/2470/2234
f 3488/70/53 3547/45/53 3544/47/53 3485/51/53
f 3529/2464/52 3547/45/52 3488/70/52 3477/71/52
f 3530/2465/2235 3548/43/2235 3547/45/2235 3529/2464/2235
f 3531/2466/50 3549/41/50 3548/43/50 3530/2465/50
f 3532/2467/49 3550/40/49 3549/41/49 3531/2466/49
f 3533/65/48 3551/2473/48 3550/40/48 3532/2467/48
f 3534/63/47 3552/37/47 3551/2473/47 3533/65/47
f 3552/37/46 3534/63/46 3527/2461/46 3545/2471/46
f 3554/54/45 3536/62/45 3535/2468/45 3553/2474/45
f 3555/2475/44 3537/61/44 3536/62/44 3554/54/44
f 3556/36/43 3538/60/43 3537/61/43 3555/2475/43
f 3557/35/42 3539/59/42 3538/60/42 3556/36/42
f 3558/2476/41 3540/53/41 3539/59/41 3557/35/41
f 3559/2477/40 3541/2469/40 3482/58/40 3489/52/40
f 3541/2469/39 3559/2477/39 3553/2474/39 3535/2468/39
f 3559/2477/38 3560/27/38 3554/54/38 3553/2474/38
f 3560/27/37 3561/2478/37 3555/2475/37 3554/54/37
f 3562/2479/36 3542/48/36 3540/53/36 3558/2476/36
f 3490/50/35 3563/2480/35 3559/2477/35 3489/52/35
f 3544/47/2 3563/2480/2 3490/50/2 3485/51/2
f 3563/2480/34 3564/2481/34 3560/27/34 3559/2477/34
f 3566/2482/6 3545/2471/6 3542/48/6 3562/2479/6
f 3547/45/33 3567/2483/33 3563/2480/33 3544/47/33
f 3567/2483/32 3568/42/32 3564/2481/32 3563/2480/32
f 3548/43/31 3568/42/31 3567/2483/31 3547/45/31
f 3568/42/30 3569/18/30 3565/2484/30 3564/2481/30
f 3549/41/29 3569/18/29 3568/42/29 3548/43/29
f 3550/40/28 3570/2485/28 3569/18/28 3549/41/28
f 3551/2473/27 3571/14/27 3570/2485/27 3550/40/27
f 3552/37/26 3572/10/26 3571/14/26 3551/2473/26
f 3572/10/25 3552/37/25 3545/2471/25 3566/2482/25
f 3574/2486/24 3556/36/24 3555/2475/24 3573/2487/24
f 3575/30/23 3557/35/23 3556/36/23 3574/2486/23
f 3576/2488/22 3558/2476/22 3557/35/22 3575/30/22
f 3578/2489/5 3561/2478/5 3560/27/5 3577/2490/5
f 3561/2478/21 3578/2489/21 3573/2487/21 3555/2475/21
f 3578/2489/20 3579/8/20 3574/2486/20 3573/2487/20
f 3579/8/19 3580/3/19 3575/30/19 3574/2486/19
f 3580/3/18 3581/22/18 3576/2488/18 3575/30/18
f 3581/22/6 3562/2479/6 3558/2476/6 3576/2488/6
f 3564/2481/17 3582/2491/17 3577/2490/17 3560/27/17
f 3582/2491/16 3583/19/16 3578/2489/16 3577/2490/16
f 3565/2484/2 3583/19/2 3582/2491/2 3564/2481/2
f 3583/19/15 3584/2492/15 3579/8/15 3578/2489/15
f 3585/2493/14 3586/2494/14 3581/22/14 3580/3/14
f 3586/2494/6 3566/2482/6 3562/2479/6 3581/22/6
f 3569/18/13 3587/17/13 3583/19/13 3565/2484/13
f 3587/17/12 3588/15/12 3584/2492/12 3583/19/12
f 3570/2485/11 3588/15/11 3587/17/11 3569/18/11
f 3588/15/10 3589/2495/10 3585/2493/10 3584/2492/10
f 3571/14/9 3589/2495/9 3588/15/9 3570/2485/9
f 3589/2495/8 3590/2496/8 3586/2494/8 3585/2493/8
f 3572/10/7 3590/2496/7 3589/2495/7 3571/14/7
f 3590/2496/6 3572/10/6 3566/2482/6 3586/2494/6
f 3592/2497/5 3580/3/5 3579/8/5 3591/7/5
f 3584/2492/4 3593/2498/4 3591/7/4 3579/8/4
f 3593/2498/3 3594/1/3 3592/2497/3 3591/7/3
f 3585/2493/2 3594/1/2 3593/2498/2 3584/2492/2
f 3594/1/1 3585/2493/1 3580/3/1 3592/2497/1
f 3234/2168/2236 3246/2167/2236 3245/2174/2236 3233/2173/2236
f 3244/2195/2237 2863/2499/2237 2862/2500/2237 3243/2193/2237
f 3243/2193/2238 2862/2500/2238 2861/2501/2238 3242/2191/2238
f 3242/2191/2239 2861/2501/2239 2860/2502/2239 3241/2189/2239
f 3241/2189/2240 2860/2502/2240 2859/2503/2240 3240/2186/2240
f 3240/2186/2241 2859/2503/2241 2858/2504/2241 3239/2184/2241
f 3239/2184/2242 2858/2504/2242 2857/2505/2242 3238/2182/2242
f 3238/2182/2243 2857/2505/2243 2855/2506/2243 3236/2507/2243
f 3237/2180/2244 3238/2182/2244 3236/2507/2244 3235/2172/2244
f 3236/2507/2245 2855/2506/2245 2854/2508/2245 3235/2172/2245
f 3235/2172/2246 2854/2508/2246 2852/2509/2246 3233/2173/2246
f 3234/2168/2247 2853/2510/2247 2604/2511/2247 3015/2169/2247
f 2853/2510/2248 3234/2168/2248 3233/2173/2248 2852/2509/2248
f 3232/2378/1708 3231/2377/1708 3225/2512/1708 3226/253/1708
f 3231/2377/1709 3230/2376/1709 3224/2513/1709 3225/2512/1709
f 3230/2376/1710 3229/256/1710 3223/2514/1710 3224/2513/1710
f 3229/256/1711 3213/1890/1711 3209/2515/1711 3223/2514/1711
f 2876/2516/2249 3595/2517/2249 3148/2518/2249 2700/2519/2249
f 589/1380/2250 1116/2160/2250 3595/2517/2250 2876/2516/2250
f 3213/1890/1712 3229/256/1712 3228/257/1712 3212/2520/1712
f 3212/2520/1713 3228/257/1713 3227/2372/1713 3211/2521/1713
f 3211/2521/1714 3227/2372/1714 2905/2374/1714 2901/2522/1714
f 3226/253/1715 3225/2512/1715 3221/2362/1715 3222/2365/1715
f 3225/2512/1716 3224/2513/1716 3220/2523/1716 3221/2362/1716
f 3224/2513/1717 3210/2524/1717 3206/2525/1717 3220/2523/1717
f 3210/2524/453 3224/2513/453 3223/2514/453 3209/2515/453
f 3595/2517/2251 3596/2526/2251 3159/2527/2251 3148/2518/2251
f 1116/2160/2252 1124/2152/2252 3596/2526/2252 3595/2517/2252
f 3221/2362/1719 3220/2523/1719 3217/2358/1719 3218/2360/1719
f 3220/2523/1720 3206/2525/1720 3205/2528/1720 3219/1900/1720
f 3220/2523/1721 3219/1900/1721 3216/266/1721 3217/2358/1721
f 3219/1900/1722 3205/2528/1722 3202/2529/1722 3216/266/1722
f 3216/266/1724 3202/2529/1724 3201/2530/1724 3215/267/1724
f 3215/267/1725 3201/2530/1725 3200/2531/1725 3214/268/1725
f 3214/268/1726 3200/2531/1726 2898/2532/1726 2902/2356/1726
f 3213/1890/1731 3212/2520/1731 3208/2533/1731 3209/2515/1731
f 3596/2526/2253 3597/2534/2253 3172/2535/2253 3159/2527/2253
f 3597/2534/2254 3598/2536/2254 3173/2537/2254 3172/2535/2254
f 1124/2152/2255 1133/2144/2255 3597/2534/2255 3596/2526/2255
f 1133/2144/2256 3599/2538/2256 3598/2536/2256 3597/2534/2256
f 3212/2520/1732 3211/2521/1732 3207/2539/1732 3208/2533/1732
f 3211/2521/1733 2901/2522/1733 2900/1912/1733 3207/2539/1733
f 3210/2524/2257 3209/2515/2257 3205/2528/2257 3206/2525/2257
f 3209/2515/1736 3208/2533/1736 3204/1914/1736 3205/2528/1736
f 3208/2533/1737 3195/2540/1737 3193/2541/1737 3204/1914/1737
f 3195/2540/1738 3208/2533/1738 3207/2539/1738 3194/1917/1738
f 3194/1917/1739 3207/2539/1739 3203/2542/1739 3192/2543/1739
f 3207/2539/1740 2900/1912/1740 2899/2544/1740 3203/2542/1740
f 3598/2536/2258 3600/2545/2258 3185/2546/2258 3173/2537/2258
f 1143/2134/2259 3599/2538/2259 1133/2144/2259 1142/2143/2259
f 3599/2538/2260 1143/2134/2260 3600/2545/2260 3598/2536/2260
f 3205/2528/1742 3204/1914/1742 3201/2530/1742 3202/2529/1742
f 3204/1914/1743 3193/2541/1743 3192/2543/1743 3203/2542/1743
f 3204/1914/1744 3203/2542/1744 3200/2531/1744 3201/2530/1744
f 3203/2542/1745 2899/2544/1745 2898/2532/1745 3200/2531/1745
f 3191/2547/2261 3199/2306/2261 3198/2302/2261 3190/2548/2261
f 3190/2548/2262 3198/2302/2262 3197/2298/2262 3189/2549/2262
f 3189/2549/2263 3197/2298/2263 3196/2295/2263 3188/2275/2263
f 3195/2540/1756 3194/1917/1756 3192/2543/1756 3193/2541/1756
f 3185/2546/2264 3191/2547/2264 3190/2548/2264 3183/2550/2264
f 3183/2550/2265 3190/2548/2265 3189/2549/2265 3181/2551/2265
f 3600/2545/2266 3601/2552/2266 3191/2547/2266 3185/2546/2266
f 1143/2134/2267 1154/2125/2267 3601/2552/2267 3600/2545/2267
f 3181/2551/2268 3189/2549/2268 3188/2275/2268 3179/2553/2268
f 3179/2553/2269 3188/2275/2269 3187/2272/2269 3178/2237/2269
f 3175/2222/2270 3186/2249/2270 3002/2252/2270 2989/2554/2270
f 3173/2537/2271 3185/2546/2271 3184/2555/2271 3172/2535/2271
f 3184/2555/2272 3185/2546/2272 3183/2550/2272 3182/2556/2272
f 3172/2535/2273 3184/2555/2273 3182/2556/2273 3171/2557/2273
f 3182/2556/2274 3183/2550/2274 3181/2551/2274 3180/2558/2274
f 3171/2557/2275 3182/2556/2275 3180/2558/2275 3169/2559/2275
f 3170/2560/2276 3181/2551/2276 3179/2553/2276 3168/2561/2276
f 3601/2552/2277 3602/2562/2277 3199/2306/2277 3191/2547/2277
f 3181/2551/2278 3170/2560/2278 3169/2559/2278 3180/2558/2278
f 3168/2561/2279 3179/2553/2279 3178/2237/2279 3166/2563/2279
f 3166/2563/2280 3178/2237/2280 3177/2232/2280 3165/2206/2280
f 3164/2201/2281 3176/2219/2281 3175/2222/2281 3162/2564/2281
f 3162/2564/2282 3175/2222/2282 3174/2565/2282 3161/2566/2282
f 3174/2565/2283 3175/2222/2283 2989/2554/2283 2988/2567/2283
f 3161/2566/2284 3174/2565/2284 2988/2567/2284 2972/2568/2284
f 3159/2527/2285 3172/2535/2285 3171/2557/2285 3158/2569/2285
f 3158/2569/2286 3171/2557/2286 3169/2559/2286 3157/2570/2286
f 3169/2559/2287 3170/2560/2287 3168/2561/2287 3167/2571/2287
f 3157/2570/2288 3169/2559/2288 3167/2571/2288 3155/2572/2288
f 3156/2573/2289 3168/2561/2289 3166/2563/2289 3154/2574/2289
f 3168/2561/2290 3156/2573/2290 3155/2572/2290 3167/2571/2290
f 3154/2574/2291 3166/2563/2291 3165/2206/2291 3153/2175/2291
f 3152/2178/2292 3164/2201/2292 3163/2575/2292 3151/2576/2292
f 3163/2575/2293 3164/2201/2293 3162/2564/2293 3161/2566/2293
f 3151/2576/2294 3163/2575/2294 3161/2566/2294 3150/2577/2294
f 3150/2577/2295 3161/2566/2295 3160/2578/2295 3149/2579/2295
f 3160/2578/2296 3161/2566/2296 2972/2568/2296 2971/2580/2296
f 3149/2579/2297 3160/2578/2297 2971/2580/2297 2955/2581/2297
f 3148/2518/2298 3159/2527/2298 3158/2569/2298 3147/2582/2298
f 3147/2582/2299 3158/2569/2299 3157/2570/2299 3146/2583/2299
f 3146/2583/2300 3157/2570/2300 3155/2572/2300 3144/2584/2300
f 3145/2585/2301 3156/2573/2301 3154/2574/2301 3143/2586/2301
f 3156/2573/2302 3145/2585/2302 3144/2584/2302 3155/2572/2302
f 3143/2586/2303 3154/2574/2303 3153/2175/2303 3142/2587/2303
f 3142/2587/2304 3153/2175/2304 3152/2178/2304 3141/2588/2304
f 3141/2588/2305 3152/2178/2305 3151/2576/2305 3140/2589/2305
f 3140/2589/2306 3151/2576/2306 3150/2577/2306 3139/2590/2306
f 3139/2590/2307 3150/2577/2307 3149/2579/2307 3138/2591/2307
f 3138/2591/2308 3149/2579/2308 2955/2581/2308 2941/2592/2308
f 2700/2519/2309 3148/2518/2309 3147/2582/2309 2699/2593/2309
f 2699/2593/2310 3147/2582/2310 3146/2583/2310 2698/2594/2310
f 2698/2594/2311 3146/2583/2311 3144/2584/2311 2696/2595/2311
f 2697/2596/2312 3145/2585/2312 3143/2586/2312 2695/2597/2312
f 3145/2585/2313 2697/2596/2313 2696/2595/2313 3144/2584/2313
f 2695/2597/2314 3143/2586/2314 3142/2587/2314 2694/2598/2314
f 2694/2598/2315 3142/2587/2315 3141/2588/2315 2693/2599/2315
f 2693/2599/2316 3141/2588/2316 3140/2589/2316 2692/2600/2316
f 2692/2600/2317 3140/2589/2317 3139/2590/2317 2691/2601/2317
f 2691/2601/2318 3139/2590/2318 3138/2591/2318 2690/2602/2318
f 3603/2603/2319 2897/2604/2319 2863/2499/2319 3244/2195/2319
f 1213/2089/2320 697/1523/2320 2897/2604/2320 3603/2603/2320
f 2690/2602/2321 3138/2591/2321 2941/2592/2321 2472/2605/2321
f 3137/2606/2322 3109/2258/2322 3103/2607/2322 3133/2608/2322
f 3604/2609/2323 3603/2603/2323 3244/2195/2323 3258/2194/2323
f 1216/2087/2324 1213/2089/2324 3603/2603/2324 3604/2609/2324
f 3109/2258/2325 3137/2606/2325 3136/2610/2325 3108/2256/2325
f 3136/2610/2326 3137/2606/2326 3133/2608/2326 3132/2611/2326
f 3606/2612/2327 3604/2609/2327 3258/2194/2327 3273/2214/2327
f 3607/2613/2328 1219/2084/2328 3606/2612/2328 3605/2614/2328
f 1219/2084/2329 1216/2087/2329 3604/2609/2329 3606/2612/2329
f 3108/2256/2330 3136/2610/2330 3135/2615/2330 3107/2254/2330
f 3135/2615/2331 3136/2610/2331 3132/2611/2331 3131/2616/2331
f 3608/2617/2332 3609/2618/2332 3301/2248/2332 3300/2247/2332
f 3606/2612/2333 3609/2618/2333 3608/2617/2333 3605/2614/2333
f 3609/2618/2334 3606/2612/2334 3273/2214/2334 3301/2248/2334
f 1224/2082/2335 3607/2613/2335 3605/2614/2335 3608/2617/2335
f 1225/2085/2336 1219/2084/2336 3607/2613/2336 1224/2082/2336
f 3107/2254/2337 3135/2615/2337 3134/2619/2337 3106/2251/2337
f 3134/2619/2338 3135/2615/2338 3131/2616/2338 3130/2620/2338
f 3106/2251/2339 3134/2619/2339 3130/2620/2339 3102/2621/2339
f 3133/2608/2340 3103/2607/2340 3099/2622/2340 3128/2623/2340
f 3132/2611/2341 3133/2608/2341 3128/2623/2341 3127/2624/2341
f 3611/2625/2342 3608/2617/2342 3300/2247/2342 3325/2281/2342
f 1154/2125/2343 3612/2626/2343 3610/2627/2343 3601/2552/2343
f 1233/2074/2344 1224/2082/2344 3608/2617/2344 3611/2625/2344
f 3131/2616/2345 3132/2611/2345 3127/2624/2345 3126/2628/2345
f 3130/2620/2346 3131/2616/2346 3126/2628/2346 3125/2629/2346
f 3102/2621/2347 3130/2620/2347 3125/2629/2347 3098/2630/2347
f 3129/2631/2348 3100/2632/2348 3096/2633/2348 3124/2634/2348
f 3100/2632/2349 3129/2631/2349 3128/2623/2349 3099/2622/2349
f 3128/2623/2350 3129/2631/2350 3124/2634/2350 3123/2635/2350
f 3127/2624/2351 3128/2623/2351 3123/2635/2351 3122/2636/2351
f 3126/2628/2352 3127/2624/2352 3122/2636/2352 3121/2637/2352
f 3602/2562/2353 3613/2638/2353 3347/2307/2353 3199/2306/2353
f 3610/2627/2354 3613/2638/2354 3602/2562/2354 3601/2552/2354
f 3614/2639/2355 3615/2640/2355 3349/2309/2355 3348/2308/2355
f 3615/2640/2356 3611/2625/2356 3325/2281/2356 3349/2309/2356
f 1242/2062/2357 3612/2626/2357 1154/2125/2357 1164/2076/2357
f 3612/2626/2358 1242/2062/2358 3613/2638/2358 3610/2627/2358
f 1243/2058/2359 1244/2075/2359 3615/2640/2359 3614/2639/2359
f 1244/2075/2360 1233/2074/2360 3611/2625/2360 3615/2640/2360
f 3125/2629/2361 3126/2628/2361 3121/2637/2361 3120/2641/2361
f 3098/2630/2362 3125/2629/2362 3004/2642/2362 2998/2643/2362
f 3004/2642/2363 3125/2629/2363 3120/2641/2363 3003/2644/2363
f 3124/2634/2364 3096/2633/2364 3095/2645/2364 3123/2635/2364
f 3123/2635/2365 3095/2645/2365 3091/2646/2365 3119/2647/2365
f 3122/2636/2366 3123/2635/2366 3119/2647/2366 3118/2648/2366
f 3121/2637/2367 3122/2636/2367 3118/2648/2367 3117/2649/2367
f 3120/2641/2368 3121/2637/2368 3117/2649/2368 3116/2650/2368
f 3094/2651/2369 3120/2641/2369 3116/2650/2369 3090/2652/2369
f 3120/2641/2370 3094/2651/2370 2996/2653/2370 3003/2644/2370
f 3119/2647/2371 3091/2646/2371 3087/2654/2371 3115/2655/2371
f 3118/2648/2372 3119/2647/2372 3115/2655/2372 3114/2656/2372
f 3117/2649/2373 3118/2648/2373 3114/2656/2373 3113/2657/2373
f 3613/2638/2374 3616/2658/2374 3374/2334/2374 3347/2307/2374
f 3616/2658/2375 3617/2659/2375 3375/2335/2375 3374/2334/2375
f 3618/2660/2376 3619/2661/2376 3377/2336/2376 3376/2355/2376
f 3619/2661/2377 3614/2639/2377 3348/2308/2377 3377/2336/2377
f 1242/2062/2378 1258/2060/2378 3616/2658/2378 3613/2638/2378
f 1258/2060/2379 1259/2043/2379 3617/2659/2379 3616/2658/2379
f 1260/2038/2380 1261/2059/2380 3619/2661/2380 3618/2660/2380
f 1261/2059/2381 1243/2058/2381 3614/2639/2381 3619/2661/2381
f 3116/2650/2382 3117/2649/2382 3113/2657/2382 3112/2662/2382
f 3090/2652/2383 3116/2650/2383 3112/2662/2383 3084/2663/2383
f 3115/2655/2384 3087/2654/2384 3086/2664/2384 3114/2656/2384
f 3114/2656/2385 3086/2664/2385 3085/2665/2385 3113/2657/2385
f 3113/2657/2386 3085/2665/2386 3084/2663/2386 3112/2662/2386
f 3111/2666/2387 3077/2217/2387 3074/2667/2387 3105/2668/2387
f 3077/2217/2388 3111/2666/2388 3110/2260/2388 3076/2218/2388
f 3110/2260/2389 3111/2666/2389 3105/2668/2389 3104/2669/2389
f 3109/2258/2390 3110/2260/2390 3104/2669/2390 3103/2607/2390
f 3002/2252/2391 3106/2251/2391 3102/2621/2391 3000/2670/2391
f 3105/2668/2392 3074/2667/2392 3072/2671/2392 3101/2672/2392
f 3104/2669/2393 3105/2668/2393 3101/2672/2393 3100/2632/2393
f 3103/2607/2349 3104/2669/2349 3100/2632/2349 3099/2622/2349
f 3000/2670/2362 3102/2621/2362 3098/2630/2362 2998/2643/2362
f 3101/2672/2394 3072/2671/2394 3070/2673/2394 3097/2674/2394
f 3100/2632/2395 3101/2672/2395 3097/2674/2395 3096/2633/2395
f 3097/2674/2396 3070/2673/2396 3068/2675/2396 3093/2676/2396
f 3096/2633/2397 3097/2674/2397 3093/2676/2397 3092/2677/2397
f 3095/2645/2364 3096/2633/2364 3092/2677/2364 3091/2646/2364
f 3617/2659/2398 3620/2678/2398 3391/2350/2398 3375/2335/2398
f 3620/2678/2399 3621/2679/2399 3392/2351/2399 3391/2350/2399
f 3621/2679/2400 3622/2680/2400 3393/2352/2400 3392/2351/2400
f 3622/2680/2401 3623/2681/2401 3394/2353/2401 3393/2352/2401
f 3623/2681/2402 3618/2660/2402 3376/2355/2402 3394/2353/2402
f 1259/2043/2403 1280/2042/2403 3620/2678/2403 3617/2659/2403
f 1280/2042/2404 1281/2041/2404 3621/2679/2404 3620/2678/2404
f 1281/2041/2405 1282/2040/2405 3622/2680/2405 3621/2679/2405
f 1282/2040/2406 1283/2039/2406 3623/2681/2406 3622/2680/2406
f 1283/2039/2407 1260/2038/2407 3618/2660/2407 3623/2681/2407
f 2996/2653/2370 3094/2651/2370 3090/2652/2370 2994/2682/2370
f 3093/2676/2408 3068/2675/2408 3066/2683/2408 3089/2684/2408
f 3092/2677/2409 3093/2676/2409 3089/2684/2409 3088/2685/2409
f 3091/2646/2410 3092/2677/2410 3088/2685/2410 3087/2654/2410
f 2994/2682/2411 3090/2652/2411 3084/2663/2411 2992/2686/2411
f 3089/2684/2412 3066/2683/2412 3065/2687/2412 3088/2685/2412
f 3088/2685/2413 3065/2687/2413 3063/2688/2413 3083/2689/2413
f 3087/2654/2413 3088/2685/2413 3083/2689/2413 3082/2690/2413
f 3086/2664/2414 3087/2654/2414 3082/2690/2414 3081/2691/2414
f 3085/2665/2415 3086/2664/2415 3081/2691/2415 3080/2692/2415
f 3084/2663/2416 3085/2665/2416 3080/2692/2416 3079/2693/2416
f 2992/2686/2417 3084/2663/2417 3079/2693/2417 2990/2694/2417
f 3083/2689/2413 3063/2688/2413 3062/2695/2413 3082/2690/2413
f 3082/2690/2418 3062/2695/2418 3061/2696/2418 3081/2691/2418
f 3081/2691/2419 3061/2696/2419 3060/2697/2419 3080/2692/2419
f 3080/2692/2420 3060/2697/2420 3059/2698/2420 3079/2693/2420
f 3079/2693/2417 3059/2698/2417 2975/2699/2417 2990/2694/2417
f 3078/2700/2421 3053/2198/2421 3050/2701/2421 3075/2702/2421
f 3053/2198/2422 3078/2700/2422 3077/2217/2422 3052/2199/2422
f 3077/2217/2423 3078/2700/2423 3075/2702/2423 3074/2667/2423
f 3075/2702/2424 3050/2701/2424 3048/2703/2424 3073/2704/2424
f 3074/2667/2425 3075/2702/2425 3073/2704/2425 3072/2671/2425
f 3073/2704/2426 3048/2703/2426 3046/2705/2426 3071/2706/2426
f 3072/2671/2427 3073/2704/2427 3071/2706/2427 3070/2673/2427
f 3071/2706/2428 3046/2705/2428 3044/2707/2428 3069/2708/2428
f 3070/2673/2429 3071/2706/2429 3069/2708/2429 3068/2675/2429
f 3069/2708/2430 3044/2707/2430 3043/2709/2430 3067/2710/2430
f 3068/2675/2431 3069/2708/2431 3067/2710/2431 3066/2683/2431
f 3067/2710/2432 3043/2709/2432 3042/2711/2432 3066/2683/2432
f 3066/2683/2433 3042/2711/2433 3040/2712/2433 3064/2713/2433
f 3065/2687/2434 3066/2683/2434 3064/2713/2434 3063/2688/2434
f 3064/2713/2435 3040/2712/2435 3039/2714/2435 3063/2688/2435
f 3063/2688/2436 3039/2714/2436 3037/2715/2436 3058/2716/2436
f 3062/2695/2437 3063/2688/2437 3058/2716/2437 3057/2717/2437
f 3061/2696/2438 3062/2695/2438 3057/2717/2438 3056/2718/2438
f 3060/2697/2439 3061/2696/2439 3056/2718/2439 3055/2719/2439
f 3059/2698/2440 3060/2697/2440 3055/2719/2440 3054/2720/2440
f 2975/2699/2441 3059/2698/2441 3054/2720/2441 2973/2721/2441
f 3058/2716/2442 3037/2715/2442 3036/2722/2442 3057/2717/2442
f 3057/2717/2443 3036/2722/2443 3035/2723/2443 3056/2718/2443
f 3056/2718/2444 3035/2723/2444 3034/2724/2444 3055/2719/2444
f 3055/2719/2445 3034/2724/2445 3033/2725/2445 3054/2720/2445
f 3054/2720/2446 3033/2725/2446 2957/2726/2446 2973/2721/2446
f 3053/2198/2447 3031/2170/2447 3029/2727/2447 3050/2701/2447
f 3051/2728/2448 3030/2729/2448 3028/2730/2448 3049/2731/2448
f 3030/2729/2449 3051/2728/2449 3050/2701/2449 3029/2727/2449
f 3050/2701/2450 3051/2728/2450 3049/2731/2450 3048/2703/2450
f 3049/2731/2451 3028/2730/2451 3027/2732/2451 3047/2733/2451
f 3048/2703/2452 3049/2731/2452 3047/2733/2452 3046/2705/2452
f 3047/2733/2453 3027/2732/2453 3026/2734/2453 3045/2735/2453
f 3046/2705/2454 3047/2733/2454 3045/2735/2454 3044/2707/2454
f 3045/2735/2455 3026/2734/2455 3025/2736/2455 3044/2707/2455
f 3044/2707/2456 3025/2736/2456 3023/2737/2456 3043/2709/2456
f 3043/2709/2457 3023/2737/2457 3022/2738/2457 3041/2739/2457
f 3042/2711/2458 3043/2709/2458 3041/2739/2458 3040/2712/2458
f 3041/2739/2459 3022/2738/2459 3021/2740/2459 3040/2712/2459
f 3040/2712/2460 3021/2740/2460 3020/2741/2460 3038/2742/2460
f 3039/2714/2461 3040/2712/2461 3038/2742/2461 3037/2715/2461
f 3038/2742/2462 3020/2741/2462 3019/2743/2462 3037/2715/2462
f 3037/2715/2463 3019/2743/2463 3018/2744/2463 3036/2722/2463
f 3036/2722/2464 3018/2744/2464 2924/2745/2464 2929/2746/2464
f 3035/2723/2465 3036/2722/2465 2929/2746/2465 2928/2747/2465
f 3034/2724/2466 3035/2723/2466 2928/2747/2466 2927/2748/2466
f 3033/2725/2467 3034/2724/2467 2927/2748/2467 2926/2749/2467
f 3017/2750/2468 3033/2725/2468 2926/2749/2468 2921/2751/2468
f 3033/2725/2469 3017/2750/2469 2943/2752/2469 2957/2726/2469
f 3032/2753/2470 3016/2754/2470 3014/2755/2470 3030/2729/2470
f 3016/2754/2471 3032/2753/2471 3031/2170/2471 3015/2169/2471
f 3031/2170/2472 3032/2753/2472 3030/2729/2472 3029/2727/2472
f 3030/2729/2473 3014/2755/2473 3013/2756/2473 3028/2730/2473
f 3028/2730/2474 3013/2756/2474 3012/2757/2474 3027/2732/2474
f 3027/2732/2475 3012/2757/2475 3011/2758/2475 3026/2734/2475
f 3026/2734/2476 3011/2758/2476 3010/2759/2476 3024/2760/2476
f 3025/2736/2477 3026/2734/2477 3024/2760/2477 3023/2737/2477
f 3024/2760/2478 3010/2759/2478 3009/2761/2478 3023/2737/2478
f 3023/2737/2479 3009/2761/2479 3008/2762/2479 3022/2738/2479
f 3022/2738/2480 3008/2762/2480 3007/2763/2480 3021/2740/2480
f 3021/2740/2481 3007/2763/2481 3006/2764/2481 3020/2741/2481
f 3020/2741/2482 3006/2764/2482 3005/2765/2482 3019/2743/2482
f 3019/2743/2483 3005/2765/2483 2920/2766/2483 2925/2767/2483
f 3018/2744/2483 3019/2743/2483 2925/2767/2483 2924/2745/2483
f 2943/2752/2484 3017/2750/2484 2921/2751/2484 2915/2768/2484
f 3016/2754/2485 2605/2769/2485 2603/2770/2485 3014/2755/2485
f 2605/2769/2486 3016/2754/2486 3015/2169/2486 2604/2511/2486
f 3014/2755/2487 2603/2770/2487 2602/2771/2487 3013/2756/2487
f 3013/2756/2488 2602/2771/2488 2601/2772/2488 3012/2757/2488
f 3012/2757/2489 2601/2772/2489 2600/2773/2489 3011/2758/2489
f 3011/2758/2490 2600/2773/2490 2599/2774/2490 3010/2759/2490
f 3010/2759/2491 2599/2774/2491 2598/2775/2491 3009/2761/2491
f 3009/2761/2492 2598/2775/2492 2597/2776/2492 3008/2762/2492
f 3008/2762/2493 2597/2776/2493 2596/2777/2493 3007/2763/2493
f 3007/2763/2494 2596/2777/2494 2595/2778/2494 3006/2764/2494
f 3006/2764/2495 2595/2778/2495 2594/2779/2495 3005/2765/2495
f 3005/2765/2496 2594/2779/2496 2397/2780/2496 2920/2766/2496
f 2998/2643/2497 3004/2642/2497 3003/2644/2497 2996/2653/2497
f 2989/2554/2498 3002/2252/2498 3001/2781/2498 2988/2567/2498
f 3001/2781/2499 3002/2252/2499 3000/2670/2499 2999/2782/2499
f 2988/2567/2500 3001/2781/2500 2999/2782/2500 2986/2783/2500
f 2999/2782/2501 3000/2670/2501 2998/2643/2501 2997/2784/2501
f 2986/2783/2502 2999/2782/2502 2997/2784/2502 2984/2785/2502
f 2997/2784/2503 2998/2643/2503 2996/2653/2503 2995/2786/2503
f 2984/2785/2504 2997/2784/2504 2995/2786/2504 2982/2787/2504
f 2995/2786/2505 2996/2653/2505 2994/2682/2505 2993/2788/2505
f 2982/2787/2506 2995/2786/2506 2993/2788/2506 2980/2789/2506
f 2993/2788/2507 2994/2682/2507 2992/2686/2507 2991/2790/2507
f 2980/2789/2508 2993/2788/2508 2991/2790/2508 2977/2791/2508
f 2978/2792/2417 2992/2686/2417 2990/2694/2417 2975/2699/2417
f 2992/2686/2509 2978/2792/2509 2977/2791/2509 2991/2790/2509
f 2972/2568/2510 2988/2567/2510 2987/2793/2510 2971/2580/2510
f 2987/2793/2511 2988/2567/2511 2986/2783/2511 2985/2794/2511
f 2971/2580/2512 2987/2793/2512 2985/2794/2512 2970/2795/2512
f 2985/2794/2513 2986/2783/2513 2984/2785/2513 2983/2796/2513
f 2970/2795/2514 2985/2794/2514 2983/2796/2514 2968/2797/2514
f 2983/2796/2515 2984/2785/2515 2982/2787/2515 2981/2798/2515
f 2968/2797/2516 2983/2796/2516 2981/2798/2516 2966/2799/2516
f 2981/2798/2517 2982/2787/2517 2980/2789/2517 2979/2800/2517
f 2966/2799/2518 2981/2798/2518 2979/2800/2518 2964/2801/2518
f 2979/2800/2519 2980/2789/2519 2977/2791/2519 2976/2802/2519
f 2964/2801/2520 2979/2800/2520 2976/2802/2520 2961/2803/2520
f 2977/2791/2521 2978/2792/2521 2975/2699/2521 2974/2804/2521
f 2962/2805/2522 2977/2791/2522 2974/2804/2522 2959/2806/2522
f 2977/2791/2523 2962/2805/2523 2961/2803/2523 2976/2802/2523
f 2960/2807/2524 2975/2699/2524 2973/2721/2524 2957/2726/2524
f 2975/2699/2525 2960/2807/2525 2959/2806/2525 2974/2804/2525
f 2955/2581/2526 2971/2580/2526 2970/2795/2526 2953/2808/2526
f 2953/2808/2527 2970/2795/2527 2969/2809/2527 2952/2810/2527
f 2969/2809/2528 2970/2795/2528 2968/2797/2528 2967/2811/2528
f 2952/2810/2529 2969/2809/2529 2967/2811/2529 2951/2812/2529
f 2967/2811/2530 2968/2797/2530 2966/2799/2530 2965/2813/2530
f 2951/2812/2531 2967/2811/2531 2965/2813/2531 2950/2814/2531
f 2965/2813/2532 2966/2799/2532 2964/2801/2532 2963/2815/2532
f 2950/2814/2533 2965/2813/2533 2963/2815/2533 2948/2816/2533
f 2949/2817/2534 2964/2801/2534 2961/2803/2534 2947/2818/2534
f 2964/2801/2535 2949/2817/2535 2948/2816/2535 2963/2815/2535
f 2961/2803/2536 2962/2805/2536 2959/2806/2536 2958/2819/2536
f 2947/2818/2537 2961/2803/2537 2958/2819/2537 2944/2820/2537
f 2959/2806/2538 2960/2807/2538 2957/2726/2538 2956/2821/2538
f 2945/2822/2539 2959/2806/2539 2956/2821/2539 2942/2823/2539
f 2959/2806/2540 2945/2822/2540 2944/2820/2540 2958/2819/2540
f 2957/2726/2541 2943/2752/2541 2942/2823/2541 2956/2821/2541
f 2941/2592/2542 2955/2581/2542 2954/2824/2542 2940/2825/2542
f 2954/2824/2543 2955/2581/2543 2953/2808/2543 2952/2810/2543
f 2940/2825/2544 2954/2824/2544 2952/2810/2544 2939/2826/2544
f 2939/2826/2545 2952/2810/2545 2951/2812/2545 2938/2827/2545
f 2938/2827/2546 2951/2812/2546 2950/2814/2546 2937/2828/2546
f 2937/2828/2547 2950/2814/2547 2948/2816/2547 2936/2829/2547
f 2948/2816/2548 2949/2817/2548 2947/2818/2548 2946/2830/2548
f 2936/2829/2549 2948/2816/2549 2946/2830/2549 2934/2831/2549
f 2935/2832/2550 2947/2818/2550 2944/2820/2550 2932/2833/2550
f 2947/2818/2551 2935/2832/2551 2934/2831/2551 2946/2830/2551
f 2933/2834/2552 2945/2822/2552 2942/2823/2552 2930/2835/2552
f 2945/2822/2553 2933/2834/2553 2932/2833/2553 2944/2820/2553
f 2931/2836/2484 2943/2752/2484 2915/2768/2484 2914/2837/2484
f 2943/2752/2554 2931/2836/2554 2930/2835/2554 2942/2823/2554
f 2472/2605/2555 2941/2592/2555 2940/2825/2555 2471/2838/2555
f 2471/2838/2556 2940/2825/2556 2939/2826/2556 2470/2839/2556
f 2470/2839/2557 2939/2826/2557 2938/2827/2557 2469/2840/2557
f 2469/2840/2558 2938/2827/2558 2937/2828/2558 2468/2841/2558
f 2468/2841/2559 2937/2828/2559 2936/2829/2559 2467/2842/2559
f 2467/2842/2560 2936/2829/2560 2934/2831/2560 2465/2843/2560
f 2466/2844/2561 2935/2832/2561 2932/2833/2561 2463/2845/2561
f 2935/2832/2562 2466/2844/2562 2465/2843/2562 2934/2831/2562
f 2464/2846/2563 2933/2834/2563 2930/2835/2563 2461/2847/2563
f 2933/2834/2564 2464/2846/2564 2463/2845/2564 2932/2833/2564
f 2462/2848/2565 2931/2836/2565 2914/2837/2565 2383/2849/2565
f 2931/2836/2566 2462/2848/2566 2461/2847/2566 2930/2835/2566
f 2929/2746/2567 2924/2745/2567 2923/2850/2567 2928/2747/2567
f 2928/2747/2568 2923/2850/2568 2922/2851/2568 2927/2748/2568
f 2927/2748/2569 2922/2851/2569 2921/2751/2569 2926/2749/2569
f 2925/2767/2483 2920/2766/2483 2919/2852/2483 2924/2745/2483
f 2924/2745/2570 2919/2852/2570 2918/2853/2570 2923/2850/2570
f 2923/2850/2571 2918/2853/2571 2917/2854/2571 2922/2851/2571
f 2922/2851/2572 2917/2854/2572 2916/2855/2572 2921/2751/2572
f 2921/2751/2484 2916/2855/2484 2914/2837/2484 2915/2768/2484
f 2920/2766/2573 2397/2780/2573 2396/2856/2573 2919/2852/2573
f 2919/2852/2574 2396/2856/2574 2395/2857/2574 2918/2853/2574
f 2918/2853/2575 2395/2857/2575 2394/2858/2575 2917/2854/2575
f 2917/2854/2576 2394/2858/2576 2393/2859/2576 2916/2855/2576
f 2916/2855/2577 2393/2859/2577 2383/2849/2577 2914/2837/2577
f 2909/2373/2004 2913/2394/2004 2912/2392/2004 2908/2860/2004
f 2908/2860/2005 2912/2392/2005 2911/2387/2005 2907/2861/2005
f 2907/2861/2006 2911/2387/2006 2910/2383/2006 2906/2357/2006
f 2905/2374/2007 2909/2373/2007 2908/2860/2007 2904/2862/2007
f 2904/2862/1740 2908/2860/1740 2907/2861/1740 2903/2863/1740
f 2903/2863/2008 2907/2861/2008 2906/2357/2008 2902/2356/2008
f 2901/2522/1740 2905/2374/1740 2904/2862/1740 2900/1912/1740
f 2900/1912/1740 2904/2862/1740 2903/2863/1740 2899/2544/1740
f 2899/2544/1740 2903/2863/1740 2902/2356/1740 2898/2532/1740
f 697/1523/2578 694/1517/2578 2896/2864/2578 2897/2604/2578
f 2897/2604/2579 2896/2864/2579 2851/2865/2579 2863/2499/2579
f 694/1517/2580 689/1510/2580 2894/2866/2580 2896/2864/2580
f 2896/2864/2581 2894/2866/2581 2837/2867/2581 2851/2865/2581
f 689/1510/2582 681/1499/2582 680/1497/2582 2895/2868/2582
f 689/1510/2583 2895/2868/2583 2893/2869/2583 2894/2866/2583
f 2895/2868/2584 680/1497/2584 2891/2870/2584 2893/2869/2584
f 2894/2866/2585 2892/2871/2585 2822/2872/2585 2837/2867/2585
f 2892/2871/2586 2894/2866/2586 2893/2869/2586 2891/2870/2586
f 680/1497/2587 671/1486/2587 2889/2873/2587 2891/2870/2587
f 2892/2871/2588 2891/2870/2588 2821/2874/2588 2822/2872/2588
f 2891/2870/2589 2889/2873/2589 2794/2875/2589 2821/2874/2589
f 671/1486/2590 657/1467/2590 2887/2876/2590 2889/2873/2590
f 655/1463/2591 2890/2877/2591 2888/2878/2591 2885/2879/2591
f 2890/2877/2592 655/1463/2592 538/1327/2592 549/1326/2592
f 2890/2877/2593 549/1326/2593 2870/2880/2593 2888/2878/2593
f 2889/2873/2594 2887/2876/2594 2770/2881/2594 2794/2875/2594
f 2885/2879/2595 2888/2878/2595 2870/2880/2595 2869/2882/2595
f 657/1467/2596 656/1465/2596 2886/2883/2596 2887/2876/2596
f 656/1465/2597 636/1440/2597 2884/2884/2597 2886/2883/2597
f 633/1435/2598 655/1463/2598 2885/2879/2598 2881/2885/2598
f 2887/2876/2599 2886/2883/2599 2769/2886/2599 2770/2881/2599
f 2886/2883/2600 2884/2884/2600 2746/2887/2600 2769/2886/2600
f 2881/2885/2601 2885/2879/2601 2768/2888/2601 2743/2889/2601
f 2885/2879/2602 2869/2882/2602 2646/2890/2602 2768/2888/2602
f 636/1440/2603 635/1438/2603 2883/2891/2603 2884/2884/2603
f 635/1438/2604 600/1399/2604 2880/2892/2604 2883/2891/2604
f 597/1394/2605 634/1436/2605 2882/2893/2605 2877/2894/2605
f 634/1436/2606 633/1435/2606 2881/2885/2606 2882/2893/2606
f 2884/2884/2607 2883/2891/2607 2745/2895/2607 2746/2887/2607
f 2883/2891/2608 2880/2892/2608 2717/2896/2608 2745/2895/2608
f 2877/2894/2609 2882/2893/2609 2744/2897/2609 2714/2898/2609
f 2882/2893/2610 2881/2885/2610 2743/2889/2610 2744/2897/2610
f 600/1399/2611 599/1397/2611 2879/2899/2611 2880/2892/2611
f 599/1397/2612 598/1395/2612 2878/2900/2612 2879/2899/2612
f 598/1395/2613 597/1394/2613 2877/2894/2613 2878/2900/2613
f 2880/2892/2614 2879/2899/2614 2716/2901/2614 2717/2896/2614
f 2879/2899/2615 2878/2900/2615 2715/2902/2615 2716/2901/2615
f 2878/2900/2616 2877/2894/2616 2714/2898/2616 2715/2902/2616
f 580/1367/2617 589/1380/2617 2876/2516/2617 2875/2903/2617
f 2875/2903/2618 2876/2516/2618 2700/2519/2618 2689/2904/2618
f 571/1356/2619 580/1367/2619 2875/2903/2619 2872/2905/2619
f 2872/2905/2620 2875/2903/2620 2689/2904/2620 2677/2906/2620
f 560/1341/2621 2874/2907/2621 2873/2908/2621 2871/2909/2621
f 2874/2907/2622 560/1341/2622 559/1340/2622 571/1356/2622
f 2874/2907/2623 571/1356/2623 2872/2905/2623 2873/2908/2623
f 2871/2909/2624 2873/2908/2624 2678/2910/2624 2664/2911/2624
f 2873/2908/2625 2872/2905/2625 2677/2906/2625 2678/2910/2625
f 549/1326/2626 560/1341/2626 2871/2909/2626 2870/2880/2626
f 2870/2880/2627 2871/2909/2627 2664/2911/2627 2652/2912/2627
f 2869/2882/2628 2870/2880/2628 2652/2912/2628 2646/2890/2628
f 501/1277/2629 123/1276/2629 122/881/2629 500/1280/2629
f 500/1280/2630 122/881/2630 7/760/2630 20/774/2630
f 241/1014/2631 223/1013/2631 2864/2913/2631 77/857/2631
f 225/995/2632 204/994/2632 2868/2914/2632 224/998/2632
f 224/998/2633 2868/2914/2633 203/967/2633 223/1013/2633
f 223/1013/2634 203/967/2634 42/798/2634 2864/2913/2634
f 206/974/2635 186/973/2635 2867/2915/2635 205/977/2635
f 205/977/2636 2867/2915/2636 185/947/2636 204/994/2636
f 204/994/2637 185/947/2637 184/948/2637 2868/2914/2637
f 2868/2914/2638 184/948/2638 183/951/2638 203/967/2638
f 187/954/2639 164/926/2639 163/924/2639 186/973/2639
f 186/973/2640 163/924/2640 162/925/2640 2867/2915/2640
f 2867/2915/2641 162/925/2641 161/930/2641 185/947/2641
f 126/890/2642 99/889/2642 2866/2916/2642 125/893/2642
f 125/893/2643 2866/2916/2643 98/849/2643 124/1275/2643
f 124/1275/2644 98/849/2644 97/847/2644 123/1276/2644
f 123/1276/2645 97/847/2645 96/848/2645 122/881/2645
f 101/859/2646 76/858/2646 2865/2917/2646 100/863/2646
f 100/863/2647 2865/2917/2647 75/825/2647 99/889/2647
f 99/889/2648 75/825/2648 74/826/2648 2866/2916/2648
f 2866/2916/2649 74/826/2649 73/832/2649 98/849/2649
f 77/857/2650 2864/2913/2650 57/808/2650 76/858/2650
f 76/858/2651 57/808/2651 56/809/2651 2865/2917/2651
f 2865/2917/2652 56/809/2652 55/813/2652 75/825/2652
f 2864/2913/2653 42/798/2653 41/796/2653 57/808/2653
f 2863/2499/2654 2851/2865/2654 2850/2918/2654 2862/2500/2654
f 2862/2500/2655 2850/2918/2655 2849/2919/2655 2861/2501/2655
f 2861/2501/2656 2849/2919/2656 2848/2920/2656 2860/2502/2656
f 2860/2502/2657 2848/2920/2657 2846/2921/2657 2859/2503/2657
f 2859/2503/2658 2846/2921/2658 2845/2922/2658 2858/2504/2658
f 2858/2504/2659 2845/2922/2659 2844/2923/2659 2857/2505/2659
f 2857/2505/2660 2844/2923/2660 2843/2924/2660 2856/2925/2660
f 2857/2505/2661 2856/2925/2661 2854/2508/2661 2855/2506/2661
f 2856/2925/2662 2843/2924/2662 2841/2926/2662 2854/2508/2662
f 2854/2508/2663 2841/2926/2663 2838/2927/2663 2852/2509/2663
f 2853/2510/2664 2839/2928/2664 2592/2929/2664 2604/2511/2664
f 2839/2928/2665 2853/2510/2665 2852/2509/2665 2838/2927/2665
f 2851/2865/2666 2837/2867/2666 2836/2930/2666 2850/2918/2666
f 2850/2918/2667 2836/2930/2667 2835/2931/2667 2849/2919/2667
f 2849/2919/2668 2835/2931/2668 2834/2932/2668 2848/2920/2668
f 2848/2920/2669 2834/2932/2669 2833/2933/2669 2847/2934/2669
f 2848/2920/2670 2847/2934/2670 2845/2922/2670 2846/2921/2670
f 2847/2934/2671 2833/2933/2671 2832/2935/2671 2845/2922/2671
f 2845/2922/2672 2832/2935/2672 2831/2936/2672 2844/2923/2672
f 2844/2923/2673 2831/2936/2673 2830/2937/2673 2843/2924/2673
f 2843/2924/2674 2830/2937/2674 2828/2938/2674 2841/2926/2674
f 2829/2939/2675 2842/2940/2675 2840/2941/2675 2826/2942/2675
f 2842/2940/2676 2829/2939/2676 2670/2943/2676 2683/2944/2676
f 2842/2940/2677 2683/2944/2677 2682/2945/2677 2840/2941/2677
f 2841/2926/2678 2828/2938/2678 2824/2946/2678 2838/2927/2678
f 2826/2942/2679 2840/2941/2679 2682/2945/2679 2669/2947/2679
f 2839/2928/2680 2825/2948/2680 2577/2949/2680 2592/2929/2680
f 2825/2948/2681 2839/2928/2681 2838/2927/2681 2824/2946/2681
f 2837/2867/2682 2822/2872/2682 2820/2950/2682 2836/2930/2682
f 2836/2930/2683 2820/2950/2683 2818/2951/2683 2835/2931/2683
f 2835/2931/2684 2818/2951/2684 2816/2952/2684 2834/2932/2684
f 2834/2932/2685 2816/2952/2685 2815/2953/2685 2833/2933/2685
f 2833/2933/2686 2815/2953/2686 2814/2954/2686 2832/2935/2686
f 2832/2935/2687 2814/2954/2687 2811/2955/2687 2831/2936/2687
f 2831/2936/2688 2811/2955/2688 2810/2956/2688 2830/2937/2688
f 2830/2937/2689 2810/2956/2689 2806/2957/2689 2828/2938/2689
f 2807/2958/2690 2829/2939/2690 2826/2942/2690 2801/2959/2690
f 2829/2939/2691 2807/2958/2691 2656/2960/2691 2670/2943/2691
f 2828/2938/2692 2806/2957/2692 2805/2961/2692 2827/2962/2692
f 2828/2938/2693 2827/2962/2693 2823/2963/2693 2824/2946/2693
f 2827/2962/2694 2805/2961/2694 2799/2964/2694 2823/2963/2694
f 2801/2959/2695 2826/2942/2695 2669/2947/2695 2655/2965/2695
f 2825/2948/2696 2824/2946/2696 2576/2966/2696 2577/2949/2696
f 2824/2946/2697 2800/2967/2697 2555/2968/2697 2576/2966/2697
f 2800/2967/2698 2824/2946/2698 2823/2963/2698 2799/2964/2698
f 2822/2872/2699 2821/2874/2699 2819/2969/2699 2820/2950/2699
f 2821/2874/2700 2794/2875/2700 2793/2970/2700 2819/2969/2700
f 2820/2950/2701 2819/2969/2701 2817/2971/2701 2818/2951/2701
f 2819/2969/2702 2793/2970/2702 2792/2972/2702 2817/2971/2702
f 2818/2951/2703 2817/2971/2703 2815/2953/2703 2816/2952/2703
f 2817/2971/2704 2792/2972/2704 2791/2973/2704 2815/2953/2704
f 2815/2953/2705 2791/2973/2705 2788/2974/2705 2814/2954/2705
f 2814/2954/2706 2788/2974/2706 2787/2975/2706 2813/2976/2706
f 2814/2954/2707 2813/2976/2707 2810/2956/2707 2811/2955/2707
f 2813/2976/2708 2787/2975/2708 2785/2977/2708 2810/2956/2708
f 2786/2978/2709 2812/2979/2709 2807/2958/2709 2780/2980/2709
f 2812/2979/2710 2786/2978/2710 2648/2981/2710 2657/2982/2710
f 2812/2979/2711 2657/2982/2711 2656/2960/2711 2807/2958/2711
f 2810/2956/2712 2785/2977/2712 2784/2983/2712 2809/2984/2712
f 2810/2956/2713 2809/2984/2713 2805/2961/2713 2806/2957/2713
f 2809/2984/2714 2784/2983/2714 2779/2985/2714 2805/2961/2714
f 2781/2986/2715 2808/2987/2715 2802/2988/2715 2776/2989/2715
f 2808/2987/2716 2781/2986/2716 2780/2980/2716 2807/2958/2716
f 2808/2987/2717 2807/2958/2717 2801/2959/2717 2802/2988/2717
f 2805/2961/2718 2779/2985/2718 2778/2990/2718 2804/2991/2718
f 2805/2961/2719 2804/2991/2719 2798/2992/2719 2799/2964/2719
f 2804/2991/2720 2778/2990/2720 2777/2993/2720 2803/2994/2720
f 2804/2991/2721 2803/2994/2721 2797/2995/2721 2798/2992/2721
f 2803/2994/2722 2777/2993/2722 2776/2989/2722 2802/2988/2722
f 2803/2994/2723 2802/2988/2723 2796/2996/2723 2797/2995/2723
f 2802/2988/2724 2801/2959/2724 2795/2997/2724 2796/2996/2724
f 2801/2959/2725 2655/2965/2725 2654/2998/2725 2795/2997/2725
f 2800/2967/2726 2799/2964/2726 2554/2999/2726 2555/2968/2726
f 2799/2964/2727 2775/3000/2727 2530/3001/2727 2554/2999/2727
f 2775/3000/2728 2799/2964/2728 2798/2992/2728 2774/3002/2728
f 2774/3002/2729 2798/2992/2729 2797/2995/2729 2773/3003/2729
f 2773/3003/2730 2797/2995/2730 2796/2996/2730 2772/3004/2730
f 2772/3004/2731 2796/2996/2731 2795/2997/2731 2771/3005/2731
f 2771/3005/2732 2795/2997/2732 2654/2998/2732 2647/3006/2732
f 2794/2875/2733 2770/2881/2733 2767/3007/2733 2793/2970/2733
f 2793/2970/2734 2767/3007/2734 2764/3008/2734 2792/2972/2734
f 2792/2972/2735 2764/3008/2735 2761/3009/2735 2791/2973/2735
f 2791/2973/2736 2761/3009/2736 2760/3010/2736 2790/3011/2736
f 2791/2973/2737 2790/3011/2737 2787/2975/2737 2788/2974/2737
f 2790/3011/2738 2760/3010/2738 2758/3012/2738 2787/2975/2738
f 2759/3013/2739 2789/3014/2739 2786/2978/2739 2755/3015/2739
f 2789/3014/2740 2759/3013/2740 2643/3016/2740 2649/3017/2740
f 2789/3014/2741 2649/3017/2741 2648/2981/2741 2786/2978/2741
f 2787/2975/2742 2758/3012/2742 2754/3018/2742 2785/2977/2742
f 2755/3015/2743 2786/2978/2743 2780/2980/2743 2749/3019/2743
f 2785/2977/2744 2754/3018/2744 2753/3020/2744 2784/2983/2744
f 2784/2983/2745 2753/3020/2745 2752/3021/2745 2783/3022/2745
f 2784/2983/2746 2783/3022/2746 2778/2990/2746 2779/2985/2746
f 2783/3022/2747 2752/3021/2747 2748/3023/2747 2778/2990/2747
f 2751/3024/2748 2782/3025/2748 2777/2993/2748 2747/3026/2748
f 2782/3025/2749 2751/3024/2749 2750/3027/2749 2781/2986/2749
f 2782/3025/2750 2781/2986/2750 2776/2989/2750 2777/2993/2750
f 2781/2986/2751 2750/3027/2751 2749/3019/2751 2780/2980/2751
f 2778/2990/2752 2748/3023/2752 2747/3026/2752 2777/2993/2752
f 2775/3000/2753 2774/3002/2753 2529/3028/2753 2530/3001/2753
f 2774/3002/2754 2773/3003/2754 2528/3029/2754 2529/3028/2754
f 2773/3003/2755 2772/3004/2755 2527/3030/2755 2528/3029/2755
f 2772/3004/2756 2771/3005/2756 2526/3031/2756 2527/3030/2756
f 2771/3005/2757 2647/3006/2757 2412/3032/2757 2526/3031/2757
f 2770/2881/2758 2769/2886/2758 2766/3033/2758 2767/3007/2758
f 2769/2886/2759 2746/2887/2759 2742/3034/2759 2766/3033/2759
f 2743/2889/2760 2768/2888/2760 2765/3035/2760 2739/3036/2760
f 2768/2888/2761 2646/2890/2761 2645/3037/2761 2765/3035/2761
f 2767/3007/2762 2766/3033/2762 2763/3038/2762 2764/3008/2762
f 2766/3033/2763 2742/3034/2763 2738/3039/2763 2763/3038/2763
f 2739/3036/2764 2765/3035/2764 2762/3040/2764 2735/3041/2764
f 2765/3035/2765 2645/3037/2765 2644/3042/2765 2762/3040/2765
f 2764/3008/2766 2763/3038/2766 2760/3010/2766 2761/3009/2766
f 2763/3038/2767 2738/3039/2767 2734/3043/2767 2760/3010/2767
f 2735/3041/2768 2762/3040/2768 2759/3013/2768 2729/3044/2768
f 2762/3040/2769 2644/3042/2769 2643/3016/2769 2759/3013/2769
f 2760/3010/2770 2734/3043/2770 2728/3045/2770 2758/3012/2770
f 2729/3044/2771 2759/3013/2771 2755/3015/2771 2723/3046/2771
f 2758/3012/2772 2728/3045/2772 2727/3047/2772 2757/3048/2772
f 2758/3012/2773 2757/3048/2773 2753/3020/2773 2754/3018/2773
f 2757/3048/2774 2727/3047/2774 2722/3049/2774 2753/3020/2774
f 2724/3050/2775 2756/3051/2775 2750/3027/2775 2719/3052/2775
f 2756/3051/2776 2724/3050/2776 2723/3046/2776 2755/3015/2776
f 2756/3051/2777 2755/3015/2777 2749/3019/2777 2750/3027/2777
f 2753/3020/2778 2722/3049/2778 2721/3053/2778 2752/3021/2778
f 2752/3021/2779 2721/3053/2779 2720/3054/2779 2751/3024/2779
f 2752/3021/2780 2751/3024/2780 2747/3026/2780 2748/3023/2780
f 2751/3024/2781 2720/3054/2781 2719/3052/2781 2750/3027/2781
f 2746/2887/2782 2718/3055/2782 2713/3056/2782 2742/3034/2782
f 2718/3055/2783 2746/2887/2783 2745/2895/2783 2717/2896/2783
f 2714/2898/2784 2744/2897/2784 2740/3057/2784 2709/3058/2784
f 2744/2897/2785 2743/2889/2785 2739/3036/2785 2740/3057/2785
f 2742/3034/2786 2713/3056/2786 2712/3059/2786 2741/3060/2786
f 2742/3034/2787 2741/3060/2787 2737/3061/2787 2738/3039/2787
f 2741/3060/2788 2712/3059/2788 2708/3062/2788 2737/3061/2788
f 2709/3058/2789 2740/3057/2789 2736/3063/2789 2705/3064/2789
f 2740/3057/2790 2739/3036/2790 2735/3041/2790 2736/3063/2790
f 2738/3039/2791 2737/3061/2791 2733/3065/2791 2734/3043/2791
f 2737/3061/2792 2708/3062/2792 2704/3066/2792 2733/3065/2792
f 2705/3064/2793 2736/3063/2793 2730/3067/2793 2701/3068/2793
f 2736/3063/2794 2735/3041/2794 2729/3044/2794 2730/3067/2794
f 2734/3043/2795 2733/3065/2795 2727/3047/2795 2728/3045/2795
f 2733/3065/2796 2704/3066/2796 2703/3069/2796 2732/3070/2796
f 2733/3065/2797 2732/3070/2797 2726/3071/2797 2727/3047/2797
f 2732/3070/2798 2703/3069/2798 2702/3072/2798 2731/3073/2798
f 2732/3070/2799 2731/3073/2799 2725/3074/2799 2726/3071/2799
f 2731/3073/2800 2702/3072/2800 2701/3068/2800 2730/3067/2800
f 2731/3073/2801 2730/3067/2801 2724/3050/2801 2725/3074/2801
f 2730/3067/2802 2729/3044/2802 2723/3046/2802 2724/3050/2802
f 2727/3047/2803 2726/3071/2803 2721/3053/2803 2722/3049/2803
f 2726/3071/2804 2725/3074/2804 2720/3054/2804 2721/3053/2804
f 2725/3074/2805 2724/3050/2805 2719/3052/2805 2720/3054/2805
f 2718/3055/2806 2717/2896/2806 2712/3059/2806 2713/3056/2806
f 2717/2896/2807 2716/2901/2807 2711/3075/2807 2712/3059/2807
f 2716/2901/2808 2715/2902/2808 2710/3076/2808 2711/3075/2808
f 2715/2902/2809 2714/2898/2809 2709/3058/2809 2710/3076/2809
f 2712/3059/2810 2711/3075/2810 2707/3077/2810 2708/3062/2810
f 2711/3075/2811 2710/3076/2811 2706/3078/2811 2707/3077/2811
f 2710/3076/2812 2709/3058/2812 2705/3064/2812 2706/3078/2812
f 2708/3062/2813 2707/3077/2813 2703/3069/2813 2704/3066/2813
f 2707/3077/2814 2706/3078/2814 2702/3072/2814 2703/3069/2814
f 2706/3078/2815 2705/3064/2815 2701/3068/2815 2702/3072/2815
f 2689/2904/2816 2700/2519/2816 2699/2593/2816 2688/3079/2816
f 2688/3079/2817 2699/2593/2817 2698/2594/2817 2687/3080/2817
f 2687/3080/2818 2698/2594/2818 2696/2595/2818 2685/3081/2818
f 2686/3082/2819 2697/2596/2819 2695/2597/2819 2684/3083/2819
f 2697/2596/2820 2686/3082/2820 2685/3081/2820 2696/2595/2820
f 2684/3083/2821 2695/2597/2821 2694/2598/2821 2683/2944/2821
f 2683/2944/2822 2694/2598/2822 2693/2599/2822 2682/2945/2822
f 2682/2945/2823 2693/2599/2823 2692/2600/2823 2681/3084/2823
f 2681/3084/2824 2692/2600/2824 2691/2601/2824 2680/3085/2824
f 2680/3085/2825 2691/2601/2825 2690/2602/2825 2679/3086/2825
f 2679/3086/2826 2690/2602/2826 2472/2605/2826 2460/3087/2826
f 2677/2906/2827 2689/2904/2827 2688/3079/2827 2676/3088/2827
f 2676/3088/2828 2688/3079/2828 2687/3080/2828 2674/3089/2828
f 2674/3089/2829 2687/3080/2829 2685/3081/2829 2672/3090/2829
f 1700/515/2830 1191/2109/2830 1084/2111/2830 1097/516/2830
f 1701/539/2831 1192/538/2831 1191/2109/2831 1700/515/2831
f 2673/3091/2832 2686/3082/2832 2684/3083/2832 2671/3092/2832
f 2686/3082/2833 2673/3091/2833 2672/3090/2833 2685/3081/2833
f 2671/3092/2834 2684/3083/2834 2683/2944/2834 2670/2943/2834
f 2669/2947/2835 2682/2945/2835 2681/3084/2835 2668/3093/2835
f 2668/3093/2836 2681/3084/2836 2680/3085/2836 2666/3094/2836
f 2666/3094/2837 2680/3085/2837 2679/3086/2837 2665/3095/2837
f 2665/3095/2838 2679/3086/2838 2460/3087/2838 2445/3096/2838
f 2664/2911/2839 2678/2910/2839 2677/2906/2839 2663/3097/2839
f 2663/3097/2840 2677/2906/2840 2676/3088/2840 2661/3098/2840
f 2661/3098/2841 2676/3088/2841 2674/3089/2841 2659/3099/2841
f 2660/3100/2842 2675/3101/2842 2673/3091/2842 2658/3102/2842
f 2675/3101/2843 2660/3100/2843 2659/3099/2843 2674/3089/2843
f 2675/3101/2844 2674/3089/2844 2672/3090/2844 2673/3091/2844
f 2658/3102/2845 2673/3091/2845 2671/3092/2845 2657/2982/2845
f 2657/2982/2846 2671/3092/2846 2670/2943/2846 2656/2960/2846
f 2655/2965/2847 2669/2947/2847 2667/3103/2847 2654/2998/2847
f 2669/2947/2848 2668/3093/2848 2666/3094/2848 2667/3103/2848
f 2654/2998/2849 2667/3103/2849 2666/3094/2849 2653/3104/2849
f 2653/3104/2850 2666/3094/2850 2446/3105/2850 2428/3106/2850
f 2666/3094/2851 2665/3095/2851 2445/3096/2851 2446/3105/2851
f 2652/2912/2852 2664/2911/2852 2662/3107/2852 2651/3108/2852
f 2664/2911/2853 2663/3097/2853 2661/3098/2853 2662/3107/2853
f 1725/490/2854 1701/539/2854 1700/515/2854 1724/485/2854
f 1726/489/2855 1702/537/2855 1701/539/2855 1725/490/2855
f 3624/3109/2856 1703/534/2856 1702/537/2856 1726/489/2856
f 1727/514/2857 1704/513/2857 1703/534/2857 3624/3109/2857
f 2651/3108/2858 2662/3107/2858 2660/3100/2858 2650/3110/2858
f 2662/3107/2859 2661/3098/2859 2659/3099/2859 2660/3100/2859
f 2650/3110/2860 2660/3100/2860 2658/3102/2860 2649/3017/2860
f 2649/3017/2861 2658/3102/2861 2657/2982/2861 2648/2981/2861
f 2647/3006/2862 2654/2998/2862 2429/3111/2862 2412/3032/2862
f 2654/2998/2863 2653/3104/2863 2428/3106/2863 2429/3111/2863
f 2646/2890/2864 2652/2912/2864 2651/3108/2864 2645/3037/2864
f 2645/3037/2865 2651/3108/2865 2650/3110/2865 2644/3042/2865
f 2644/3042/2866 2650/3110/2866 2649/3017/2866 2643/3016/2866
f 2642/3112/1379 2633/3113/1379 2629/3114/1379 2640/1585/1379
f 2633/3113/1378 2642/3112/1378 2641/1589/1378 2632/3115/1378
f 2641/1589/1377 2642/3112/1377 2640/1585/1377 2639/1586/1377
f 2632/3115/1376 2641/1589/1376 2639/1586/1376 2628/3116/1376
f 2640/1585/1374 2629/3114/1374 2628/3116/1374 2639/1586/1374
f 2638/1580/1369 2621/1556/1369 2615/3117/1369 2634/3118/1369
f 2621/1556/1368 2638/1580/1368 2637/3119/1368 2620/3120/1368
f 2637/3119/1367 2638/1580/1367 2634/3118/1367 2633/3113/1367
f 2620/3120/1366 2637/3119/1366 2636/3121/1366 2619/3122/1366
f 2636/3121/1365 2637/3119/1365 2633/3113/1365 2632/3115/1365
f 2619/3122/1364 2636/3121/1364 2182/3123/1364 2178/3124/1364
f 2182/3123/1363 2636/3121/1363 2632/3115/1363 2181/785/1363
f 2635/3125/1362 2616/3126/1362 2612/1548/1362 2631/1571/1362
f 2616/3126/1088 2635/3125/1088 2634/3118/1088 2615/3117/1088
f 2634/3118/1361 2635/3125/1361 2631/1571/1361 2630/3127/1361
f 1753/457/2867 3624/3109/2867 1726/489/2867 1752/481/2867
f 1754/458/2868 1727/514/2868 3624/3109/2868 1753/457/2868
f 3625/3128/2869 1728/510/2869 1727/514/2869 1754/458/2869
f 1755/488/2870 1729/487/2870 1728/510/2870 3625/3128/2870
f 2633/3113/1360 2634/3118/1360 2630/3127/1360 2629/3114/1360
f 2181/785/641 2632/3115/641 2628/3116/641 2180/3129/641
f 2631/1571/1358 2612/1548/1358 2611/3130/1358 2630/3127/1358
f 2630/3127/1357 2611/3130/1357 2608/3131/1357 2627/1565/1357
f 2629/3114/1356 2630/3127/1356 2627/1565/1356 2626/3132/1356
f 2628/3116/1355 2629/3114/1355 2626/3132/1355 2625/3133/1355
f 2180/3129/1354 2628/3116/1354 2625/3133/1354 2179/3134/1354
f 2627/1565/1352 2608/3131/1352 2607/1543/1352 2626/3132/1352
f 2626/3132/1351 2607/1543/1351 2606/1542/1351 2625/3133/1351
f 2625/3133/1350 2606/1542/1350 2175/3135/1350 2179/3134/1350
f 2624/3136/1348 2275/3137/1348 2267/3138/1348 2618/1553/1348
f 2275/3137/1347 2624/3136/1347 2623/1559/1347 2274/1136/1347
f 2623/1559/1346 2624/3136/1346 2618/1553/1346 2617/3139/1346
f 2274/1136/1345 2623/1559/1345 2622/3140/1345 2273/1135/1345
f 2622/3140/1344 2623/1559/1344 2617/3139/1344 2616/3126/1344
f 2273/1135/1343 2622/3140/1343 2621/1556/1343 2272/1134/1343
f 2621/1556/1342 2622/3140/1342 2616/3126/1342 2615/3117/1342
f 2272/1134/1341 2621/1556/1341 2620/3120/1341 2271/3141/1341
f 2271/3141/1340 2620/3120/1340 2619/3122/1340 2270/3142/1340
f 2270/3142/1339 2619/3122/1339 2178/3124/1339 2174/772/1339
f 2618/1553/2871 2267/3138/2871 2264/3143/2871 2614/3144/2871
f 2617/3139/1337 2618/1553/1337 2614/3144/1337 2613/1549/1337
f 2616/3126/1336 2617/3139/1336 2613/1549/1336 2612/1548/1336
f 2614/3144/1335 2264/3143/1335 2263/3145/1335 2613/1549/1335
f 2613/1549/1334 2263/3145/1334 2260/1121/1334 2610/3146/1334
f 1777/439/2872 3625/3128/2872 1754/458/2872 1776/454/2872
f 1778/440/2873 1755/488/2873 3625/3128/2873 1777/439/2873
f 3626/3147/2874 1756/390/2874 1755/488/2874 1778/440/2874
f 2612/1548/1333 2613/1549/1333 2610/3146/1333 2609/3148/1333
f 2611/3130/1332 2612/1548/1332 2609/3148/1332 2608/3131/1332
f 2610/3146/1331 2260/1121/1331 2259/1120/1331 2609/3148/1331
f 2609/3148/1330 2259/1120/1330 2258/1119/1330 2608/3131/1330
f 2608/3131/1329 2258/1119/1329 2257/1118/1329 2607/1543/1329
f 2607/1543/1328 2257/1118/1328 2256/1117/1328 2606/1542/1328
f 2606/1542/1327 2256/1117/1327 2171/3149/1327 2175/3135/1327
f 2605/2769/2875 2593/3150/2875 2591/3151/2875 2603/2770/2875
f 2593/3150/2876 2605/2769/2876 2604/2511/2876 2592/2929/2876
f 2603/2770/2877 2591/3151/2877 2589/3152/2877 2602/2771/2877
f 2602/2771/2878 2589/3152/2878 2588/3153/2878 2601/2772/2878
f 2601/2772/2879 2588/3153/2879 2587/3154/2879 2600/2773/2879
f 2600/2773/2880 2587/3154/2880 2585/3155/2880 2599/2774/2880
f 2599/2774/2881 2585/3155/2881 2584/3156/2881 2598/2775/2881
f 2598/2775/2882 2584/3156/2882 2583/3157/2882 2597/2776/2882
f 2597/2776/2883 2583/3157/2883 2582/3158/2883 2596/2777/2883
f 1794/345/2884 3626/3147/2884 1778/440/2884 1793/436/2884
f 2596/2777/2885 2582/3158/2885 2581/3159/2885 2595/2778/2885
f 2595/2778/2886 2581/3159/2886 2580/3160/2886 2594/2779/2886
f 2594/2779/2887 2580/3160/2887 2392/3161/2887 2397/2780/2887
f 2593/3150/2888 2592/2929/2888 2590/3162/2888 2591/3151/2888
f 2592/2929/2889 2577/2949/2889 2574/3163/2889 2590/3162/2889
f 2591/3151/2890 2575/3164/2890 2573/3165/2890 2589/3152/2890
f 2575/3164/2891 2591/3151/2891 2590/3162/2891 2574/3163/2891
f 2589/3152/2892 2573/3165/2892 2571/3166/2892 2588/3153/2892
f 2588/3153/2893 2571/3166/2893 2569/3167/2893 2587/3154/2893
f 2587/3154/2894 2569/3167/2894 2568/3168/2894 2586/3169/2894
f 2587/3154/2895 2586/3169/2895 2584/3156/2895 2585/3155/2895
f 2586/3169/2896 2568/3168/2896 2567/3170/2896 2584/3156/2896
f 2584/3156/2897 2567/3170/2897 2565/3171/2897 2583/3157/2897
f 2583/3157/2898 2565/3171/2898 2564/3172/2898 2582/3158/2898
f 2582/3158/2899 2564/3172/2899 2562/3173/2899 2581/3159/2899
f 2581/3159/2900 2562/3173/2900 2561/3174/2900 2580/3160/2900
f 2580/3160/2901 2561/3174/2901 2560/3175/2901 2579/3176/2901
f 2580/3160/2887 2579/3176/2887 2391/3177/2887 2392/3161/2887
f 2579/3176/2902 2560/3175/2902 2387/3178/2902 2391/3177/2902
f 2557/3179/2903 2578/3180/2903 2388/3181/2903 2384/3182/2903
f 2578/3180/2904 2557/3179/2904 2431/3183/2904 2448/3184/2904
f 2578/3180/2905 2448/3184/2905 2382/3185/2905 2388/3181/2905
f 2577/2949/2906 2556/3186/2906 2553/3187/2906 2574/3163/2906
f 2556/3186/2907 2577/2949/2907 2576/2966/2907 2555/2968/2907
f 2575/3164/2908 2574/3163/2908 2572/3188/2908 2573/3165/2908
f 2574/3163/2909 2553/3187/2909 2551/3189/2909 2572/3188/2909
f 2573/3165/2910 2572/3188/2910 2570/3190/2910 2571/3166/2910
f 2572/3188/2911 2551/3189/2911 2549/3191/2911 2570/3190/2911
f 2571/3166/2912 2570/3190/2912 2568/3168/2912 2569/3167/2912
f 2570/3190/2913 2549/3191/2913 2547/3192/2913 2568/3168/2913
f 2568/3168/2914 2547/3192/2914 2545/3193/2914 2567/3170/2914
f 2567/3170/2915 2545/3193/2915 2544/3194/2915 2566/3195/2915
f 2567/3170/2916 2566/3195/2916 2564/3172/2916 2565/3171/2916
f 2566/3195/2917 2544/3194/2917 2542/3196/2917 2564/3172/2917
f 2564/3172/2918 2542/3196/2918 2541/3197/2918 2563/3198/2918
f 2564/3172/2919 2563/3198/2919 2561/3174/2919 2562/3173/2919
f 2563/3198/2920 2541/3197/2920 2536/3199/2920 2561/3174/2920
f 2561/3174/2921 2536/3199/2921 2535/3200/2921 2560/3175/2921
f 2560/3175/2922 2535/3200/2922 2534/3201/2922 2559/3202/2922
f 2560/3175/2923 2559/3202/2923 2386/3203/2923 2387/3178/2923
f 2559/3202/2924 2534/3201/2924 2533/3204/2924 2558/3205/2924
f 2559/3202/2925 2558/3205/2925 2385/3206/2925 2386/3203/2925
f 2558/3205/2926 2533/3204/2926 2532/3207/2926 2557/3179/2926
f 2558/3205/2927 2557/3179/2927 2384/3182/2927 2385/3206/2927
f 2557/3179/2928 2532/3207/2928 2413/3208/2928 2431/3183/2928
f 2556/3186/2929 2555/2968/2929 2552/3209/2929 2553/3187/2929
f 2555/2968/2930 2531/3210/2930 2525/3211/2930 2552/3209/2930
f 2531/3210/2931 2555/2968/2931 2554/2999/2931 2530/3001/2931
f 2553/3187/2932 2552/3209/2932 2550/3212/2932 2551/3189/2932
f 2552/3209/2933 2525/3211/2933 2521/3213/2933 2550/3212/2933
f 2551/3189/2934 2550/3212/2934 2548/3214/2934 2549/3191/2934
f 2550/3212/2935 2521/3213/2935 2517/3215/2935 2548/3214/2935
f 2549/3191/2936 2548/3214/2936 2546/3216/2936 2547/3192/2936
f 2548/3214/2937 2517/3215/2937 2513/3217/2937 2546/3216/2937
f 2547/3192/2938 2546/3216/2938 2544/3194/2938 2545/3193/2938
f 1847/380/2939 1836/379/2939 1756/390/2939 3626/3147/2939
f 2546/3216/2940 2513/3217/2940 2509/3218/2940 2544/3194/2940
f 2544/3194/2941 2509/3218/2941 2508/3219/2941 2543/3220/2941
f 2544/3194/2942 2543/3220/2942 2541/3197/2942 2542/3196/2942
f 2543/3220/2943 2508/3219/2943 2503/3221/2943 2541/3197/2943
f 2541/3197/2943 2503/3221/2943 2502/3222/2943 2540/3223/2943
f 2541/3197/2944 2540/3223/2944 2535/3200/2944 2536/3199/2944
f 2540/3223/2945 2502/3222/2945 2501/3224/2945 2539/3225/2945
f 2540/3223/2946 2539/3225/2946 2534/3201/2946 2535/3200/2946
f 2539/3225/2947 2501/3224/2947 2500/3226/2947 2538/3227/2947
f 2539/3225/2948 2538/3227/2948 2533/3204/2948 2534/3201/2948
f 2538/3227/2949 2500/3226/2949 2499/3228/2949 2537/3229/2949
f 2538/3227/2950 2537/3229/2950 2532/3207/2950 2533/3204/2950
f 2537/3229/2951 2499/3228/2951 2400/3230/2951 2415/3231/2951
f 2537/3229/2952 2415/3231/2952 2413/3208/2952 2532/3207/2952
f 2531/3210/2953 2530/3001/2953 2524/3232/2953 2525/3211/2953
f 1865/344/2954 1847/380/2954 3626/3147/2954 1794/345/2954
f 3627/3233/2955 1848/377/2955 1847/380/2955 1865/344/2955
f 1866/365/2956 1849/364/2956 1848/377/2956 3627/3233/2956
f 2530/3001/2957 2529/3028/2957 2523/3234/2957 2524/3232/2957
f 2529/3028/2958 2498/3235/2958 2494/3236/2958 2523/3234/2958
f 2498/3235/2959 2529/3028/2959 2528/3029/2959 2497/3237/2959
f 2497/3237/2960 2528/3029/2960 2527/3030/2960 2496/3238/2960
f 2496/3238/2961 2527/3030/2961 2526/3031/2961 2495/3239/2961
f 2495/3239/2962 2526/3031/2962 2522/3240/2962 2491/3241/2962
f 2526/3031/2963 2412/3032/2963 2410/3242/2963 2522/3240/2963
f 2525/3211/2964 2524/3232/2964 2520/3243/2964 2521/3213/2964
f 2524/3232/2965 2523/3234/2965 2519/3244/2965 2520/3243/2965
f 2523/3234/2966 2494/3236/2966 2489/3245/2966 2519/3244/2966
f 2491/3241/2967 2522/3240/2967 2518/3246/2967 2486/3247/2967
f 2522/3240/2968 2410/3242/2968 2408/3248/2968 2518/3246/2968
f 2521/3213/2969 2520/3243/2969 2516/3249/2969 2517/3215/2969
f 2520/3243/2970 2490/3250/2970 2485/3251/2970 2516/3249/2970
f 2490/3250/2965 2520/3243/2965 2519/3244/2965 2489/3245/2965
f 2486/3247/2968 2518/3246/2968 2408/3248/2968 2399/3252/2968
f 2517/3215/2971 2516/3249/2971 2512/3253/2971 2513/3217/2971
f 2516/3249/2972 2485/3251/2972 2484/3254/2972 2515/3255/2972
f 2516/3249/2972 2515/3255/2972 2511/3256/2972 2512/3253/2972
f 1886/321/2973 3627/3233/2973 1865/344/2973 1885/340/2973
f 1887/322/2974 1866/365/2974 3627/3233/2974 1886/321/2974
f 3628/3257/2975 1867/362/2975 1866/365/2975 1887/322/2975
f 1888/343/2976 1868/342/2976 1867/362/2976 3628/3257/2976
f 2515/3255/2977 2484/3254/2977 2480/3258/2977 2511/3256/2977
f 2481/3259/2978 2514/3260/2978 2510/3261/2978 2477/3262/2978
f 2514/3260/2979 2481/3259/2979 2398/3263/2979 2406/3264/2979
f 2514/3260/2979 2406/3264/2979 2404/3265/2979 2510/3261/2979
f 2513/3217/2980 2512/3253/2980 2508/3219/2980 2509/3218/2980
f 2512/3253/2981 2511/3256/2981 2507/3266/2981 2508/3219/2981
f 2511/3256/2982 2480/3258/2982 2476/3267/2982 2507/3266/2982
f 2477/3262/2983 2510/3261/2983 2504/3268/2983 2473/3269/2983
f 2510/3261/2984 2404/3265/2984 2402/3270/2984 2504/3268/2984
f 2508/3219/2943 2507/3266/2943 2502/3222/2943 2503/3221/2943
f 2507/3266/2985 2476/3267/2985 2475/3271/2985 2506/3272/2985
f 2507/3266/2986 2506/3272/2986 2501/3224/2986 2502/3222/2986
f 2506/3272/2987 2475/3271/2987 2474/3273/2987 2505/3274/2987
f 2506/3272/2988 2505/3274/2988 2500/3226/2988 2501/3224/2988
f 2505/3274/2989 2474/3273/2989 2473/3269/2989 2504/3268/2989
f 2505/3274/2990 2504/3268/2990 2499/3228/2990 2500/3226/2990
f 2504/3268/2951 2402/3270/2951 2400/3230/2951 2499/3228/2951
f 2498/3235/2991 2497/3237/2991 2493/3275/2991 2494/3236/2991
f 2497/3237/2992 2496/3238/2992 2492/3276/2992 2493/3275/2992
f 1907/294/2993 3628/3257/2993 1887/322/2993 1906/318/2993
f 1908/295/2994 1888/343/2994 3628/3257/2994 1907/294/2994
f 1909/289/2995 1889/317/2995 1888/343/2995 1908/295/2995
f 2496/3238/2996 2495/3239/2996 2491/3241/2996 2492/3276/2996
f 2494/3236/2997 2493/3275/2997 2488/3277/2997 2489/3245/2997
f 2493/3275/2998 2492/3276/2998 2487/3278/2998 2488/3277/2998
f 2492/3276/2999 2491/3241/2999 2486/3247/2999 2487/3278/2999
f 2490/3250/3000 2489/3245/3000 2484/3254/3000 2485/3251/3000
f 2489/3245/3001 2488/3277/3001 2483/3279/3001 2484/3254/3001
f 2488/3277/3002 2487/3278/3002 2482/3280/3002 2483/3279/3002
f 2487/3278/3003 2486/3247/3003 2481/3259/3003 2482/3280/3003
f 2486/3247/3004 2399/3252/3004 2398/3263/3004 2481/3259/3004
f 2484/3254/3005 2483/3279/3005 2479/3281/3005 2480/3258/3005
f 2483/3279/3006 2482/3280/3006 2478/3282/3006 2479/3281/3006
f 2482/3280/3007 2481/3259/3007 2477/3262/3007 2478/3282/3007
f 2480/3258/3008 2479/3281/3008 2475/3271/3008 2476/3267/3008
f 2479/3281/3009 2478/3282/3009 2474/3273/3009 2475/3271/3009
f 2478/3282/3010 2477/3262/3010 2473/3269/3010 2474/3273/3010
f 2460/3087/3011 2472/2605/3011 2471/2838/3011 2459/3283/3011
f 2459/3283/3012 2471/2838/3012 2470/2839/3012 2457/3284/3012
f 2457/3284/3013 2470/2839/3013 2469/2840/3013 2456/3285/3013
f 2456/3285/3014 2469/2840/3014 2468/2841/3014 2455/3286/3014
f 2455/3286/3015 2468/2841/3015 2467/2842/3015 2453/3287/3015
f 2453/3287/3016 2467/2842/3016 2465/2843/3016 2451/3288/3016
f 2452/3289/3017 2466/2844/3017 2463/2845/3017 2449/3290/3017
f 2466/2844/3018 2452/3289/3018 2451/3288/3018 2465/2843/3018
f 2450/3291/3019 2464/2846/3019 2461/2847/3019 2447/3292/3019
f 2464/2846/3020 2450/3291/3020 2449/3290/3020 2463/2845/3020
f 2448/3184/2905 2462/2848/2905 2383/2849/2905 2382/3185/2905
f 2462/2848/3021 2448/3184/3021 2447/3292/3021 2461/2847/3021
f 2445/3096/3022 2460/3087/3022 2458/3293/3022 2444/3294/3022
f 2460/3087/3023 2459/3283/3023 2457/3284/3023 2458/3293/3023
f 2444/3294/3024 2458/3293/3024 2457/3284/3024 2443/3295/3024
f 2443/3295/3025 2457/3284/3025 2456/3285/3025 2441/3296/3025
f 2441/3296/3026 2456/3285/3026 2455/3286/3026 2439/3297/3026
f 2439/3297/3027 2455/3286/3027 2453/3287/3027 2437/3298/3027
f 2438/3299/3028 2454/3300/3028 2452/3289/3028 2435/3301/3028
f 2454/3300/3029 2438/3299/3029 2437/3298/3029 2453/3287/3029
f 2454/3300/3030 2453/3287/3030 2451/3288/3030 2452/3289/3030
f 2435/3301/3031 2452/3289/3031 2449/3290/3031 2432/3302/3031
f 2433/3303/3032 2450/3291/3032 2447/3292/3032 2430/3304/3032
f 2450/3291/3033 2433/3303/3033 2432/3302/3033 2449/3290/3033
f 2448/3184/3034 2431/3183/3034 2430/3304/3034 2447/3292/3034
f 2428/3106/3035 2446/3105/3035 2445/3096/3035 2427/3305/3035
f 2427/3305/3036 2445/3096/3036 2444/3294/3036 2425/3306/3036
f 2425/3306/3037 2444/3294/3037 2442/3307/3037 2423/3308/3037
f 2444/3294/3038 2443/3295/3038 2441/3296/3038 2442/3307/3038
f 2423/3308/3039 2442/3307/3039 2440/3309/3039 2421/3310/3039
f 2442/3307/3040 2441/3296/3040 2439/3297/3040 2440/3309/3040
f 2421/3310/3041 2440/3309/3041 2438/3299/3041 2419/3311/3041
f 2440/3309/3042 2439/3297/3042 2437/3298/3042 2438/3299/3042
f 2419/3311/3043 2438/3299/3043 2435/3301/3043 2416/3312/3043
f 2417/3313/3044 2436/3314/3044 2433/3303/3044 2414/3315/3044
f 2436/3314/3045 2417/3313/3045 2416/3312/3045 2435/3301/3045
f 2436/3314/3046 2435/3301/3046 2432/3302/3046 2433/3303/3046
f 2415/3231/3047 2434/3316/3047 2431/3183/3047 2413/3208/3047
f 2434/3316/3048 2415/3231/3048 2414/3315/3048 2433/3303/3048
f 2434/3316/3049 2433/3303/3049 2430/3304/3049 2431/3183/3049
f 2412/3032/3050 2429/3111/3050 2428/3106/3050 2411/3317/3050
f 2411/3317/3051 2428/3106/3051 2426/3318/3051 2409/3319/3051
f 2428/3106/3052 2427/3305/3052 2425/3306/3052 2426/3318/3052
f 2409/3319/3053 2426/3318/3053 2424/3320/3053 2407/3321/3053
f 2426/3318/3054 2425/3306/3054 2423/3308/3054 2424/3320/3054
f 2407/3321/3055 2424/3320/3055 2422/3322/3055 2405/3323/3055
f 2424/3320/3056 2423/3308/3056 2421/3310/3056 2422/3322/3056
f 2405/3323/3057 2422/3322/3057 2420/3324/3057 2403/3325/3057
f 2422/3322/3058 2421/3310/3058 2419/3311/3058 2420/3324/3058
f 2403/3325/3059 2420/3324/3059 2417/3313/3059 2401/3326/3059
f 2420/3324/3060 2419/3311/3060 2416/3312/3060 2417/3313/3060
f 2402/3270/2951 2418/3327/2951 2415/3231/2951 2400/3230/2951
f 2418/3327/3061 2402/3270/3061 2401/3326/3061 2417/3313/3061
f 2418/3327/3062 2417/3313/3062 2414/3315/3062 2415/3231/3062
f 2412/3032/3063 2411/3317/3063 2409/3319/3063 2410/3242/3063
f 2410/3242/3064 2409/3319/3064 2407/3321/3064 2408/3248/3064
f 2399/3252/3065 2408/3248/3065 2406/3264/3065 2398/3263/3065
f 2408/3248/3066 2407/3321/3066 2405/3323/3066 2406/3264/3066
f 2406/3264/3067 2405/3323/3067 2403/3325/3067 2404/3265/3067
f 2404/3265/3068 2403/3325/3068 2401/3326/3068 2402/3270/3068
f 2397/2780/2887 2392/3161/2887 2391/3177/2887 2396/2856/2887
f 2396/2856/3069 2391/3177/3069 2390/3328/3069 2395/2857/3069
f 2395/2857/3070 2390/3328/3070 2389/3329/3070 2394/2858/3070
f 2394/2858/3071 2389/3329/3071 2388/3181/3071 2393/2859/3071
f 2393/2859/2905 2388/3181/2905 2382/3185/2905 2383/2849/2905
f 2391/3177/3072 2387/3178/3072 2386/3203/3072 2390/3328/3072
f 2390/3328/3073 2386/3203/3073 2385/3206/3073 2389/3329/3073
f 2389/3329/3074 2385/3206/3074 2384/3182/3074 2388/3181/3074
f 2381/3330/3075 2371/3331/3075 2366/3332/3075 2379/3333/3075
f 2371/3331/3076 2381/3330/3076 2380/3334/3076 2370/3335/3076
f 2380/3334/3077 2381/3330/3077 2379/3333/3077 2378/3336/3077
f 2370/3335/3078 2380/3334/3078 2255/3337/3078 2232/3338/3078
f 2255/3337/3079 2380/3334/3079 2378/3336/3079 2247/3339/3079
f 2379/3333/3080 2366/3332/3080 2362/3340/3080 2377/3341/3080
f 2378/3336/3081 2379/3333/3081 2377/3341/3081 2376/3342/3081
f 2247/3339/3082 2378/3336/3082 2376/3342/3082 2244/3343/3082
f 2377/3341/3083 2362/3340/3083 2359/3344/3083 2375/3345/3083
f 2376/3342/3084 2377/3341/3084 2375/3345/3084 2374/3346/3084
f 2244/3343/3085 2376/3342/3085 2374/3346/3085 2240/3347/3085
f 2375/3345/3086 2359/3344/3086 2358/3348/3086 2374/3346/3086
f 2374/3346/3087 2358/3348/3087 2219/3349/3087 2240/3347/3087
f 2373/3350/3088 2355/3351/3088 2348/3352/3088 2368/3353/3088
f 2355/3351/3089 2373/3350/3089 2372/3354/3089 2354/3355/3089
f 2372/3354/3090 2373/3350/3090 2368/3353/3090 2367/3356/3090
f 2354/3355/3091 2372/3354/3091 2371/3331/3091 2353/3357/3091
f 2371/3331/3092 2372/3354/3092 2367/3356/3092 2366/3332/3092
f 2353/3357/3093 2371/3331/3093 2370/3335/3093 2352/3358/3093
f 2352/3358/1036 2370/3335/1036 2232/3338/1036 2212/1074/1036
f 2369/3359/3094 2349/3360/3094 2345/3361/3094 2365/3362/3094
f 2349/3360/3095 2369/3359/3095 2368/3353/3095 2348/3352/3095
f 2368/3353/3096 2369/3359/3096 2365/3362/3096 2364/3363/3096
f 2367/3356/3097 2368/3353/3097 2364/3363/3097 2363/3364/3097
f 2366/3332/3098 2367/3356/3098 2363/3364/3098 2362/3340/3098
f 2365/3362/1031 2345/3361/1031 2344/3365/1031 2364/3363/1031
f 2364/3363/3099 2344/3365/3099 2341/3366/3099 2361/3367/3099
f 2363/3364/3100 2364/3363/3100 2361/3367/3100 2360/3368/3100
f 2362/3340/3101 2363/3364/3101 2360/3368/3101 2359/3344/3101
f 2361/3367/3102 2341/3366/3102 2340/3369/3102 2360/3368/3102
f 2360/3368/3103 2340/3369/3103 2339/3370/3103 2359/3344/3103
f 2359/3344/3104 2339/3370/3104 2338/3371/3104 2358/3348/3104
f 2358/3348/3105 2338/3371/3105 2200/3372/3105 2219/3349/3105
f 2357/1219/1023 2337/1199/1023 2330/3373/1023 2350/1211/1023
f 2337/1199/1022 2357/1219/1022 2356/1217/1022 2336/3374/1022
f 2356/1217/1021 2357/1219/1021 2350/1211/1021 2349/3360/1021
f 2336/3374/1020 2356/1217/1020 2355/3351/1020 2335/1197/1020
f 2355/3351/3106 2356/1217/3106 2349/3360/3106 2348/3352/3106
f 2335/1197/1018 2355/3351/1018 2354/3355/1018 2334/1196/1018
f 2334/1196/1017 2354/3355/1017 2353/3357/1017 2333/1195/1017
f 2333/1195/3107 2353/3357/3107 2352/3358/3107 2332/1194/3107
f 2332/1194/1015 2352/3358/1015 2212/1074/1015 2195/1057/1015
f 2351/1212/1014 2331/3375/1014 2328/3376/1014 2347/3377/1014
f 2331/3375/1013 2351/1212/1013 2350/1211/1013 2330/3373/1013
f 2350/1211/1012 2351/1212/1012 2347/3377/1012 2346/1208/1012
f 2349/3360/1011 2350/1211/1011 2346/1208/1011 2345/3361/1011
f 2347/3377/1010 2328/3376/1010 2327/1189/1010 2346/1208/1010
f 2346/1208/1009 2327/1189/1009 2325/1187/1009 2343/1205/1009
f 2345/3361/1008 2346/1208/1008 2343/1205/1008 2342/1204/1008
f 2344/3365/3108 2345/3361/3108 2342/1204/3108 2341/3366/3108
f 2343/1205/1006 2325/1187/1006 2324/1186/1006 2342/1204/1006
f 2342/1204/3109 2324/1186/3109 2323/1185/3109 2341/3366/3109
f 2341/3366/3110 2323/1185/3110 2322/1184/3110 2340/3369/3110
f 2340/3369/3111 2322/1184/3111 2321/1182/3111 2339/3370/3111
f 2339/3370/3112 2321/1182/3112 2320/3378/3112 2338/3371/3112
f 2338/3371/3113 2320/3378/3113 2186/1048/3113 2200/3372/3113
f 2337/1199/1000 2319/1181/1000 2313/3379/1000 2330/3373/1000
f 2319/1181/999 2337/1199/999 2336/3374/999 2318/1180/999
f 2318/1180/998 2336/3374/998 2335/1197/998 2317/3380/998
f 2317/3380/997 2335/1197/997 2334/1196/997 2316/1178/997
f 2316/1178/996 2334/1196/996 2333/1195/996 2315/1176/996
f 2315/1176/995 2333/1195/995 2332/1194/995 2314/1177/995
f 2314/1177/994 2332/1194/994 2329/3381/994 2310/1172/994
f 2332/1194/993 2195/1057/993 2192/1052/993 2329/3381/993
f 2331/3375/992 2330/3373/992 2327/1189/992 2328/3376/992
f 2330/3373/764 2313/3379/764 2309/3382/764 2327/1189/764
f 2310/1172/768 2329/3381/768 2192/1052/768 2184/3383/768
f 2327/1189/991 2309/3382/991 2305/3384/991 2325/1187/991
f 2306/1167/990 2326/3385/990 2320/3378/990 2300/3386/990
f 2326/3385/989 2306/1167/989 2183/1054/989 2189/1045/989
f 2326/3385/988 2189/1045/988 2186/1048/988 2320/3378/988
f 2325/1187/987 2305/3384/987 2304/1164/987 2324/1186/987
f 2324/1186/986 2304/1164/986 2303/1162/986 2323/1185/986
f 2323/1185/985 2303/1162/985 2302/1163/985 2322/1184/985
f 2322/1184/984 2302/1163/984 2301/1169/984 2321/1182/984
f 2321/1182/983 2301/1169/983 2300/3386/983 2320/3378/983
f 2319/1181/764 2299/3387/764 2295/3388/764 2313/3379/764
f 2299/3387/982 2319/1181/982 2318/1180/982 2298/3389/982
f 2298/3389/981 2318/1180/981 2317/3380/981 2297/1158/981
f 2297/1158/980 2317/3380/980 2316/1178/980 2296/1159/980
f 2296/1159/979 2316/1178/979 2312/3390/979 2292/1152/979
f 2316/1178/978 2315/1176/978 2311/3391/978 2312/3390/978
f 2315/1176/977 2314/1177/977 2310/1172/977 2311/3391/977
f 2313/3379/764 2295/3388/764 2290/1150/764 2309/3382/764
f 2292/1152/768 2312/3390/768 2311/3391/768 2291/3392/768
f 2291/3392/976 2311/3391/976 2307/1166/976 2286/1154/976
f 2311/3391/975 2310/1172/975 2306/1167/975 2307/1166/975
f 2310/1172/974 2184/3383/974 2183/1054/974 2306/1167/974
f 2309/3382/764 2290/1150/764 2285/3393/764 2305/3384/764
f 2287/3394/973 2308/3395/973 2302/1163/973 2282/3396/973
f 2308/3395/703 2287/3394/703 2286/1154/703 2307/1166/703
f 2308/3395/972 2307/1166/972 2301/1169/972 2302/1163/972
f 2307/1166/971 2306/1167/971 2300/3386/971 2301/1169/971
f 2305/3384/970 2285/3393/970 2284/1149/970 2304/1164/970
f 2304/1164/969 2284/1149/969 2283/3397/969 2303/1162/969
f 2303/1162/968 2283/3397/968 2282/3396/968 2302/1163/968
f 2299/3387/967 2298/3389/967 2294/3398/967 2295/3388/967
f 2298/3389/966 2297/1158/966 2293/3399/966 2294/3398/966
f 2297/1158/965 2296/1159/965 2292/1152/965 2293/3399/965
f 2295/3388/964 2294/3398/964 2289/1148/964 2290/1150/964
f 2294/3398/963 2281/1140/963 2279/3400/963 2289/1148/963
f 2281/1140/768 2294/3398/768 2293/3399/768 2280/3401/768
f 2280/3401/962 2293/3399/962 2288/1144/962 2278/1142/962
f 2293/3399/961 2292/1152/961 2287/3394/961 2288/1144/961
f 2292/1152/960 2291/3392/960 2286/1154/960 2287/3394/960
f 2290/1150/959 2289/1148/959 2284/1149/959 2285/3393/959
f 2289/1148/703 2279/3400/703 2278/1142/703 2288/1144/703
f 2289/1148/958 2288/1144/958 2283/3397/958 2284/1149/958
f 2288/1144/957 2287/3394/957 2282/3396/957 2283/3397/957
f 2281/1140/956 2280/3401/956 2278/1142/956 2279/3400/956
f 2277/3402/3114 2255/3337/3114 2247/3339/3114 2269/3403/3114
f 2255/3337/954 2277/3402/954 2276/3404/954 2254/3405/954
f 2276/3404/3115 2277/3402/3115 2269/3403/3115 2268/3406/3115
f 2254/3405/3116 2276/3404/3116 2275/3137/3116 2253/1114/3116
f 2275/3137/3117 2276/3404/3117 2268/3406/3117 2267/3138/3117
f 2253/1114/950 2275/3137/950 2274/1136/950 2252/1113/950
f 2252/1113/949 2274/1136/949 2273/1135/949 2251/1112/949
f 2251/1112/948 2273/1135/948 2272/1134/948 2250/3407/948
f 2250/3407/947 2272/1134/947 2271/3141/947 2249/3408/947
f 2249/3408/946 2271/3141/946 2270/3142/946 2248/1109/946
f 2248/1109/945 2270/3142/945 2174/772/945 2170/3409/945
f 2269/3403/3118 2247/3339/3118 2244/3343/3118 2266/3410/3118
f 2268/3406/3119 2269/3403/3119 2266/3410/3119 2265/3411/3119
f 2267/3138/3120 2268/3406/3120 2265/3411/3120 2264/3143/3120
f 2266/3410/3121 2244/3343/3121 2243/3412/3121 2265/3411/3121
f 2265/3411/3122 2243/3412/3122 2239/3413/3122 2262/3414/3122
f 2264/3143/3123 2265/3411/3123 2262/3414/3123 2261/3415/3123
f 2263/3145/938 2264/3143/938 2261/3415/938 2260/1121/938
f 2262/3414/3124 2239/3413/3124 2238/3416/3124 2261/3415/3124
f 2261/3415/936 2238/3416/936 2237/1098/936 2260/1121/936
f 2260/1121/935 2237/1098/935 2236/1097/935 2259/1120/935
f 2259/1120/934 2236/1097/934 2235/1095/934 2258/1119/934
f 2258/1119/933 2235/1095/933 2234/1096/933 2257/1118/933
f 2257/1118/932 2234/1096/932 2233/3417/932 2256/1117/932
f 2256/1117/931 2233/3417/931 2167/768/931 2171/3149/931
f 2232/3338/3125 2255/3337/3125 2254/3405/3125 2231/3418/3125
f 2231/3418/929 2254/3405/929 2253/1114/929 2230/1092/929
f 2230/1092/928 2253/1114/928 2252/1113/928 2229/1091/928
f 2229/1091/927 2252/1113/927 2251/1112/927 2228/3419/927
f 2228/3419/926 2251/1112/926 2250/3407/926 2227/1088/926
f 2227/1088/925 2250/3407/925 2249/3408/925 2226/3420/925
f 2226/3420/924 2249/3408/924 2246/3421/924 2223/3422/924
f 2249/3408/923 2248/1109/923 2245/3423/923 2246/3421/923
f 2248/1109/922 2170/3409/922 2169/769/922 2245/3423/922
f 2223/3422/921 2246/3421/921 2242/1104/921 2220/3424/921
f 2246/3421/920 2245/3423/920 2241/3425/920 2242/1104/920
f 2245/3423/919 2169/769/919 2168/3426/919 2241/3425/919
f 2243/3412/3126 2244/3343/3126 2240/3347/3126 2239/3413/3126
f 2220/3424/917 2242/1104/917 2234/1096/917 2213/1082/917
f 2242/1104/916 2241/3425/916 2233/3417/916 2234/1096/916
f 2241/3425/915 2168/3426/915 2167/768/915 2233/3417/915
f 2240/3347/3127 2219/3349/3127 2218/3427/3127 2239/3413/3127
f 2239/3413/3128 2218/3427/3128 2217/1077/3128 2238/3416/3128
f 2238/3416/912 2217/1077/912 2216/3428/912 2237/1098/912
f 2237/1098/911 2216/3428/911 2215/1076/911 2236/1097/911
f 2236/1097/910 2215/1076/910 2214/3429/910 2235/1095/910
f 2235/1095/909 2214/3429/909 2213/1082/909 2234/1096/909
f 2212/1074/908 2232/3338/908 2231/3418/908 2211/1073/908
f 2211/1073/907 2231/3418/907 2230/1092/907 2210/1072/907
f 2210/1072/906 2230/1092/906 2229/1091/906 2209/3430/906
f 2209/3430/905 2229/1091/905 2228/3419/905 2208/1071/905
f 2208/1071/904 2228/3419/904 2225/1087/904 2205/1068/904
f 2228/3419/903 2227/1088/903 2224/3431/903 2225/1087/903
f 2227/1088/902 2226/3420/902 2223/3422/902 2224/3431/902
f 2205/1068/901 2225/1087/901 2222/1084/901 2201/1061/901
f 2225/1087/900 2224/3431/900 2221/3432/900 2222/1084/900
f 2224/3431/899 2223/3422/899 2220/3424/899 2221/3432/899
f 2201/1061/898 2222/1084/898 2215/1076/898 2196/1062/898
f 2222/1084/897 2221/3432/897 2214/3429/897 2215/1076/897
f 2221/3432/896 2220/3424/896 2213/1082/896 2214/3429/896
f 2219/3349/3129 2200/3372/3129 2199/3433/3129 2218/3427/3129
f 2218/3427/3130 2199/3433/3130 2198/3434/3130 2217/1077/3130
f 2217/1077/893 2198/3434/893 2197/1063/893 2216/3428/893
f 2216/3428/892 2197/1063/892 2196/1062/892 2215/1076/892
f 2195/1057/891 2212/1074/891 2211/1073/891 2194/1055/891
f 2194/1055/890 2211/1073/890 2210/1072/890 2193/3435/890
f 2193/3435/889 2210/1072/889 2207/1069/889 2190/3436/889
f 2210/1072/888 2209/3430/888 2206/3437/888 2207/1069/888
f 2209/3430/887 2208/1071/887 2205/1068/887 2206/3437/887
f 2190/3436/886 2207/1069/886 2203/1064/886 2187/3438/886
f 2207/1069/885 2206/3437/885 2202/3439/885 2203/1064/885
f 2206/3437/884 2205/1068/884 2201/1061/884 2202/3439/884
f 2188/3440/883 2204/1066/883 2199/3433/883 2185/3441/883
f 2204/1066/882 2188/3440/882 2187/3438/882 2203/1064/882
f 2204/1066/3131 2203/1064/3131 2198/3434/3131 2199/3433/3131
f 2203/1064/880 2202/3439/880 2197/1063/880 2198/3434/880
f 2202/3439/879 2201/1061/879 2196/1062/879 2197/1063/879
f 2200/3372/3132 2186/1048/3132 2185/3441/3132 2199/3433/3132
f 2195/1057/877 2194/1055/877 2191/3442/877 2192/1052/877
f 2194/1055/876 2193/3435/876 2190/3436/876 2191/3442/876
f 2184/3383/875 2192/1052/875 2189/1045/875 2183/1054/875
f 2192/1052/874 2191/3442/874 2188/3440/874 2189/1045/874
f 2191/3442/873 2190/3436/873 2187/3438/873 2188/3440/873
f 2189/1045/872 2188/3440/872 2185/3441/872 2186/1048/872
f 2178/3124/641 2182/3123/641 2181/785/641 2177/3443/641
f 2177/3443/641 2181/785/641 2180/3129/641 2176/3444/641
f 2176/3444/641 2180/3129/641 2179/3134/641 2175/3135/641
f 2174/772/644 2178/3124/644 2177/3443/644 2173/3445/644
f 2173/3445/641 2177/3443/641 2176/3444/641 2172/3446/641
f 2172/3446/643 2176/3444/643 2175/3135/643 2171/3149/643
f 2170/3409/640 2174/772/640 2173/3445/640 2169/769/640
f 2169/769/639 2173/3445/639 2172/3446/639 2168/3426/639
f 2168/3426/638 2172/3446/638 2171/3149/638 2167/768/638
